,details,Etat,Marque,Prix,Adresse,Image_link
0,"<h1 class=""listing-item__header"">
    MacBook Air 2019
</h1>",D'occasion,Apple,240 000 ,Amitié,https://i.roamcdn.net/hz/ed/listing-thumb-543w/6314e41a77a12209a20439d406bc358f/-/horizon-files-prod/ed/picture/qxjpvq44/c389fb4f6fbe4ab8c21f1f851649b5324f5ede77.jpg
1,"<h1 class=""listing-item__header"">
    dell 3189 Duo core ram 8
</h1>",Venant,Dell,85 000 ,Médina,https://i.roamcdn.net/hz/ed/listing-thumb-543w/272943d69a4a9b764f40ce999b8c8070/-/horizon-files-prod/ed/picture/qenqkgxj/78f64b989e6786d2096ada846b120881ac01ca03.jpg
2,"<h1 class=""listing-item__header"">
    Lenovo thinkbook 14s yoga
</h1>",Venant,Lenovo,390 000 ,Plateau,https://i.roamcdn.net/hz/ed/listing-thumb-543w/e683326a28f0d979bb23cc3f91080927/-/horizon-files-prod/ed/picture/q9mjqxej/965f69e89219de6a0b6665b878f72853bcdf5014.jpg
3,"<h1 class=""listing-item__header"">
    iMac 24 pouces M4 16GB SSD 512
</h1>",Neuf,Apple,1 599 000 ,Fenêtre mermoz,https://i.roamcdn.net/hz/ed/listing-thumb-543w/09a0c72b9d3ac7eed94e4804784a9ea3/-/horizon-files-prod/ed/picture/qrz8072m/88d07b8416cbc7dd179130554bae98f83e8ada04.jpg
4,"<h1 class=""listing-item__header"">
    ✅ Dell NVIDIA RTX 12Go -  i7 Gamer- Ram 32Go-17""
</h1>",Venant,Dell,750 000 ,Hlm,https://i.roamcdn.net/hz/ed/listing-thumb-543w/d967d9d951d3f642ad39605eb62be7a0/-/horizon-files-prod/ed/picture/qwep706g/36ccd49f0e4e309217a522b6d6b21cf74b31dfdc.jpg
5,"<h1 class=""listing-item__header"">
    LENOVO THINKBOOK
</h1>",Venant,Lenovo,330 000 ,Parcelles Assainies,https://i.roamcdn.net/hz/ed/listing-thumb-543w/476377e673dc82947fe162047156c3d4/-/horizon-files-prod/ed/picture/qwep7pwm/a44006e20e9a0d4cc00c0f205d58c795836563b6.jpg
6,"<h1 class=""listing-item__header"">
    HP Elitebook 840 G9
</h1>",Venant,HP,470 000 ,Plateau,https://i.roamcdn.net/hz/ed/listing-thumb-543w/a553d3455954e4f79288fd6b33789a46/-/horizon-files-prod/ed/picture/q2j069vk/ae930edc95ba472effa8add23bf8c9a594897be6.jpg
7,"<h1 class=""listing-item__header"">
    Dell latitude 5430 rugged
</h1>",Neuf,Dell,690 000 ,Plateau,https://i.roamcdn.net/hz/ed/listing-thumb-543w/d19845b9c610165a660e7cfce596921a/-/horizon-files-prod/ed/picture/qxjpv994/a8101064719f93a0f6ff260a34d0e3b3c9c7e6b3.jpg
8,"<h1 class=""listing-item__header"">
    HP Elitebook MT45 Rayzen Pro
</h1>",Venant,HP,175 000 ,Médina,https://i.roamcdn.net/hz/ed/listing-thumb-543w/5cf39ff05c69e3734041c0043bc2aa49/-/horizon-files-prod/ed/picture/qj4qwgr6/79239698368b4fb427ab051a8cbe8a8e21cd67dd.jpg
9,"<h1 class=""listing-item__header"">
    HP ZBOOK 14 Firefly G9 cor i5 de 12th
</h1>",Neuf,HP,400 000 ,Médina,https://i.roamcdn.net/hz/ed/listing-thumb-543w/f0916a5962c88369a77fa0f65fdfec70/-/horizon-files-prod/ed/picture/q44nm4qe/7b46bf61204fc3c8e9ced78ab0a014efc382cea8.jpg
10,"<h1 class=""listing-item__header"">
    HP Probook 440 G6 cor i5 Écran Tactile
</h1>",Venant,HP,200 000 ,Médina,https://i.roamcdn.net/hz/ed/listing-thumb-543w/06e5c28e1e4771a0a17c9aa4cc989f99/-/horizon-files-prod/ed/picture/qzvp0e4q/4b75e30283392ed90296e23d5b59aeda0effc824.jpg
11,"<h1 class=""listing-item__header"">
    Dell XPS 15 9500 cor i7
</h1>",Neuf,Dell,490 000 ,Médina,https://i.roamcdn.net/hz/ed/listing-thumb-543w/ba1133b5cd432eb4260d4dfa31277dce/-/horizon-files-prod/ed/picture/qwep78d0/557c62007aba2dddeb71014a42f8992944763343.jpg
12,"<h1 class=""listing-item__header"">
    HP Elitebook 1030 G4 cor i7 Tactile X360
</h1>",Neuf,HP,260 000 ,Plateau,https://i.roamcdn.net/hz/ed/listing-thumb-543w/64d3e0dd536db57bda6af43c9c577aaa/-/horizon-files-prod/ed/picture/q6xd9z44/b7e4f7e464ad601c8556055283698681c07bf7c4.jpg
13,"<h1 class=""listing-item__header"">
    Dell 3480 tactile i5 7th ram 8
</h1>",Venant,Dell,145 000 ,Médina,https://i.roamcdn.net/hz/ed/listing-thumb-543w/c4e6adb078c2569e480a956fe8011267/-/horizon-files-prod/ed/picture/qxmr0rm/3e310457c68848a5e601e92970041eb741dee867.jpg
14,"<h1 class=""listing-item__header"">
    Acer B118 tactile yoga Dual Core ram 4Go
</h1>",Venant,Acer,70 000 ,Médina,https://i.roamcdn.net/hz/ed/listing-thumb-543w/eb585e37f4ca54a673321022883fcd4a/-/horizon-files-prod/ed/picture/q6xd2jj4/b3791f15fa53c6aa76434e4ef2e3a9754f6ab504.jpg
15,"<h1 class=""listing-item__header"">
    Lenovo X1 carbon i5 8th gen SSD 512
</h1>",Venant,Lenovo,139 900 ,Point-e,https://i.roamcdn.net/hz/ed/listing-thumb-543w/94141e30fc8ce07eedcdf89e83ecd73f/-/horizon-files-prod/ed/picture/q78wzm0z/82c39213dbbdb0ee6506b334896b5363669a3cac.jpg
16,"<h1 class=""listing-item__header"">
    Promo Hp EliteBook 840 Corei5
</h1>",Neuf,HP,200 000 ,Médina,https://i.roamcdn.net/hz/ed/listing-thumb-543w/05faef1bf1d3c84e927c299347f062ef/-/horizon-files-prod/ed/picture/q9mjqxn8/d12c4b58d0501dc29ff0d7cfd43632122f180964.jpg
17,"<h1 class=""listing-item__header"">
    Promo Lenovo Thinkpad T14 Ryzen5 pro Ram16
</h1>",Neuf,Lenovo,225 000 ,Médina,https://i.roamcdn.net/hz/ed/listing-thumb-543w/19062a9b02c0995b7342a2b71bfda4d8/-/horizon-files-prod/ed/picture/q2j0698v/074fd608eb9888af5227fb78531e6de5dd87ac88.jpg
18,"<h1 class=""listing-item__header"">
    Dell inspiron Ryzen 7 /16Go/512ssd
</h1>",Neuf,Dell,450 000 ,Médina,https://i.roamcdn.net/hz/ed/listing-thumb-543w/1507285bc711c075652f9f6a9c6e68a7/-/horizon-files-prod/ed/picture/qgqwr559/84042ad655e294cb04ea00610df790130703fbd1.jpg
19,"<h1 class=""listing-item__header"">
    Hp Omen 17 RTX 4070
</h1>",Neuf,HP,950 000 ,Médina,https://i.roamcdn.net/hz/ed/listing-thumb-543w/a07801800c30c61f7a8a8c027e310f3b/-/horizon-files-prod/ed/picture/qpdm4ddj/0b9a535cbd4983ae90820c10a651c32527e1f614.jpg
20,"<h1 class=""listing-item__header"">
    Lenovo ideapad 3 ryzen 7 /12Go/512ssd
</h1>",Neuf,Lenovo,350 000 ,Médina,https://i.roamcdn.net/hz/ed/listing-thumb-543w/28972178a27a4d74f1f3537d8a868582/-/horizon-files-prod/ed/picture/q6xk9406/93b22db900ad0cfdb38c379b4aacfc126c37b295.jpg
21,"<h1 class=""listing-item__header"">
    Hp elitebook 840 g5
</h1>",D'occasion,HP,175 000 ,Gueule-Tapée,https://i.roamcdn.net/hz/ed/listing-thumb-543w/3281e8892a4dc1960925e3dbe80d0904/-/horizon-files-prod/ed/picture/qq42wwgw/eb3253c670dbb5b3855d3286b5858b1448d27a9f.jpg
22,"<h1 class=""listing-item__header"">
    Mini Dell Latitude 3189
</h1>",Venant,Dell,85 000 ,Gueule-Tapée,https://i.roamcdn.net/hz/ed/listing-thumb-543w/34f8d4a59003e9b401c63aed6c0537ba/-/horizon-files-prod/ed/picture/qpdm4rqv/46bb49a64adc0c22e51b0ad379c4d2b45082f54e.jpg
23,"<h1 class=""listing-item__header"">
    MacBook Pro 2019 15pouce.
</h1>",Venant,Apple,400 000 ,Liberte 6,https://i.roamcdn.net/hz/ed/listing-thumb-543w/6edf2d3f2901ccbb182f029c8a9740d0/-/horizon-files-prod/ed/picture/q8v4w2q4/c32f6f8c899c24f537887a7b0b53b45db8e85797.jpg
24,"<h1 class=""listing-item__header"">
    Lenovo Thinkpad T14 Cor i5 10ème Gén
</h1>",Neuf,Lenovo,225 000 ,Médina,https://i.roamcdn.net/hz/ed/listing-thumb-543w/6719cc09ec0fe59348364dec22253217/-/horizon-files-prod/ed/picture/qj4qd8qe/9a2e83b8be5f0bfbe540dfb61390ca77f6230305.jpg
25,"<h1 class=""listing-item__header"">
    Asus X415J Cor i5 10ème Gén
</h1>",Venant,ASUS,195 000 ,Médina,https://i.roamcdn.net/hz/ed/listing-thumb-543w/c65b5f69945c98998490948170af48fa/-/horizon-files-prod/ed/picture/qenv8nz4/b2ace64620e561e09a75f14314b0595c346ba22b.jpg
26,"<h1 class=""listing-item__header"">
    DELL Latitude 5410 Cor i5 10ème Gén
</h1>",Neuf,Dell,230 000 ,Médina,https://i.roamcdn.net/hz/ed/listing-thumb-543w/052f82fd64d9efd1268912f25f7c1545/-/horizon-files-prod/ed/picture/qxjpnmew/a7aa85e99b17abc771d51d9fa25f98c9bc2da12e.jpg
27,"<h1 class=""listing-item__header"">
    DELL Latitude 7290 Cor i7
</h1>",Venant,Dell,195 000 ,Médina,https://i.roamcdn.net/hz/ed/listing-thumb-543w/0494d65d656acb3818cc73f62ed140fb/-/horizon-files-prod/ed/picture/q78wdrv8/886184a189dfcccc75d9f6ce8c808bad304f8519.jpg
28,"<h1 class=""listing-item__header"">
    DELL Latitude 3570 Cor i5 6ème Gén
</h1>",Venant,Dell,115 000 ,Médina,https://i.roamcdn.net/hz/ed/listing-thumb-543w/451c811e894b021ac1565be59f65711f/-/horizon-files-prod/ed/picture/q56dngq6/da6965673ad6d91699122b8dd96f3a725e245aa3.jpg
29,"<h1 class=""listing-item__header"">
    Lenovo Thinkpad T480 Cor i5
</h1>",Venant,Lenovo,160 000 ,Médina,https://i.roamcdn.net/hz/ed/listing-thumb-543w/9611de3a71870e45930341709599676e/-/horizon-files-prod/ed/picture/q9mj260j/116d57bb376d60b090a00c9af4bba5ff41371891.jpg
30,"<h1 class=""listing-item__header"">
    Dell core i7 ssd 256g ram 8g hdmi
</h1>",Venant,Dell,85 000 ,Yoff,https://i.roamcdn.net/hz/ed/listing-thumb-543w/c5363cc29bcd5387edfbd82a97e9c768/-/horizon-files-prod/ed/picture/qpdme5vp/77cc2631f4fa1f25c92ae2e2c2d706bd15b5b4da.jpg
31,"<h1 class=""listing-item__header"">
    HP EliteBook 840/745 8th gen
</h1>",Neuf,HP,180 000 ,Gibraltar,https://i.roamcdn.net/hz/ed/listing-thumb-543w/2aec69fa1b8577b38b7a9f88a14ae646/-/horizon-files-prod/ed/picture/q26we7e/cb515dd75eb8b32f1abd593c385ac62c401db8d4.jpg
32,"<h1 class=""listing-item__header"">
    🚀 LENOVO E570 : corei7 7th gen GTX ! 🚀
</h1>",Venant,Lenovo,225 000 ,Gibraltar,https://i.roamcdn.net/hz/ed/listing-thumb-543w/d46920b700b262042d730577bff9884f/-/horizon-files-prod/ed/picture/qv4wzkvm/40e37015587df9211df0209accae0bb3d449e4b1.jpg
33,"<h1 class=""listing-item__header"">
    HP EliteBook 1030 core i5
</h1>",Neuf,HP,250 000 ,Gibraltar,https://i.roamcdn.net/hz/ed/listing-thumb-543w/7989b88e3fa55523ca8cdc7467d05670/-/horizon-files-prod/ed/picture/q56dqjvx/076f200f2a9e0355d53ef9e1c9e5af452ea8b9cc.png
34,"<h1 class=""listing-item__header"">
    DELL microtours i5/i7 6e-12e gen
</h1>",Neuf,Dell,125 000 ,Gibraltar,https://i.roamcdn.net/hz/ed/listing-thumb-543w/11f9b315e9d46ae05cc1687d7836cd4d/-/horizon-files-prod/ed/picture/q6044zv/50ea70c914069bf20cc71981e9e438a73df6eb0f.jpg
35,"<h1 class=""listing-item__header"">
    DELL ULTRABOOK
</h1>",Venant,Dell,125 000 ,Gueule-Tapée,https://i.roamcdn.net/hz/ed/listing-thumb-543w/07c0e14dd4d72737ee14f9c30a538b5b/-/horizon-files-prod/ed/picture/migrated/q59pwk2/0574b562b3db171f2c9af15af2d3ef2701eb21aa.jpg
36,"<h1 class=""listing-item__header"">
    Dell 5490 i5 8th ram 8 go
</h1>",Venant,Dell,145 000 ,Médina,https://i.roamcdn.net/hz/ed/listing-thumb-543w/c4b504291adf4101b345e568f1a0eb51/-/horizon-files-prod/ed/picture/qq4qmgqj/7d60185eb952522055204c611000fed67956df2b.jpg
37,"<h1 class=""listing-item__header"">
    Lenovo t460 i5 ram 8
</h1>",Venant,Lenovo,120 000 ,Médina,https://i.roamcdn.net/hz/ed/listing-thumb-543w/1b150480aa801b321801ac431bd641a8/-/horizon-files-prod/ed/picture/q44875k4/97bd0a705df8cbcec422d41e0d2c4d8bfee079c5.jpg
38,"<h1 class=""listing-item__header"">
    MACBOOK PRO RETINA 2015 | i7 | 15''
</h1>",Venant,Apple,285 000 ,Médina,https://i.roamcdn.net/hz/ed/listing-thumb-543w/b01d95eb2e6f4c6a6adb0611cdb5e3d6/-/horizon-files-prod/ed/picture/qrz8erd2/c102fb8f03484263a29320c9aac9f99b3707cecb.jpg
39,"<h1 class=""listing-item__header"">
    MACBOOK PRO RETINA 2015 | i7 | 15''
</h1>",Venant,Apple,275 000 ,Médina,https://i.roamcdn.net/hz/ed/listing-thumb-543w/b9b6c5be44b19e80ff0414f2fd2e83a8/-/horizon-files-prod/ed/picture/q78wd6z5/84ec954e8dab03c428bae393c17e3fe4a7172df3.jpg
40,"<h1 class=""listing-item__header"">
    𝗔𝗰𝗲𝗿 𝗧𝗿𝗮𝘃𝗲𝗹𝗺𝗮𝘁𝗲 𝗦𝗽𝗶𝗻 𝗕𝟭𝟭𝟴
</h1>",Venant,Acer,55 000 ,Médina,https://i.roamcdn.net/hz/ed/listing-thumb-543w/0f7301d6956eeb6cf515971704acabab/-/horizon-files-prod/ed/picture/qq42rkvn/526e61eca36ef849320b358b598e87cb20e15cd9.jpg
41,"<h1 class=""listing-item__header"">
    DELL LATITUDE 3189 | Intel Pentium N4200
</h1>",Venant,Dell,75 000 ,Médina,https://i.roamcdn.net/hz/ed/listing-thumb-543w/1de872da6cd1e0977efec1f47b5bd871/-/horizon-files-prod/ed/picture/q9m92745/09317b06b8918769e3d422b72516476c7d802960.jpg
42,"<h1 class=""listing-item__header"">
    𝗠𝗔𝗖𝗕𝗢𝗢𝗞 𝗣𝗥𝗢 𝗥𝗘𝗧𝗜𝗡𝗔 𝟮𝟬𝟭𝟰 | 𝗶𝟳 | 𝟭𝟱''
</h1>",Venant,Apple,225 000 ,Médina,https://i.roamcdn.net/hz/ed/listing-thumb-543w/c0ca26d57d21c997847a53d7958a9eab/-/horizon-files-prod/ed/picture/qzvp9jp6/7a4ef918c536122d0ebb02128d13155f9116042e.jpg
43,"<h1 class=""listing-item__header"">
    𝗜𝗠𝗔𝗖 𝗦𝗟𝗜𝗠 𝟮𝟬𝟭𝟳 | 𝗶𝟳 | 𝟮𝟭.𝟱″
</h1>",Venant,Apple,275 000 ,Médina,https://i.roamcdn.net/hz/ed/listing-thumb-543w/39c3898081b8603398997c4f7abc4f1e/-/horizon-files-prod/ed/picture/q9mjv467/8549246ea0973447f20878b89e67a5277f758728.jpg
44,"<h1 class=""listing-item__header"">
    HP PROBOOK 440 G7 | i5 | 10 GEN
</h1>",Venant,HP,225 000 ,Médina,https://i.roamcdn.net/hz/ed/listing-thumb-543w/757033090a4f406a8e94819b14d3bfb5/-/horizon-files-prod/ed/picture/q8v5wwx0/3d68f826f73622d38e25e50e480cd6aa7acba2dd.jpg
45,"<h1 class=""listing-item__header"">
    MACBOOK AIR 13'' | 2014 | i5
</h1>",Venant,Apple,115 000 ,Médina,https://i.roamcdn.net/hz/ed/listing-thumb-543w/17097d515ef875d967c352e47b4d4e73/-/horizon-files-prod/ed/picture/q8v52wj4/811fc7b19d23a84bbbf3b901a35fd301c70fe738.jpg
46,"<h1 class=""listing-item__header"">
    Dell  All In One Optiplex 7450 | i7
</h1>",Venant,Dell,225 000 ,Médina,https://i.roamcdn.net/hz/ed/listing-thumb-543w/f332550f238e867d1848a7a7ca7f8d06/-/horizon-files-prod/ed/picture/qngx8ddr/bdcb258cfd9651e91f424cc5d6d779fdd73f63bd.jpg
47,"<h1 class=""listing-item__header"">
    Dell All In One Optiplex 7450 | i5
</h1>",Venant,HP,200 000 ,Médina,https://i.roamcdn.net/hz/ed/listing-thumb-543w/48438a85021165b9707ed4ede33b1b04/-/horizon-files-prod/ed/picture/qgqwew5m/f4e87bbf156caed705f16b753be1374cadca0961.jpg
48,"<h1 class=""listing-item__header"">
    Hp 840 / 820 g3
</h1>",D'occasion,HP,100 000 ,Mbao,https://i.roamcdn.net/hz/ed/listing-thumb-543w/bca6daea031b6e86de65c6c961271c4d/-/horizon-files-prod/ed/picture/qgqwej2r/985ba424043198a7041b2e5666473cee88e88591.jpg
49,"<h1 class=""listing-item__header"">
    hp 840 G2
</h1>",D'occasion,HP,80 000 ,Mbao,https://i.roamcdn.net/hz/ed/listing-thumb-543w/1ab7875bbc068ca0f1742e3b9153a3cb/-/horizon-files-prod/ed/picture/qxjpve4n/077ca710162d8f93d3b6966ce1ea0709450467ab.jpg
50,"<h1 class=""listing-item__header"">
    HP 840 G4
</h1>",D'occasion,HP,120 000 ,Mbao,https://i.roamcdn.net/hz/ed/listing-thumb-543w/ef2166bd40a8a854170eddfa78640482/-/horizon-files-prod/ed/picture/qrz8e4d4/567502fe7eee1b5da0e36311b6f786666d26ba5a.jpg
51,"<h1 class=""listing-item__header"">
    Asus
</h1>",Venant,ASUS,140 000 ,Mbao,https://i.roamcdn.net/hz/ed/listing-thumb-543w/1cf6710db0472bbec3eae5767825e9a6/-/horizon-files-prod/ed/picture/q44nvqem/49c92d2d5936f8070529258939d97fb016065ad1.jpg
52,"<h1 class=""listing-item__header"">
    Dell 5410
</h1>",D'occasion,Dell,160 000 ,Mbao,https://i.roamcdn.net/hz/ed/listing-thumb-543w/10b5e0d2862dd3356308ea48fc85ff5c/-/horizon-files-prod/ed/picture/q8v4wxqn/0afe8c03e5b9c8b92a06cc6c6f4c0f060c1ce34e.jpg
53,"<h1 class=""listing-item__header"">
    Hp 745 G5
</h1>",D'occasion,HP,150 000 ,Mbao,https://i.roamcdn.net/hz/ed/listing-thumb-543w/4cb812ddb0bd329bcbf3f26e92e9a0fe/-/horizon-files-prod/ed/picture/qwep75qk/4edc1e3c245468180b7046aa7e40fd9b4a68b566.jpg
54,"<h1 class=""listing-item__header"">
    Asus Rog Strix G16 de 13 éme Génération Rtx 4060
</h1>",Neuf,ASUS,900 000 ,Cambérène,https://i.roamcdn.net/hz/ed/listing-thumb-543w/f4ceceedfb7e689f45357761191addab/-/horizon-files-prod/ed/picture/qde7pjx5/7b67d4c49250edd5baba42cef9af9623bfdf3e43.png
55,"<h1 class=""listing-item__header"">
    Mac Book Air Puce M3
</h1>",Neuf,Apple,650 000 ,Cambérène,https://i.roamcdn.net/hz/ed/listing-thumb-543w/239c68693a6cf4b514980ad96c942853/-/horizon-files-prod/ed/picture/q6xdjdrv/71769d500162d0c2d5b75f2a746c5a8992591174.jpg
56,"<h1 class=""listing-item__header"">
    Mac Book M4 Pro de 16 Pouces ssd 512 Gb Ram 24 Gb
</h1>",Neuf,Apple,1 380 000 ,Cambérène,https://i.roamcdn.net/hz/ed/listing-thumb-543w/0e869bdca16328e0bb833e54fe434108/-/horizon-files-prod/ed/picture/qv4wjvwp/4b408fead240442e5363080a717f81388a972fcc.jpg
57,"<h1 class=""listing-item__header"">
    Dell Precision 5680 de 13 eme Génération Rtx Nvidia
</h1>",Neuf,Dell,775 000 ,Cambérène,https://i.roamcdn.net/hz/ed/listing-thumb-543w/c7baac5cc8e3557ef17735429a51066a/-/horizon-files-prod/ed/picture/qde7q8z4/0b9311397e46699f50528d19256fbd6821056723.jpg
58,"<h1 class=""listing-item__header"">
    Mac Book Air Puce M2
</h1>",Neuf,Apple,550 000 ,Cambérène,https://i.roamcdn.net/hz/ed/listing-thumb-543w/f34e3aa154859c9f5a1fe652669b0f7f/-/horizon-files-prod/ed/picture/qq42rkkz/2b48e383630c211f6fb6a27cd7261e792e0e1d18.jpg
59,"<h1 class=""listing-item__header"">
    Mac Book Puce  M3 Pro ssd 512 Gb Ram 18 Gb
</h1>",Neuf,Apple,875 000 ,Cambérène,https://i.roamcdn.net/hz/ed/listing-thumb-543w/36be7df8a6bbf593c8b1b120d457c129/-/horizon-files-prod/ed/picture/q2j06npe/db45b80a7ff9a9482c209b44602f5418f5c6fc92.jpg
60,"<h1 class=""listing-item__header"">
    Lenovo Thinkpad X1 yoga G4 ultra book
</h1>",Neuf,Lenovo,310 000 ,Plateau,https://i.roamcdn.net/hz/ed/listing-thumb-543w/507d9a2f2a803b9c035cfdf15e1fa4aa/-/horizon-files-prod/ed/picture/q44nvqxm/7bb4d685ea82d8ee8d19a8811fcf60d767b76e7d.jpg
61,"<h1 class=""listing-item__header"">
    Lenovo ThinkPad X1 Yoga G4
</h1>",Venant,Lenovo,290 000 ,Plateau,https://i.roamcdn.net/hz/ed/listing-thumb-543w/878c5f388cd1651c3286c13e055736da/-/horizon-files-prod/ed/picture/qngpen40/3b3fa08e01259351886515217543f9b89d3ce77e.jpg
62,"<h1 class=""listing-item__header"">
    Dell XPS 15 9500 10th
</h1>",Neuf,Dell,450 000 ,Plateau,https://i.roamcdn.net/hz/ed/listing-thumb-543w/f588cffa7083405b94ddeb13bd2f0197/-/horizon-files-prod/ed/picture/q8v4wxm6/2de6c88fb1e4c65b821aeeccb8f5f95b0ce93300.jpg
63,"<h1 class=""listing-item__header"">
    MacBook Air M2, 2022, 13 pouces
</h1>",Neuf,Apple,525 000 ,Gueule-Tapée,https://i.roamcdn.net/hz/ed/listing-thumb-543w/956bb33463145b93991341328c435545/-/horizon-files-prod/ed/picture/qq42rdve/ec7f620ad4496328c5a88539f0fa84b6e146dc96.jpg
64,"<h1 class=""listing-item__header"">
    Lenovo L440 i5 4th ram 8 disque 500 go hdd
</h1>",Venant,Lenovo,100 000 ,Médina,https://i.roamcdn.net/hz/ed/listing-thumb-543w/891bee90b2d543e507cfa26e84d31836/-/horizon-files-prod/ed/picture/q6ekr0v/a15e2976968745fbffa6557010834ec192395704.jpg
65,"<h1 class=""listing-item__header"">
    Microsoft Surface Laptop 7 Copilot+ / X Elite /16GB / 1TB
</h1>",Neuf,Microsoft Surface,750 000 ,Point-e,https://i.roamcdn.net/hz/ed/listing-thumb-543w/c370eb971aa5d0108b634c0b4de8ada0/-/horizon-files-prod/ed/picture/q9mjvjw6/143c928bfcdf5f7f2456e53e88532d8ea905bb08.jpg
66,"<h1 class=""listing-item__header"">
    Dell Inspiron 3530 - I7 13th | 16GB RAM  | 1 Téra - Tactile
</h1>",Venant,Dell,550 000 ,Point-e,https://i.roamcdn.net/hz/ed/listing-thumb-543w/32b0db3758e0e43ba6e1b65158b9b1de/-/horizon-files-prod/ed/picture/qq42e4mv/d02abc1c376c49f32bd5527dc3c9f2e03f4f2371.jpg
67,"<h1 class=""listing-item__header"">
    Microsoft Surface Laptop Studio 2 Core i7 / 32GB / 1TB
</h1>",Neuf,Microsoft Surface,950 000 ,Point-e,https://i.roamcdn.net/hz/ed/listing-thumb-543w/f5909e3d1dedee9fbe2ec8d1e0927366/-/horizon-files-prod/ed/picture/q0g7475z/f61c922ad4dc1f2bfb9bde2fa45fbcd596f2ec32.jpg
68,"<h1 class=""listing-item__header"">
    Surface Pro 7 - I7 | 16GB RAM | 256
</h1>",Venant,Microsoft Surface,325 000 ,Point-e,https://i.roamcdn.net/hz/ed/listing-thumb-543w/d8283d11c261070b3f4e8bcf99b649f0/-/horizon-files-prod/ed/picture/qenv92vz/884395bd001513287e9075a262a0f9b1b57ed724.jpg
69,"<h1 class=""listing-item__header"">
    HP 830 g6 i5
</h1>",Venant,HP,185 000 ,Parcelles Assainies,https://i.roamcdn.net/hz/ed/listing-thumb-543w/17c5160e1f188dcf0222ec04c26a21be/-/horizon-files-prod/ed/picture/qwep75g6/0dd8494c8d582c14af3884700ec86f37c9d03715.png
70,"<h1 class=""listing-item__header"">
    MacBook Air core i5
</h1>",Venant,Apple,145 000 ,Grand-Yoff,https://i.roamcdn.net/hz/ed/listing-thumb-543w/c7c921a04b741d556a63a41a90a69750/-/horizon-files-prod/ed/picture/qde7pj20/3366c7f33c5620efed70c045f35ac1e226aaadbe.jpg
71,"<h1 class=""listing-item__header"">
    Hp probook x360 11 g7
</h1>",Neuf,HP,115 000 ,Plateau,https://i.roamcdn.net/hz/ed/listing-thumb-543w/81a6a178ad01a0bbfde67197988f721e/-/horizon-files-prod/ed/picture/q78wzr98/4e9170159d5e48006f9706fd533ad9af76d24f23.jpg
72,"<h1 class=""listing-item__header"">
    MSI Pulse 16 AI (2024)
</h1>",Neuf,MSI,950 000 ,Sicap Sacré-cœur,https://i.roamcdn.net/hz/ed/listing-thumb-543w/890f54b8fa7adffe2f02e17ebb6be202/-/horizon-files-prod/ed/picture/qrz8kqn9/4ffe3d1cc47234060a30dfba6aea7b0d21321706.jpg
73,"<h1 class=""listing-item__header"">
    Surface Laptop Studio 2
</h1>",Neuf,Microsoft Surface,750 000 ,Plateau,https://i.roamcdn.net/hz/ed/listing-thumb-543w/3df2c185009917b686600e03d2cf39bf/-/horizon-files-prod/ed/picture/qv4w6595/ecd80df1024e4bfa081936fdf5f3f233a30deb96.jpg
74,"<h1 class=""listing-item__header"">
    Surface Laptop 7
</h1>",Neuf,Microsoft Surface,700 000 ,Plateau,https://i.roamcdn.net/hz/ed/listing-thumb-543w/2e143ed06b82b0e9a50f533150e372ff/-/horizon-files-prod/ed/picture/qngpqwqe/1324b1e3638fccdfc57f3931f9c4c381f3cc4f95.jpg
75,"<h1 class=""listing-item__header"">
    MacBook Air m2 8/256
</h1>",Neuf,Apple,670 000 ,Yoff,https://i.roamcdn.net/hz/ed/listing-thumb-543w/6c5d1d00fcc03478652dfd944b91d0df/-/horizon-files-prod/ed/picture/q56dkn8n/a6e0242defb8e4495df8477c4c5fa7421b740b5f.jpg
76,"<h1 class=""listing-item__header"">
    MacBook Pro M3-PRO
</h1>",Neuf,Apple,1 350 000 ,Yoff,https://i.roamcdn.net/hz/ed/listing-thumb-543w/916019e4c6805a703e1e1a61b5f478b5/-/horizon-files-prod/ed/picture/q2j06rwj/51bf501949a6bff7cd304f3742cbefef52756fc6.jpg
77,"<h1 class=""listing-item__header"">
    MacBook 16pouce 2019 i7
</h1>",Venant,Apple,485 000 ,Yoff,https://i.roamcdn.net/hz/ed/listing-thumb-543w/6e957693d0cbe72cafe6f6dc784a5026/-/horizon-files-prod/ed/picture/qq42e6pz/de17a1110bc31198fd12f36eca6956e9e30450f3.jpg
78,"<h1 class=""listing-item__header"">
    Ordinateur pour caisse
</h1>",Neuf,Autre,390 000 ,Hlm,https://i.roamcdn.net/hz/ed/listing-thumb-543w/1e8f1177fe571455cab099767edc2c61/-/horizon-files-prod/ed/picture/qrz86n68/47fe5d51413e694d581fde2cea6f6f532a7129df.jpg
79,"<h1 class=""listing-item__header"">
    HP élitebook 645 g9
</h1>",Neuf,HP,270 000 ,Plateau,https://i.roamcdn.net/hz/ed/listing-thumb-543w/bedc1d59e8159dea8e2d5ff6de336e08/-/horizon-files-prod/ed/picture/q78wmrgm/ba4aaf345414735adcabe9c8b576da70e0424311.jpg
80,"<h1 class=""listing-item__header"">
    Pc game i7 4th Gen Rtx 4060Ti
</h1>",Venant,Core i7 14é génération,1 250 000 ,Yoff,https://i.roamcdn.net/hz/ed/listing-thumb-543w/74fe6032a128f5f1fe1042cf144e34c0/-/horizon-files-prod/ed/picture/q9mjq6m8/deef0bd69377e727de9e03570d54a9cde5e87a90.jpg
81,"<h1 class=""listing-item__header"">
    💻 HP EliteBook x360 1040 G6
</h1>",Neuf,HP,245 000 ,Plateau,https://i.roamcdn.net/hz/ed/listing-thumb-543w/f8dde5833d3fbb71f5e3658567f4f47c/-/horizon-files-prod/ed/picture/qzvp96gr/f4b71d21c1685b7b06630b8a8545bcf1050471d9.jpg
82,"<h1 class=""listing-item__header"">
    🔥 HP ZBook Firefly 14 G9 🔥
</h1>",Neuf,HP,340 000 ,Plateau,https://i.roamcdn.net/hz/ed/listing-thumb-543w/b8d8a76a19b3f0e2607b4d4f1f4ca366/-/horizon-files-prod/ed/picture/qenve7g9/ad40c71ad674a6b0d8f00b9859434c98b3ca03a4.jpg
83,"<h1 class=""listing-item__header"">
    ✨ HP ProBook x360 11 G7 EE – Ultra Polyvalent &amp; Robuste ✨
</h1>",Neuf,HP,135 000 ,Plateau,https://i.roamcdn.net/hz/ed/listing-thumb-543w/9c70fb99d2d3140f609254cbdb7452ac/-/horizon-files-prod/ed/picture/q56d057p/728b714331091f2d8ea18e298cf4743e064d6cf9.jpg
84,"<h1 class=""listing-item__header"">
    🚀 DELL XPS 15 9500—10eme gen—GTX🔥
</h1>",Neuf,Dell,475 000 ,Plateau,https://i.roamcdn.net/hz/ed/listing-thumb-543w/33bc1e2de8cd0a17fe6a6faba4737cf2/-/horizon-files-prod/ed/picture/qde7p6x7/98dd88c8ef46d49ef98a519ef2dcf1a3e0054470.jpg
85,"<h1 class=""listing-item__header"">
    MacBook Air Puce M1 2020 13.3 Pouces
</h1>",Neuf,Apple,475 000 ,Médina,https://i.roamcdn.net/hz/ed/listing-thumb-543w/2053dde01aa95e4580dcba20252e968a/-/horizon-files-prod/ed/picture/qxjpvz50/c1e0067ebf2951d35c5a2871b5a11ba1df7851c2.jpg
86,"<h1 class=""listing-item__header"">
    Microsoft Surface Pro 9 2022 i5 112th Gen 13.3 Pouces
</h1>",Neuf,Microsoft Surface,600 000 ,Médina,https://i.roamcdn.net/hz/ed/listing-thumb-543w/45107e05d1372ab08aa0fba9c2f62943/-/horizon-files-prod/ed/picture/qrz8e0g9/49e77a735be1e1f1d865465353e1841dcba78043.jpg
87,"<h1 class=""listing-item__header"">
    HP Elitebook 830 G7 cor i5
</h1>",Neuf,HP,320 000 ,Médina,https://i.roamcdn.net/hz/ed/listing-thumb-543w/675ebe020c4a00a91900881229462e7e/-/horizon-files-prod/ed/picture/q6xdngnz/7743d7eb06f4c83d637d13c2a89d3cdc27d348b8.jpg
88,"<h1 class=""listing-item__header"">
    Dell inspiron All in One
</h1>",Neuf,Dell,525 000 ,Sicap Sacré-cœur,https://i.roamcdn.net/hz/ed/listing-thumb-543w/386969c893e63115e25f869fbc54c7a6/-/horizon-files-prod/ed/picture/q6xd9mev/080698d3853fe32755df653097a1eec97915f223.jpg
89,"<h1 class=""listing-item__header"">
    Mac pro m1
</h1>",Neuf,Apple,495 000 ,Hlm,https://i.roamcdn.net/hz/ed/listing-thumb-543w/e9172aca1b2c67bb5612b6af45f6980e/-/horizon-files-prod/ed/picture/q9mjqdq0/5edc7779533953a12450d35d2f442f0bc1f97662.jpg
90,"<h1 class=""listing-item__header"">
    MSI CYBORG
</h1>",Neuf,MSI,650 000 ,Yoff,https://i.roamcdn.net/hz/ed/listing-thumb-543w/f19888430251c13a9c2ecaa2c1ade4a0/-/horizon-files-prod/ed/picture/q9mjqrex/82ea8863ae647eead29abdcd1485c2d9dc7aab9f.jpg
91,"<h1 class=""listing-item__header"">
    MacBook Pro 14"" (2024) - PUCE M4 Pro
</h1>",Neuf,Apple,1 500 000 ,Médina,https://i.roamcdn.net/hz/ed/listing-thumb-543w/9bfd81ade49c4ef6b8001fa9a6b06632/-/horizon-files-prod/ed/picture/qgqwepr4/467ecb5c3d3e76082d7ca19b8a0a0f311d37990a.jpg
92,"<h1 class=""listing-item__header"">
    MacBook Air M2 13.3 Pouces 2022
</h1>",Neuf,Apple,600 000 ,Médina,https://i.roamcdn.net/hz/ed/listing-thumb-543w/b86bdf06fa025e89dbe6dde21df54519/-/horizon-files-prod/ed/picture/qngpezkz/b898522c05794364e21ea78bd66934240c2bb730.jpg
93,"<h1 class=""listing-item__header"">
    SURFACE STUDIO 2
</h1>",Venant,Microsoft Surface,700 000 ,Plateau,https://i.roamcdn.net/hz/ed/listing-thumb-543w/34f970830389c300cb980e7ca48e3023/-/horizon-files-prod/ed/picture/qngpeznz/d41e35065a6893eec95a3a4661ddb2b4f1084117.jpg
94,"<h1 class=""listing-item__header"">
    Hp Zbook firefly 14 G9
</h1>",Neuf,HP,350 000 ,Plateau,https://i.roamcdn.net/hz/ed/listing-thumb-543w/56103b98ee19bcfcf3a55825e887ddc0/-/horizon-files-prod/ed/picture/q44nvmp9/a9b3675fc1fe8bd31c4aa63efbd9aeef7aea7892.jpg
95,"<h1 class=""listing-item__header"">
    Dell XPS 15 9520
</h1>",Neuf,Dell,610 000 ,Plateau,https://i.roamcdn.net/hz/ed/listing-thumb-543w/6c7e27221fc85850065f3ad4462ba8b4/-/horizon-files-prod/ed/picture/qwep78w5/a3038f5c4d3839a58716cc6e0118c0efa9f21718.jpg
96,"<h1 class=""listing-item__header"">
    Macbook Air M1 2020
</h1>",Venant,Apple,300 000 ,Dieuppeul,https://i.roamcdn.net/hz/ed/listing-thumb-543w/6780e4603542b097e6de266f1f95823d/-/horizon-files-prod/ed/picture/qde7zemj/430fbcded2a2da6456f870ff8cbbcfaa2c54e08d.jpg
97,"<h1 class=""listing-item__header"">
    Promo☄️Dell latitude Corei3 Ram8
</h1>",Venant,Dell,100 000 ,Médina,https://i.roamcdn.net/hz/ed/listing-thumb-543w/639442d10b26a1def7efc42dffd947ea/-/horizon-files-prod/ed/picture/q44nvmn2/74e2558f9c6c28ba382a7898736f3486bdb7ba9b.jpg
98,"<h1 class=""listing-item__header"">
    Promo☄️Lenovo Thinkpad T14 Ryzen5 pro Ram16
</h1>",Neuf,Lenovo,220 000 ,Médina,https://i.roamcdn.net/hz/ed/listing-thumb-543w/34a8c1cedaaa3fbbf9f3dec6205b15e3/-/horizon-files-prod/ed/picture/q0g7jz78/2edef4efcd6464af948906ed1ff08e258221e416.jpg
99,"<h1 class=""listing-item__header"">
    Promo☄️Hp EliteBook 840 Corei5 256ssd Ram8
</h1>",Neuf,HP,150 000 ,Médina,https://i.roamcdn.net/hz/ed/listing-thumb-543w/77d55b7ecd87ec2732f4470cead411b9/-/horizon-files-prod/ed/picture/qzvp96pd/cf12021a90c5a4ad8ca4281b06198cbb9bc98d19.jpg
100,"<h1 class=""listing-item__header"">
    MacBook Air 2017 i7
</h1>",Venant,Apple,200 000 ,Médina,https://i.roamcdn.net/hz/ed/listing-thumb-543w/7700a2b3b3eb027e402ef02955108047/-/horizon-files-prod/ed/picture/qwep782j/2d502888ef7c02d2eb3f5980616cf5b8a307ce9a.jpg
101,"<h1 class=""listing-item__header"">
    MACBOOK PRO | Dual core | 13''
</h1>",Venant,Apple,85 000 ,Médina,https://i.roamcdn.net/hz/ed/listing-thumb-543w/4947ea8339751de80d36bdfac7b82634/-/horizon-files-prod/ed/picture/qkr8nmev/32e5285a8e90685415b6b0b696e22ae895de0883.jpg
102,"<h1 class=""listing-item__header"">
    Dell 3470 tactile i5 6th ram 8
</h1>",Venant,Dell,130 000 ,Médina,https://i.roamcdn.net/hz/ed/listing-thumb-543w/f1852af032caaa8a72c212043259dbda/-/horizon-files-prod/ed/picture/q9zveg8/1b8c1e5ca8174b20b5450b17a85c7f1781468f27.jpg
103,"<h1 class=""listing-item__header"">
    Hp Probook 450 G6 8gen - i5
</h1>",D'occasion,HP,160 000 ,Médina,https://i.roamcdn.net/hz/ed/listing-thumb-543w/fd2a01bb494fff49db8eb45d21c8b6d0/-/horizon-files-prod/ed/picture/q785xk0g/521eb0448bfe03873b3113a6401c405f80cb54d7.jpg
104,"<h1 class=""listing-item__header"">
    𝗜𝗠𝗔𝗖 𝗦𝗟𝗜𝗠 𝟮𝟬𝟭𝟳 | 𝗶𝟳 | 𝟮𝟭.𝟱″
</h1>",Venant,Apple,250 000 ,Médina,https://i.roamcdn.net/hz/ed/listing-thumb-543w/8a6cd9f61c503cacdc5cf34ff19d5b47/-/horizon-files-prod/ed/picture/qrz8xdkq/379332079d4eb6a2d0ca3e39946893071c6a6502.jpg
105,"<h1 class=""listing-item__header"">
    𝗔𝗟𝗟 𝗜𝗡 𝗢𝗡𝗘 𝗟𝗘𝗡𝗢𝗩𝗢 𝗧𝗛𝗜𝗡𝗞𝗖𝗘𝗡𝗧𝗥𝗘 𝗠𝟵𝟯𝗭 | 𝗜𝟱
</h1>",Venant,Lenovo,175 000 ,Médina,https://i.roamcdn.net/hz/ed/listing-thumb-543w/05ad93248b7e99772fe8f4f315d1e04b/-/horizon-files-prod/ed/picture/qzvp9pvq/e2ae66efcdf2ff2691639da5d35c342cdd33fe0d.jpg
106,"<h1 class=""listing-item__header"">
    MacBook Pro M3 Pro Max 16 Pouces 2023
</h1>",Neuf,Apple,2 300 000 ,Médina,https://i.roamcdn.net/hz/ed/listing-thumb-543w/068becbc8377f5649773aebfba8e2ca4/-/horizon-files-prod/ed/picture/qm5ged4r/670e1c5199baa7bd0b23bf1d75ee0c8856baedb8.jpg
107,"<h1 class=""listing-item__header"">
    Dell latitude 5430 ou 5420
</h1>",Venant,Dell,2 950 000 ,Hlm,https://i.roamcdn.net/hz/ed/listing-thumb-543w/0c2cf00db3e77db9e14663bb116e233d/-/horizon-files-prod/ed/picture/qgqwez89/67c3452ec8c5b296df95165a09c0ee8c190fa898.jpg
108,"<h1 class=""listing-item__header"">
    HP VICTUS GAMER 15-fa0033dx
</h1>",Neuf,HP,694 900 ,Médina,https://i.roamcdn.net/hz/ed/listing-thumb-543w/77749f815859eec62df5b3f2412b1b91/-/horizon-files-prod/ed/picture/qwep8eep/0148970110b4e8e1ac062a004440037d38f99316.jpg
109,"<h1 class=""listing-item__header"">
    Hp
</h1>",Venant,HP,135 ,Plateau,https://i.roamcdn.net/hz/ed/listing-thumb-543w/f6347a4b42dea46c9088f76d7c385265/-/horizon-files-prod/ed/picture/q44nv7np/5d6983f924011fd683a5144e4afa973f75d5cf38.jpg
110,"<h1 class=""listing-item__header"">
    Mac air M3 2024
</h1>",Venant,Apple,850 000 ,Hlm,https://i.roamcdn.net/hz/ed/listing-thumb-543w/51ceaabe633d7c7f50e1f5a66538dd1b/-/horizon-files-prod/ed/picture/qm5gedg9/efa84fcb0881fc2d27e3826903d0398140a93f95.jpg
111,"<h1 class=""listing-item__header"">
    HP ENVY 14 CORE I5 X360
</h1>",Neuf,HP,449 000 ,Médina,https://i.roamcdn.net/hz/ed/listing-thumb-543w/bc4693b9950e1ef8ab311d23906424bb/-/horizon-files-prod/ed/picture/q6xd9q87/5f54ca4b3ab88cecb10dd1387bf7195bdee9f462.jpg
112,"<h1 class=""listing-item__header"">
    Lenovo t540p i5 ram 8
</h1>",Venant,Lenovo,115 000 ,Médina,https://i.roamcdn.net/hz/ed/listing-thumb-543w/daa92342909658aa185328966d9c1934/-/horizon-files-prod/ed/picture/q6x6rpmz/72a58a70e4abbcad2a19874f2707f9f153873fc5.jpg
113,"<h1 class=""listing-item__header"">
    Écran AOC 32 pouce incurvé
</h1>",Neuf,AOC,410 000 ,Grand-Yoff,https://i.roamcdn.net/hz/ed/listing-thumb-543w/25993a6f6e0b81ff5482d99bde984d97/-/horizon-files-prod/ed/picture/q78wz97m/30a145c8c1d7091f02bcc597bc9a953d6ba1b0bf.jpg
114,"<h1 class=""listing-item__header"">
    MacBook Air core i5
</h1>",Venant,Apple,145 000 ,Grand-Yoff,https://i.roamcdn.net/hz/ed/listing-thumb-543w/29818729d6d724c89349ad38a36bbd88/-/horizon-files-prod/ed/picture/qj4qe2jr/6da464f7f9fe40fe4fbe0d801f754a9351e0ee20.jpg
115,"<h1 class=""listing-item__header"">
    MacBook Air m1 8/128
</h1>",Venant,Apple,290 000 ,Yoff,https://i.roamcdn.net/hz/ed/listing-thumb-543w/34ab5a934c50b0449a5442a15a1b885a/-/horizon-files-prod/ed/picture/qv4w6zn5/0f52ab993f87837b36a5adb36e6acc077c11ef10.jpg
116,"<h1 class=""listing-item__header"">
    Hp Envy x360  i7 11the génération
</h1>",Neuf,HP,250 000 ,Médina,https://i.roamcdn.net/hz/ed/listing-thumb-543w/c399645144e01c512ab5aa33f65394e7/-/horizon-files-prod/ed/picture/qv4w6zvx/702a584b780ebeead9b1fd26e67f4fe019f4fd80.jpg
117,"<h1 class=""listing-item__header"">
    MacBook Air M3 RAM 8 / SSD de 256 Go
</h1>",Venant,Apple,680 000 ,Médina,https://i.roamcdn.net/hz/ed/listing-thumb-543w/0074504cebdb31b823c2157e33dcd9ff/-/horizon-files-prod/ed/picture/qngpewnk/5af25901190ff956b3dee78a0a3132b8e19ba4f6.jpg
118,"<h1 class=""listing-item__header"">
    DISQUE DUR EXTERNE
</h1>",Neuf,Autre,42 750 ,Plateau,https://i.roamcdn.net/hz/ed/listing-thumb-543w/f11b058a1c623bbaa90890c1192423bc/-/horizon-files-prod/ed/picture/qq42e6g7/a44aaa0b4842d9798d5100008280ffb797b1e59c.png
119,"<h1 class=""listing-item__header"">
    IMPRIMANTE HP COLOR
</h1>",Neuf,HP,71 250 ,Plateau,https://i.roamcdn.net/hz/ed/listing-thumb-543w/768340e250e5ecb007313b333736a043/-/horizon-files-prod/ed/picture/qpdme88q/01583015d4ffdd88f62b3ccc4525d9a563a401c9.jpg
120,"<h1 class=""listing-item__header"">
    Hp elitbook 840 G6 core i7
</h1>",Neuf,HP,265 000 ,Hlm,https://i.roamcdn.net/hz/ed/listing-thumb-543w/546b7b80915afd8b8e020b2c079119ef/-/horizon-files-prod/ed/picture/qde7pnnm/2e8a6096657a770c7571b15bfa159de426e6d6c9.jpg
121,"<h1 class=""listing-item__header"">
    ORDINATEUR PORTABLE LENOVO
</h1>",Neuf,Lenovo,213 750 ,Plateau,https://i.roamcdn.net/hz/ed/listing-thumb-543w/02c348b449e839057bb81a1fccb80bf3/-/horizon-files-prod/ed/picture/qxjpvqqw/25706428358ba48d0cbdb02acd7f0092cfa8acf5.png
122,"<h1 class=""listing-item__header"">
    Surface pro 7
</h1>",D'occasion,Autre,180 000 ,Parcelles Assainies,https://i.roamcdn.net/hz/ed/listing-thumb-543w/5eae1cb65f42e353c8706be806382ac9/-/horizon-files-prod/ed/picture/q8v4wgkr/d40df5181f353231233981d90c774c60481a47ca.jpg
123,"<h1 class=""listing-item__header"">
    Asus Rog Strix G15 Ryzen 9 /16Go/512ssd/RTX 3060
</h1>",Neuf,ASUS,700 000 ,Médina,https://i.roamcdn.net/hz/ed/listing-thumb-543w/8cf5bf99e64d5f5a43397d169d8c9f71/-/horizon-files-prod/ed/picture/qzvppj5d/76da120d47406f14c4e9f02c79403cf7fcde87f2.jpg
124,"<h1 class=""listing-item__header"">
    LENOVO IDEAPAD GAMING I5-12GEN/16GO/512/RTX3050
</h1>",Neuf,Lenovo,700 000 ,Médina,https://i.roamcdn.net/hz/ed/listing-thumb-543w/87e029ab4cf5161110469d48709bf87b/-/horizon-files-prod/ed/picture/qj4qrnjd/fc2d441cb9be6444e34e99a06a4125ed21baadd2.jpg
125,"<h1 class=""listing-item__header"">
    ALL IN ONE HP ELITEONE 800 G1 | I5
</h1>",Venant,HP,150 000 ,Médina,https://i.roamcdn.net/hz/ed/listing-thumb-543w/c266353cc6d99871908b28a80538e0fc/-/horizon-files-prod/ed/picture/q6xdngz7/890e79456e6e59c34c1dd60d3bdc508d06841e82.jpg
126,"<h1 class=""listing-item__header"">
    𝗛𝗣 𝗣𝗥𝗢𝗕𝗢𝗢𝗞 𝟰𝟰𝟬 𝗚𝟴 | 𝗶𝟱 | 𝟭𝟭 𝗚𝗘𝗡
</h1>",Venant,HP,250 000 ,Médina,https://i.roamcdn.net/hz/ed/listing-thumb-543w/3e6a5211f4d9644bd27a51bcb0eb2d0b/-/horizon-files-prod/ed/picture/qde7gzqg/5c1cb0f9e34b02140d54d23b1a2e45fcc498f475.jpg
127,"<h1 class=""listing-item__header"">
    HP ELITEDESK 800 G3 | i5 | 6e Gen
</h1>",Venant,HP,100 000 ,Médina,https://i.roamcdn.net/hz/ed/listing-thumb-543w/c2b05faf5aa085ce1d304ae40d52f3df/-/horizon-files-prod/ed/picture/qwe20m6p/8d214649dac616dee158934bcee6531b07ee9fa1.jpg
128,"<h1 class=""listing-item__header"">
    Hp victus Rtx 2050 4Go
</h1>",Venant,HP,450 000 ,Yoff,https://i.roamcdn.net/hz/ed/listing-thumb-543w/de09c4bc549f1096ee4565aeb0f53550/-/horizon-files-prod/ed/picture/q2j06w9g/749cd7fe32da9ba6de3e764e263c6bf782ded51d.jpg
129,"<h1 class=""listing-item__header"">
    Surface pro 11
</h1>",Venant,Microsoft Surface,690 000 ,Plateau,https://i.roamcdn.net/hz/ed/listing-thumb-543w/f7fb13d936ad1464d2b1dee20e05f6e8/-/horizon-files-prod/ed/picture/q44nv6q4/6937a3ebea226a524aa91e6d7079ceabb1be274d.jpg
130,"<h1 class=""listing-item__header"">
    Surface pro 9
</h1>",Venant,Microsoft Surface,450 000 ,Plateau,https://i.roamcdn.net/hz/ed/listing-thumb-543w/e837b5ab57e83bb18760fa3274cc5c12/-/horizon-files-prod/ed/picture/q8v4w9x0/7f41b93108ff1c0e57149fbf41d6156436b26202.jpg
131,"<h1 class=""listing-item__header"">
    Hp elitbook 830 g5 core i5 de 8th
</h1>",Venant,HP,185 000 ,Hlm,https://i.roamcdn.net/hz/ed/listing-thumb-543w/2b6d775db6e4acd02a72d69e2c669911/-/horizon-files-prod/ed/picture/qenvexwd/dd219e26f256deb706b4dd9d69e417281e1d2f83.jpg
132,"<h1 class=""listing-item__header"">
    Microsoft surface laptop 2
</h1>",Venant,Microsoft Surface,275 000 ,Hlm,https://i.roamcdn.net/hz/ed/listing-thumb-543w/504d736646d904c38c0c9fe6fa9b88ca/-/horizon-files-prod/ed/picture/q56d0zz7/bbe46d55f676b6d3fb6677234d7a679e4a2de8af.jpg
133,"<h1 class=""listing-item__header"">
    HP ELITEBOOK X360 1040 G10 i7 13e Gen
</h1>",Neuf,HP,750 000 ,Gueule-Tapée,https://i.roamcdn.net/hz/ed/listing-thumb-543w/2e518a3bd4415b94750a5ab6b9e9c665/-/horizon-files-prod/ed/picture/q6xd9vr6/ebb870ccf000e111c6412eda6107fa3caeac9fbb.jpg
134,"<h1 class=""listing-item__header"">
    ASUS TUF A17 I7/16GO/1TO/NVIDIA RTX3070
</h1>",Neuf,ASUS,750 000 ,Médina,https://i.roamcdn.net/hz/ed/listing-thumb-543w/39234a1d3737cb5ca3b9fb0b1d0d3bdb/-/horizon-files-prod/ed/picture/qngpej9e/5ae80810a2b0cfd1191f0928f5f657876e253ec7.jpg
135,"<h1 class=""listing-item__header"">
    Ecran PC - ACER  24,5 pouces 100hz FHD Dalle IPS  1ms
</h1>",Neuf,Acer,100 000 ,Patte d‘oie,https://i.roamcdn.net/hz/ed/listing-thumb-543w/5070cd3bcdf29493410ec6d2362f33fb/-/horizon-files-prod/ed/picture/q44nv65e/463d737fbef0c18a0df904df9a9b3c5add57f65c.jpg
136,"<h1 class=""listing-item__header"">
    DELL LATITUDE 7450 2IN1ULTRA 5 /32GO/512SDSD
</h1>",Neuf,Dell,500 000 ,Médina,https://i.roamcdn.net/hz/ed/listing-thumb-543w/1106b0cbb2bdccf2f3885301c287ff04/-/horizon-files-prod/ed/picture/qq42e5qw/2a28252dd8550d3154d99dc91b76c9917f9d2652.jpg
137,"<h1 class=""listing-item__header"">
    MACBOOK PRO RETINA 2015 | i5 | 13''
</h1>",Venant,Apple,225 000 ,Médina,https://i.roamcdn.net/hz/ed/listing-thumb-543w/4fa92d0be30dbc3a2244d3a30b173d9a/-/horizon-files-prod/ed/picture/qngx67pv/6897d2bb8c355239f7cf5d06b55310a467209254.jpg
138,"<h1 class=""listing-item__header"">
    Microsoft surface pro Elite x
</h1>",Neuf,Microsoft Surface,875 000 ,Médina,https://i.roamcdn.net/hz/ed/listing-thumb-543w/e5fa76554a499cc4407aed1e3ad8b57b/-/horizon-files-prod/ed/picture/qq42xvzv/e51ac1d85299c547448bcc5240b70608932fd9b6.png
139,"<h1 class=""listing-item__header"">
    𝗠𝗔𝗖𝗕𝗢𝗢𝗞 𝗣𝗥𝗢 𝗥𝗘𝗧𝗜𝗡𝗔 𝟮𝟬𝟭𝟮 | 𝗶𝟳 | 𝟭𝟱''
</h1>",Venant,Apple,150 000 ,Médina,https://i.roamcdn.net/hz/ed/listing-thumb-543w/415e09a5bcb131b06a20dac2cd7bc8d2/-/horizon-files-prod/ed/picture/qxjpvg2n/6d2e2313c1a6c9a18a2330de28fc6729dc734b1b.jpg
140,"<h1 class=""listing-item__header"">
    IMAC 2015 CORE I5 21.5 POUCES
</h1>",Venant,Apple,245 000 ,Médina,https://i.roamcdn.net/hz/ed/listing-thumb-543w/c4735815d7be8e499c3b96680e42e8fa/-/horizon-files-prod/ed/picture/q6xkg974/f3c4208c8df4ff79a01900b76f7bfa55473caac1.png
141,"<h1 class=""listing-item__header"">
    Surface Pro X avec clavier
</h1>",D'occasion,Microsoft Surface,350 000 ,Plateau,https://i.roamcdn.net/hz/ed/listing-thumb-543w/3d6b168142a9023a785ceb96b70341da/-/horizon-files-prod/ed/picture/q2j06wj6/1ec1d1034c2248f12fb9669ddd248a6266ce3542.jpg
142,"<h1 class=""listing-item__header"">
    MSI Creator 17 RTX 3080
</h1>",Neuf,MSI,980 000 ,Médina,https://i.roamcdn.net/hz/ed/listing-thumb-543w/6b68b42ac5b868c24b2aed5d6fe05393/-/horizon-files-prod/ed/picture/q2j0djve/86a52f5bc779cc3d69085deebe0fa680d625dd6a.png
143,"<h1 class=""listing-item__header"">
    MacBook Pro 2024 14""/ M4 PRO / 24GB RAM/ 1TB SSD (promo)
</h1>",Neuf,Apple,1 550 000 ,Hlm,https://i.roamcdn.net/hz/ed/listing-thumb-543w/9cf1bc709d75ff3699c2d8395bce5996/-/horizon-files-prod/ed/picture/q8v4w06p/64e34064cc90b0d3ab0c91597bcbade94728ddaf.png
144,"<h1 class=""listing-item__header"">
    Dell Xps 9315 -I7-12gen/16go/512ssd
</h1>",Neuf,Dell,550 000 ,Médina,https://i.roamcdn.net/hz/ed/listing-thumb-543w/75f822aeda2c7ac2cc81feb83bb79b99/-/horizon-files-prod/ed/picture/qwe27edj/1d1ceb958b7a250e913dacd251b57942f2e421bb.jpg
145,"<h1 class=""listing-item__header"">
    ASUS Zenbook 14 OLED I7-12GEN/16GO/512SSD
</h1>",Neuf,ASUS,550 000 ,Médina,https://i.roamcdn.net/hz/ed/listing-thumb-543w/45aa43e4dc7fb5c4a259972f1c3869ac/-/horizon-files-prod/ed/picture/q8v4wkj9/eb063ea2c1618811b44f1a3705eaabb38fb32eb7.jpg
146,"<h1 class=""listing-item__header"">
    Macbook pro retina Corei5 /i7
</h1>",Venant,Apple,250 000 ,Gibraltar,https://i.roamcdn.net/hz/ed/listing-thumb-543w/085b89c06701a8d33237d5c88e4d58cf/-/horizon-files-prod/ed/picture/q94jp00/38a4d72a81da7e29b171591dba925e147cc81686.jpg
147,"<h1 class=""listing-item__header"">
    Ordinateur All in ONE i3-i5
</h1>",Venant,HP,150 000 ,Gueule-Tapée,https://i.roamcdn.net/hz/ed/listing-thumb-543w/8b09a1edb21ed6526f89022faf6e658b/-/horizon-files-prod/ed/picture/migrated/q0kr0n8/b700f86477b4657515b153160212a2b7b95baa1e.jpg
148,"<h1 class=""listing-item__header"">
    MSI CYBORG 15 RTX 4050
</h1>",Neuf,MSI,650 000 ,Yoff,https://i.roamcdn.net/hz/ed/listing-thumb-543w/486a8da41dc00635b4637f1220806c45/-/horizon-files-prod/ed/picture/q0g7j228/eb830921c33114b1c400c7da29bd6a1f747476ba.jpg
149,"<h1 class=""listing-item__header"">
    MacBook Pro m4-pro 24/512
</h1>",Neuf,Apple,1 499 000 ,Yoff,https://i.roamcdn.net/hz/ed/listing-thumb-543w/fd2fcb22be7515a201d391f95d32acfd/-/horizon-files-prod/ed/picture/qpdm49qq/d3701867725e3f4b3d3e6e6eb92b81c52af89378.jpg
150,"<h1 class=""listing-item__header"">
    16-pouce M1-PRO 16/512
</h1>",Venant,Apple,800 000 ,Yoff,https://i.roamcdn.net/hz/ed/listing-thumb-543w/85ab58ae55e52cc164c642989c6d8f46/-/horizon-files-prod/ed/picture/q44nv8qe/03d485772c093f5c6630fcccc6f0b9d96b3fccc4.jpg
151,"<h1 class=""listing-item__header"">
    MacBook Air m3 8/256
</h1>",Neuf,Apple,750 000 ,Yoff,https://i.roamcdn.net/hz/ed/listing-thumb-543w/fce14560f1541c72e973aa490c5985dd/-/horizon-files-prod/ed/picture/qde7pkz2/49b74718a42b08aeebb18de18e40d0e8a8209447.jpg
152,"<h1 class=""listing-item__header"">
    Acer Nitro 5
</h1>",Neuf,Acer,450 000 ,Médina,https://i.roamcdn.net/hz/ed/listing-thumb-543w/3bffb0b4f5961175033e5c8439d1fc80/-/horizon-files-prod/ed/picture/q78w0g4e/932e74918c6de6fadd2c87a26976261505acf972.jpg
153,"<h1 class=""listing-item__header"">
    Lenovo X1 carbon core i5 8th ram 16 SSD 512
</h1>",Venant,Lenovo,149 900 ,Point-e,https://i.roamcdn.net/hz/ed/listing-thumb-543w/2a2b0cd7c2282cb6d06617adb90ecd2e/-/horizon-files-prod/ed/picture/q2j0xm0v/6386188f3d336b2748792551cf5489a7bba03c57.jpg
154,"<h1 class=""listing-item__header"">
    MacBook Pro 2019
</h1>",Venant,Apple,450 000 ,Point-e,https://i.roamcdn.net/hz/ed/listing-thumb-543w/acb3775d6d224b8e9fd1eac1feb54d95/-/horizon-files-prod/ed/picture/qv4wdd65/e7797b57f4fa32435956e643ebd183c36e2ccb86.jpg
155,"<h1 class=""listing-item__header"">
    Microsoft Surface 3 4GB
</h1>",Neuf,Microsoft Surface,85 000 ,Plateau,https://i.roamcdn.net/hz/ed/listing-thumb-543w/7cae96b0af9ddab51512387fda77687f/-/horizon-files-prod/ed/picture/q78wzx9g/6a77a2ad62a4010a04a47475b21292da70867e6f.jpg
156,"<h1 class=""listing-item__header"">
    ✨ Le HP 250 G8 à un prix imbattable ! ✨
</h1>",D'occasion,HP,225 000 ,Fass,https://i.roamcdn.net/hz/ed/listing-thumb-543w/1f29ecb5015abf7ec8aaa774e4ae5514/-/horizon-files-prod/ed/picture/q2j0685q/b8f99ff0314dfb4c851234e214dd80f4dabe8a75.jpg
157,"<h1 class=""listing-item__header"">
    MacBook Air 2020 M1
</h1>",D'occasion,Apple,390 000 ,Ouest foire,https://i.roamcdn.net/hz/ed/listing-thumb-543w/f746f8ea3e7eb95ccd012ae044578441/-/horizon-files-prod/ed/picture/qq42ew5n/d95c25f09273fb8207dc8e41e57dff181e52d4e1.jpg
158,"<h1 class=""listing-item__header"">
    MACBOOK AIR M2 15 POUCE NEUF
</h1>",Neuf,Apple,800 000 ,Almadies,https://i.roamcdn.net/hz/ed/listing-thumb-543w/39052c502c2f725c43a76f3a3ce8d596/-/horizon-files-prod/ed/picture/q56xkk4r/9bbc85fedf9ae7c628993d89e57f6395837cd159.png
159,"<h1 class=""listing-item__header"">
    IMAC 24 POUCE M4 SCELLER
</h1>",Neuf,Apple,1 550 000 ,Almadies,https://i.roamcdn.net/hz/ed/listing-thumb-543w/3af36f02ae625c5856859d50903e7142/-/horizon-files-prod/ed/picture/qq42rm27/58211ac4f5acb686168712db281fde044388e7ef.jpg
160,"<h1 class=""listing-item__header"">
    ✅ Lenovo P70 + Nvidia 8Go Dédié- 32Go Ram- 17''
</h1>",Venant,Lenovo,310 000 ,Hlm,https://i.roamcdn.net/hz/ed/listing-thumb-543w/af42f7bd45f1961c29075674f843d401/-/horizon-files-prod/ed/picture/q8v4wkk7/88e93848216bbd47f7a19044a2edb641e3fa3087.jpg
161,"<h1 class=""listing-item__header"">
    Surface Studio 2+
</h1>",Neuf,Microsoft Surface,3 499 000 ,Fenêtre mermoz,https://i.roamcdn.net/hz/ed/listing-thumb-543w/3926815e42bd01ab97ceabe91aebbd87/-/horizon-files-prod/ed/picture/qenq4nx4/d7223d4341d415432efac80177c8a842e98a6f4a.jpg
162,"<h1 class=""listing-item__header"">
    HP 250 G8 i3-1005G1
</h1>",D'occasion,HP,275 000 ,Fass,https://i.roamcdn.net/hz/ed/listing-thumb-543w/598d11c7779d98512a4eed91c7fe0986/-/horizon-files-prod/ed/picture/q6xd8j8v/a2260424a72710f1aac146b4f58c9c65b4f2c3eb.jpg
163,"<h1 class=""listing-item__header"">
    Macbook Pro Rétina Cor i7 15 Pouces
</h1>",Venant,Apple,245 000 ,Médina,https://i.roamcdn.net/hz/ed/listing-thumb-543w/ee3fe25103f73770bffa6f7e74ebcc0b/-/horizon-files-prod/ed/picture/qwepxr95/dea768a5d567c000dc78b2982628d8300384521e.jpg
164,"<h1 class=""listing-item__header"">
    HP Zbook 15 G2 Cor i7 ""GAMER""
</h1>",Venant,HP,180 000 ,Médina,https://i.roamcdn.net/hz/ed/listing-thumb-543w/ceabbb4846f3d36a24faf584168d91ed/-/horizon-files-prod/ed/picture/qzvpw5kg/ae8a3ac3444703e4f33265ef6e76bb55b1ca6ba5.jpg
165,"<h1 class=""listing-item__header"">
    ✅ Lenovo Gamer Tactile- i7 + Nvidia- 20Go Ram
</h1>",Venant,Lenovo,280 000 ,Hlm,https://i.roamcdn.net/hz/ed/listing-thumb-543w/781315a54fd6fad274f7f5f24f9a9cf3/-/horizon-files-prod/ed/picture/q2j068k2/2ee087cf7cfdbe427b23a37c4a37d595aa0c3b28.jpg
166,"<h1 class=""listing-item__header"">
    Ordinateur portable gamer Msi GL65 Leopard
</h1>",D'occasion,MSI,450 000 ,Point-e,https://i.roamcdn.net/hz/ed/listing-thumb-543w/699ac8bae211f0f89fbca60b3eca56ab/-/horizon-files-prod/ed/picture/qrz8eq5x/3165e8f0514893fef2680e3a9e22e482f8544886.jpg
167,"<h1 class=""listing-item__header"">
    Lenovo ThinkPad L14 Gen 3 core i5
</h1>",Neuf,Lenovo,450 000 ,Médina,https://i.roamcdn.net/hz/ed/listing-thumb-543w/ab4a7f7b5796af53469a7b90399e435f/-/horizon-files-prod/ed/picture/q8v477rj/3dac3040042fe61c488a648efeb7d10b7a25986c.jpg
168,"<h1 class=""listing-item__header"">
    Écran HP 24 Pouces 524sh Series 5 - 23.8"" FHD
</h1>",Neuf,HP,130 000 ,Médina,https://i.roamcdn.net/hz/ed/listing-thumb-543w/a1a61ffa7de8520b0ffb1d2df569ee0c/-/horizon-files-prod/ed/picture/q6xdr067/30badbd98390e7b89b2fabec08ccade9a2884f80.jpg
169,"<h1 class=""listing-item__header"">
    🌟 HP Gameur corei7 9e génération 🌟
</h1>",Venant,HP,290 000 ,Gibraltar,https://i.roamcdn.net/hz/ed/listing-thumb-543w/1231a0fafae283aacc6c5fb48e75b64c/-/horizon-files-prod/ed/picture/qwe2qrg5/caa5f98c7772a6de6c85c1ae5fb73e0239210a8f.jpg
170,"<h1 class=""listing-item__header"">
    IMAC i5/i7 21’/27
</h1>",Neuf,Apple,250 000 ,Gueule-Tapée,https://i.roamcdn.net/hz/ed/listing-thumb-543w/f623b3181baaaa734aee1e31e7740e05/-/horizon-files-prod/ed/picture/migrated/qvdx9qm/d3f195d43ed8a14d0af19e8cb8e565e78a8c6bfd.jpg
171,"<h1 class=""listing-item__header"">
    🔥 PC GAMING ULTIME - BÊTE DE GUERRE SUR MESURE
</h1>",Neuf,Autre,450 000 ,Gibraltar,https://i.roamcdn.net/hz/ed/listing-thumb-543w/2b2f4a34243e567c6153d897d218ce3d/-/horizon-files-prod/ed/picture/q44nwz4r/e882341b7406e9ccc87b3203afd40b8a99bd7655.jpg
172,"<h1 class=""listing-item__header"">
    ordinateurs portables HP corei3/corei5
</h1>",Venant,HP,100 000 ,Gibraltar,https://i.roamcdn.net/hz/ed/listing-thumb-543w/c5d57af0c287738c59355610ef2b330f/-/horizon-files-prod/ed/picture/qgqqqzqr/5d97c31b31dd20e2669277036fa9e8915facd8c9.jpg
173,"<h1 class=""listing-item__header"">
    LENOVO corei5/i7
</h1>",Neuf,Lenovo,150 000 ,Gibraltar,https://i.roamcdn.net/hz/ed/listing-thumb-543w/b4082f28ee6dd8ab54a499c55eb2739b/-/horizon-files-prod/ed/picture/qnqreer/99f943b824c059dafd7c31d11298c362ecf1a5cd.jpg
174,"<h1 class=""listing-item__header"">
    MSI Vector 17 RTX 4080
</h1>",Neuf,MSI,1 600 000 ,Plateau,https://i.roamcdn.net/hz/ed/listing-thumb-543w/b5955463b6f3badb10242c435dac007a/-/horizon-files-prod/ed/picture/qrz8en4m/4b1927b6d81f8e5400880490bd8f9fadef2d0d14.jpg
175,"<h1 class=""listing-item__header"">
    Gamer Hp VICTUS laptop 16-e0xxx Ryzen 5 5600H
</h1>",Venant,Autre,450 000 ,Hlm,https://i.roamcdn.net/hz/ed/listing-thumb-543w/55c60c1a3a5ed9e7e0b98c458850c393/-/horizon-files-prod/ed/picture/qngpe7zw/6fa41ab58ca014103dc742cc0d6537fb0bd32abe.jpg
176,"<h1 class=""listing-item__header"">
    Dell latitude 5440
</h1>",Neuf,Dell,550 000 ,Plateau,https://i.roamcdn.net/hz/ed/listing-thumb-543w/cea4ecdd50d76e63854a9980a0153775/-/horizon-files-prod/ed/picture/q8v4wpk0/30c8bbbbfdfd998064d278da18d703f94d885911.jpg
177,"<h1 class=""listing-item__header"">
    Dell precision 5680
</h1>",Neuf,Dell,690 000 ,Plateau,https://i.roamcdn.net/hz/ed/listing-thumb-543w/ba595240846ae07a83ff39f5d0a6c0a8/-/horizon-files-prod/ed/picture/qngpe77m/8cf9ea18a9d3eb1285934802edd40705dba9565e.jpg
178,"<h1 class=""listing-item__header"">
    Dell XPS 15 (9530)
</h1>",Neuf,Dell,980 000 ,Plateau,https://i.roamcdn.net/hz/ed/listing-thumb-543w/a0799a2c6d6e50d40248aa27c27317ae/-/horizon-files-prod/ed/picture/qde7p004/c9b5cfc04985d2b497e261c2771dd426ec9e5233.jpg
179,"<h1 class=""listing-item__header"">
    Dell Latitude précision 3580
</h1>",Venant,Dell,650 000 ,Médina,https://i.roamcdn.net/hz/ed/listing-thumb-543w/49441e60f8bf0ebe27fca3b0782b2bd9/-/horizon-files-prod/ed/picture/q8v4wpmn/ec741fa241461fb8141649ba3123123550434fbe.jpg
180,"<h1 class=""listing-item__header"">
    💻 HP ProDesk 400 G9 avec Écran 20 pouces
</h1>",Neuf,HP,500 000 ,Médina,https://i.roamcdn.net/hz/ed/listing-thumb-543w/a127979c2f8f1c28274fa1af52f90805/-/horizon-files-prod/ed/picture/q78wzpw5/05cbc4821dc1c356ae98d8171fdbc4da821cae89.jpg
181,"<h1 class=""listing-item__header"">
    LENOVO IDEAPAD 1
</h1>",Venant,Lenovo,120 000 ,Cité keur gorgui,https://i.roamcdn.net/hz/ed/listing-thumb-543w/89cba1f366c4f893ae506c046c7a1aec/-/horizon-files-prod/ed/picture/q8v4wpzn/72b5bdef12f8f5cfb15c2ba33e3b8f13d961edf5.jpg
182,"<h1 class=""listing-item__header"">
    SAMSUNG BOOK 2
</h1>",Neuf,Samsung,130 000 ,Cité keur gorgui,https://i.roamcdn.net/hz/ed/listing-thumb-543w/1e70b79202e0fa28a6ac9b7dbd3fd2bf/-/horizon-files-prod/ed/picture/q2j067re/00de54ed3560a75ed6afe2eb3b1d29eebf1b2fa3.jpg
183,"<h1 class=""listing-item__header"">
    𝗠𝗔𝗖𝗕𝗢𝗢𝗞 𝗣𝗥𝗢 𝗥𝗘𝗧𝗜𝗡𝗔 𝟮𝟬𝟭𝟯 | 𝗶𝟳 | 𝟭𝟱''
</h1>",Venant,Apple,175 000 ,Médina,https://i.roamcdn.net/hz/ed/listing-thumb-543w/1c3ee13adf41910b75c61e2ae5f63e7b/-/horizon-files-prod/ed/picture/q9mjq585/5b244089abea1263394d581b616f195d35a73cf8.jpg
184,"<h1 class=""listing-item__header"">
    HP EliteBook x360 1030 G4
</h1>",Venant,HP,235 000 ,Plateau,https://i.roamcdn.net/hz/ed/listing-thumb-543w/d011ab68d354ba36236852d293407ce2/-/horizon-files-prod/ed/picture/q78wzjed/bbe7d890c6c88d078f8ead2bb5e784c2401b36a8.jpg
185,"<h1 class=""listing-item__header"">
    MACBOOK PRO RETINA 2013 | i7 | 15''
</h1>",Venant,Apple,160 000 ,Médina,https://i.roamcdn.net/hz/ed/listing-thumb-543w/b0757e9476af5379d3f7c062b440f080/-/horizon-files-prod/ed/picture/q44nv04m/caa864b5f433d4e2800eaf189f1c4c97a4a8f990.jpg
186,"<h1 class=""listing-item__header"">
    Dell Latitude 5550 Ultra 5
</h1>",Venant,Dell,450 000 ,Médina,https://i.roamcdn.net/hz/ed/listing-thumb-543w/fe92155b2ef839a5e8718140cf080d2b/-/horizon-files-prod/ed/picture/q9mjq0kw/d7e4c20ee5dd65994d670849777308ecb3adf0da.jpg
187,"<h1 class=""listing-item__header"">
    HP ZBook 14U G5 14
</h1>",Neuf,HP,320 000 ,Plateau,https://i.roamcdn.net/hz/ed/listing-thumb-543w/3e0179ecb4ef6e904202ac6b498d2d46/-/horizon-files-prod/ed/picture/qrz8n262/70de21426ddca813332299f1b1e2565b3fd396e4.png
188,"<h1 class=""listing-item__header"">
    Dell latitude 5440 13eme génération
</h1>",Neuf,Dell,400 000 ,Plateau,https://i.roamcdn.net/hz/ed/listing-thumb-543w/977d9c6e56bd6442caebea262a825407/-/horizon-files-prod/ed/picture/q9mjqkev/03254621919d0429959d9b5927d2ed8f0c41a7b7.jpg
189,"<h1 class=""listing-item__header"">
    dernier macbook pro puce m4
</h1>",Neuf,Apple,1 500 000 ,Mermoz,https://i.roamcdn.net/hz/ed/listing-thumb-543w/b9ff96d66629578f5cec7b13471d48c1/-/horizon-files-prod/ed/picture/q0g7jkjw/227ecc6cce07bbf3c81a793bed65ab99c46ac2ac.jpg
190,"<h1 class=""listing-item__header"">
    Hp pavillon 15 i7 13th gen
</h1>",Neuf,HP,385 000 ,Plateau,https://i.roamcdn.net/hz/ed/listing-thumb-543w/1fbdf560dcd88b1d2aff38fbb02eb189/-/horizon-files-prod/ed/picture/qq42eznw/95df143dd7f94d1894d56fab2ae677036b838b98.jpg
191,"<h1 class=""listing-item__header"">
    Hp EliteBook 840 G3
</h1>",Venant,HP,135 000 ,Plateau,https://i.roamcdn.net/hz/ed/listing-thumb-543w/3632e43b515cc7e016bb75120ccb4407/-/horizon-files-prod/ed/picture/q6xd9kkz/01b6e2912123dc148690777f2ca9205729c120ad.jpg
192,"<h1 class=""listing-item__header"">
    Ordinateur Hp tactile 830 G7 CORE i5 10TH 16GB 256GB
</h1>",Venant,HP,350 000 ,Liberte 6 extension,https://i.roamcdn.net/hz/ed/listing-thumb-543w/04d32db11909e9489bbde13c9f3fd355/-/horizon-files-prod/ed/picture/qv4w6drp/e7fe6686c918c3fbf6c5993408e238e4db928509.jpg
193,"<h1 class=""listing-item__header"">
    Ordinateur HP ELITEBOOK 830 G5 core i5 8TH 8GB 256GB
</h1>",Venant,HP,180 000 ,Liberte 6 extension,https://i.roamcdn.net/hz/ed/listing-thumb-543w/ed25aec4dec7cc6ae97750f0caaee453/-/horizon-files-prod/ed/picture/qj4qe69g/9dad524ad63018c961de26772cfd4c65ed8b126c.jpg
194,"<h1 class=""listing-item__header"">
    MacBook Pro 2019 16 Pouces - I7 | 16GB RAM | 512
</h1>",Venant,Apple,450 000 ,Point-e,https://i.roamcdn.net/hz/ed/listing-thumb-543w/eedf2e7ae2525a4b99c8586f3653b296/-/horizon-files-prod/ed/picture/qrz8erm5/7abc28b40c4f9e2e5c5fd20dedc83246afee2d86.jpg
195,"<h1 class=""listing-item__header"">
    Ordinateur portable HP ETBK core i5 10TH 16GB 256GB
</h1>",Venant,HP,250 000 ,Liberte 6 extension,https://i.roamcdn.net/hz/ed/listing-thumb-543w/11e56298fec5d1aee186e0f3daf933dc/-/horizon-files-prod/ed/picture/q8v4wm26/ae9a94943ad0ed1de61b7066208be516eda648cc.jpg
196,"<h1 class=""listing-item__header"">
    Dell Latitude 7210 2 in 1 - I7 10th | 16GB RAM | 512
</h1>",Venant,Dell,270 000 ,Point-e,https://i.roamcdn.net/hz/ed/listing-thumb-543w/53dfc66634eac2c4bb7169cc882c4d64/-/horizon-files-prod/ed/picture/qzvp98qx/4aceec059b01d1acf94e21ae217440db01c74712.jpg
197,"<h1 class=""listing-item__header"">
    Ordinateur portable DEll 7420 core i5 11TH 16GB 256GB
</h1>",Venant,Dell,250 000 ,Liberte 6 extension,https://i.roamcdn.net/hz/ed/listing-thumb-543w/12e5465c7bf611b54f56c5c0b7cbeff2/-/horizon-files-prod/ed/picture/qkr8e7d5/c0c87820256f87e66fdec775f7955ef2c22e8608.jpg
198,"<h1 class=""listing-item__header"">
    HP PROBOOK X360 435 G7
</h1>",Venant,HP,230 000 ,Derkle,https://i.roamcdn.net/hz/ed/listing-thumb-543w/0e4b0d731f2b52db3fec81c55212abb4/-/horizon-files-prod/ed/picture/q9mj2jr0/9f8fb376d4bd11e821d99da07d06a8ea0cb08128.jpg
199,"<h1 class=""listing-item__header"">
    Dell Latitude 5420 - I5 11th | 16GB RAM | 256
</h1>",Venant,Dell,250 000 ,Point-e,https://i.roamcdn.net/hz/ed/listing-thumb-543w/3d119bedea0b93488661553e172e7061/-/horizon-files-prod/ed/picture/qde7p9z0/4d4b1ffe7dadf006c478fbe28cff98db88dba955.jpg
200,"<h1 class=""listing-item__header"">
    HP EliteBook 840 G7 - I7 10th VPro | 32GB RAM | 512
</h1>",Venant,HP,350 000 ,Point-e,https://i.roamcdn.net/hz/ed/listing-thumb-543w/8baca18e8cc89956db91935be313410c/-/horizon-files-prod/ed/picture/qgqwemkq/14707f489ca171e7f95fb58731bb1a94e5db004e.jpg
201,"<h1 class=""listing-item__header"">
    Ordinateur portable DEll 7410 core i5 10TH 16GB 250GB
</h1>",Venant,Dell,320 000 ,Liberte 6 extension,https://i.roamcdn.net/hz/ed/listing-thumb-543w/c8c6cdd82bc99109dc4e49a4cf0f6f00/-/horizon-files-prod/ed/picture/qv4w6dwx/fc279e8ff4a770d77a9522e2170c218c6be0862e.jpg
202,"<h1 class=""listing-item__header"">
    MacBook Pro 2023 16 Pouces - M3 Max | 48GB RAM | 1 Téra
</h1>",Neuf,Apple,1 750 000 ,Point-e,https://i.roamcdn.net/hz/ed/listing-thumb-543w/5a046a23ae216f374657ca39ba8a3669/-/horizon-files-prod/ed/picture/q44nv5qz/fac5fb86ee3d93131585229e1631122eab63551e.jpg
203,"<h1 class=""listing-item__header"">
    Promo☄️hp EliteBook 840 Corei5 256ssd Ram8
</h1>",Neuf,HP,200 000 ,Médina,https://i.roamcdn.net/hz/ed/listing-thumb-543w/259e814d5d1604794f3266b3b74f47d5/-/horizon-files-prod/ed/picture/qzvp985x/699263e5020711d447a255191f23f7e4a21b2f5b.jpg
204,"<h1 class=""listing-item__header"">
    Peomo☄️Hp EliteBook 840 Corei5 Ram8 ssd 256
</h1>",Neuf,HP,150 000 ,Médina,https://i.roamcdn.net/hz/ed/listing-thumb-543w/19cdcf4309e4b7bb5db7cc2a04b8182b/-/horizon-files-prod/ed/picture/q44nv5mz/f423d64b708bd9622d8754db09025cdc6fbf822b.jpg
205,"<h1 class=""listing-item__header"">
    Dell G15 Gamer Corei7 1To Ram32 Rtx 4060 8Giga dédié
</h1>",Neuf,Dell,800 000 ,Médina,https://i.roamcdn.net/hz/ed/listing-thumb-543w/f44f354568089a4385470589145476e9/-/horizon-files-prod/ed/picture/qv4w6dq5/41f8f39a05696a6abd2e6e9372d5178258acd096.jpg
206,"<h1 class=""listing-item__header"">
    Lenovo Thinkpad T14 Ryzen 5pro Ram16
</h1>",Neuf,Lenovo,220 000 ,Médina,https://i.roamcdn.net/hz/ed/listing-thumb-543w/974c975f7245c65314a282c7b8c11782/-/horizon-files-prod/ed/picture/q2j06kdk/424773023217c726cb3ff6bddabdb552efb8989d.jpg
207,"<h1 class=""listing-item__header"">
    iMac M1 24 pouces neuf scellé
</h1>",Neuf,Apple,715 000 ,Médina,https://i.roamcdn.net/hz/ed/listing-thumb-543w/34bed2e8e324c7d1faac518c40469ded/-/horizon-files-prod/ed/picture/q56d0pvr/0010deb238a0e7ea4f1bfb8c879b33c56107e83b.jpg
208,"<h1 class=""listing-item__header"">
    Lenevo Thinkpad T490s i7 8th Génération 512 SSD ram 32Go
</h1>",Venant,Lenovo,235 000 ,Médina,https://i.roamcdn.net/hz/ed/listing-thumb-543w/24cb11269274af56e42d28d82a27174e/-/horizon-files-prod/ed/picture/qgqw6gkq/6071177f4154b169a9838809b0641fc63f3070a6.jpg
209,"<h1 class=""listing-item__header"">
    Hp EliteBook 840 G6 i5 8th Génération (16Go / 512 SSD)
</h1>",Neuf,HP,205 000 ,Médina,https://i.roamcdn.net/hz/ed/listing-thumb-543w/97fc5f5f13c1f470257805aebf7f8227/-/horizon-files-prod/ed/picture/qgqw776q/3e1b3149f7a2efd03dccfaad90ba90192f536af3.jpg
210,"<h1 class=""listing-item__header"">
    Dell core i5 disc ssd 128g ram 8g
</h1>",Venant,Dell,55 000 ,Yoff,https://i.roamcdn.net/hz/ed/listing-thumb-543w/f8aeb2d69a14e0fd7cf763cbdbcf73ae/-/horizon-files-prod/ed/picture/q44nv5pr/fdae2435ce0b9a7fe187323bc48f8de91d7e4d75.jpg
211,"<h1 class=""listing-item__header"">
    MacBook Pro M1 16 pouce 512 32
</h1>",Neuf,Apple,1 200 000 ,Médina,https://i.roamcdn.net/hz/ed/listing-thumb-543w/728a619e484212d8d4bd42802a801781/-/horizon-files-prod/ed/picture/q6xd9q5z/68e5a0dc4020ce704d65a3ca3e100708721a042c.jpg
212,"<h1 class=""listing-item__header"">
    Dell optiplex tout en 1
</h1>",D'occasion,Dell,150 000 ,Hann maristes,https://i.roamcdn.net/hz/ed/listing-thumb-543w/35692ed05a76c94a5600cd6b0e9c90f0/-/horizon-files-prod/ed/picture/q0g7jkwz/7526b0d49f1cc5914425932d23b4f629a0729824.jpg
213,"<h1 class=""listing-item__header"">
    MacBook Pro 14 M3 Pro 18GB
</h1>",Neuf,Apple,1 600 000 ,Fenêtre mermoz,https://i.roamcdn.net/hz/ed/listing-thumb-543w/8f5c405627c5ae1a763ebc7db96f501e/-/horizon-files-prod/ed/picture/qj4rndm5/4487909f0912ffe3aeba027ff144279aa2c2d50c.jpg
214,"<h1 class=""listing-item__header"">
    MacBook Pro 16  M3 PRO
</h1>",Neuf,Apple,1 649 000 ,Fenêtre mermoz,https://i.roamcdn.net/hz/ed/listing-thumb-543w/226f3f5356a39e041a3fb52e60bd76ba/-/horizon-files-prod/ed/picture/q56xzk42/6836ec2bb0e4d8aac9539512b1a55e57b023c360.jpg
215,"<h1 class=""listing-item__header"">
    MacBook Pro 16 pouces M3 MAX 36GB SSD 1TB
</h1>",Neuf,Apple,2 399 000 ,Fenêtre mermoz,https://i.roamcdn.net/hz/ed/listing-thumb-543w/4a7d5ebc965a0d32c12e6847bf5aa4c5/-/horizon-files-prod/ed/picture/q8v4pw0z/58c4e593124bfc9e51fa09a11f283c22f137b672.jpg
216,"<h1 class=""listing-item__header"">
    Macbook pro 16 M3 MAX 48GB RAM
</h1>",Neuf,Apple,2 699 000 ,Fenêtre mermoz,https://i.roamcdn.net/hz/ed/listing-thumb-543w/2ffc63ae41b9ab4fd0e5087dc32a3e36/-/horizon-files-prod/ed/picture/q0gw5e08/e1a1d4c181ed4e214e2feb3203a6c235dfc3f114.jpg
217,"<h1 class=""listing-item__header"">
    HP ProOne All-in-One PC 440 G9
</h1>",Neuf,HP,549 000 ,Fenêtre mermoz,https://i.roamcdn.net/hz/ed/listing-thumb-543w/a9159b495eb0e895102b7330fbc615db/-/horizon-files-prod/ed/picture/q2jq4p28/6f483eab2e7daf2a4134968a04b2deab68bc8001.jpg
218,"<h1 class=""listing-item__header"">
    🔥MACBOOK PRO M3🔥
</h1>",Neuf,Apple,1 375 000 ,Yoff,https://i.roamcdn.net/hz/ed/listing-thumb-543w/4b19eb737257a61560b355032319ab8c/-/horizon-files-prod/ed/picture/qrz8e808/6c6aa778233041028c027278db32376aec950077.jpg
219,"<h1 class=""listing-item__header"">
    Mac Book Pro Touch Bar Puce M2 Azerty
</h1>",Neuf,Apple,550 000 ,Cambérène,https://i.roamcdn.net/hz/ed/listing-thumb-543w/dd81703c66307a0b7b7e2fceee1d1cc9/-/horizon-files-prod/ed/picture/q9mjdmq5/a4663c090dad5be9da672a4d9cf1ec7db677feb0.jpg
220,"<h1 class=""listing-item__header"">
    Mac Book Pro Touch Bar 2020 i7 ssd 512 Gb Ram 16 Gb
</h1>",Venant,Apple,480 000 ,Cambérène,https://i.roamcdn.net/hz/ed/listing-thumb-543w/c51d4b78c4134c006381d25f7e1d5128/-/horizon-files-prod/ed/picture/q2j02r8v/28881a95e679691a6992b8c3efa8c05153bdbe09.png
221,"<h1 class=""listing-item__header"">
    Mac Book Air 2020
</h1>",Neuf,Apple,300 000 ,Cambérène,https://i.roamcdn.net/hz/ed/listing-thumb-543w/96b6ee9533ea050d0877f5892360ff22/-/horizon-files-prod/ed/picture/q0g76k5d/120da94f7e965d04946b0fc5ac32852f99a282a7.jpg
222,"<h1 class=""listing-item__header"">
    Lenovo Thinkpad P14s Gen 5 de 14 eme Génération
</h1>",Neuf,Lenovo,375 000 ,Cambérène,https://i.roamcdn.net/hz/ed/listing-thumb-543w/94d916d6f5855bffbf3068b56297d31d/-/horizon-files-prod/ed/picture/qenvev7z/aebf7a19dc16df5d8ef13145b7b0b2cd4f3d5d2b.jpg
223,"<h1 class=""listing-item__header"">
    Dell 7560 i9
</h1>",Venant,Dell,450 000 ,Hlm,https://i.roamcdn.net/hz/ed/listing-thumb-543w/e25e1d875a35af7317fb0e1aac6e5835/-/horizon-files-prod/ed/picture/qde7p72r/efe1888713e674502326ddc4b24dc9fe18153beb.jpg
224,"<h1 class=""listing-item__header"">
    Dell precision 7550
</h1>",Venant,Dell,375 000 ,Hlm,https://i.roamcdn.net/hz/ed/listing-thumb-543w/7cbdbcb55014cf75ed1a0ed9561c0377/-/horizon-files-prod/ed/picture/qkr8e86j/6994d299b0c9176828d5294a35ed452c4cd9cfe4.jpg
225,"<h1 class=""listing-item__header"">
    Promo Dell Gamer poste de travail Dell PRECISION 7550
</h1>",Venant,Dell,375 000 ,Hlm,https://i.roamcdn.net/hz/ed/listing-thumb-543w/9986f51db410413327f3bf358af0b544/-/horizon-files-prod/ed/picture/qrz8e86m/b309fa6b14fea8954e19ada6357ea9cfa8709f7f.jpg
226,"<h1 class=""listing-item__header"">
    Dell 5570 i5 6th ram 8
</h1>",Venant,Dell,135 000 ,Médina,https://i.roamcdn.net/hz/ed/listing-thumb-543w/c173d56ef9c2a22d7a257a7d48ef8c57/-/horizon-files-prod/ed/picture/qrzv56zg/378bf8e8d823ab911aa83e471a74e341627399c6.jpg
227,"<h1 class=""listing-item__header"">
    Air M2 2022 ram 8go
</h1>",Neuf,Apple,575 000 ,Hlm,https://i.roamcdn.net/hz/ed/listing-thumb-543w/49e903e40e8dc733eaa953204129e069/-/horizon-files-prod/ed/picture/q2j0607p/fafea9e7d64e62abad097cb0930dc77a7dec360b.jpg
228,"<h1 class=""listing-item__header"">
    Air M2 2022
</h1>",Neuf,Apple,575 000 ,Hlm,https://i.roamcdn.net/hz/ed/listing-thumb-543w/966b89286dd2241e4fb70f79774c10fa/-/horizon-files-prod/ed/picture/qpdmem0x/f8a7fe190de8466f78621130b50aea4675f61d44.jpg
229,"<h1 class=""listing-item__header"">
    Acer F2897055 12th generation
</h1>",Neuf,Acer,475 000 ,Hann maristes,https://i.roamcdn.net/hz/ed/listing-thumb-543w/fe309638d389e84b13e7fff1ed5cbad3/-/horizon-files-prod/ed/picture/qngpep9w/1d7e72a2d56ea09cd5af9f0c0be044069be9b7b5.jpg
230,"<h1 class=""listing-item__header"">
    Hp elitebook 845 g10
</h1>",Neuf,HP,370 000 ,Plateau,https://i.roamcdn.net/hz/ed/listing-thumb-543w/3bab90881154317d3597cf4510856ed0/-/horizon-files-prod/ed/picture/q44nvnn4/d4f5d921e085298a265d843e40aa6bb506be3835.jpg
231,"<h1 class=""listing-item__header"">
    MacBook Air 2019
</h1>",Venant,Apple,375 000 ,Hann maristes,https://i.roamcdn.net/hz/ed/listing-thumb-543w/0d1725cab86b23846e9defadfd92f9f9/-/horizon-files-prod/ed/picture/qj4qeqj5/2e71b4dff413768a2131b86386e54b5d9c0e93d4.jpg
232,"<h1 class=""listing-item__header"">
    MacBook Pro 2016
</h1>",D'occasion,Apple,230 000 ,Liberte 6,https://i.roamcdn.net/hz/ed/listing-thumb-543w/7ede77b946e82be4bb4dd75ce67764f0/-/horizon-files-prod/ed/picture/qngpepxm/c7cb6a29fb2a590675a22fa2c062219c90b4da9e.jpg
233,"<h1 class=""listing-item__header"">
    ✅ Lenovo Yoga Tactile✅ i5.10th gen- 16go/500go ssd
</h1>",Venant,Lenovo,200 000 ,Hlm,https://i.roamcdn.net/hz/ed/listing-thumb-543w/04c8362c1ef398fc1704dcbb60fd9d4b/-/horizon-files-prod/ed/picture/qgqwewgm/f3d49e8f2bbe03e280a710b4d24f3ab6eca7fbc0.jpg
234,"<h1 class=""listing-item__header"">
    ✅ Mac Air M1- Gold- 8Go Ram- 256go Ssd ✅ Hlm Dakar
</h1>",Venant,Apple,400 000 ,Hlm,https://i.roamcdn.net/hz/ed/listing-thumb-543w/d6e92366b6ab99c51493d3b930295244/-/horizon-files-prod/ed/picture/qrz8e8qq/6623e10286cdb2fe0cf97528b4c58b7af001b496.jpg
235,"<h1 class=""listing-item__header"">
    ✅ Lenovo i5 Tactile- 2 Batteries- 8Go Ram- 256Go Ssd
</h1>",Venant,Lenovo,120 000 ,Hlm,https://i.roamcdn.net/hz/ed/listing-thumb-543w/e348d609a4a994d2bf158e9c37a32adb/-/horizon-files-prod/ed/picture/q44nvnd4/7737106332b2fd6d2a53d7c7997eda2bbde23d0b.jpg
236,"<h1 class=""listing-item__header"">
    ✅ Lenovo Yoga i5 + Stylet - Ecran x360 Tactile
</h1>",Venant,Lenovo,150 000 ,Hlm,https://i.roamcdn.net/hz/ed/listing-thumb-543w/653c53ecb7f54f187db0054eea9d4900/-/horizon-files-prod/ed/picture/q8v4w4z0/bd16c5874c37ad52668a5d1417c00487d842cfb8.jpg
237,"<h1 class=""listing-item__header"">
    ✅ Hp ProBook- i5. 8éme Gen- 256Go SSD
</h1>",Venant,HP,140 000 ,Hlm,https://i.roamcdn.net/hz/ed/listing-thumb-543w/878d41944abb697b080bf4083b9c9268/-/horizon-files-prod/ed/picture/qq42e24p/73f222f209fbe0d0b1c45a25bda41f8610742485.jpg
238,"<h1 class=""listing-item__header"">
    Hp mt46 mobile thin client,
Ryzen 3 Pro 4450
</h1>",Venant,HP,235 000 ,Hlm,https://i.roamcdn.net/hz/ed/listing-thumb-543w/58cfb14c32a1fdb04d6769c7390b7c5f/-/horizon-files-prod/ed/picture/qwep7pmd/02cd2c3c57a8631f77a79277675001a9f7400373.jpg
239,"<h1 class=""listing-item__header"">
    Lenovo Loq Scellé RTX 4050
</h1>",Neuf,Lenovo,620 000 ,Médina,https://i.roamcdn.net/hz/ed/listing-thumb-543w/2ead47d25070c67caf114f0ee0ebbd76/-/horizon-files-prod/ed/picture/qgqw42d9/89596fd69ca58f7babd9a2521de5a53a05574023.jpg
240,"<h1 class=""listing-item__header"">
    Ecran Full HD/ Images brillantes et qualité Top
</h1>",Neuf,HP,200 000 ,Médina,https://i.roamcdn.net/hz/ed/listing-thumb-543w/c6aa1a5b16e76a1b623d2ef204f10f27/-/horizon-files-prod/ed/picture/q44nv8vm/3857820b676a83c9c511ddb5798fb4a72d534177.jpg
241,"<h1 class=""listing-item__header"">
    MACBOOK AIR M1
</h1>",Venant,Apple,285 000 ,Yoff,https://i.roamcdn.net/hz/ed/listing-thumb-543w/bd2b20fbc9932f33670ff8ec60d91371/-/horizon-files-prod/ed/picture/q2j06q28/953c4591109e83f5b75e5ee8bfef876ccd6c3400.jpg
242,"<h1 class=""listing-item__header"">
    Ordinateur
</h1>",Venant,Lenovo,150 000 ,Médina,https://i.roamcdn.net/hz/ed/listing-thumb-543w/3edfb11546012578280a3ed527e9c336/-/horizon-files-prod/ed/picture/qwe2dxmk/d82520c9b7c3731ca581ef9ce419ef8b8211c959.jpg
243,"<h1 class=""listing-item__header"">
    Ordinateur Dell 13pouces Tactile
</h1>",Venant,Dell,90 000 ,Médina,https://i.roamcdn.net/hz/ed/listing-thumb-543w/e4af02f756d278874a22cd05403fa7d9/-/horizon-files-prod/ed/picture/qv4wrnp8/83ae99f7a4ed0f719645e5ea1de3f5efd1e143e0.jpg
244,"<h1 class=""listing-item__header"">
    Lenovo thinkPad T14
</h1>",Venant,Apple,280 000 ,Point-e,https://i.roamcdn.net/hz/ed/listing-thumb-543w/6b8a8e2e9938bb04837959c705448948/-/horizon-files-prod/ed/picture/q56dppvp/ad6f84f7b09c46df4621f37d213bd9d85c82793a.jpg
245,"<h1 class=""listing-item__header"">
    Hp EliteBook 840 G3 i5 6th scellé
</h1>",Neuf,HP,160 000 ,Médina,https://i.roamcdn.net/hz/ed/listing-thumb-543w/d82ac5318ca9607999c4c35ccd6b069e/-/horizon-files-prod/ed/picture/q8v40jmp/ef778afa0882d1bfdefb58d5f6fc2d3474fd7246.jpg
246,"<h1 class=""listing-item__header"">
    Hp EliteBook 1040 g7 i7 x 360 yoga(14 pouces)
</h1>",Neuf,HP,365 000 ,Médina,https://i.roamcdn.net/hz/ed/listing-thumb-543w/6e6e6bc78a2ab0dbdf45bc237ff3b7d1/-/horizon-files-prod/ed/picture/q8v4v7d6/323c926f9193b1266130602392c7c878628290b4.jpg
247,"<h1 class=""listing-item__header"">
    Dell latitude 5310 i5 10th Génération
</h1>",Neuf,Dell,220 000 ,Médina,https://i.roamcdn.net/hz/ed/listing-thumb-543w/4a5e602f439a0aff27a8f0df75ddcf7e/-/horizon-files-prod/ed/picture/q8v4xrmx/5278273402902241e9096a762f51cdcca515fb26.jpg
248,"<h1 class=""listing-item__header"">
    Dell latitude 7340 i7 13 pouces
</h1>",Neuf,Dell,450 000 ,Médina,https://i.roamcdn.net/hz/ed/listing-thumb-543w/eea159ea1e59beadc84ccdd62d279ae7/-/horizon-files-prod/ed/picture/q0g76k4m/d8e69d6351a1360d3dd2c778655d284d3175927e.jpg
249,"<h1 class=""listing-item__header"">
    MacBook Air M3 13.6 pouces (2023) Bleu / sidéral
</h1>",Neuf,Apple,630 000 ,Médina,https://i.roamcdn.net/hz/ed/listing-thumb-543w/45ec4bd33461695e7d2111d812c8ec66/-/horizon-files-prod/ed/picture/qde7q9gm/3329fc323bd54865193b9af7a9e88204b2eae660.jpg
250,"<h1 class=""listing-item__header"">
    Hp EliteBook 830 x 360 G6 i7 8th génération yoga
</h1>",Venant,HP,275 000 ,Médina,https://i.roamcdn.net/hz/ed/listing-thumb-543w/7c953a4ef9bd66e76246143667a661e5/-/horizon-files-prod/ed/picture/qq42vkz6/8e684ffa50e457ae5becfd9a5a0cce3a917be6d8.jpg
251,"<h1 class=""listing-item__header"">
    HP core i7 disc ssd 256g ram 16g
</h1>",Venant,HP,95 000 ,Yoff,https://i.roamcdn.net/hz/ed/listing-thumb-543w/408c70fe8cf3721a46a35303b7643a5e/-/horizon-files-prod/ed/picture/qzvp9d8x/3e954b53680726c344121aaf664673b0c48a72f5.jpg
252,"<h1 class=""listing-item__header"">
    Macbook Air M2
</h1>",Neuf,Apple,660 000 ,Yoff,https://i.roamcdn.net/hz/ed/listing-thumb-543w/34bdfe1e47bdd99a3d2d36efeb2f25a5/-/horizon-files-prod/ed/picture/qde7pwjm/1783a3c514aebe546341cf292a6c1034debc91c5.jpg
253,"<h1 class=""listing-item__header"">
    hp 840 G3 i5 6th ram 8
</h1>",Venant,HP,145 000 ,Médina,https://i.roamcdn.net/hz/ed/listing-thumb-543w/6455b2df6832cf1b0d3a1c335e89d1fe/-/horizon-files-prod/ed/picture/qj4m9xw8/a42c8c7404cedac96c8d1dc9d9d1132206c3b926.jpg
254,"<h1 class=""listing-item__header"">
    DELL LATITUDE 5400 I5  8ÈME GEN
</h1>",Venant,Dell,150 000 ,Médina,https://i.roamcdn.net/hz/ed/listing-thumb-543w/0f219368cfd41e221f80f35916034d3a/-/horizon-files-prod/ed/picture/q8v0w9jr/d7af73dee610c87796b455b22763d72eeee2c9b0.jpg
255,"<h1 class=""listing-item__header"">
    𝗜𝗠𝗔𝗖 𝗦𝗟𝗜𝗠 𝟮𝟬𝟭𝟱 | 𝗜𝟱 | 𝟮𝟳''
</h1>",Venant,Apple,285 000 ,Médina,https://i.roamcdn.net/hz/ed/listing-thumb-543w/c9bf2bf99f552fa7779820c8243ea2f7/-/horizon-files-prod/ed/picture/q2j0xp2g/2d33f347db0f1be42ad02035d8bd6ca99f7ab2d1.jpg
256,"<h1 class=""listing-item__header"">
    𝗜𝗠𝗔𝗖 𝗦𝗟𝗜𝗠 𝟮𝟬𝟭𝟱 | 𝗜𝟱 | 𝟮𝟭.𝟱''
</h1>",Venant,Apple,185 000 ,Médina,https://i.roamcdn.net/hz/ed/listing-thumb-543w/30cc00033415b073472222199fe9a27a/-/horizon-files-prod/ed/picture/qm5gw8kg/ef8b842e0ec1fff69f8192df7311c7d0f9a6103e.jpg
257,"<h1 class=""listing-item__header"">
    MacBook Pro M4 Pro 14 Pouces 2024
</h1>",Neuf,Apple,1 500 000 ,Médina,https://i.roamcdn.net/hz/ed/listing-thumb-543w/8393c20590481475a8f4e24098137449/-/horizon-files-prod/ed/picture/qq42edk7/9ac204ddc387dd6c3c16adfdd66611341a5631d8.jpg
258,"<h1 class=""listing-item__header"">
    Macbook Pro 14 pouces M4 pro 24/512
</h1>",Neuf,Apple,1 490 000 ,Plateau,https://i.roamcdn.net/hz/ed/listing-thumb-543w/e49f90adcaecfe2afe85ff2fcefe58fd/-/horizon-files-prod/ed/picture/qngpedwz/28d093c17a78aba64ae55ae31b700dddbfedc8dc.jpg
259,"<h1 class=""listing-item__header"">
    Dell inspiron 16 plus
</h1>",Venant,Dell,475 000 ,Plateau,https://i.roamcdn.net/hz/ed/listing-thumb-543w/0504a7178fefa8fcdeb345600984ff3c/-/horizon-files-prod/ed/picture/qv4w6p9k/8b7979dc5b71c510eba14bf8c7bf2a67fecf3e1a.jpg
260,"<h1 class=""listing-item__header"">
    HP elitbook 830 g6 i5 ram 16go
</h1>",Neuf,HP,190 000 ,Derkle,https://i.roamcdn.net/hz/ed/listing-thumb-543w/d4f81e7db219118dfbc3334c172d2fce/-/horizon-files-prod/ed/picture/qq42ed24/d6883d4b38ba825755d0b3efa33cf66f256ba378.jpg
261,"<h1 class=""listing-item__header"">
    Surface Laptop 7e X Elite 16GB SSD 512
</h1>",Neuf,Microsoft Surface,899 000 ,Fenêtre mermoz,https://i.roamcdn.net/hz/ed/listing-thumb-543w/2231054d6f67d035bd99798c0991bed4/-/horizon-files-prod/ed/picture/qde7pwkj/db2b527c9576865ec4bed411c6e86cd4a331e31b.jpg
262,"<h1 class=""listing-item__header"">
    MacBook pro m1 1to/16go 2020
</h1>",Neuf,Apple,650 000 ,Derkle,https://i.roamcdn.net/hz/ed/listing-thumb-543w/0ca1d38f31b95ae7eb4830b361ef8529/-/horizon-files-prod/ed/picture/q8v489x6/1d705f66647f1d4b0baec1df20d04e9c28d1c2e0.jpg
263,"<h1 class=""listing-item__header"">
    ✅ Hp ProBook- i5. 8éme Gen- 256Go SSD
</h1>",Venant,HP,1 400 000 ,Hlm,https://i.roamcdn.net/hz/ed/listing-thumb-543w/fc5d204fb78da5c532b00acd1808efbd/-/horizon-files-prod/ed/picture/q78wz77j/454a06d4e8abc83a19bb740ebb0d31e8104494b8.jpg
264,"<h1 class=""listing-item__header"">
    Ordinateur portable HP core i5
</h1>",Venant,HP,190 000 ,Liberte 6 extension,https://i.roamcdn.net/hz/ed/listing-thumb-543w/e513cb7271def377020b55ed27f54b5c/-/horizon-files-prod/ed/picture/qj4qej48/05d75239f3f5aeff752f62f94eab6b02cb48ee37.jpg
265,"<h1 class=""listing-item__header"">
    ✅ Lenovo i5 Yoga + Stylet - Ecran x360 Tactile
</h1>",Venant,Lenovo,150 000 ,Hlm,https://i.roamcdn.net/hz/ed/listing-thumb-543w/9613b3fd4cf3c157ac309255a9cc1335/-/horizon-files-prod/ed/picture/qq42ed4v/a63ae77dcb6cee53bdb216c5a82da7efb37ab09b.jpg
266,"<h1 class=""listing-item__header"">
    Dell Precision 5680 RTX A1000
</h1>",Neuf,Dell,750 000 ,Médina,https://i.roamcdn.net/hz/ed/listing-thumb-543w/db4b3ff5531538d37b7364efdd190226/-/horizon-files-prod/ed/picture/qde7pwrr/ffc323fdea67301b40f41c28aadf465fd9a559c4.jpg
267,"<h1 class=""listing-item__header"">
    MacBook Air 2024 13 Pouces - M3 | 16GB RAM | 512 - Starlight
</h1>",Neuf,Apple,750 000 ,Point-e,https://i.roamcdn.net/hz/ed/listing-thumb-543w/9eb08e2e685b226a29e90fb756a3874f/-/horizon-files-prod/ed/picture/qkr8erwj/3e09ce3ea56b0df3fa21d7eb2c1aa6ac8a341484.jpg
268,"<h1 class=""listing-item__header"">
    Dell Precision 7640 X360 - Intel Ultra 7 | 16GB RAM | 1 Téra
</h1>",Venant,Dell,750 000 ,Point-e,https://i.roamcdn.net/hz/ed/listing-thumb-543w/07cfe005a7b9847d16662a5e7956a7b8/-/horizon-files-prod/ed/picture/qenven0j/7512d509d5af7270d36a15abde07a7027fe1ea7e.jpg
269,"<h1 class=""listing-item__header"">
    Macbook Pro 2019
</h1>",Neuf,Apple,345 000 ,Yoff,https://i.roamcdn.net/hz/ed/listing-thumb-543w/9796a4fb74647064f73a4199a28cb210/-/horizon-files-prod/ed/picture/qde7pev4/a404660ffd8a8c6f96020fb54e493540a95f69e5.jpg
270,"<h1 class=""listing-item__header"">
    Dell Precision  5540 - I7 9th | 32GB RAM | 1 Téra
</h1>",Venant,Dell,400 000 ,Point-e,https://i.roamcdn.net/hz/ed/listing-thumb-543w/c42b0e1c09dda3f8b10c95d8eae4b144/-/horizon-files-prod/ed/picture/qrz8xg0j/7289b91ecdf629b764c6f621e3aa71716c526371.jpg
271,"<h1 class=""listing-item__header"">
    Macbook Pro
</h1>",Venant,Apple,750 000 ,Yoff,https://i.roamcdn.net/hz/ed/listing-thumb-543w/9ab8390caf46a905da66c40aa52fcd52/-/horizon-files-prod/ed/picture/q78wz8gd/034e1fbc5feb0840765c94fcb83a8a2e4825ab98.jpg
272,"<h1 class=""listing-item__header"">
    HP ENVY 14 CORE I7 X360
</h1>",Neuf,HP,594 900 ,Médina,https://i.roamcdn.net/hz/ed/listing-thumb-543w/5e7d05e8c21e1b8f8512bcf9ff3d81ba/-/horizon-files-prod/ed/picture/q44nv49m/27a22161e98f42f294d23cf45ad5d15aa94df2f2.jpg
273,"<h1 class=""listing-item__header"">
    MACBOOK PRO 2018 CORE I7
</h1>",Venant,Apple,325 000 ,Point-e,https://i.roamcdn.net/hz/ed/listing-thumb-543w/79c3cf4f94e9e0293ed77bf7f72a0ce2/-/horizon-files-prod/ed/picture/q44nv42m/ae59d48686549d5929d4c6ea6e6325f261de8de3.jpg
274,"<h1 class=""listing-item__header"">
    Lenovo Thinkpad T14 Ryzen 50pro Ram16
</h1>",Neuf,Lenovo,220 000 ,Médina,https://i.roamcdn.net/hz/ed/listing-thumb-543w/f4de836774eb0f78696d1322a8129f48/-/horizon-files-prod/ed/picture/qv4w640w/af1e6db38582a93331797bc0d1d6b70b49b22080.jpg
275,"<h1 class=""listing-item__header"">
    Dell latitude 3340 Corei3 Ram8
</h1>",Venant,Dell,90 000 ,Médina,https://i.roamcdn.net/hz/ed/listing-thumb-543w/234fb479b1b7f55a492f3fd097743266/-/horizon-files-prod/ed/picture/qenvenmd/ff1efd41f74e635bbfa6d17b4ad998586014dc88.jpg
276,"<h1 class=""listing-item__header"">
    Promo☄️Hp EliteBook 840 Corei5 256ssd Ram8
</h1>",Neuf,HP,150 000 ,Médina,https://i.roamcdn.net/hz/ed/listing-thumb-543w/2ff024d2a60368fe52a2829fd7b71247/-/horizon-files-prod/ed/picture/qrz8ez44/7b4bda845d65b23bbc3eb0590c8cde3719a2f244.jpg
277,"<h1 class=""listing-item__header"">
    Dell precision 3660
</h1>",Neuf,Dell,675 000 ,Hlm,https://i.roamcdn.net/hz/ed/listing-thumb-543w/071ac1ebcd1b67f71c95b44aca0172dd/-/horizon-files-prod/ed/picture/q44nv4qm/a33853aa113313154ece0920aa90006e513f29cc.jpg
278,"<h1 class=""listing-item__header"">
    Lenovo ideapad3 Icor 7 ram 8 disk 512 14 pouces 11 th
</h1>",Venant,Lenovo,270 000 ,Hann maristes,https://i.roamcdn.net/hz/ed/listing-thumb-543w/ccac1b4fa373beb01b6636a688cc548c/-/horizon-files-prod/ed/picture/q78wz89d/4a9ae86e1815d5cba1d3c266bdb539f315371754.jpg
279,"<h1 class=""listing-item__header"">
    Lenovo thinkpad T 14 gen ram 16 disk 256 amd rysen pro 7
</h1>",Venant,Lenovo,240 000 ,Hann maristes,https://i.roamcdn.net/hz/ed/listing-thumb-543w/11ef47c78cafe6d2a38353279d3b88f6/-/horizon-files-prod/ed/picture/q44nv4pe/fe49948ce956e7fd0aa4b35f4b5a698de79cc7f6.jpg
280,"<h1 class=""listing-item__header"">
    MacBook Air 15 pouces m2 2023 ram8 disk 512
</h1>",Venant,Apple,600 000 ,Hann maristes,https://i.roamcdn.net/hz/ed/listing-thumb-543w/7d1a29c63361613b906ef0a2baef389f/-/horizon-files-prod/ed/picture/qkr8em02/64506597f939931b8747f6349cd4b89305e11079.jpg
281,"<h1 class=""listing-item__header"">
    ALL IN ONE HP 24 POUCES CORE I5 TACTILE
</h1>",Neuf,HP,490 000 ,Médina,https://i.roamcdn.net/hz/ed/listing-thumb-543w/2ca6e9d9778ad6e77e85c0918f76e15e/-/horizon-files-prod/ed/picture/qj4q7jwe/3d182d166bc0364da0a9b0bfd8d076dc458d15fa.jpg
282,"<h1 class=""listing-item__header"">
    𝗗𝗘𝗟𝗟 𝗟𝗔𝗧𝗜𝗧𝗨𝗗𝗘 𝗘𝟳𝟮𝟱𝟬 | 𝗜𝟱
</h1>",Venant,Dell,120 000 ,Médina,https://i.roamcdn.net/hz/ed/listing-thumb-543w/e73a0cb7faf60660ce2f9f6301c369cc/-/horizon-files-prod/ed/picture/qxjp79kj/5d09fba8a0fa7eec6214dc4b7436a00806498323.jpg
283,"<h1 class=""listing-item__header"">
    𝗛𝗣 𝗘𝗟𝗜𝗧𝗘𝗕𝗢𝗢𝗞 𝟴𝟰𝟬 𝗚𝟲 | 𝗜𝟳 | 𝟴 𝗚𝗘𝗡
</h1>",Venant,HP,200 000 ,Médina,https://i.roamcdn.net/hz/ed/listing-thumb-543w/699b87b7726045cfcfcff3a90584ef25/-/horizon-files-prod/ed/picture/qzvp0w5v/0e2afde346235b298b14cbe176c4ce27d2598ef5.jpg
284,"<h1 class=""listing-item__header"">
    𝗛𝗣 𝗣𝗥𝗢𝗕𝗢𝗢𝗞 𝟰𝟱𝟬 𝗚𝟱 | 𝗶𝟱 | 𝟴 𝗚𝗲𝗻
</h1>",Venant,HP,150 000 ,Médina,https://i.roamcdn.net/hz/ed/listing-thumb-543w/09ae72494c40893e8595fef7ba8a5eab/-/horizon-files-prod/ed/picture/q2j0xxkk/34b789ca7b417d3ee24e49607df8ccdbf77f39b8.jpg
285,"<h1 class=""listing-item__header"">
    Hp elitebook 850 G7 32Go ram
</h1>",Venant,HP,250 000 ,Yoff,https://i.roamcdn.net/hz/ed/listing-thumb-543w/db6cfec9610971902849b344aa3995e3/-/horizon-files-prod/ed/picture/qde7pr8g/e544909f3b7a957e337721b323f475474896460a.jpg
286,"<h1 class=""listing-item__header"">
    hp Elite One 800 G4
</h1>",D'occasion,HP,385 000 ,Sicap Sacré-cœur,https://i.roamcdn.net/hz/ed/listing-thumb-543w/daf9b2020ea81f6857e469ee19f6ecb9/-/horizon-files-prod/ed/picture/qkr8emev/ecb4e3fa46937214c1375386c9fc348689900895.jpg
287,"<h1 class=""listing-item__header"">
    Macbook pro 2017 15 pouce 4Go graphique
</h1>",Venant,Apple,325 000 ,Yoff,https://i.roamcdn.net/hz/ed/listing-thumb-543w/9f341195fcb73ecd6d44dfb4372d217a/-/horizon-files-prod/ed/picture/qwep7mxp/680fccea739af842b4e530d21ff173641266014f.jpg
288,"<h1 class=""listing-item__header"">
    MacBook Pro sans Touch Bar ram8 disk 256 13 pouces
</h1>",Venant,Apple,250 000 ,Hann maristes,https://i.roamcdn.net/hz/ed/listing-thumb-543w/8d163c056a83e5d85462e881061259b7/-/horizon-files-prod/ed/picture/qm5gemnj/65bb8ec3f99739789351fd74e74de0b33a1fed5d.jpg
289,"<h1 class=""listing-item__header"">
    Hp probook 650 g8 ram 16 disk 512 Icor 7
</h1>",Venant,HP,340 000 ,Hann maristes,https://i.roamcdn.net/hz/ed/listing-thumb-543w/a7a495126c9641d314cd781ac1dc2136/-/horizon-files-prod/ed/picture/q8v4w0g4/0f563f9740897b888f97dc9d34318112cdf77fb2.jpg
290,"<h1 class=""listing-item__header"">
    Microsoft Surface Pro 7 - 10th Gen Core i7 - 16GB  - 512GB
</h1>",Venant,Microsoft Surface,370 000 ,Point-e,https://i.roamcdn.net/hz/ed/listing-thumb-543w/4e7feb90c53d4fce07d7ec02f6c394a5/-/horizon-files-prod/ed/picture/q44n9r4m/5cf9df0d7ef8de4f609b6f478d0f37f2af32c4be.jpg
291,"<h1 class=""listing-item__header"">
    Dell Latitude 7430 - I7 12th | 16GB RAM | 512
</h1>",Venant,Dell,410 000 ,Point-e,https://i.roamcdn.net/hz/ed/listing-thumb-543w/7218dab19a9f150fbe84a3078fafb67e/-/horizon-files-prod/ed/picture/qgqw86x4/fae8648829e06e3168f36001b4cc8e126883cc34.jpg
292,"<h1 class=""listing-item__header"">
    MacBook Pro M3 Max 16"" 2023 48GB/1TB
</h1>",Neuf,Apple,1 750 000 ,Point-e,https://i.roamcdn.net/hz/ed/listing-thumb-543w/f7e55c2d9131f8b9e54e215671d85e2b/-/horizon-files-prod/ed/picture/qwepx7jp/801c6b3ed28066c0afd342e8dba621cd858bac6d.jpg
293,"<h1 class=""listing-item__header"">
    Asus Rog Strix
</h1>",Neuf,ASUS,550 000 ,Sicap Sacré-cœur,https://i.roamcdn.net/hz/ed/listing-thumb-543w/79842504c7443d30370bc56cdf8ec25f/-/horizon-files-prod/ed/picture/qngpe50g/9bfc42704484bbb9dddca07221cdfc39297b1556.jpg
294,"<h1 class=""listing-item__header"">
    MSI Raider GE78 RTX 4090/0
</h1>",Neuf,MSI,2 450 000 ,Sicap Sacré-cœur,https://i.roamcdn.net/hz/ed/listing-thumb-543w/8c5051da7a24b64ea165ad5fb2b12f4b/-/horizon-files-prod/ed/picture/qkr8vv6w/6271c4ad28805eee96a3bc41e192fe91816bdf19.jpg
295,"<h1 class=""listing-item__header"">
    Lenovo Legion RTX 4080
</h1>",Neuf,Lenovo,1 450 000 ,Sicap Sacré-cœur,https://i.roamcdn.net/hz/ed/listing-thumb-543w/1a1d137130b52514411ac6daf2d5f639/-/horizon-files-prod/ed/picture/qpdm499w/f4cd07e2d5ecb7e57d81c91d3492337a1b2d0070.jpg
296,"<h1 class=""listing-item__header"">
    Hp Victus sceller
</h1>",Neuf,HP,550 000 ,Sicap Sacré-cœur,https://i.roamcdn.net/hz/ed/listing-thumb-543w/bf21211f38a7c2275d7e68a3da16e52c/-/horizon-files-prod/ed/picture/q6xd97np/3e93b12dbccf54177f8eb94eb9aa3e265b9abda3.png
297,"<h1 class=""listing-item__header"">
    Msi Thin RTX 4050
</h1>",Neuf,MSI,650 000 ,Sicap Sacré-cœur,https://i.roamcdn.net/hz/ed/listing-thumb-543w/afa606e2db22ec5a3a634c9fef5c5d1d/-/horizon-files-prod/ed/picture/qngp8p2w/09bd95506b8eb26add4bdd2a727670cc069043fc.jpg
298,"<h1 class=""listing-item__header"">
    MacBook Pro M3 2024 scéllé
</h1>",Neuf,Apple,1 300 000 ,VDN,https://i.roamcdn.net/hz/ed/listing-thumb-543w/87c6a9b4631aece55c45af581661fe3f/-/horizon-files-prod/ed/picture/q0g7k64j/ef021770b7c9b287de3f73429351058bb7c4c203.jpg
299,"<h1 class=""listing-item__header"">
    Dell Latitude 5450 Ultra 5 de 14 eme Génération scelle
</h1>",Neuf,Dell,500 000 ,Cambérène,https://i.roamcdn.net/hz/ed/listing-thumb-543w/c059d1dbd67ab08811a9f6e38f74afbf/-/horizon-files-prod/ed/picture/qj4qg6r8/9571bf06c78e5a57015683a18b5b7d1bbc5357eb.jpg
300,"<h1 class=""listing-item__header"">
    Mac Book Air 15 Pouces Puce M2
</h1>",Neuf,Apple,650 000 ,Cambérène,https://i.roamcdn.net/hz/ed/listing-thumb-543w/0795fea61afd6b26e028c2272e6f8f97/-/horizon-files-prod/ed/picture/q9mjvjr6/8269ad8cc8f9af2ee9d89ced62aaa1836cc6a682.png
301,"<h1 class=""listing-item__header"">
    2024 Mac Book M4 Pro ssd 512 Gb Ram 24 Scelle
</h1>",Neuf,Apple,1 550 000 ,Cambérène,https://i.roamcdn.net/hz/ed/listing-thumb-543w/83d62472d71c85e914243f011d00f41d/-/horizon-files-prod/ed/picture/q2j0xped/6a132dd5753218e5910252de8eec2c819c748ddd.jpg
302,"<h1 class=""listing-item__header"">
    Lenovo ThinkPad X1 Carbon  Gen11
</h1>",Neuf,Lenovo,650 000 ,Sicap Sacré-cœur,https://i.roamcdn.net/hz/ed/listing-thumb-543w/e3d25457f1745857ebaa6f7ab29f9e53/-/horizon-files-prod/ed/picture/q56dk7j6/f698b60de0aceaf9dab9c892a4c193700671ae78.png
303,"<h1 class=""listing-item__header"">
    Pc Xiaoma Book 14 2022 
Core i5 de 12th génération 16CPUs
</h1>",Neuf,Gris,385 000 ,Hlm,https://i.roamcdn.net/hz/ed/listing-thumb-543w/7230925e71872dd13995bd56dd497137/-/horizon-files-prod/ed/picture/q78w6nzj/0d69cd75efcc1bbce4f9d6c670a234f154fcaffa.jpg
304,"<h1 class=""listing-item__header"">
    𝗜𝗠𝗔𝗖 𝗦𝗟𝗜𝗠 𝟮𝟬𝟭𝟳 | 𝗶𝟳 | 𝟮𝟭.𝟱″
</h1>",Venant,Apple,265 000 ,Médina,https://i.roamcdn.net/hz/ed/listing-thumb-543w/a126546f4af423a100e9f8cee04982a1/-/horizon-files-prod/ed/picture/qngpqrnm/5f202ace8afe813459339afe8af644f43b8bcd9f.jpg
305,"<h1 class=""listing-item__header"">
    IMAC SLIM 2013 | I5 | 21.5''
</h1>",Venant,Apple,135 000 ,Médina,https://i.roamcdn.net/hz/ed/listing-thumb-543w/e0c3d06ec34713e36f0a651c8c14bf22/-/horizon-files-prod/ed/picture/qenvkgjj/8f329c60e20ca4f4214f5b638cff875677d1118f.jpg
306,"<h1 class=""listing-item__header"">
    MacBook Pro 2019 i9 16 pouces
</h1>",Neuf,Apple,550 000 ,Médina,https://i.roamcdn.net/hz/ed/listing-thumb-543w/33f76c8a2da53d91bf50518cd058adb4/-/horizon-files-prod/ed/picture/qxjp74z2/f2c60f12c23bce0fc1a3ce16580f4055dff2dd2b.jpg
307,"<h1 class=""listing-item__header"">
    Dell latitude 3550
</h1>",Venant,Dell,300 000 ,Plateau,https://i.roamcdn.net/hz/ed/listing-thumb-543w/257cbc88ddba195dfe3cb3748943c2f5/-/horizon-files-prod/ed/picture/qq42rpgp/a34c65274eae9014886d3588821871a7c4c72cc6.jpg
308,"<h1 class=""listing-item__header"">
    Dell 7400 i5 8th ram 8
</h1>",Venant,Dell,160 000 ,Médina,https://i.roamcdn.net/hz/ed/listing-thumb-543w/d4308e17cd408295d771acbb5ba2820e/-/horizon-files-prod/ed/picture/qv4w0z6v/b5fb8ab1ae7b061a2670695c0102b72f26b93a48.jpg
309,"<h1 class=""listing-item__header"">
    MacBook Pro 2019 i9 disk 1TB SSD
</h1>",Neuf,Apple,600 000 ,Médina,https://i.roamcdn.net/hz/ed/listing-thumb-543w/9557d9a8dc8376871985e33d5f189104/-/horizon-files-prod/ed/picture/q56dk7v5/96d18975ad2389db3609b5baf25b16e97e2c727a.jpg
310,"<h1 class=""listing-item__header"">
    MacBook Pro 16-inch 2019
</h1>",Neuf,Apple,505 000 ,Médina,https://i.roamcdn.net/hz/ed/listing-thumb-543w/9c85a6471464dc0223eaccc7a1b4948e/-/horizon-files-prod/ed/picture/qkr8n07w/6331895eb3df15be22b407ca9efd563214f05a0b.jpg
311,"<h1 class=""listing-item__header"">
    MacBook Pro M3PRO 18/512
</h1>",Neuf,Apple,1 350 000 ,Nord foire,https://i.roamcdn.net/hz/ed/listing-thumb-543w/0f640d814be56827e3e9eefc4252e6bd/-/horizon-files-prod/ed/picture/qv4wv9pk/2e5804ff46c90e4ab09d4e402ef17cc39bf07917.jpg
312,"<h1 class=""listing-item__header"">
    MacBook Air m3 8/256
</h1>",Neuf,Apple,770 000 ,Yoff,https://i.roamcdn.net/hz/ed/listing-thumb-543w/8c5a921f0ced99fe63cd179a22e8ae9d/-/horizon-files-prod/ed/picture/qm5gw79j/6f7765719ce92ad22342ab6888293c458be56d60.jpg
313,"<h1 class=""listing-item__header"">
    16-pouce M1-pro 16/512
</h1>",Venant,Apple,800 000 ,Yoff,https://i.roamcdn.net/hz/ed/listing-thumb-543w/d69e75068be9a401976242f909f9c0f4/-/horizon-files-prod/ed/picture/qwep6x5z/3920960085d45eb55a06dbb037e8cf0623578c62.jpg
314,"<h1 class=""listing-item__header"">
    Dell XPS 9320
</h1>",Neuf,Dell,650 000 ,Sicap Sacré-cœur,https://i.roamcdn.net/hz/ed/listing-thumb-543w/939a7f091e86587b570f7eaac7ee2201/-/horizon-files-prod/ed/picture/q44nge5m/8b07bf1cdac9f60092d854324a43d5bdd53da965.jpg
315,"<h1 class=""listing-item__header"">
    Clavier de jeu Razer Huntsman Mini pour PC - Noir
</h1>",Neuf,Acer,70 000 ,Parcelles Assainies,https://i.roamcdn.net/hz/ed/listing-thumb-543w/051a95bfca2358e3654f0686870b99ee/-/horizon-files-prod/ed/picture/q6xdw224/bde11aaa4dd1f34951ad05aefeef67566242ab88.png
316,"<h1 class=""listing-item__header"">
    MacBook Air 2017
</h1>",D'occasion,Apple,220 000 ,Hann maristes,https://i.roamcdn.net/hz/ed/listing-thumb-543w/0cf443ba13a52772f32681334b59ae58/-/horizon-files-prod/ed/picture/q6xdj0x4/951db8d8c5b1a0d6134e19af3c1253969e8a56f8.jpg
317,"<h1 class=""listing-item__header"">
    Hp elitebook 830 G7
</h1>",Venant,HP,225 000 ,Gueule-Tapée,https://i.roamcdn.net/hz/ed/listing-thumb-543w/1f1197243f3e7e974af435fcc3a63f71/-/horizon-files-prod/ed/picture/q0g76n9x/454544dca26caea080aad784f4c87c29c8f4e688.jpg
318,"<h1 class=""listing-item__header"">
    MACBOOK AIR 2015 / CORE i5
</h1>",Venant,Apple,125 000 ,Médina,https://i.roamcdn.net/hz/ed/listing-thumb-543w/02dc1fd7281f6ea1c20cdd8af21124c8/-/horizon-files-prod/ed/picture/qv4e6m0m/a1cb12d9f67e0a01f12114a1af27332692bc3ff9.jpg
319,"<h1 class=""listing-item__header"">
    IMAC SLIM 2017
</h1>",Venant,Apple,200 000 ,Médina,https://i.roamcdn.net/hz/ed/listing-thumb-543w/d0dbb67910135f0c29b9d23620eb770d/-/horizon-files-prod/ed/picture/q56xq88e/06f3f9d933e977ad1c5a595f4041c7e773526834.png
320,"<h1 class=""listing-item__header"">
    MacBook Air 2017 Corei7
</h1>",Venant,Apple,250 000 ,Médina,https://i.roamcdn.net/hz/ed/listing-thumb-543w/531ffea41f021d04ed87370f6883138f/-/horizon-files-prod/ed/picture/q8v47jq9/795e647df8cfafa2e29a1462b77bb7177ee68699.jpg
321,"<h1 class=""listing-item__header"">
    Lenovo T14 Ryzen 5pro Ram16
</h1>",Neuf,Lenovo,225 000 ,Médina,https://i.roamcdn.net/hz/ed/listing-thumb-543w/b7f0d0c54f45f3f4849663c690d72bd1/-/horizon-files-prod/ed/picture/qv4wj2np/dfe699562178ce9c2c24d41aec982afb7492c47e.jpg
322,"<h1 class=""listing-item__header"">
    Dell G15 Gamer Corei7 1To ssd Ram32 Rtx 4060 8Giga
</h1>",Neuf,Dell,750 000 ,Médina,https://i.roamcdn.net/hz/ed/listing-thumb-543w/64eb914689b7c6b2720de7969ccda891/-/horizon-files-prod/ed/picture/qenvk666/9cae3733eab7e16acd3c6ca9f9bc724bdadf293f.jpg
323,"<h1 class=""listing-item__header"">
    Lenovo X. Yoga-✅ i5.- 16go/500go ssd-13 pouces
</h1>",Venant,Lenovo,200 000 ,Hlm,https://i.roamcdn.net/hz/ed/listing-thumb-543w/657d59dcd2d9571a00266dc6ae6d5de9/-/horizon-files-prod/ed/picture/qenvk0kz/aa58c2c475ff435436b9ed0166f0b6f75bbd9c14.jpg
324,"<h1 class=""listing-item__header"">
    ✅ Lenovo i5 Tactile- 2 Batteries- 8Go Ram- 256Go Ssd
</h1>",Venant,Lenovo,120 000 ,Hlm,https://i.roamcdn.net/hz/ed/listing-thumb-543w/0492c099c0457d4a511350a37af626f3/-/horizon-files-prod/ed/picture/q9mjvevp/7e0b92113a990f0cc69c0cffe8d6ce552560eac9.jpg
325,"<h1 class=""listing-item__header"">
    ✅ Lenovo i5 Yoga + Stylet - Ecran Tactile x360
</h1>",Venant,Lenovo,130 000 ,Hlm,https://i.roamcdn.net/hz/ed/listing-thumb-543w/5de44b05e8d6255053430eb4861505d1/-/horizon-files-prod/ed/picture/qpdm4zvp/9913eb1ca50bc3233a2d81d84777cc020fd06eba.jpg
326,"<h1 class=""listing-item__header"">
    Dell 7490 i5 8th ram 8
</h1>",Venant,Dell,160 000 ,Médina,https://i.roamcdn.net/hz/ed/listing-thumb-543w/2a7adba0290b96d662e5e56c5f7bc9c1/-/horizon-files-prod/ed/picture/q78wj0q5/ab45e57ae4ca7f0e281378b54cf829b086c341d5.jpg
327,"<h1 class=""listing-item__header"">
    𝗛𝗣 𝗘𝗟𝗜𝗧𝗘𝗕𝗢𝗢𝗞 𝟴𝟰𝟬 𝗚𝟱 | 𝗶5 | 𝟴 𝗚𝗘𝗡
</h1>",Venant,HP,165 000 ,Médina,https://i.roamcdn.net/hz/ed/listing-thumb-543w/872c0e900c8e29752fb5c06af6a997d4/-/horizon-files-prod/ed/picture/qj4q09we/6b4cb8a2df084d5886550aeeba10aaebcd3b599c.jpg
328,"<h1 class=""listing-item__header"">
    DELL LATITUDE E7270 | I5
</h1>",Venant,Dell,125 000 ,Médina,https://i.roamcdn.net/hz/ed/listing-thumb-543w/a28240b607c5500fddfdf0da8e229eb8/-/horizon-files-prod/ed/picture/qnek92z/568dfd327440961b5d00dbe72a4bd361a88c208b.jpg
329,"<h1 class=""listing-item__header"">
    Dell Inspiron 7640 2-in-1 Intel Core Ultra 7
</h1>",Neuf,Dell,750 000 ,Point-e,https://i.roamcdn.net/hz/ed/listing-thumb-543w/fe0074c27ec6982e29a9a10ebf16f3c6/-/horizon-files-prod/ed/picture/q44ngxmr/4b45ff94b2031ca4c76d403ba71b852c08657278.jpg
330,"<h1 class=""listing-item__header"">
    Macbook Pro 14"" M4 2024 512Go scellé, Apple Intelligence 🤖
</h1>",Neuf,Apple,1 345 000 ,Plateau,https://i.roamcdn.net/hz/ed/listing-thumb-543w/b2ae0ba5af3dad086c63082e580e990e/-/horizon-files-prod/ed/picture/qgqwrzk0/49b1e9c1c6064dd48da2077e819324218e8adbe6.jpg
331,"<h1 class=""listing-item__header"">
    Dell Latitude 5450 Ultra7 Ultra 7
</h1>",Neuf,Dell,675 000 ,Plateau,https://i.roamcdn.net/hz/ed/listing-thumb-543w/2842e9552b5275de2b8284c3b2de4509/-/horizon-files-prod/ed/picture/qq42rmvz/58537c6071061c0477dbe0a88b639ef348e9a2c8.jpg
332,"<h1 class=""listing-item__header"">
    DELL XPS 15 I7/16GO/512SSD/NVIDIA GTX
</h1>",Neuf,Dell,400 000 ,Médina,https://i.roamcdn.net/hz/ed/listing-thumb-543w/b9273ebd54760713ffc97a15e87121f9/-/horizon-files-prod/ed/picture/qwep6dk0/911aa453fdea1f752a078baa3762ccab6290edf1.jpg
333,"<h1 class=""listing-item__header"">
    ASUS TUF A15 RYZEN 7/16GO/512SSD/RTX4060
</h1>",Neuf,ASUS,850 000 ,Médina,https://i.roamcdn.net/hz/ed/listing-thumb-543w/fad42679264a0723a03f1b9dba36c0e6/-/horizon-files-prod/ed/picture/qzvp07jr/e618a57be81da80bef3dbefdb69e3d2eb7cf9906.jpg
334,"<h1 class=""listing-item__header"">
    MACBOOK PRO 2018 CORE I7
</h1>",Venant,Apple,325 000 ,Point-e,https://i.roamcdn.net/hz/ed/listing-thumb-543w/20620304b3c767aa37c938a3672422c9/-/horizon-files-prod/ed/picture/qj4q0nx4/6dd3a00fe54c6c3b3ad14fa3ba749ce48090484f.jpg
335,"<h1 class=""listing-item__header"">
    HP ALL IN ONE CORE I5 27 POUCES
</h1>",Neuf,HP,545 000 ,Médina,https://i.roamcdn.net/hz/ed/listing-thumb-543w/7172f2e4853cab021915c89bbebc1d66/-/horizon-files-prod/ed/picture/qenv87d6/0d89c0d231b141f19f9cabc78ee15ce5a7e040fe.jpg
336,"<h1 class=""listing-item__header"">
    Lenovo i5 Yoga Tactile X390
</h1>",Venant,Lenovo,240 000 ,Médina,https://i.roamcdn.net/hz/ed/listing-thumb-543w/b543d6e9e59a0bc83bfe8e25c42a82db/-/horizon-files-prod/ed/picture/qgqw6d0n/bfe14d5b0b6577524837ba93d41454a069125c68.jpg
337,"<h1 class=""listing-item__header"">
    MacBook Pro 2024 16 Pouces - M3 Pro | 36GB RAM | 512
</h1>",Venant,Apple,1 310 000 ,Point-e,https://i.roamcdn.net/hz/ed/listing-thumb-543w/893f8d3a4c37116a8bd85c2393f3b5f7/-/horizon-files-prod/ed/picture/qgqw8dk0/e00a361cd95a1fdb65426eaff16b9a3e7e274c33.jpg
338,"<h1 class=""listing-item__header"">
    Dell Latitude 5520 - I7 11th | 16GB RAM | 512
</h1>",Venant,Dell,305 000 ,Point-e,https://i.roamcdn.net/hz/ed/listing-thumb-543w/ab9118266c4d19c961941bb0cceafcc7/-/horizon-files-prod/ed/picture/qngpz9jk/ff1b33d158b73a78c836e5aeb36bca4bf5af49f7.jpg
339,"<h1 class=""listing-item__header"">
    Lenovo ThinkPad E16 Gen 1 - I7 13th | 16GB RAM | 512
</h1>",Venant,Lenovo,410 000 ,Point-e,https://i.roamcdn.net/hz/ed/listing-thumb-543w/a157af324877abaabeecc46e80d6b443/-/horizon-files-prod/ed/picture/qde7n26g/558c620268bb6b3a05aa6e7523471ea09d4f3549.jpg
340,"<h1 class=""listing-item__header"">
    Dell Latitude 5420
</h1>",Neuf,Dell,275 000 ,Médina,https://i.roamcdn.net/hz/ed/listing-thumb-543w/9ff362b3369caf92fdf7a9e83efa42d6/-/horizon-files-prod/ed/picture/q78w6mz8/5d133048d85d18e283480fad0b67caf6b4685828.jpg
341,"<h1 class=""listing-item__header"">
    Dell Latitude 9450 2-en-1 Ultra 7 165U 2024
</h1>",Neuf,Dell,850 000 ,Point-e,https://i.roamcdn.net/hz/ed/listing-thumb-543w/d709dbb5b0b80a3a1cc49d3bcf73f676/-/horizon-files-prod/ed/picture/qde7g76g/1afa442f133a27101116acf8e1ce2057e11db988.jpg
342,"<h1 class=""listing-item__header"">
    HP ZBook Firefly 15 G7 - I7 10th | 16GB RAM | 512
</h1>",Venant,HP,410 000 ,Point-e,https://i.roamcdn.net/hz/ed/listing-thumb-543w/10796554a9f9ae1c1194cf3ebf9dacb3/-/horizon-files-prod/ed/picture/qde76927/b9e53ec3f8da67a3161409fe86fc0cd13759a65d.jpg
343,"<h1 class=""listing-item__header"">
    MacBook Pro 2024 / M4 Max / 48GB / 1TB
</h1>",Neuf,Apple,2 600 000 ,Point-e,https://i.roamcdn.net/hz/ed/listing-thumb-543w/e9892225886e97298accd7148c85a7de/-/horizon-files-prod/ed/picture/qpdmrw2p/b6e7efe080ee5d97fcf4ad0af406eb71d60711a8.jpg
344,"<h1 class=""listing-item__header"">
    ✅ Hp Zbook- i7- Nvidia- 16Go Ram - 500Go Ssd
</h1>",Venant,HP,250 000 ,Hlm,https://i.roamcdn.net/hz/ed/listing-thumb-543w/37febc6749edb96298be0ebe817b35bd/-/horizon-files-prod/ed/picture/qgqw6nen/8ae4a14775e8fd63fd9f81c1bdadbe98ba6f3de7.jpg
345,"<h1 class=""listing-item__header"">
    ✅Lenovo X1 Carbon- i5.12th- 16Go Ram-Tactile
</h1>",Venant,Lenovo,300 000 ,Hlm,https://i.roamcdn.net/hz/ed/listing-thumb-543w/f53421de3030f00542c1944f19509b28/-/horizon-files-prod/ed/picture/qrz8xpex/29a34a297bb6c5ec3ef7d2bba900efaf2eb442c7.jpg
346,"<h1 class=""listing-item__header"">
    ✅ Lenovo Pro - i7 + Nvidia- 32Go Ram- 500Go Ssd
</h1>",Venant,Lenovo,380 000 ,Hlm,https://i.roamcdn.net/hz/ed/listing-thumb-543w/566c62b4e7dae1405a204d4384b5a90c/-/horizon-files-prod/ed/picture/qwep6v75/554aa4d683310dc5c32608f9d6f66917503c024e.jpg
347,"<h1 class=""listing-item__header"">
    ✅ Mac Air 2020 - 256Go SSD- 13 Pouces
</h1>",Venant,Apple,350 000 ,Hlm,https://i.roamcdn.net/hz/ed/listing-thumb-543w/907437c8b121397d0a042b83c4e84f93/-/horizon-files-prod/ed/picture/q0g74ejd/5f5a853f9ec7f116de8231094ea663d244c90518.jpg
348,"<h1 class=""listing-item__header"">
    ✅ Mac Air M1- Gold- 8Go Ram- 256go Ssd ✅  Hlm Dakar
</h1>",Venant,Apple,410 000 ,Hlm,https://i.roamcdn.net/hz/ed/listing-thumb-543w/cdc2d52def64346538a0b4bc2986452d/-/horizon-files-prod/ed/picture/qxjp70v8/b9ea32576f625584bd09714d2a918fc878a4696b.jpg
349,"<h1 class=""listing-item__header"">
    Hp 250 g9 i5 11th 1tb 8gb neuf
</h1>",Venant,HP,300 000 ,Médina,https://i.roamcdn.net/hz/ed/listing-thumb-543w/04c071bc267500ca2a149f712fc69ccd/-/horizon-files-prod/ed/picture/qkr8z4kx/c20234143075cfbd1a486a3b4f614b5cf7649c09.jpg
350,"<h1 class=""listing-item__header"">
    Lenovo Loq 15 RTX 4060
</h1>",Neuf,Lenovo,750 000 ,Médina,https://i.roamcdn.net/hz/ed/listing-thumb-543w/6f9bae0b9289bab23e04282c9515119c/-/horizon-files-prod/ed/picture/q6xd4868/f0605d1800d2a9704fdf9dce7245cbdbe48d0ed0.jpg
351,"<h1 class=""listing-item__header"">
    MacBook Pro 16 Touch Bar 2019
</h1>",Neuf,Apple,440 000 ,Plateau,https://i.roamcdn.net/hz/ed/listing-thumb-543w/9281e4adfc62a65644febdea84054fd0/-/horizon-files-prod/ed/picture/qzvpxwg9/0870db63538dfc0b0d98915ae685e754f1c21071.jpg
352,"<h1 class=""listing-item__header"">
    Mini PC
</h1>",Neuf,Minisforum,182 000 ,Almadies,https://i.roamcdn.net/hz/ed/listing-thumb-543w/279435f2104f33376c40ca6985d52cd0/-/horizon-files-prod/ed/picture/q0g7696x/5c8fc723fd6a5b82b8c6b005fe1f58af62d2bc8b.jpg
353,"<h1 class=""listing-item__header"">
    𝗗𝗘𝗟𝗟 𝗟𝗔𝗧𝗜𝗧𝗨𝗗𝗘 E𝟱𝟰𝟰𝟬 | 𝗜𝟱
</h1>",Venant,Dell,110 000 ,Médina,https://i.roamcdn.net/hz/ed/listing-thumb-543w/ea68327ad11b072f8f42292e83dd5fc4/-/horizon-files-prod/ed/picture/q9mjvx0j/885f26d05354edcaa3682c72e19aef51a5e484ef.jpg
354,"<h1 class=""listing-item__header"">
    𝗛𝗣 𝗣𝗥𝗢𝗕𝗢𝗢𝗸 𝟲𝟰𝟬 𝗚𝟱 | 𝗶𝟳 | 𝟴 𝗚𝗲𝗻
</h1>",Venant,HP,180 000 ,Médina,https://i.roamcdn.net/hz/ed/listing-thumb-543w/389827523340cea67c34be52748afe7b/-/horizon-files-prod/ed/picture/q6xdjjdz/d44a329797c08f5fe7e23b7b98a1e39470bce392.jpg
355,"<h1 class=""listing-item__header"">
    Hp MT44
</h1>",Venant,HP,150 000 ,Yoff,https://i.roamcdn.net/hz/ed/listing-thumb-543w/4d5db018a76287405555d65a241f76fc/-/horizon-files-prod/ed/picture/qpdm4vv0/58483c6f35278c98eab48a40aefffba361ba2a28.jpg
356,"<h1 class=""listing-item__header"">
    Macbook pro 2016 15 pouce
</h1>",Venant,Apple,325 000 ,Yoff,https://i.roamcdn.net/hz/ed/listing-thumb-543w/1a37aa43cea87dfd1b424c68153df32f/-/horizon-files-prod/ed/picture/qv4wj86v/48c840080726b5ab67e6f4cde7838c8202eae51a.jpg
357,"<h1 class=""listing-item__header"">
    Macbook pro 2016 15 pouce
</h1>",Venant,Apple,300 000 ,Yoff,https://i.roamcdn.net/hz/ed/listing-thumb-543w/47696d33d268e09f493f9a88748c2195/-/horizon-files-prod/ed/picture/q78w62zd/482d52d280dafa5de4b88134859ce96bce8a98f5.jpg
358,"<h1 class=""listing-item__header"">
    Hp elitebook 840 G7 32Go ram
</h1>",Venant,HP,225 000 ,Yoff,https://i.roamcdn.net/hz/ed/listing-thumb-543w/cd80f85fd7ab21bd2a0103f5adcd4890/-/horizon-files-prod/ed/picture/qzvp0m96/f18d521878d12dd9f9775cbff4a14bdc9a451db9.jpg
359,"<h1 class=""listing-item__header"">
    Hp EliteBook 840 G8 i7 11th
</h1>",Neuf,HP,450 000 ,Médina,https://i.roamcdn.net/hz/ed/listing-thumb-543w/6439350501bda8dc9654c8b00278883e/-/horizon-files-prod/ed/picture/q6xdw2kz/60eb997950fd21050f013ff51ac4830a23304d17.jpg
360,"<h1 class=""listing-item__header"">
    MacBook Pro M4 2024
</h1>",Neuf,Apple,1 500 000 ,Médina,https://i.roamcdn.net/hz/ed/listing-thumb-543w/3b66220a7b4ab9be7940a1a462b94ddc/-/horizon-files-prod/ed/picture/qpdm9qjp/7a9d96a2328f478b8037ed75681cff5713c4be99.jpg
361,"<h1 class=""listing-item__header"">
    MacBook Pro with Apple M3 Max 16 Pouces 2023
</h1>",Neuf,Apple,2 100 000 ,Médina,https://i.roamcdn.net/hz/ed/listing-thumb-543w/c328b8ce69a0e003114669a5fa6f364c/-/horizon-files-prod/ed/picture/qm5gdnxr/985932e2e1dcfce9f09c6d0d3e85fbca6e15048a.jpg
362,"<h1 class=""listing-item__header"">
    MacBook Pro 14 (2024) PUCE M4 Pro
</h1>",Neuf,Apple,1 550 000 ,Médina,https://i.roamcdn.net/hz/ed/listing-thumb-543w/a165bbc12f7016a86678557ff14ed2f5/-/horizon-files-prod/ed/picture/q2j0x58p/8d2b97aa801dab4db97c1d51f2efc4cb542c4ed3.jpg
363,"<h1 class=""listing-item__header"">
    Hp Envy x360 2-en-1 Laptop 14
</h1>",Neuf,HP,650 000 ,Plateau,https://i.roamcdn.net/hz/ed/listing-thumb-543w/106e3122d77f0daf17100d13248c608a/-/horizon-files-prod/ed/picture/qj4q0kgg/dffb117e639865b25f9ff52859068cfcab817494.jpg
364,"<h1 class=""listing-item__header"">
    Macbook pro 2018 13.3 pouce
</h1>",Venant,Apple,325 000 ,Yoff,https://i.roamcdn.net/hz/ed/listing-thumb-543w/8f8e396853c582a0f19b39f35b570463/-/horizon-files-prod/ed/picture/q6xdjpw7/eeaad6b68e2940291985e87dc74910194285794f.jpg
365,"<h1 class=""listing-item__header"">
    Macbook pro 2018 13.3 pouce
</h1>",Venant,Apple,300 000 ,Yoff,https://i.roamcdn.net/hz/ed/listing-thumb-543w/3f675d79e3a8bac7f5267a7c8a33c1e3/-/horizon-files-prod/ed/picture/qde7g8m8/773f40e02227a7c4eada7800674be8a8edc8d80a.jpg
366,"<h1 class=""listing-item__header"">
    Asus B1400CEAEY
</h1>",Venant,ASUS,275 000 ,Hlm,https://i.roamcdn.net/hz/ed/listing-thumb-543w/6077b47132e87ce6e00bc1e326dcb64e/-/horizon-files-prod/ed/picture/qpdm4v54/bc2aa55c1b22f3ed84f7e915ee65b2088a7b3cb7.jpg
367,"<h1 class=""listing-item__header"">
    Micro surface pro 9 core i5
</h1>",Venant,Microsoft Surface,450 000 ,Hlm,https://i.roamcdn.net/hz/ed/listing-thumb-543w/700eaa29643011a0c0d05d77b512faa0/-/horizon-files-prod/ed/picture/q56dkj8e/415b58fe0dab10e4a8e1ced40fd64a8d2e07b040.jpg
368,"<h1 class=""listing-item__header"">
    Mac book Air M2 2022
</h1>",Venant,Apple,485 000 ,Hlm,https://i.roamcdn.net/hz/ed/listing-thumb-543w/e6378d9b53381f9b39a4f199a3fa0d0e/-/horizon-files-prod/ed/picture/q44ngkqp/0dc1b3bb1dab1665f28771e83999b96d458e837e.jpg
369,"<h1 class=""listing-item__header"">
    Hp elitebook X360 1030 g4
</h1>",Neuf,HP,255 000 ,Plateau,https://i.roamcdn.net/hz/ed/listing-thumb-543w/7f6730b75e229b42bf74db62cef9e897/-/horizon-files-prod/ed/picture/q44ngk7z/0fbc53dc3d06bb7944c403a03d980ce503d2bd2f.jpg
370,"<h1 class=""listing-item__header"">
    MACBOOK PRO M1 PRO 16GB RAM 512GB SSD
</h1>",Neuf,Apple,850 000 ,Hann maristes,https://i.roamcdn.net/hz/ed/listing-thumb-543w/3c053126ec96411b3a5ed348645afc24/-/horizon-files-prod/ed/picture/qq42r9nn/4ea51e297cca98d5ee27644df519850971d231cb.jpg
371,"<h1 class=""listing-item__header"">
    Dell venant des etats unis
</h1>",Réconditionné,Dell,90 000 ,Hann maristes,https://i.roamcdn.net/hz/ed/listing-thumb-543w/144d23efd453a8c1a8342633adaac770/-/horizon-files-prod/ed/picture/qv4wg22w/79f829e6302f642cf1b3879ae5dff750b9ee357f.jpg
372,"<h1 class=""listing-item__header"">
    LENOVO X250 I5 RAM 8 DISQUE 256GB ET 128GB
</h1>",Venant,Lenovo,125 000 ,Hann maristes,https://i.roamcdn.net/hz/ed/listing-thumb-543w/1c90819bd96428664dcd506709ebcb84/-/horizon-files-prod/ed/picture/q2j0vpkd/77c649dee753fc29c70150aad62ff4c5887334a3.jpg
373,"<h1 class=""listing-item__header"">
    DELL ATTITUDE 7240 E DISQUE DUR 250GB RAM 8GH I5
</h1>",Venant,Dell,135 000 ,Hann maristes,https://i.roamcdn.net/hz/ed/listing-thumb-543w/b62d5e562715ec6338db7256bd688a23/-/horizon-files-prod/ed/picture/qrz8x77g/623593ed6f69a727dcf709483dc5e55897d9a493.png
374,"<h1 class=""listing-item__header"">
    Dell XPS 15 i7 32go ram
</h1>",Neuf,Dell,550 000 ,Derkle,https://i.roamcdn.net/hz/ed/listing-thumb-543w/238527b207fe7f1ac5469e5dab294a1e/-/horizon-files-prod/ed/picture/q56dg0rn/09ddf92ef146eb681b63a4b37ba7672a8b1ec489.jpg
375,"<h1 class=""listing-item__header"">
    MacBook pro m2 2022 512go
</h1>",Neuf,Apple,650 000 ,Derkle,https://i.roamcdn.net/hz/ed/listing-thumb-543w/6178fda278fc8bd37ababd7c7fc41414/-/horizon-files-prod/ed/picture/qj4q0qqw/513d6a453ae3f25c135dc3434564b86e068d4bd9.jpg
376,"<h1 class=""listing-item__header"">
    Asus Zenscreen Go 15pouces
</h1>",Neuf,ASUS,215 000 ,Point-e,https://i.roamcdn.net/hz/ed/listing-thumb-543w/322b911c9f79ffb05066970c1038cff1/-/horizon-files-prod/ed/picture/qrz8x9vj/374c43927f04b5cd86b00c3aa350399f19d16a83.jpg
377,"<h1 class=""listing-item__header"">
    LENEVO THINKPAD L440
</h1>",Venant,Lenovo,90 000 ,Almadies 2,https://i.roamcdn.net/hz/ed/listing-thumb-543w/4609229440942d65cf0b77a5bfab1dc1/-/horizon-files-prod/ed/picture/qkrrwjxm/75f7ed94d2e884e5369ed11557d89570810c6ec5.jpg
378,"<h1 class=""listing-item__header"">
    HP Elitebook 1030 G4 cor i5 de 8th gen
</h1>",Neuf,HP,250 000 ,Médina,https://i.roamcdn.net/hz/ed/listing-thumb-543w/bbbb70ea30742de9b021a30803f093ad/-/horizon-files-prod/ed/picture/qj4q0k44/ba30dd1b81cbb07922fbe86873a0e7e44d43a0b7.jpg
379,"<h1 class=""listing-item__header"">
    GAMER, PC, ORDINATEUR
</h1>",Venant,Dell,270 000 ,Derkle,https://i.roamcdn.net/hz/ed/listing-thumb-543w/9723478da219496d76c1437fe1487a6e/-/horizon-files-prod/ed/picture/q56dvx97/e7f673e124943ad3e5e925de3b780a36a0b07844.png
380,"<h1 class=""listing-item__header"">
    MacBook Air m2 8/256
</h1>",Neuf,Apple,570 000 ,Médina,https://i.roamcdn.net/hz/ed/listing-thumb-543w/591a25b8f83e51f0fd1bf434df165e7d/-/horizon-files-prod/ed/picture/qq42xjqz/0ae5afb69b2bbd6088a8158344a53629c1f56a73.jpg
381,"<h1 class=""listing-item__header"">
    Hp EliteBook 1030 X 360 g2 i5 7th  génération
</h1>",Neuf,HP,225 000 ,Médina,https://i.roamcdn.net/hz/ed/listing-thumb-543w/1e36b2a6510cf59d6363eae67f0c860e/-/horizon-files-prod/ed/picture/qxjpjdn4/c5f971975ad83a653d01c7885e850540703b23bb.jpg
382,"<h1 class=""listing-item__header"">
    MacBook Air M2 (2022)
</h1>",Venant,Apple,520 000 ,Médina,https://i.roamcdn.net/hz/ed/listing-thumb-543w/782cb0da8ce5cbfcd05ee52f590bd5b0/-/horizon-files-prod/ed/picture/q2j0n90p/0386ba82211e91ee6241cf219a3baf30e10e172c.jpg
383,"<h1 class=""listing-item__header"">
    MACBOOK PRO 16 POUCES
</h1>",Venant,Apple,400 000 ,Point-e,https://i.roamcdn.net/hz/ed/listing-thumb-543w/ce1c7e613241497451930c3aa38a4fc6/-/horizon-files-prod/ed/picture/qwep676z/938f34d754a32e666a89e42c4c1300a6be4301bd.jpg
384,"<h1 class=""listing-item__header"">
    DELL LATITUDE 5510
</h1>",Venant,Dell,225 000 ,Point-e,https://i.roamcdn.net/hz/ed/listing-thumb-543w/c796daaa199891236d9fad110e2fdade/-/horizon-files-prod/ed/picture/q0gwmwkm/70ef9e1e9c1f1fa20c99a964e682c504935c0bc0.jpg
385,"<h1 class=""listing-item__header"">
    MACBOOK PRO M1 512GO 13 POUCES
</h1>",Venant,Apple,450 000 ,Point-e,https://i.roamcdn.net/hz/ed/listing-thumb-543w/7e28571d37d1aefc988d426ea5bca39a/-/horizon-files-prod/ed/picture/q78w42me/616b2ef8f2219d904780bd62de07b05552f44502.jpg
386,"<h1 class=""listing-item__header"">
    MacBook Air 2017 + Pack Office
</h1>",Venant,Apple,155 000 ,Mermoz,https://i.roamcdn.net/hz/ed/listing-thumb-543w/4725cff6735218c534651fe8cc000236/-/horizon-files-prod/ed/picture/q2j0x9q6/b9faa44bbc60d806c5d462605d5c05a59430fd36.jpg
387,"<h1 class=""listing-item__header"">
    Lenovo ThinkPad L14 Gen 3 core i5
</h1>",Neuf,Lenovo,450 000 ,Médina,https://i.roamcdn.net/hz/ed/listing-thumb-543w/e0722ab4b5a545ac405d55fcb3162448/-/horizon-files-prod/ed/picture/q6xdjjw6/f10f43ff455e15c23e85a5c4bf9563275e5f3f96.jpg
388,"<h1 class=""listing-item__header"">
    câble rj45 internet original
</h1>",Neuf,Dell,2 500 ,Dieuppeul,https://i.roamcdn.net/hz/ed/listing-thumb-543w/e63f8190de27ab1c42eb35c0bdd8a780/-/horizon-files-prod/ed/picture/q6xkdk0j/99f320280561bfb651a6dd614a63d11f12dd517b.jpg
389,"<h1 class=""listing-item__header"">
    Dell Latitude 7450 Ultra 7
</h1>",Neuf,Dell,550 000 ,Plateau,https://i.roamcdn.net/hz/ed/listing-thumb-543w/82f5b74c8ba46ffd2d7ac877731e08e7/-/horizon-files-prod/ed/picture/q44nw0m4/1e7e0be8ce4d850e96d1843cc8f3b706ae8bf3f4.jpg
390,"<h1 class=""listing-item__header"">
    Lenovo Thinkpad X1 Carbon Gen 10 i7 12th
</h1>",Neuf,Lenovo,450 000 ,Plateau,https://i.roamcdn.net/hz/ed/listing-thumb-543w/9fb7dbf147f81b901beeaa8fe4401ba1/-/horizon-files-prod/ed/picture/qrz8k2p2/6f12341c5a643bf1805dfdcd68d84ae2311dfbf9.jpg
391,"<h1 class=""listing-item__header"">
    Dell Latitute 7440 i7 13th gen
</h1>",Neuf,Dell,425 000 ,Plateau,https://i.roamcdn.net/hz/ed/listing-thumb-543w/66c47ad2ddca482335ed6e9b3e05dd0e/-/horizon-files-prod/ed/picture/q78wrnvj/05d0a405567a617c34e580949761c0b932a4561e.jpg
392,"<h1 class=""listing-item__header"">
    Dell XPS 15 9530 13th gen Tactile
</h1>",Venant,Dell,700 000 ,Plateau,https://i.roamcdn.net/hz/ed/listing-thumb-543w/119918692793d29b142d6953256e30f1/-/horizon-files-prod/ed/picture/qrz84d2m/a7ff9d1d0558a46ac8a9df7f767b24db0f0317bf.jpg
393,"<h1 class=""listing-item__header"">
    Dell XPS 13 i7
</h1>",Neuf,Dell,280 000 ,Plateau,https://i.roamcdn.net/hz/ed/listing-thumb-543w/d8126fcc00afd82ff149261a5c06660f/-/horizon-files-prod/ed/picture/q44nqej4/1d56dda5cb6f0c721d4399afccef935b2d80590a.jpg
394,"<h1 class=""listing-item__header"">
    ASUS ROG ALLY X'
</h1>",Neuf,ASUS,550 000 ,Sicap Sacré-cœur,https://i.roamcdn.net/hz/ed/listing-thumb-543w/cfccf9048eb5eb2ea8896b8ae1eb6987/-/horizon-files-prod/ed/picture/q0g7449w/1b71fab15ac451efc2b3536e5f5f6effa4c5acc0.jpg
395,"<h1 class=""listing-item__header"">
    Steam Deck / 512 Go
</h1>",Neuf,Autre,350 000 ,Liberte 6 extension,https://i.roamcdn.net/hz/ed/listing-thumb-543w/3aa251b1a702812faa1daf3d968a8734/-/horizon-files-prod/ed/picture/q2jj04ek/69b9f5a3e74900ecbfbd377860f17bbc1b095ab3.jpg
396,"<h1 class=""listing-item__header"">
    𝗛𝗣 𝗘𝗟𝗜𝗧𝗘𝗕𝗢𝗢𝗞 𝟴𝟰𝟬 𝗚𝟭 | 𝗜𝟱
</h1>",Venant,HP,100 000 ,Médina,https://i.roamcdn.net/hz/ed/listing-thumb-543w/1d863f75a03c099cbd16dd02d19ce5ee/-/horizon-files-prod/ed/picture/qm5gww69/3b5d3d698578eeaac113505ac72c270da1fa7a8d.jpg
397,"<h1 class=""listing-item__header"">
    𝗛𝗣 𝗘𝗟𝗜𝗧𝗘𝗕𝗢𝗢𝗞 𝗙𝗢𝗟𝗜𝗢 𝟵𝟰𝟴𝟬𝗺 | 𝗜𝟱
</h1>",Venant,HP,120 000 ,Médina,https://i.roamcdn.net/hz/ed/listing-thumb-543w/d4fdb73995c3bbf65417f28d9b1f4ff8/-/horizon-files-prod/ed/picture/q8v477p9/66ccd8c18f6d06963e44c2f24ebc93bfc3c5a710.jpg
398,"<h1 class=""listing-item__header"">
    Hp probook 440 G7 core i5 de 10th processeur
</h1>",Venant,HP,225 000 ,Hlm,https://i.roamcdn.net/hz/ed/listing-thumb-543w/7faa0734389f9f3204f01459efda0e23/-/horizon-files-prod/ed/picture/qwep66p6/1230119ebc0cfbf256a5d0421c10db738a6ded5b.jpg
399,"<h1 class=""listing-item__header"">
    Hp probook 440 G6 core i5
</h1>",Venant,HP,185 000 ,Hlm,https://i.roamcdn.net/hz/ed/listing-thumb-543w/de938061f3b415d27fb24ad5d531f402/-/horizon-files-prod/ed/picture/q2j0xxqk/7523f12f040fc8164693948fdc14ae4d1abf4164.jpg
400,"<h1 class=""listing-item__header"">
    Dell 3189 Tactile pliable
</h1>",Venant,Dell,105 000 ,Médina,https://i.roamcdn.net/hz/ed/listing-thumb-543w/6bada46eb74c3ee4986289bf73f6f620/-/horizon-files-prod/ed/picture/qrz8xxqg/81c6f10411e345e17ef8abcede660feadfe1e638.jpg
401,"<h1 class=""listing-item__header"">
    HP 840 G3 Intel Core i5/ Ram 8GB / DD 256GB SSD
</h1>",Venant,HP,150 000 ,Médina,https://i.roamcdn.net/hz/ed/listing-thumb-543w/50a23939b54ee2cb7b4beb25046077c4/-/horizon-files-prod/ed/picture/qwep66e6/12291b43a03d687cd5918caf042974d0a883c50a.jpg
402,"<h1 class=""listing-item__header"">
    Lenovo Tactile✅ Nvidia + 2 Batteries - i7- 500 Go ssd
</h1>",Venant,Lenovo,200 000 ,Hlm,https://i.roamcdn.net/hz/ed/listing-thumb-543w/a1f4f02386ed97381afe93753b678200/-/horizon-files-prod/ed/picture/qj4q00jr/ded952e910fdd0b7d7746ba76860db69cfe824a2.jpg
403,"<h1 class=""listing-item__header"">
    Lenovo X. Yoga-✅ i5.10th gen- 16go/500go ssd-13 pouces
</h1>",Venant,Lenovo,200 000 ,Hlm,https://i.roamcdn.net/hz/ed/listing-thumb-543w/4224e352d66a08fafbc6b5b54e098d50/-/horizon-files-prod/ed/picture/q8v477v6/59320af8500c8869bc11f3e24130cf16a4e74f36.jpg
404,"<h1 class=""listing-item__header"">
    Microsoft surface pro 3 i5 4/128
</h1>",Venant,Microsoft Surface,95 000 ,Médina,https://i.roamcdn.net/hz/ed/listing-thumb-543w/5fcceac08bd6cf402110cb20e56a3694/-/horizon-files-prod/ed/picture/qv4wjj4m/9bbc6c9b1cdc29ad73ddc64d3be558b1e7bd411f.jpg
405,"<h1 class=""listing-item__header"">
    MacBook pro 2020 i7 16go/512go
</h1>",Neuf,Apple,390 000 ,Derkle,https://i.roamcdn.net/hz/ed/listing-thumb-543w/dba9a310018b02b6c2d8473e545674ed/-/horizon-files-prod/ed/picture/qpdm44pr/c5f6f10b0dc5dec3886cca9ca0cdf1b7d3bd4d15.jpg
406,"<h1 class=""listing-item__header"">
    Lenovo i5 Tactile- 2 Batteries- 8Go Ram- 256Go Ssd
</h1>",Venant,Lenovo,115 000 ,Hlm,https://i.roamcdn.net/hz/ed/listing-thumb-543w/93f736b0672840cfd8edefcc9de1727f/-/horizon-files-prod/ed/picture/qngpqv4x/225ddef4564bcf2237408bc6c3f4730f9417fa42.jpg
407,"<h1 class=""listing-item__header"">
    Dell 7490 cor i7 de 8th gen
</h1>",Venant,Dell,220 000 ,Médina,https://i.roamcdn.net/hz/ed/listing-thumb-543w/0130bdac15a0435ce0f2caf7432969b1/-/horizon-files-prod/ed/picture/q0g78dzx/89778b9fea313452182fd7b6f21e2a6cbed7fde8.jpg
408,"<h1 class=""listing-item__header"">
    Dell i5 10th 256g ram 16g tactile
</h1>",Venant,Dell,185 000 ,Yoff,https://i.roamcdn.net/hz/ed/listing-thumb-543w/9aaf90c45516bc8025a6987ce244562d/-/horizon-files-prod/ed/picture/qngpqvqk/b966604e25ccc84f1d6b6c5d6a926cfc4a3eee1e.jpg
409,"<h1 class=""listing-item__header"">
    Hp
</h1>",Venant,HP,180 000 ,Plateau,https://i.roamcdn.net/hz/ed/listing-thumb-543w/615c270294c18d20ffef9d480e76eeef/-/horizon-files-prod/ed/picture/qenvk8k9/b0e65f84105a32d3beaa0c98eb3819508eb55e4f.jpg
410,"<h1 class=""listing-item__header"">
    LENOVO L14 onzième
</h1>",Venant,Lenovo,335 000 ,Médina,https://i.roamcdn.net/hz/ed/listing-thumb-543w/2fb70ef56ca9e5d07dadbcaa2a28bcf5/-/horizon-files-prod/ed/picture/q9mjv2q8/c5010513856bfb54cd5b4876d38254061b325c05.jpg
411,"<h1 class=""listing-item__header"">
    LENOVO X1 NANO EVO I5
</h1>",Venant,Lenovo,380 000 ,Médina,https://i.roamcdn.net/hz/ed/listing-thumb-543w/3ad01f944987d8b779c5ed7f43969e4f/-/horizon-files-prod/ed/picture/qgqw7e9k/14781207e5c70e6757cd9143f1ec2d9349d35cab.jpg
412,"<h1 class=""listing-item__header"">
    Msi Cyborg 15 RTX 4060
</h1>",Neuf,MSI,680 000 ,Médina,https://i.roamcdn.net/hz/ed/listing-thumb-543w/5fa1a9a14709fe4c47c2c707bf9a5833/-/horizon-files-prod/ed/picture/qgqw6r72/1799733a3d2df87ba22e61e61b8b973004a6c7fb.png
413,"<h1 class=""listing-item__header"">
    Promo☄️Dell latitude 3189 2in1 x360 Ram8
</h1>",Venant,Dell,90 000 ,Médina,https://i.roamcdn.net/hz/ed/listing-thumb-543w/bb7c68e4607195668258efcc93186328/-/horizon-files-prod/ed/picture/qq42rnxn/7197b67b74b60e727f2888cb12acf0ecce4b61dd.jpg
414,"<h1 class=""listing-item__header"">
    Lenovo Thinkpad T14 Ryzen 5Pro Ram16
</h1>",Neuf,Lenovo,225 000 ,Médina,https://i.roamcdn.net/hz/ed/listing-thumb-543w/ec35faba82d07f15dc21c2c7afc33cc2/-/horizon-files-prod/ed/picture/q6xdjw8v/3060da310b2aa69c4ecf238b8715e3dfce75eaa8.jpg
415,"<h1 class=""listing-item__header"">
    Magic Keyboard 13-inch
</h1>",Venant,Apple,220 000 ,Nord foire,https://i.roamcdn.net/hz/ed/listing-thumb-543w/67f653f1cc5f98ec3cf5e979a96f7049/-/horizon-files-prod/ed/picture/qenvzw9v/610fb1edb3520784ef24697de64997952cc04a77.png
416,"<h1 class=""listing-item__header"">
    MacBook Air 2017 Corei7
</h1>",Venant,Apple,250 000 ,Médina,https://i.roamcdn.net/hz/ed/listing-thumb-543w/d6e2d4757edf05a0e9be934bff57a345/-/horizon-files-prod/ed/picture/q44ng9w5/ad1beeb3f10861b476f05d7c21b14dd2371bef15.jpg
417,"<h1 class=""listing-item__header"">
    Ordinateur Portable Lenovo ThinkBook 14 Gen 4
</h1>",Neuf,Lenovo,350 000 ,Médina,https://i.roamcdn.net/hz/ed/listing-thumb-543w/e50c6d1222282ba36bd5e402b8f10925/-/horizon-files-prod/ed/picture/qngpqv8g/b97f4e17c05012903f28a081aa156dfb9282abb1.jpg
418,"<h1 class=""listing-item__header"">
    Macbook air M1
</h1>",Venant,Apple,330 000 ,Plateau,https://i.roamcdn.net/hz/ed/listing-thumb-543w/9f2a02ac5a7cb93ba6c0d568b4cfb958/-/horizon-files-prod/ed/picture/q0g740kk/9413f173ac10298ac122bf1b6bd6fd59ef46017f.jpg
419,"<h1 class=""listing-item__header"">
    Promo☄️Hp EliteBook 840 Corei5 256ssd Ram8
</h1>",Neuf,HP,150 000 ,Médina,https://i.roamcdn.net/hz/ed/listing-thumb-543w/6d47156b1fff2e6d5f054dc9537265a3/-/horizon-files-prod/ed/picture/qenvk8mk/1221a5cdb5cf86de18f91f47c2ddffaac0bcc69c.jpg
420,"<h1 class=""listing-item__header"">
    MacBook Pro 2019 i5
</h1>",Venant,Apple,300 000 ,Médina,https://i.roamcdn.net/hz/ed/listing-thumb-543w/2f156588de9d4956cfbedb5df365cc87/-/horizon-files-prod/ed/picture/qngp8zjr/d959c72e0d6e8ef0c381526879aa7e353cf37235.jpg
421,"<h1 class=""listing-item__header"">
    Micro dell i5 8th 256g 8g hdmi
</h1>",Venant,Dell,85 000 ,Yoff,https://i.roamcdn.net/hz/ed/listing-thumb-543w/e7454ec924e0bae9f21588c5f8ae2a2f/-/horizon-files-prod/ed/picture/q0g746dm/0530f467b83d41aa7bf4464539db0d997c406e36.jpg
422,"<h1 class=""listing-item__header"">
    Vente MacBook Pro M3 Max
</h1>",Venant,Apple,2 300 000 ,Plateau,https://i.roamcdn.net/hz/ed/listing-thumb-543w/2022c1426a985a1888692aa54b610eab/-/horizon-files-prod/ed/picture/qpdmr7gx/047e5da0a6af3813a7af0c3e809b365266499657.jpg
423,"<h1 class=""listing-item__header"">
    Imac 2017 4k 21.5  2Go graphique
</h1>",Venant,Apple,275 000 ,Yoff,https://i.roamcdn.net/hz/ed/listing-thumb-543w/197ad0da622e748f62a085379669fe97/-/horizon-files-prod/ed/picture/q8v47rex/ff684f6bde795f8b97c7e2e0012ed3d7cae62d3d.jpg
424,"<h1 class=""listing-item__header"">
    UC Mac Studio 2022 M1 Max
</h1>",Venant,Apple,1 000 000 ,Yoff,https://i.roamcdn.net/hz/ed/listing-thumb-543w/df5ef1c83dffed7d08afe0fee3ab9858/-/horizon-files-prod/ed/picture/q56dkqe6/93148cffd0aa22845516182a26a407c7f0b8773e.jpg
425,"<h1 class=""listing-item__header"">
    Apple Imac core i5 1tera (1000giga) 8giga ram 21.5 pouces
</h1>",Venant,Apple,200 000 ,Point-e,https://i.roamcdn.net/hz/ed/listing-thumb-543w/1a2b0ddf09d8ec6ac9e993e7b2fcde01/-/horizon-files-prod/ed/picture/q9mj68jj/a2fefa7788ad74c433be69c5cb2cfd1b3794f9d0.jpg
426,"<h1 class=""listing-item__header"">
    Acer nitro 5 Rtx 3050Ti 4Go DDR6
</h1>",Venant,Acer,400 000 ,Yoff,https://i.roamcdn.net/hz/ed/listing-thumb-543w/f2e071164e33bc9d41e54c0e947e9b7d/-/horizon-files-prod/ed/picture/q2j0x9vg/0cf0bcb31aaa4f2fc06302949f19c36f27f80838.jpg
427,"<h1 class=""listing-item__header"">
    HP elitebook 1040 G7
</h1>",Neuf,HP,350 000 ,Plateau,https://i.roamcdn.net/hz/ed/listing-thumb-543w/77ce7f314ba9d95f0697f4be44ceb5ac/-/horizon-files-prod/ed/picture/qkr8n08x/6939a6618709e674d715380bc97d702bcbdab161.jpg
428,"<h1 class=""listing-item__header"">
    𝗛𝗣 𝗘𝗟𝗜𝗧𝗘𝗕𝗢𝗢𝗞 𝟴𝟮𝟬 𝗚𝟯 | 𝗜𝟱 | 𝟲 𝗚𝗘𝗡
</h1>",Venant,HP,125 000 ,Médina,https://i.roamcdn.net/hz/ed/listing-thumb-543w/307d9ec3189baf025a1479d52da7195f/-/horizon-files-prod/ed/picture/qm5gwq9q/d61fe40fa24104997cefb2c35c92df224448beac.jpg
429,"<h1 class=""listing-item__header"">
    𝗛𝗣 𝗘𝗟𝗜𝗧𝗘𝗕𝗢𝗢𝗞 𝟴𝟰𝟬 𝗚𝟰 | 𝗜𝟳 | 𝗧𝗔𝗖𝗧𝗜𝗟𝗘
</h1>",Venant,HP,190 000 ,Médina,https://i.roamcdn.net/hz/ed/listing-thumb-543w/3e6700149864fc717c8a3355f10c0d4f/-/horizon-files-prod/ed/picture/qq42rx86/3181f2004efa0586672b3ed1a7d456088707d728.jpg
430,"<h1 class=""listing-item__header"">
    𝗛𝗣 𝗘𝗟𝗜𝗧𝗘𝗕𝗢𝗢𝗞 𝟴𝟰𝟬 𝗚𝟰 | 𝗶𝟱 | 𝟳𝗚𝗲𝗻
</h1>",Venant,HP,150 000 ,Médina,https://i.roamcdn.net/hz/ed/listing-thumb-543w/74ce596dacfd532645dc483faa10eef3/-/horizon-files-prod/ed/picture/qq42rxv6/a3ea886a53ad497d3e6528c47f14809e2e177bb2.jpg
431,"<h1 class=""listing-item__header"">
    𝗛𝗣 𝗘𝗟𝗜𝗧𝗘𝗕𝗢𝗢𝗞 𝟴𝟰𝟬 𝗚𝟯 | 𝗜𝟱 | 𝗧𝗔𝗖𝗧𝗜𝗟𝗘
</h1>",Venant,HP,150 000 ,Médina,https://i.roamcdn.net/hz/ed/listing-thumb-543w/ce943bad7fc2eec76268d557fde92065/-/horizon-files-prod/ed/picture/qenvkz7d/fd000db53912071b5f74eebf33a7bafa0b739c6a.jpg
432,"<h1 class=""listing-item__header"">
    𝗛𝗣 𝗘𝗟𝗜𝗧𝗘𝗕𝗢𝗢𝗞 𝟴𝟱𝟬 𝗚𝟯 | 𝗜𝟳 | 𝗧𝗔𝗖𝗧𝗜𝗟𝗘
</h1>",Venant,HP,200 000 ,Médina,https://i.roamcdn.net/hz/ed/listing-thumb-543w/073e62530f00cf7660901ea8de9441a7/-/horizon-files-prod/ed/picture/q9mjvxw5/eae5c42fd18b0c0239720e30422053ad3664561e.jpg
433,"<h1 class=""listing-item__header"">
    MacBook Pro M4 Pro 14""
</h1>",Neuf,Apple,1 450 000 ,Sicap Sacré-cœur,https://i.roamcdn.net/hz/ed/listing-thumb-543w/14846041d9746b828880d4f27b388e54/-/horizon-files-prod/ed/picture/qj4q0zzr/46546013ce959ccc171e3fbd14013c26f22af173.jpg
434,"<h1 class=""listing-item__header"">
    ALL IN ONE HP CORE I7 27 POUCES TACTILE
</h1>",Neuf,HP,849 900 ,Médina,https://i.roamcdn.net/hz/ed/listing-thumb-543w/d12274eaa5421e2264b4e4951f06f35c/-/horizon-files-prod/ed/picture/qj4q09p6/047733608e604020a5a9a54485eb8f2188db6531.jpg
435,"<h1 class=""listing-item__header"">
    ✅ Mac Air M1- Gold- 8Go Ram-  256go Ssd ✅
</h1>",Venant,Apple,420 000 ,Hlm,https://i.roamcdn.net/hz/ed/listing-thumb-543w/0858fc569e4d6527964d477156847b76/-/horizon-files-prod/ed/picture/q8v47r49/b63a366dca228015412ea846b0bdbe744f00f619.jpg
436,"<h1 class=""listing-item__header"">
    ✅ Mac Air 2020 - 256Go SSD- 13 Pouces
</h1>",Venant,Apple,350 000 ,Hlm,https://i.roamcdn.net/hz/ed/listing-thumb-543w/b16045aa0de90ae4a2ac31d8a526d9e7/-/horizon-files-prod/ed/picture/qq42rx2w/fac607ff4dfa3433c9603a0007bfb6da244a9d72.jpg
437,"<h1 class=""listing-item__header"">
    ✅ Lenovo - i7 + Nvidia- 32Go Ram- 500Go Ssd
</h1>",Venant,Lenovo,400 000 ,Hlm,https://i.roamcdn.net/hz/ed/listing-thumb-543w/ff398abf900898abe0ef6fef33f5b588/-/horizon-files-prod/ed/picture/qwep60pg/3f7a5a6145e3235cb744f226a1de38a0a29e7d15.jpg
438,"<h1 class=""listing-item__header"">
    ✅Lenovo X1 Carbon- i5.12th- 16Go Ram-Tactile-
</h1>",Venant,Lenovo,300 000 ,Hlm,https://i.roamcdn.net/hz/ed/listing-thumb-543w/d0ec7da5fcaef92fbf547b864cb48761/-/horizon-files-prod/ed/picture/q0g74v7w/fd02c77257a2c98a9bde8f2bf3e9d787d6877c07.jpg
439,"<h1 class=""listing-item__header"">
    ✅ Hp Zbook- i7- Nvidia- 16Go Ram - 500Go Ssd
</h1>",Venant,HP,250 000 ,Hlm,https://i.roamcdn.net/hz/ed/listing-thumb-543w/461f7fb51bf68ecdf5915a881ba3e5a0/-/horizon-files-prod/ed/picture/q78w64w8/81982d901542afaa1884d9b4a8741fea563d7b3b.jpg
440,"<h1 class=""listing-item__header"">
    Macbook M1 2020
</h1>",D'occasion,Apple,600 000 ,Grand-Dakar,https://i.roamcdn.net/hz/ed/listing-thumb-543w/419c735c4c42bfd78ad0b6058e1525b3/-/horizon-files-prod/ed/picture/qwepx5pm/f8e7adb2dbdca837985c17f1c9ba58702f547082.png
441,"<h1 class=""listing-item__header"">
    ✅ Lenovo i7 Yoga - Nvidia 2GO Dedié + Stylet
</h1>",Venant,Lenovo,175 000 ,Hlm,https://i.roamcdn.net/hz/ed/listing-thumb-543w/877e7ea438de5049cc43198e63db6f89/-/horizon-files-prod/ed/picture/qxjp792z/1940967d586e94a0e17963281f81da3ffc25e1d0.jpg
442,"<h1 class=""listing-item__header"">
    ✅ Lenovo i5 Yoga + Stylet - Ecran Tactile x360
</h1>",Venant,Lenovo,130 000 ,Hlm,https://i.roamcdn.net/hz/ed/listing-thumb-543w/7919cbf2c48e0a5503b7e2e138165e98/-/horizon-files-prod/ed/picture/qzvp0w4g/00eecc89dc168e9bf6ffe77bfb395c0097210592.jpg
443,"<h1 class=""listing-item__header"">
    Apple Studio Display 27 pouces
</h1>",Neuf,Apple,1 200 000 ,Fenêtre mermoz,https://i.roamcdn.net/hz/ed/listing-thumb-543w/e461732e77d02681f1fde714c3bac405/-/horizon-files-prod/ed/picture/qwep69d6/c3931d0b88b0cb6cf30c21535a9f4aa3406e3bc3.jpg
444,"<h1 class=""listing-item__header"">
    iMac 27 pouces i5 32GB SSD 512GB
</h1>",Neuf,Apple,1 400 000 ,Fenêtre mermoz,https://i.roamcdn.net/hz/ed/listing-thumb-543w/fb304da98ee3b8fda0af93a2f17f539f/-/horizon-files-prod/ed/picture/qpdm45xm/729b4c2f984ceef5e6cc2898708fc42e814c2b1c.jpg
445,"<h1 class=""listing-item__header"">
    HP ELITEBOOK 840 G3 | i7
</h1>",Venant,HP,135 000 ,Médina,https://i.roamcdn.net/hz/ed/listing-thumb-543w/d1fe0c2c6338967395c83911f9e7350f/-/horizon-files-prod/ed/picture/q6xk99m6/ca42b8f3181f774ad741548b144b1cb0f6895f0c.jpg
446,"<h1 class=""listing-item__header"">
    iMac 27 pouces i5 8GB SSD 512GB
</h1>",Neuf,Apple,1 050 000 ,Fenêtre mermoz,https://i.roamcdn.net/hz/ed/listing-thumb-543w/16b0a6f62ffcba40c2c314dd0162a813/-/horizon-files-prod/ed/picture/q6xdj2ez/6083683b2d3be6cee789a442cecce71e813c3099.jpg
447,"<h1 class=""listing-item__header"">
    HP ELITEBOOK 840 G3 | i5 | 6 Gen
</h1>",Venant,HP,125 000 ,Médina,https://i.roamcdn.net/hz/ed/listing-thumb-543w/bb8273fecf8243f4f494de85c42a0168/-/horizon-files-prod/ed/picture/qxjp7n04/8215b78ac85177d16cbff765987a3251872a8720.jpg
448,"<h1 class=""listing-item__header"">
    iMac 21 pouces i3 8GB SSD 256
</h1>",Neuf,Apple,600 000 ,Fenêtre mermoz,https://i.roamcdn.net/hz/ed/listing-thumb-543w/da1b0c673e41d5fb7d61d7fe5c95fd48/-/horizon-files-prod/ed/picture/qpdm45zm/156763bc2c33ae522439ce3a41eb499b80308114.jpg
449,"<h1 class=""listing-item__header"">
    iMac 27 pouces i5 32GB SSD 1TB
</h1>",Neuf,Apple,1 100 000 ,Fenêtre mermoz,https://i.roamcdn.net/hz/ed/listing-thumb-543w/64df9db5630a7b83187897830624933b/-/horizon-files-prod/ed/picture/q44ng2kz/56fb77045d1838d79a0f5f2e724e561232da5916.jpg
450,"<h1 class=""listing-item__header"">
    iMac 27 pouces i5 64GB SSD 512
</h1>",Neuf,Apple,1 599 000 ,Fenêtre mermoz,https://i.roamcdn.net/hz/ed/listing-thumb-543w/db865bed7dbf029c948427fba5dfe7d9/-/horizon-files-prod/ed/picture/q78w6d2m/d34603b21eaa6b4a4fb65884135cbc179111c610.png
451,"<h1 class=""listing-item__header"">
    iMac 27 pouces i5 16GB SSD 256
</h1>",Réconditionné,Apple,850 000 ,Fenêtre mermoz,https://i.roamcdn.net/hz/ed/listing-thumb-543w/8578068abd8d7228a36fee154757af16/-/horizon-files-prod/ed/picture/qngpqkex/f4215fafbd1f70b2bccb02067f2a3d118ab8afd2.png
452,"<h1 class=""listing-item__header"">
    iMac 27 pouces i5 8GB SSD 256
</h1>",Réconditionné,Apple,875 000 ,Fenêtre mermoz,https://i.roamcdn.net/hz/ed/listing-thumb-543w/6f616c8171bdfd021cca9179182ae6e6/-/horizon-files-prod/ed/picture/qm5gwk7d/287da4010ddb00e5d5f187be589c6acc9573f93d.jpg
453,"<h1 class=""listing-item__header"">
    iMac 27 pouces i5 8GB SSD 1TB
</h1>",Réconditionné,Apple,1 000 000 ,Fenêtre mermoz,https://i.roamcdn.net/hz/ed/listing-thumb-543w/6ff6913734a64c0b792fca893a5394a6/-/horizon-files-prod/ed/picture/qj4q0d9d/6219013668fe4e346fd14e4e5949ee463acfdfdf.jpg
454,"<h1 class=""listing-item__header"">
    iMac 27 pouces i7 8GB SSD 1TB
</h1>",Réconditionné,Apple,1 100 000 ,Fenêtre mermoz,https://i.roamcdn.net/hz/ed/listing-thumb-543w/ecc6fef2a8b6954096e2726d286c4a73/-/horizon-files-prod/ed/picture/q2j0x22v/2fdfefbd766d0dd0176c6cb9cab6fc8c36eafd1f.jpg
455,"<h1 class=""listing-item__header"">
    iMac 27 pouces i7 8GB SSD 2TB
</h1>",Réconditionné,Apple,1 200 000 ,Fenêtre mermoz,https://i.roamcdn.net/hz/ed/listing-thumb-543w/a2921f4c04e4f4d9d5d77e7fc92743e9/-/horizon-files-prod/ed/picture/q9mjv2g6/123b39b52080ed8e03d2f5cf17425dbc95cba93c.jpg
456,"<h1 class=""listing-item__header"">
    Ecran HP 32F Display Full HD 32"" 1920 x 1080
</h1>",Neuf,HP,225 000 ,Médina,https://i.roamcdn.net/hz/ed/listing-thumb-543w/d071bd56403aea4c8c5bb320b416051e/-/horizon-files-prod/ed/picture/q56d2vmx/5907742ff1bdb986ea042845f6705d57b6746d0e.png
457,"<h1 class=""listing-item__header"">
    Macbook air M2 (2022)
</h1>",Venant,Apple,420 000 ,Plateau,https://i.roamcdn.net/hz/ed/listing-thumb-543w/9aa8ed355ce03be6feabef43453218c3/-/horizon-files-prod/ed/picture/qxjp7ne0/c2e3fbc6dd57dbaaa0e213201dee50f23ee00c29.jpg
458,"<h1 class=""listing-item__header"">
    Surface Laptop 3 15 Pouces - AMD Ryzen 5 | 16GB RAM | 256
</h1>",Venant,Microsoft Surface,310 000 ,Point-e,https://i.roamcdn.net/hz/ed/listing-thumb-543w/b218e413afdb18f5a5117d56733a5e00/-/horizon-files-prod/ed/picture/q78wg04n/990ee1fed94765c03d42eebfced16ca59737767f.jpg
459,"<h1 class=""listing-item__header"">
    Surface Book 3 15 Pouces - I7 10th | 16GB RAM | 256
</h1>",Venant,Microsoft Surface,350 000 ,Point-e,https://i.roamcdn.net/hz/ed/listing-thumb-543w/71161794488e916d65302e1c117bf3b7/-/horizon-files-prod/ed/picture/q8v4g9dp/74922186b10133063df8dc2b19c280a0bfc6352e.jpg
460,"<h1 class=""listing-item__header"">
    MSI Modern 15H - I9 13th | 32GB RAM | 1 Téra
</h1>",Venant,MSI,600 000 ,Point-e,https://i.roamcdn.net/hz/ed/listing-thumb-543w/10df34f6241cad434bf5415397326276/-/horizon-files-prod/ed/picture/qrz8620g/42234a7eb2e980d1478a434f1c62bf4edb3d3f77.jpg
461,"<h1 class=""listing-item__header"">
    DELL INSPIRON 14 5441
</h1>",Neuf,Dell,475 000 ,Cité keur gorgui,https://i.roamcdn.net/hz/ed/listing-thumb-543w/ab5e2c57d39164f4eb7171107a8e0965/-/horizon-files-prod/ed/picture/q44ngnn5/3d040f8aa1d1a2b244ed72cf1bcc358bf88d1d4a.jpg
462,"<h1 class=""listing-item__header"">
    HP - Dell core i7 disc 1t ram 16g
</h1>",Venant,HP,95 000 ,Yoff,https://i.roamcdn.net/hz/ed/listing-thumb-543w/c8ff6f9b1b449325196380ace065db34/-/horizon-files-prod/ed/picture/q78w6dxe/222bf1e0886983ea2766056bb5b3ed8bf1cce3ac.jpg
463,"<h1 class=""listing-item__header"">
    iMac 21 pouces i5 8GB SSD 256
</h1>",Neuf,Apple,750 000 ,Fenêtre mermoz,https://i.roamcdn.net/hz/ed/listing-thumb-543w/a0ef13ad691f0372e6dfdeed6732bb6a/-/horizon-files-prod/ed/picture/qkr8zd62/8395eada563172902bc3685e539bfadce506ef7e.jpg
464,"<h1 class=""listing-item__header"">
    iMac 24 pouces M1 16GB 2TB
</h1>",Neuf,Apple,1 349 000 ,Fenêtre mermoz,https://i.roamcdn.net/hz/ed/listing-thumb-543w/7e5277165d618abb4bb7b259a537c3b4/-/horizon-files-prod/ed/picture/qde7gz0m/0d6d0bd7bdee73d6e756e539145ce89283ae4ae3.jpg
465,"<h1 class=""listing-item__header"">
    iMac 24 pouces M1 8GB SSD 256GB
</h1>",Neuf,Apple,949 000 ,Fenêtre mermoz,https://i.roamcdn.net/hz/ed/listing-thumb-543w/d13e55fac78ddb09f3dd7791ddefc8de/-/horizon-files-prod/ed/picture/qq42rk7k/b460fc8f7a8dce986162b2356357cb028be1e736.jpg
466,"<h1 class=""listing-item__header"">
    Guemerr msi core i7 12 ème génération
</h1>",Neuf,MSI,700 000 ,Parcelles Assainies,https://i.roamcdn.net/hz/ed/listing-thumb-543w/86c2e90f4cd842b54a25b890ee193dfa/-/horizon-files-prod/ed/picture/q6xdj2dp/111743143ba0bfb06123b0e1707d0cbd791176ee.jpg
467,"<h1 class=""listing-item__header"">
    Dell latitude 9520 i7 11th Génération 2in1 yoga 15 inch
</h1>",Neuf,Dell,420 000 ,Médina,https://i.roamcdn.net/hz/ed/listing-thumb-543w/714588c85ddf2682c0c254751fd87c09/-/horizon-files-prod/ed/picture/q2j0920g/e92fa0e7794fedfda9f089ae1f38f6d052287565.jpg
468,"<h1 class=""listing-item__header"">
    Hp probook 440 G7
</h1>",Venant,HP,175 000 ,Yoff,https://i.roamcdn.net/hz/ed/listing-thumb-543w/a8797a01ae277ac0d94f02da2f9a3636/-/horizon-files-prod/ed/picture/qrz8x44m/ae388f6010a97b4ff9823942e083edeb0a1aa7ad.jpg
469,"<h1 class=""listing-item__header"">
    HP PROBOOK X360 G1 | DUAL CORE
</h1>",Venant,HP,65 000 ,Médina,https://i.roamcdn.net/hz/ed/listing-thumb-543w/428f8c49f30438986bd29ae82d16235d/-/horizon-files-prod/ed/picture/qj4jenzv/8a559b545042fedc08b2cb760ff4eca422673666.jpg
470,"<h1 class=""listing-item__header"">
    𝗢𝗥𝗗𝗜𝗡𝗔𝗧𝗘𝗨𝗥 𝗗𝗘 𝗕𝗨𝗥𝗘𝗔𝗨 𝗛𝗣 𝗣𝗥𝗢𝗗𝗘𝗦𝗞 𝟰𝟬𝟬 𝗚𝟭 | 𝗖𝗢𝗥𝗘 𝗜𝟳
</h1>",Venant,HP,100 000 ,Médina,https://i.roamcdn.net/hz/ed/listing-thumb-543w/91f8e4ac4215379bed0e145ab0924681/-/horizon-files-prod/ed/picture/qpdmgmgv/03b8f11adde71689b5d2d4c08e7b9032e4b441c8.jpg
471,"<h1 class=""listing-item__header"">
    HP PROBOOK 440 G5 | i5 | 8eme GEN
</h1>",Venant,HP,135 000 ,Médina,https://i.roamcdn.net/hz/ed/listing-thumb-543w/3809eaa72164d3e406f8ca0ac34bef5a/-/horizon-files-prod/ed/picture/q8v5kj97/1e759d3c84a910094100eb1fcad9dd3afb4e5252.jpg
472,"<h1 class=""listing-item__header"">
    HP PROBOOK 440 G6 | i5 | 8eme GEN
</h1>",Venant,HP,175 000 ,Médina,https://i.roamcdn.net/hz/ed/listing-thumb-543w/9ecd5b4cc0d063d6353e74a09a891496/-/horizon-files-prod/ed/picture/q2jrv8pq/73301dc1baf72a5438eeb798c9690ea36ec47eec.jpg
473,"<h1 class=""listing-item__header"">
    Gamer VICTUS by HP Gaming laptop 15-fa0xxx. Core i5
</h1>",Venant,Noir,495 000 ,Hlm,https://i.roamcdn.net/hz/ed/listing-thumb-543w/e2a4feed2baf4a64a017d41a395a1a7d/-/horizon-files-prod/ed/picture/qrz8x47q/18971fbfbc161e54c04eecf6d43bb3929ffb27a1.jpg
474,"<h1 class=""listing-item__header"">
    HP Spectre x360 i7- 512go SSD
</h1>",Neuf,HP,285 000 ,Liberte 6,https://i.roamcdn.net/hz/ed/listing-thumb-543w/ea3f2ba682a47787b8d88fb6e7dae7e1/-/horizon-files-prod/ed/picture/qwe28e4d/72027c06871b1d6bbad6dac40e02fe33a437f812.jpg
475,"<h1 class=""listing-item__header"">
    Dell latitude 5330 i7 12th
</h1>",Neuf,Dell,390 000 ,Derkle,https://i.roamcdn.net/hz/ed/listing-thumb-543w/6b9713efc10decbedf093d319c1b5de5/-/horizon-files-prod/ed/picture/q0g7nm9e/70c8c627325dd4d93337c4f1da827c616e4d58d3.png
476,"<h1 class=""listing-item__header"">
    Lenovo X1 carbone core i7
</h1>",Neuf,Lenovo,290 000 ,Derkle,https://i.roamcdn.net/hz/ed/listing-thumb-543w/ed454cad0929e9bc0a6dbc6582ee7aed/-/horizon-files-prod/ed/picture/qwep6p2z/d752a169d313366d06f938ea6851d7bd1d2cc0a3.png
477,"<h1 class=""listing-item__header"">
    ✅  Lenovo Yoga + stylet - Ecran Tactile x360
</h1>",Venant,Lenovo,130 000 ,Hlm,https://i.roamcdn.net/hz/ed/listing-thumb-543w/f9c1d364337ee6a03f24d9722969a789/-/horizon-files-prod/ed/picture/qenvkjvd/3c3c8bc2d054f890a37cc2ec1ed154d27a3952d5.jpg
478,"<h1 class=""listing-item__header"">
    Ordinateur Lenovo en Promotion
</h1>",Venant,Lenovo,79 900 ,Médina,https://i.roamcdn.net/hz/ed/listing-thumb-543w/c80a486d988afa59818ffd99dc895910/-/horizon-files-prod/ed/picture/qwep684g/43fa9ffb8c01914876f1eaf0da3f5f37c5ef584f.jpg
479,"<h1 class=""listing-item__header"">
    Ordinateur Hp Core i5 Ram 16giga
</h1>",Réconditionné,HP,229 900 ,Médina,https://i.roamcdn.net/hz/ed/listing-thumb-543w/125c85a6f417996f773edb1d3cfefe75/-/horizon-files-prod/ed/picture/q8v47dw9/42ae4b8f6896f965bb4b1644a16d053728b1b712.jpg
480,"<h1 class=""listing-item__header"">
    Disque dur externe 4Tb
</h1>",Neuf,Autre,200 000 ,Médina,https://i.roamcdn.net/hz/ed/listing-thumb-543w/2104d80a824ca2fda37dfb3cf3bb3a69/-/horizon-files-prod/ed/picture/qv4wjdpp/acfdc52addfa0bca5e825511f00316097f192d6d.jpg
481,"<h1 class=""listing-item__header"">
    Hp elitebook 1040 G7 i7
</h1>",Venant,HP,400 000 ,Médina,https://i.roamcdn.net/hz/ed/listing-thumb-543w/3c417c5be07830aac6faf71fffa7c674/-/horizon-files-prod/ed/picture/qkr8zrzw/141884106b37f8d39c903dba3ccd684258343192.jpg
482,"<h1 class=""listing-item__header"">
    Gamer Acer Nitro 5
</h1>",Venant,Acer,325 000 ,Médina,https://i.roamcdn.net/hz/ed/listing-thumb-543w/bd3afbaa8c752ef2c95456eed86dd48d/-/horizon-files-prod/ed/picture/qv4wvvj5/8c913bff47f0bb5b9744683994e119a912bec8c0.jpg
483,"<h1 class=""listing-item__header"">
    Dell 5330 douzième génération i5
</h1>",Venant,Dell,350 000 ,Médina,https://i.roamcdn.net/hz/ed/listing-thumb-543w/9383f379b56cd1c51b4496181f292dbf/-/horizon-files-prod/ed/picture/qpdm4gg0/dfdfc4ab039220a9d5428272b058317efc75ad7d.jpg
484,"<h1 class=""listing-item__header"">
    Lenovo yoga 15
</h1>",Neuf,Lenovo,350 000 ,Médina,https://i.roamcdn.net/hz/ed/listing-thumb-543w/8862f689d736ad0632cb5166dbd9d3fa/-/horizon-files-prod/ed/picture/qrz8x0mg/aacfbef47193602901f63bd5cd6483e419a37e15.jpg
485,"<h1 class=""listing-item__header"">
    ASUS Creator Q543B-U94060
</h1>",Neuf,ASUS,1 375 000 ,Médina,https://i.roamcdn.net/hz/ed/listing-thumb-543w/87f5cb2342592c6a6f8fe6593d910b8d/-/horizon-files-prod/ed/picture/qngpqznv/cf37be0ac61dc5ac58349335d4300e37474fd5b6.jpg
486,"<h1 class=""listing-item__header"">
    MSI Vector 16
</h1>",Neuf,MSI,1 375 000 ,Médina,https://i.roamcdn.net/hz/ed/listing-thumb-543w/72ca6051fb890a4059eb63d5652f02a0/-/horizon-files-prod/ed/picture/q78w6mrm/a1437fed03fe4daf528005de1c8cc28127efc5e9.jpg
487,"<h1 class=""listing-item__header"">
    Hp Envy 14 x360 Corei7 1To ssd Ram16 13éme Gen
</h1>",Neuf,HP,550 000 ,Médina,https://i.roamcdn.net/hz/ed/listing-thumb-543w/025079d531f39b039c5767cd351cbf58/-/horizon-files-prod/ed/picture/qrz8x00g/2809518aeb00d22b3e516363bd1645108e129fe1.jpg
488,"<h1 class=""listing-item__header"">
    Lenovo Thinkpad P14s Gen 4 de 13 eme Génération i7
</h1>",Neuf,Lenovo,480 000 ,Cambérène,https://i.roamcdn.net/hz/ed/listing-thumb-543w/52812f8799f6b991b7bee8261cc194d1/-/horizon-files-prod/ed/picture/qm5g7k9r/7628c6b4b8f68723c42dc7932930673595d8c30d.jpg
489,"<h1 class=""listing-item__header"">
    Lenovo X1 Carbone Gen 9 Core i7 ssd 512 Gb Ram 16 Gb
</h1>",Neuf,Lenovo,425 000 ,Cambérène,https://i.roamcdn.net/hz/ed/listing-thumb-543w/287b3222fa966ccd4ed604b8e445dacf/-/horizon-files-prod/ed/picture/qwep6pn0/19b4202208a462f26f015ab29e51878d3a3f1f28.jpg
490,"<h1 class=""listing-item__header"">
    Lenovo Thinkpad T16 de 13 eme Génération
</h1>",Neuf,Lenovo,350 000 ,Cambérène,https://i.roamcdn.net/hz/ed/listing-thumb-543w/4892b6383e6a46623dc2e262763d7f8d/-/horizon-files-prod/ed/picture/qpdm472r/cffcc0c74aa02d568a2fd1c913f7f8e64b51abe5.jpg
491,"<h1 class=""listing-item__header"">
    Lenovo ThinkPad T460s
</h1>",Venant,Lenovo,150 000 ,Plateau,https://i.roamcdn.net/hz/ed/listing-thumb-543w/a8a1ba7e62724366cb61bd7a8ae01388/-/horizon-files-prod/ed/picture/q6xdw4pv/14892f423c81f960010a06c3d9edc1c2f3b40f56.jpg
492,"<h1 class=""listing-item__header"">
    MacBook Air M3
</h1>",Neuf,Apple,850 000 ,Point-e,https://i.roamcdn.net/hz/ed/listing-thumb-543w/d32e47c02f33d7e38386f49e5e85c49f/-/horizon-files-prod/ed/picture/qgqwzmgk/4b8b450531d6fe4a8052b627bd4695e5865e1cb5.jpg
493,"<h1 class=""listing-item__header"">
    Macbook Air M2 2023
</h1>",Neuf,Apple,800 000 ,Point-e,https://i.roamcdn.net/hz/ed/listing-thumb-543w/449d62288c7cd10235ff18049e115a68/-/horizon-files-prod/ed/picture/q2j0ze8d/e1ab9711b546c1fb3d427532de3ada447ae28ed3.jpg
494,"<h1 class=""listing-item__header"">
    MacBook Pro 15'' 2016
</h1>",Venant,Apple,520 000 ,Point-e,https://i.roamcdn.net/hz/ed/listing-thumb-543w/4e16af8348284b47013782cc65804126/-/horizon-files-prod/ed/picture/qq47vdr7/dd82ee3049cfac7ec0beb6a8b0ae47167fbf189f.jpg
495,"<h1 class=""listing-item__header"">
    MSI Summit E13 I7 32GB RAM SSD 1TB
</h1>",Neuf,MSI,950 000 ,Fenêtre mermoz,https://i.roamcdn.net/hz/ed/listing-thumb-543w/a0867b7fc52e05bbcb08ad5e891f1c5a/-/horizon-files-prod/ed/picture/q6xdjmrg/a9d8310e4ad9a310bdaacdf1179abd4d0b63581d.jpg
496,"<h1 class=""listing-item__header"">
    Lenovo t560 i5 ram 8, 15 pouces
</h1>",Venant,Lenovo,145 000 ,Médina,https://i.roamcdn.net/hz/ed/listing-thumb-543w/43d7d5155513b27e158678175078093b/-/horizon-files-prod/ed/picture/qj4j0npd/043d794677097fef606821f28f51a278e90e591d.jpg
497,"<h1 class=""listing-item__header"">
    Mac Studio M2 MAX 64GB SSD 1TB
</h1>",Neuf,Apple,1 750 000 ,Fenêtre mermoz,https://i.roamcdn.net/hz/ed/listing-thumb-543w/bf495858e57c484ae40b647ba6b24e6b/-/horizon-files-prod/ed/picture/qrz8x06j/a6418578138e183fb88a80e72c6a593a48bdafcd.jpg
498,"<h1 class=""listing-item__header"">
    HP PROBOOK 450 G6
</h1>",Venant,HP,160 000 ,Médina,https://i.roamcdn.net/hz/ed/listing-thumb-543w/da2c81590e7450e25014c919a019bb04/-/horizon-files-prod/ed/picture/qq42492v/ef3cb5076bcc7b1295919d8243bb869e6340e6d9.jpg
499,"<h1 class=""listing-item__header"">
    Dell 7480 i5 16/512
</h1>",Venant,Dell,150 000 ,Médina,https://i.roamcdn.net/hz/ed/listing-thumb-543w/0488905020c1be50758a9c7bd9480d44/-/horizon-files-prod/ed/picture/qrz8zgr8/d4308d590c8930b046ca5f1753ed61f58393fc1e.jpg
500,"<h1 class=""listing-item__header"">
    Lenovo p51 gamer i7 40g ram
</h1>",Venant,Lenovo,280 000 ,Médina,https://i.roamcdn.net/hz/ed/listing-thumb-543w/d38d89d6e3ebc02bfe1c2d52a62a3802/-/horizon-files-prod/ed/picture/q78wg49z/74dc7d9a508c986ecee89d487ca022335d33c94a.jpg
501,"<h1 class=""listing-item__header"">
    « Promo » Hp 640 i5 8/500
</h1>",Venant,HP,100 000 ,Médina,https://i.roamcdn.net/hz/ed/listing-thumb-543w/bded63543f81d06814d52cae9b064028/-/horizon-files-prod/ed/picture/q56dpp9n/b8aff65b3f43c544c9a058b7bd90b5e123d9db3e.jpg
502,"<h1 class=""listing-item__header"">
    PROBOOK 640 G2 RAM 16Go Stockage 512Go pack
</h1>",Neuf,HP,150 000 ,Parcelles Assainies,https://i.roamcdn.net/hz/ed/listing-thumb-543w/8395dea256bf444b5d293b0332357712/-/horizon-files-prod/ed/picture/qv4wjq42/f10846634ee28d7a6b4684529052bc739c6db45b.jpg
503,"<h1 class=""listing-item__header"">
    Dell precision 5540 4k tactile 4Go graphique
</h1>",Venant,Dell,350 000 ,Yoff,https://i.roamcdn.net/hz/ed/listing-thumb-543w/0917be3ded62e8ac1b3f908dcec73084/-/horizon-files-prod/ed/picture/q8v47n8r/2db94c0712833706dae6f24d72c3e4c90c7d4486.jpg
504,"<h1 class=""listing-item__header"">
    Macbook pro retina 2015 i7 2Go graphique
</h1>",Venant,Apple,235 000 ,Yoff,https://i.roamcdn.net/hz/ed/listing-thumb-543w/c3be6d4ab165d06db8df7f984a4bbc5f/-/horizon-files-prod/ed/picture/qj4q029z/32d982177f40be6b476e01b90454f9fca5595dbe.jpg
505,"<h1 class=""listing-item__header"">
    Dell 3460 celeron
</h1>",Venant,Dell,100 000 ,Yoff,https://i.roamcdn.net/hz/ed/listing-thumb-543w/6fdf6c955fa5ebe7fadb20e284ab4cd8/-/horizon-files-prod/ed/picture/qzvp0eqk/f42176aa9b5a74f446b3cf8fa1bb54365beaf568.jpg
506,"<h1 class=""listing-item__header"">
    Lenovo T460 Core i7
</h1>",Venant,Lenovo,125 000 ,Yoff,https://i.roamcdn.net/hz/ed/listing-thumb-543w/45fc58e438e473a3cc75f9de21a4b6b0/-/horizon-files-prod/ed/picture/qgqw6zk4/95d62b295c0a73a104b18c40d07f7842eb83c026.jpg
507,"<h1 class=""listing-item__header"">
    Msi 27"" QHD 180Hz
</h1>",Neuf,MSI,245 000 ,Sicap Sacré-cœur,https://i.roamcdn.net/hz/ed/listing-thumb-543w/194ce8e8383972515d7b8308f409d11d/-/horizon-files-prod/ed/picture/q44ng728/70eb5a70a7d3bb3c958eaceebb74913cbb14348d.jpg
508,"<h1 class=""listing-item__header"">
    Lenovo x1 Carbon Gen10
</h1>",Neuf,Lenovo,650 000 ,Sicap Sacré-cœur,https://i.roamcdn.net/hz/ed/listing-thumb-543w/40f8147a1fbe190ae00214faa33c2934/-/horizon-files-prod/ed/picture/q8v47n2z/b31ef25fc5dc640005cbf37b3d7d884f7fd86e48.png
509,"<h1 class=""listing-item__header"">
    Lenovo t480s tactile
</h1>",Venant,Lenovo,150 000 ,Yoff,https://i.roamcdn.net/hz/ed/listing-thumb-543w/528925402d4c78bb9f78c071d69cdaa1/-/horizon-files-prod/ed/picture/qngpq2nr/85abe0ec41cd4ed4681f1eafddb247471e2ca4b8.jpg
510,"<h1 class=""listing-item__header"">
    MacBook Pro 14” (2024) – PUCE  M4 Pro
</h1>",Neuf,Apple,1 500 000 ,Médina,https://i.roamcdn.net/hz/ed/listing-thumb-543w/e274074f0bf866e8930d96ee3c409167/-/horizon-files-prod/ed/picture/q78w69rz/d223597a036ba57701da66d53b0d00c3d453c808.jpg
511,"<h1 class=""listing-item__header"">
    Hp elitebook 650 g9 12th i5
</h1>",Venant,HP,300 000 ,Liberte 6,https://i.roamcdn.net/hz/ed/listing-thumb-543w/fa13618d710238e9b80cdac6104fe208/-/horizon-files-prod/ed/picture/qv4wjxkg/f86dc107285c1a3c933e7688566ce39dc9d490d0.jpg
512,"<h1 class=""listing-item__header"">
    HP 840 G5 i5 8th ram 8
</h1>",Venant,HP,210 000 ,Médina,https://i.roamcdn.net/hz/ed/listing-thumb-543w/3d0adf685c838d725555ef4c4d4cde53/-/horizon-files-prod/ed/picture/q9m9zknw/6734aacf10890915518f81dfd63be75d2a688568.jpg
513,"<h1 class=""listing-item__header"">
    Hp pro book 6460b core i3
</h1>",Venant,HP,70 000 ,Mbour,https://i.roamcdn.net/hz/ed/listing-thumb-543w/0d534e0d9b2aaea87e1deacb7c5fd8ad/-/horizon-files-prod/ed/picture/q6xdjzq8/1d821a7681a495994279133a7191718bfdcb55fd.jpg
514,"<h1 class=""listing-item__header"">
    Serveur/ gamer : Dell precision 5810 xeon
</h1>",Venant,Dell,300 000 ,Mbour,https://i.roamcdn.net/hz/ed/listing-thumb-543w/fbbba58ea3ca5c2a13d20d6d6ad2a42d/-/horizon-files-prod/ed/picture/qq42rg2p/55aaa0b74ba9420b36a532637666aaa2cefe28ef.jpg
515,"<h1 class=""listing-item__header"">
    Surface Pro 11 Snapdragon® X 10  , 16GB RAM, 1TB SSD
</h1>",Neuf,Microsoft Surface,950 000 ,Point-e,https://i.roamcdn.net/hz/ed/listing-thumb-543w/d820b16c3843d7163eb9a8f622d61083/-/horizon-files-prod/ed/picture/qq4269mj/c560cdcc7ef909874ea9973090c9a07c7cb00a81.jpg
516,"<h1 class=""listing-item__header"">
    Dell Precision 5680 Workstation Core i9-  32GB /1TB
</h1>",Neuf,Dell,950 000 ,Point-e,https://i.roamcdn.net/hz/ed/listing-thumb-543w/f5e13a457d65bc6397bde7c283ef3106/-/horizon-files-prod/ed/picture/qj4q0qwd/c6cd6967ef320287af97784ecd9805a1af97e496.jpg
517,"<h1 class=""listing-item__header"">
    HP PROBOOK X360 310 G2
</h1>",Venant,HP,80 000 ,Médina,https://i.roamcdn.net/hz/ed/listing-thumb-543w/e0291a1429ac2472911b0a65fbd9174b/-/horizon-files-prod/ed/picture/q2jj598e/0099c85a211a826065842eb44098c01a40fda407.jpg
518,"<h1 class=""listing-item__header"">
    HP PRODESK | CORE i5
</h1>",Venant,HP,75 000 ,Médina,https://i.roamcdn.net/hz/ed/listing-thumb-543w/fcb937712b6fc675dc99c0a6ef2f575f/-/horizon-files-prod/ed/picture/qv44n0vg/3ad97f636e99e82f743b9d5959c4701dc2ffd46a.jpg
519,"<h1 class=""listing-item__header"">
    HP PRODESK 400 G1 | CORE i3
</h1>",Venant,HP,65 000 ,Médina,https://i.roamcdn.net/hz/ed/listing-thumb-543w/b9be2b6845dee4fdef987f1b659fefe5/-/horizon-files-prod/ed/picture/q94pzkp/24bb15cb3d7d4cc5572316eac669ba2bcc9efd81.jpg
520,"<h1 class=""listing-item__header"">
    MACBOOK PRO RETINA 2013 | i5 | 13''
</h1>",Venant,Apple,150 000 ,Médina,https://i.roamcdn.net/hz/ed/listing-thumb-543w/ab993e0e9a2d2f4df256e8aaa85cf5fc/-/horizon-files-prod/ed/picture/qm5gkweq/c2bc8b131bac842df279974e4b1507cd17240461.jpg
521,"<h1 class=""listing-item__header"">
    𝗠𝗜𝗡𝗜 𝗗𝗘𝗟𝗟 𝗟𝗔𝗧𝗜𝗧𝗨𝗗𝗘 𝟳𝟯𝟱𝟬 | 𝗜𝗻𝘁𝗲𝗹 𝗖𝗼𝗿𝗲 𝗺𝟱
</h1>",Venant,Dell,115 000 ,Médina,https://i.roamcdn.net/hz/ed/listing-thumb-543w/ef7502a0a132ba1da440f6324f2e20a5/-/horizon-files-prod/ed/picture/qrz8kmdm/7d08daaa9eecc7f2d1f5e7cd3e9fc227813badf7.jpg
522,"<h1 class=""listing-item__header"">
    Hp probook 840  g2 i5 ram 8
</h1>",Venant,HP,130 000 ,Médina,https://i.roamcdn.net/hz/ed/listing-thumb-543w/2faca36d6c650fe669f28ef1cafd902d/-/horizon-files-prod/ed/picture/qrz8kwp9/eea75a427c83f39cfbb6600acfdd888b9e237f34.jpg
523,"<h1 class=""listing-item__header"">
    MACBOOK AIR 13'' | 2015 | i5
</h1>",Venant,Apple,125 000 ,Médina,https://i.roamcdn.net/hz/ed/listing-thumb-543w/bc4b1826c18921a2d9fe2dc04db2fd98/-/horizon-files-prod/ed/picture/q0gwjpxg/2c03cfd06f115be548f963df62ff214443706129.jpg
524,"<h1 class=""listing-item__header"">
    MACBOOK AIR 2017 | I5 | 13''
</h1>",Venant,Apple,175 000 ,Médina,https://i.roamcdn.net/hz/ed/listing-thumb-543w/1617127210550048c06516f2599e78c5/-/horizon-files-prod/ed/picture/qnee689/d00b8f969f1b038a69040f8e79646434bcecad1f.jpg
525,"<h1 class=""listing-item__header"">
    ORDINATEUR DE BUREAU HP ELITEDESK 800 G1 | i5
</h1>",Venant,HP,85 000 ,Médina,https://i.roamcdn.net/hz/ed/listing-thumb-543w/77f89fde231fcaf5634b6a5264f8c7c3/-/horizon-files-prod/ed/picture/qpdmrxkq/575afb3afed26e650d5297125608e23fd17d365b.jpg
526,"<h1 class=""listing-item__header"">
    MACBOOK AIR 13'' | 2015 | i5
</h1>",Venant,Apple,135 000 ,Médina,https://i.roamcdn.net/hz/ed/listing-thumb-543w/e49416f4bfeae18b875792aff42922fd/-/horizon-files-prod/ed/picture/qxj2nv5w/0753f0e9a984cba07e42383071a37fe5af6a712f.jpg
527,"<h1 class=""listing-item__header"">
    HP NetBook 250 G8 | i5 | 11 Gen
</h1>",Venant,HP,225 000 ,Médina,https://i.roamcdn.net/hz/ed/listing-thumb-543w/df122947e33a646f381686f7d57b9b32/-/horizon-files-prod/ed/picture/qkr8gz6z/4ce71f04b44079ec92f9247fa438cb918552bb64.jpg
528,"<h1 class=""listing-item__header"">
    MacBook Pro M4
</h1>",Neuf,Apple,1 500 000 ,Médina,https://i.roamcdn.net/hz/ed/listing-thumb-543w/b80a123a90ea8e519ee763a6ee2d09ac/-/horizon-files-prod/ed/picture/qngpq2dm/6e231a0e7180e9a3cb298434ca78a9959e455d14.jpg
529,"<h1 class=""listing-item__header"">
    MacBook Pro 2021 16 pouce
</h1>",Venant,Apple,625 000 ,Plateau,https://i.roamcdn.net/hz/ed/listing-thumb-543w/c9b4011915096a152001a8511b687343/-/horizon-files-prod/ed/picture/q0g74d46/1519e949206dd8131fb3cee89c00ff3f1321c8c8.jpg
530,"<h1 class=""listing-item__header"">
    MacBook Pro 2021 M1 Max 2To ssd / 64go
</h1>",Neuf,Apple,925 000 ,Plateau,https://i.roamcdn.net/hz/ed/listing-thumb-543w/6bef657fa9f234f203296ff764d9d7ae/-/horizon-files-prod/ed/picture/q78w6g6d/fce2e33171fbd5422739888556a441a78595ef7c.jpg
531,"<h1 class=""listing-item__header"">
    HP EliteBook 840 G3 core i5 6th Generation
</h1>",Neuf,HP,180 000 ,Médina,https://i.roamcdn.net/hz/ed/listing-thumb-543w/aa26091f1609a67bb678dbb7690e168b/-/horizon-files-prod/ed/picture/qngpqw8e/f6732bde7dc3b079eb4c187d47256547aa2cd561.jpg
532,"<h1 class=""listing-item__header"">
    MacBook Pro 15“ 2017 Touch Bar
</h1>",Venant,Apple,370 000 ,Plateau,https://i.roamcdn.net/hz/ed/listing-thumb-543w/d4486681e938055a70692c71eb4d08e4/-/horizon-files-prod/ed/picture/q6xdj584/a264f28a71514255b1c4cd8e4091db1a04957ad8.jpg
533,"<h1 class=""listing-item__header"">
    MacBook Air M3 2024
</h1>",Neuf,Apple,960 000 ,Plateau,https://i.roamcdn.net/hz/ed/listing-thumb-543w/f4c825ac946af3c10a789daae17df9dd/-/horizon-files-prod/ed/picture/qenvkw76/ca00edac283d2e80410216dfba834de1c1417015.jpg
534,"<h1 class=""listing-item__header"">
    Rog Flow x13"" RTX 4070
</h1>",Neuf,ASUS,1 200 000 ,Sicap Sacré-cœur,https://i.roamcdn.net/hz/ed/listing-thumb-543w/bd895561e1ac015f4f87a72317d1b843/-/horizon-files-prod/ed/picture/qxjp7qk4/4f542e06bd0463796c572663fd54378383166d3e.jpg
535,"<h1 class=""listing-item__header"">
    MacBook Air M2 Puce écran 13.3 pouces
</h1>",Neuf,Apple,600 000 ,Médina,https://i.roamcdn.net/hz/ed/listing-thumb-543w/740a6d3fe0a2ed2e9c10dffc603b3c22/-/horizon-files-prod/ed/picture/q9mjvgnx/a4a7d1f3d657e0dc28408297915c4d2c0768c920.jpg
536,"<h1 class=""listing-item__header"">
    Acer Aspire Gaming
</h1>",Neuf,Acer,350 000 ,Sicap Sacré-cœur,https://i.roamcdn.net/hz/ed/listing-thumb-543w/1be339e6f1c7f66e08cfef5dfffa5352/-/horizon-files-prod/ed/picture/qzvp0xjx/b53d5088836842cb1ab5ccd6ecd50024b4a3c64b.jpg
537,"<h1 class=""listing-item__header"">
    Pc Gaming RTX 4070
</h1>",Neuf,ASUS,1 450 000 ,Sicap Sacré-cœur,https://i.roamcdn.net/hz/ed/listing-thumb-543w/c01166b83a3b67946fa07c9fb908746a/-/horizon-files-prod/ed/picture/qxjp7qw4/90164a8e636704f8eafb680110003a5fd813fceb.jpg
538,"<h1 class=""listing-item__header"">
    Hp ELITEBOOk 830 G6 disponible
</h1>",Venant,HP,170 000 ,Médina,https://i.roamcdn.net/hz/ed/listing-thumb-543w/de28f7d06162d126e90c5a564d812dbe/-/horizon-files-prod/ed/picture/qenvkwpx/d49dd0d151c945fd82ae028b11df672b269b63fd.jpg
539,"<h1 class=""listing-item__header"">
    HP EliteBook 840 g5 i5 8th Generation
</h1>",Neuf,HP,190 000 ,Médina,https://i.roamcdn.net/hz/ed/listing-thumb-543w/d604c7a3479c345ae1c17add5497748c/-/horizon-files-prod/ed/picture/q8v47gmp/2e9489dc88522b1adf790d9b95d07088248b3406.jpg
540,"<h1 class=""listing-item__header"">
    HP ELITEBOOk 830G5
</h1>",Venant,HP,150 000 ,Médina,https://i.roamcdn.net/hz/ed/listing-thumb-543w/ff7173b64e23b2e6b6fceb0066e1df93/-/horizon-files-prod/ed/picture/qrz8x7ng/6dae70e255d18c22467514b60ef2c870b48b7ff9.jpg
541,"<h1 class=""listing-item__header"">
    MacBook Pro 14"" M4 Pro 1TB SSD 24 Go RAM Puce
</h1>",Neuf,Apple,1 600 000 ,Point-e,https://i.roamcdn.net/hz/ed/listing-thumb-543w/f074f0422652b937a8463af080a3136f/-/horizon-files-prod/ed/picture/qenv7rp9/e567ec2d1df2d25917ca92f17ac1b7e33685ac65.jpg
542,"<h1 class=""listing-item__header"">
    MACBOOK AIR M1 256GO RAM 8GO 13 POUCES QWERTY
</h1>",Neuf,Apple,580 000 ,Plateau,https://i.roamcdn.net/hz/ed/listing-thumb-543w/ae5a61f456775efa95b137c1dd92dc01/-/horizon-files-prod/ed/picture/qv4wjzdm/fdeb62bed762bd5c4264208f388a96aa7b9a11c1.jpg
543,"<h1 class=""listing-item__header"">
    MAC MINI M4 MEMOIRE 256GO SSD RAM 16GO
</h1>",Neuf,Apple,420 000 ,Plateau,https://i.roamcdn.net/hz/ed/listing-thumb-543w/70ea145e6abf0832e1cc9dbd5419c69f/-/horizon-files-prod/ed/picture/qde7zkqr/c82946bf46787cdd7cf902ac677418d17758e8a3.jpg
544,"<h1 class=""listing-item__header"">
    DELL INSPIRON GAMER I7/16GO/1TO/NVIDIA GTX
</h1>",Neuf,Dell,450 000 ,Médina,https://i.roamcdn.net/hz/ed/listing-thumb-543w/ecf313bf60faad4012c7dd6a11174491/-/horizon-files-prod/ed/picture/qkr8z0gv/044a84269b7ad5c0a98d8a4744f0747f232dd8db.jpg
545,"<h1 class=""listing-item__header"">
    MacBook Air M2
</h1>",Neuf,Apple,760 000 ,Point-e,https://i.roamcdn.net/hz/ed/listing-thumb-543w/398a205de60b78ffa66c90fefa60866a/-/horizon-files-prod/ed/picture/qq47mv44/818651ce511aed3b60ac718bd38f67d926b81b78.jpg
546,"<h1 class=""listing-item__header"">
    Promo☄️Hp EliteBook 840 Corei5 256ssd Ram8
</h1>",Neuf,HP,150 000 ,Médina,https://i.roamcdn.net/hz/ed/listing-thumb-543w/67d8bc884880a76fd663838410e98d07/-/horizon-files-prod/ed/picture/q78w6g8n/c3d42e15d156d8eba9b1d9eda3e1acc8111aa2f9.jpg
547,"<h1 class=""listing-item__header"">
    HP elitebook 840 G3/G4
</h1>",Neuf,HP,145 000 ,Gibraltar,https://i.roamcdn.net/hz/ed/listing-thumb-543w/d28af0382892b6518145b3c12539fef3/-/horizon-files-prod/ed/picture/qm5rmenj/dccd129b609f9c10847078a03d173ab3320dbf32.jpg
548,"<h1 class=""listing-item__header"">
    One plus
</h1>",Neuf,Apple,460 000 ,Thiès,https://i.roamcdn.net/hz/ed/listing-thumb-543w/a03ca8838a152723151c80fdd751513b/-/horizon-files-prod/ed/picture/q9mjvnkp/efcfaa4c6daf420ab00b7d3fd63d494d031f05bc.jpg
549,"<h1 class=""listing-item__header"">
    MacBook M1 Pro 2021 14 pouces
</h1>",Neuf,Apple,750 000 ,Médina,https://i.roamcdn.net/hz/ed/listing-thumb-543w/5109b06685c84fe90433aac3fa23e116/-/horizon-files-prod/ed/picture/qrz8w4e9/2f4a05f082f2aa28465387f72ad97c1a70cc5f04.jpg
550,"<h1 class=""listing-item__header"">
    DELL LATITUDE 7340 i5 13th Gen
</h1>",Neuf,Dell,550 000 ,Médina,https://i.roamcdn.net/hz/ed/listing-thumb-543w/2dd0c2fb44017fe8550868fc467d9eb1/-/horizon-files-prod/ed/picture/q44ngnpv/f9eec49bcfd80cde5c40ddd519ddf90e3ff4a436.jpg
551,"<h1 class=""listing-item__header"">
    DELL LATITUDE 7340 i5 13TB GEN 2024
</h1>",Neuf,Dell,550 000 ,Médina,https://i.roamcdn.net/hz/ed/listing-thumb-543w/dee0964fe98108413115bc4805483d16/-/horizon-files-prod/ed/picture/q56d5d86/3f2cb449be84d70682c1b4f6b10e7c56e3423382.jpg
552,"<h1 class=""listing-item__header"">
    MacBook Air M3 15.6 pouces 2024
</h1>",Neuf,Apple,1 100 000 ,Médina,https://i.roamcdn.net/hz/ed/listing-thumb-543w/36db2510f218fbdd44c7ec9ffb46a7f9/-/horizon-files-prod/ed/picture/q78wqmjd/e5cf91731dfad634ea40fc47636021ffe41d9bef.jpg
553,"<h1 class=""listing-item__header"">
    MacBook Pro 14” (2024) – PUCE  M4 Pro
</h1>",Neuf,Apple,1 500 000 ,Médina,https://i.roamcdn.net/hz/ed/listing-thumb-543w/1530b739e292049f0311927d9d247cd3/-/horizon-files-prod/ed/picture/qgqwk8x9/a77ec9b6e1505a67c174dc3256af6e846208e6c9.jpg
554,"<h1 class=""listing-item__header"">
    Macbook Pro &amp; Air M1 512Go
</h1>",Venant,Apple,379 000 ,Plateau,https://i.roamcdn.net/hz/ed/listing-thumb-543w/f7d8ba55e629e674060fe9c72189acfa/-/horizon-files-prod/ed/picture/qngpq55x/3954145c076ce87a43c194e26daffcfd86879bb3.jpg
555,"<h1 class=""listing-item__header"">
    Dell Précision 5530
</h1>",Neuf,Dell,390 000 ,Plateau,https://i.roamcdn.net/hz/ed/listing-thumb-543w/18214387fd8df5ee764d7c685e80e1e0/-/horizon-files-prod/ed/picture/qxjp7kev/eebcf491fd26d5df4db7e6be9aff835140eb15fd.jpg
556,"<h1 class=""listing-item__header"">
    ASUS ASUS ZenBook
</h1>",Venant,ASUS,550 000 ,Hlm,https://i.roamcdn.net/hz/ed/listing-thumb-543w/494ba3f530e884259f074e964cf8f0f1/-/horizon-files-prod/ed/picture/qq42r58k/4c096105b1db983b40627a018df62367f8ad1131.jpg
557,"<h1 class=""listing-item__header"">
    iMac 27,i7 ( 2017 5K )
</h1>",Venant,Apple,575 000 ,Médina,https://i.roamcdn.net/hz/ed/listing-thumb-543w/5e2336a0bea9328db133b2281ede9fbf/-/horizon-files-prod/ed/picture/q56dkz8x/ee5b7f1a07d13b1d6cf350df3cbd56f627da4a94.jpg
558,"<h1 class=""listing-item__header"">
    MacBook Air M3 2024 (512|24)
</h1>",Neuf,Apple,900 000 ,Plateau,https://i.roamcdn.net/hz/ed/listing-thumb-543w/df1e12d5c5a68f3bab33535d5f173b29/-/horizon-files-prod/ed/picture/qj4q0x5z/2191e4274d158aaf6fb0cc5e8ba816f06ed6c9f7.jpg
559,"<h1 class=""listing-item__header"">
    Lenovo T14 Core i7 12 ème.14 "" Tactile.16Go.512 Go
</h1>",Réconditionné,Lenovo,375 000 ,Colobane,https://i.roamcdn.net/hz/ed/listing-thumb-543w/dadd7d3779c69d0913fe94bb60009316/-/horizon-files-prod/ed/picture/q56dkzp2/886b233ee29ff0833407b801aea2f95c66cb7008.jpg
560,"<h1 class=""listing-item__header"">
    iMac core 2  all in one
</h1>",Venant,Apple,70 000 ,Mbour,https://i.roamcdn.net/hz/ed/listing-thumb-543w/6d13567741b19c8f4dc6d6b9add4480b/-/horizon-files-prod/ed/picture/qj4q0xpz/4ce284c047d9b155d13ed07cf0b478c58f43e1d4.jpg
561,"<h1 class=""listing-item__header"">
    DELL  7400 I7 8 ème  .TACTILE 14 .16 /512
</h1>",Venant,Dell,200 000 ,Colobane,https://i.roamcdn.net/hz/ed/listing-thumb-543w/aefbd3004c3dac4c913558a94bdcba98/-/horizon-files-prod/ed/picture/qq42r5z4/2e0c360b26b59406e5aad6babf1ebdc729f0d6af.jpg
562,"<h1 class=""listing-item__header"">
    Dell latitude E5530 core i5
</h1>",Venant,Dell,100 000 ,Mbour,https://i.roamcdn.net/hz/ed/listing-thumb-543w/1bb57d7d27adace072226c5406bcf870/-/horizon-files-prod/ed/picture/q44ng658/5cbff6f4c9cbc7dbfc56da9471411c32d3c4adba.jpg
563,"<h1 class=""listing-item__header"">
    Hp 840 g6 i7 neuf
</h1>",Neuf,HP,250 000 ,Amitié,https://i.roamcdn.net/hz/ed/listing-thumb-543w/cc433db3e6f3934f6e7eb2b427be1bcc/-/horizon-files-prod/ed/picture/q56dk6mn/7bea1d9364054e06dd6dfed44acf0211ae63ff99.jpg
564,"<h1 class=""listing-item__header"">
    Ecran 22pouce Hp avec Hdmi
</h1>",Venant,HP,35 000 ,Mbour,https://i.roamcdn.net/hz/ed/listing-thumb-543w/cd0e584013b564db31d35fdebcc4ad0d/-/horizon-files-prod/ed/picture/q0g7497e/50eeb27027f4809f84e1cf40f3f1e0c7437ed94f.jpg
565,"<h1 class=""listing-item__header"">
    Lenovo Unité central core i5
</h1>",Venant,Lenovo,50 000 ,Mbour,https://i.roamcdn.net/hz/ed/listing-thumb-543w/33b04ac00803d53f494c0e32dd208bf8/-/horizon-files-prod/ed/picture/qrz8xj8m/c764c5426548b9eead5e17e0b7db0fa69104542c.jpg
566,"<h1 class=""listing-item__header"">
    HP ELITEBOOK FOLIO 9480 CORE I5.I7.14""
</h1>",Réconditionné,HP,100 000 ,Colobane,https://i.roamcdn.net/hz/ed/listing-thumb-543w/39a8bc925662f0364c829ee4d788929d/-/horizon-files-prod/ed/picture/q6xdjvdd/1eac479eba1e67526b473913ce1b6a9e863e5fa2.jpg
567,"<h1 class=""listing-item__header"">
    Hp Unité central core i5
</h1>",Venant,HP,50 000 ,Mbour,https://i.roamcdn.net/hz/ed/listing-thumb-543w/f0536f8789978200dc56b1d41194e7f0/-/horizon-files-prod/ed/picture/q9mjvnjn/0e64ddb9245b2a88c572252b911faeff65619ce5.jpg
568,"<h1 class=""listing-item__header"">
    Lenovo ThinkPad T16 Gen 1 Intel core i7
</h1>",Neuf,Lenovo,600 000 ,Médina,https://i.roamcdn.net/hz/ed/listing-thumb-543w/b6bcf67bddf959464ce8dcc148f36411/-/horizon-files-prod/ed/picture/q0g74978/ea7535de1de7aa55586d68bc23495302c93bb483.jpg
569,"<h1 class=""listing-item__header"">
    Lenovo Thinkpad T16 Gen 1 Intel core i7 1260P
</h1>",Neuf,Lenovo,650 000 ,Médina,https://i.roamcdn.net/hz/ed/listing-thumb-543w/60f60e99fbe9e12f3265c70fcd8da95f/-/horizon-files-prod/ed/picture/qkr8zxgj/0636e6dce5612289402581976e18488f48675369.jpg
570,"<h1 class=""listing-item__header"">
    Unité central Dell mini core i5
</h1>",Venant,Dell,55 000 ,Mbour,https://i.roamcdn.net/hz/ed/listing-thumb-543w/f141c7f8ba21875c5250b7eecb60ed24/-/horizon-files-prod/ed/picture/qq42r5dv/8425f7573b3bca731bb522f4e2af844d2db1291d.jpg
571,"<h1 class=""listing-item__header"">
    Hp Probook x360 ecran tactile
</h1>",Venant,HP,110 000 ,Mbour,https://i.roamcdn.net/hz/ed/listing-thumb-543w/e107e8ede1620891a670dc40c88f062d/-/horizon-files-prod/ed/picture/q44ng642/831e047597e6a1dda4ff2e0f08f5bede584f50c1.jpg
572,"<h1 class=""listing-item__header"">
    Lenovo T530 core i5, 8g ram, 500g disque
</h1>",Venant,Lenovo,100 000 ,Mbour,https://i.roamcdn.net/hz/ed/listing-thumb-543w/aaa00a6067fbea6ceb895ed7077f45a8/-/horizon-files-prod/ed/picture/qngpq0mm/6f8ff98a8dd87260a21a6e0c37194fbf5bdef0f1.jpg
573,"<h1 class=""listing-item__header"">
    Go probook 650 core i5 8g ram 500g disque
</h1>",Venant,HP,100 000 ,Mbour,https://i.roamcdn.net/hz/ed/listing-thumb-543w/dd45ee367fa2fbd467d3c5e281b67308/-/horizon-files-prod/ed/picture/q44ngrz4/f442586c73e5708e0c5fea213f5f0a725e97b46e.jpg
574,"<h1 class=""listing-item__header"">
    2013 iMac retina core i5, 8g ram 1 Terra disque  dur
</h1>",Venant,Apple,150 000 ,Mbour,https://i.roamcdn.net/hz/ed/listing-thumb-543w/de183d0cd24b8762610f062074ef03dc/-/horizon-files-prod/ed/picture/q9mjvrq5/c07828efc0763d8a3a20772c6baeeafe0c57a047.jpg
575,"<h1 class=""listing-item__header"">
    Lenovo t480 i5 8ème tactile
</h1>",Venant,Lenovo,190 000 ,Plateau,https://i.roamcdn.net/hz/ed/listing-thumb-543w/172e08d2bc4bfd7660abc203e0f4a7f8/-/horizon-files-prod/ed/picture/qxjp7wmn/51841b4e9faa2401d5c696e03214378a263a9e08.jpg
576,"<h1 class=""listing-item__header"">
    HP ZBook Create G7 – Puissance et Performance 🚀
</h1>",Venant,HP,490 000 ,Plateau,https://i.roamcdn.net/hz/ed/listing-thumb-543w/3ec72fe11e60e1cd3d980482ea17b6a8/-/horizon-files-prod/ed/picture/q8v47k8n/7c6ec4727c6ef9d0a3233bacd20769eb43b33356.jpg
577,"<h1 class=""listing-item__header"">
    Hp EliteBook 840 G6 i7 8th Génération
</h1>",Venant,HP,235 000 ,Médina,https://i.roamcdn.net/hz/ed/listing-thumb-543w/1e44e6de8cab89aadfa2684a900b2249/-/horizon-files-prod/ed/picture/q56dnqqx/283d279fa7ce98e1ca3e81fe3956729388d79db8.jpg
578,"<h1 class=""listing-item__header"">
    MacBook Pro 2019
</h1>",Venant,Apple,350 000 ,Point-e,https://i.roamcdn.net/hz/ed/listing-thumb-543w/a7bc39656263d331af1b9265365572fe/-/horizon-files-prod/ed/picture/q8v42edx/55c1d941cfbdb3fefea7fa587531c4153a6c24f4.jpg
579,"<h1 class=""listing-item__header"">
    MacBook Pro m1 2020
</h1>",Venant,Apple,530 000 ,Point-e,https://i.roamcdn.net/hz/ed/listing-thumb-543w/1b7607811b3076d9b0835404de8f677d/-/horizon-files-prod/ed/picture/qpdm5z2x/99b218fbd7e6faafd5f2d4ef23a6fa8f4876409f.jpg
580,"<h1 class=""listing-item__header"">
    MacBook Air 2020
</h1>",Venant,Apple,349 999 ,Point-e,https://i.roamcdn.net/hz/ed/listing-thumb-543w/e525d718a2d33bb7919717b408e27433/-/horizon-files-prod/ed/picture/qwep9vjj/d45727f95727e10aff844cf53781183e31b0c746.jpg
581,"<h1 class=""listing-item__header"">
    Dell 7490 i5
</h1>",Venant,Dell,170 000 ,Plateau,https://i.roamcdn.net/hz/ed/listing-thumb-543w/d7356e77a2b711bc612a566a1a6da951/-/horizon-files-prod/ed/picture/qgqwkjw9/35e04d6031adeb29e3318afe82df62ccbd5f80ae.jpg
582,"<h1 class=""listing-item__header"">
    Lonovo L13 yoga 11th /512G/16G
</h1>",Neuf,Lenovo,450 000 ,Plateau,https://i.roamcdn.net/hz/ed/listing-thumb-543w/b73641b6a9c876c3dc0f8947e7da1d95/-/horizon-files-prod/ed/picture/qj4q7pk6/80b894f680ab76168b2ae767998a537535de26a4.jpg
583,"<h1 class=""listing-item__header"">
    MacBook Pro Touch bar i7
</h1>",Venant,Apple,350 000 ,Plateau,https://i.roamcdn.net/hz/ed/listing-thumb-543w/d930e0bbed2f2e67f926861d1148e2ce/-/horizon-files-prod/ed/picture/q78wqkvm/5405d76f87802f8c79c5ea5550c812c567c4d7ee.jpg
584,"<h1 class=""listing-item__header"">
    ALL IN ONE LENOVO V 30 A 22ITL CORE I3
</h1>",Neuf,Lenovo,375 000 ,Médina,https://i.roamcdn.net/hz/ed/listing-thumb-543w/a960f3bd4024e093b2c23e3dc547fdb3/-/horizon-files-prod/ed/picture/qm5g9xed/897f918200569e1a614871a680fe7a3b6b60277c.jpg
585,"<h1 class=""listing-item__header"">
    Mac Studio M2 MAX
</h1>",Neuf,Apple,1 449 000 ,Fenêtre mermoz,https://i.roamcdn.net/hz/ed/listing-thumb-543w/289219c0afb89eacce482a4420f0f1b7/-/horizon-files-prod/ed/picture/qm5gmdv6/48c14a521dcc5afa0fa97c5d52625b0df5a9b559.jpg
586,"<h1 class=""listing-item__header"">
    Acer Hélios Gamer Prédator Néo 16
</h1>",Neuf,Acer,950 000 ,Médina,https://i.roamcdn.net/hz/ed/listing-thumb-543w/9e99be799f3adec1c35892f9a67a2a92/-/horizon-files-prod/ed/picture/qwep0wr5/6c8dd44e503444b05432a0fb3911a43ee4af9ae2.jpg
587,"<h1 class=""listing-item__header"">
    MacBook Air M3 2024
</h1>",Neuf,Apple,830 000 ,Médina,https://i.roamcdn.net/hz/ed/listing-thumb-543w/3cb804db0b98b9cb9b9727b5ccc99283/-/horizon-files-prod/ed/picture/qzvpqj58/e8b86fd8eb6011fb979d6f410a2ac714bc9a3903.jpg
588,"<h1 class=""listing-item__header"">
    MACBOOK PRO RETINA 2013 | i7 | 15''
</h1>",Venant,Apple,185 000 ,Médina,https://i.roamcdn.net/hz/ed/listing-thumb-543w/01a24ad0c48ec69477057b9fd19c4881/-/horizon-files-prod/ed/picture/qxjpn7rn/d4cd7fe34e215665f367275e637554078caf1505.jpg
589,"<h1 class=""listing-item__header"">
    𝗠𝗔𝗖𝗕𝗢𝗢𝗞 𝗣𝗥𝗢 𝟮𝟬𝟭𝟮 | 𝗶𝟱 | 𝟭𝟯''
</h1>",Venant,Apple,120 000 ,Médina,https://i.roamcdn.net/hz/ed/listing-thumb-543w/106039820f10afa2a3e811f5ac85bf9f/-/horizon-files-prod/ed/picture/qwep0m4p/cae39738cf5265fb3446f4b8d3ba7f54fe069a86.jpg
590,"<h1 class=""listing-item__header"">
    Gamer MSI GF65 Thin .
</h1>",Venant,MSI,450 000 ,Hlm,https://i.roamcdn.net/hz/ed/listing-thumb-543w/0c7107484c0f5eca1fa853bcd6e2670e/-/horizon-files-prod/ed/picture/q8v47pr7/e60d31a7dacb1101a585e97431621a6a1b93bfde.jpg
591,"<h1 class=""listing-item__header"">
    DELL LATITUDE 5320 I7-11GEN/32GO/512SSD
</h1>",Neuf,Dell,400 000 ,Médina,https://i.roamcdn.net/hz/ed/listing-thumb-543w/13653514ee1bebadc7c7170789a53c31/-/horizon-files-prod/ed/picture/qv4wjgq2/0b86a7998d8301f66e855e404fa550f04589b210.jpg
592,"<h1 class=""listing-item__header"">
    MacBook Air M3 (2024) disque dur 512 Go SSD Ram 8Go
</h1>",Neuf,Apple,800 000 ,Médina,https://i.roamcdn.net/hz/ed/listing-thumb-543w/5dce1d36498c1b3d966bc80071488748/-/horizon-files-prod/ed/picture/q2j0x7d2/31c1d0abd06b27845c68cd0a4e4f2f67fa400d25.jpg
593,"<h1 class=""listing-item__header"">
    HP PRODESK 400 G4 / 7ieme
</h1>",Venant,HP,115 000 ,Médina,https://i.roamcdn.net/hz/ed/listing-thumb-543w/67df5e95b671f638237a864f61f8d9ef/-/horizon-files-prod/ed/picture/q9m87zv5/7e81d7b28000ffbf63ee821825ce3ad4cca4ad38.jpg
594,"<h1 class=""listing-item__header"">
    MAC BOOK AIR 2015 I i5
</h1>",Venant,Apple,135 000 ,Médina,https://i.roamcdn.net/hz/ed/listing-thumb-543w/02b2b09c745a5c237855638828ce46c9/-/horizon-files-prod/ed/picture/qq47kj7p/4eb1e1d6ba3eee9c6c6b080edfc20b97a719ad0d.png
595,"<h1 class=""listing-item__header"">
    LENOVO THINKPAD T14 I7/16GO/512SSD
</h1>",Neuf,Lenovo,350 000 ,Médina,https://i.roamcdn.net/hz/ed/listing-thumb-543w/f4d6aaddfc4202573d463a11fb721d8d/-/horizon-files-prod/ed/picture/q78w6p9e/e7249abc79713a100726bd513d5796c7434546fe.jpg
596,"<h1 class=""listing-item__header"">
    Lenovo ThinkPad P14s Gen4 cor i7 de 13th
</h1>",Neuf,Lenovo,600 000 ,Médina,https://i.roamcdn.net/hz/ed/listing-thumb-543w/07e8f274f6fec218a39585454d762e76/-/horizon-files-prod/ed/picture/q6xdjnvp/dda67a5e1ed345d926783d3cdeee9bf02d918e8a.jpg
597,"<h1 class=""listing-item__header"">
    MacBook Air M2 2022 Puce M2 descelle
</h1>",Neuf,Apple,550 000 ,Hann maristes,https://i.roamcdn.net/hz/ed/listing-thumb-543w/54cfd473c4eaea9b29ac871bf27c28c0/-/horizon-files-prod/ed/picture/qwep6gkz/d87a90c83831f1d1b73a2c8e0e43915736c42799.jpg
598,"<h1 class=""listing-item__header"">
    MacBook Air m2 disk 256 ram 8
</h1>",Neuf,Apple,450 000 ,Hann maristes,https://i.roamcdn.net/hz/ed/listing-thumb-543w/e11873cb58b24468e5b8018ba7874e15/-/horizon-files-prod/ed/picture/q0g74n8d/685d7307e57568e65dbb090d0005ed0bc34be351.jpg
599,"<h1 class=""listing-item__header"">
    Surface pro 7
</h1>",Neuf,Microsoft Surface,280 000 ,Hann maristes,https://i.roamcdn.net/hz/ed/listing-thumb-543w/68b0972662571bbce2826e3edd17050c/-/horizon-files-prod/ed/picture/qgqw6ppn/d67ee096493d5983160449a1084fb707798444cd.jpg
600,"<h1 class=""listing-item__header"">
    iMac 2021 M1  24 pouces 256SSD Ram8 scellé
</h1>",Neuf,Apple,750 000 ,Médina,https://i.roamcdn.net/hz/ed/listing-thumb-543w/4d328633924167d630be773199aadf71/-/horizon-files-prod/ed/picture/q9mjxvn0/15ed1e24f553d555e6585cb337b8a5b5d2fa7e65.jpg
601,"<h1 class=""listing-item__header"">
    Microsoft Surface Laptop Snapdragon X Plus
</h1>",Neuf,Microsoft Surface,850 000 ,Médina,https://i.roamcdn.net/hz/ed/listing-thumb-543w/0a27250c21a1de5da679ba763080f6a7/-/horizon-files-prod/ed/picture/qj4q0p6v/8442f676285cf0e321a7409509b265d1e1593fff.png
602,"<h1 class=""listing-item__header"">
    Microsoft Surface Laptop Snapdragon X Élite
</h1>",Neuf,Microsoft Surface,950 000 ,Médina,https://i.roamcdn.net/hz/ed/listing-thumb-543w/f80c012328800a01c6258ff405a00a4f/-/horizon-files-prod/ed/picture/q44ng089/8cafab2307be7d361592dfd33fb63bbfd0b6c5a6.jpg
603,"<h1 class=""listing-item__header"">
    Lenovo T14
</h1>",Venant,Lenovo,220 000 ,Plateau,https://i.roamcdn.net/hz/ed/listing-thumb-543w/045d99ff2899090a8a393cf4d0e96ca2/-/horizon-files-prod/ed/picture/q8v47p5z/aeec404649ea36f960dea64ddf169b535c7baf73.jpg
604,"<h1 class=""listing-item__header"">
    ✅ Hp Zbook- i7- Nvidia- 16Go Ram - 500Go Ssd
</h1>",Venant,HP,275 000 ,Hlm,https://i.roamcdn.net/hz/ed/listing-thumb-543w/353ecf162191899315b0132f2e52d37f/-/horizon-files-prod/ed/picture/q2j0x7rd/6409869f57b3937303c6a2195f6eafb84b63749a.jpg
605,"<h1 class=""listing-item__header"">
    ✅Dell Gamer Pro i7✅ NVIDIA RTX 12Go - 32GO RAM
</h1>",Venant,Dell,750 000 ,Hlm,https://i.roamcdn.net/hz/ed/listing-thumb-543w/b4e809bf10973a9e0e83d62ff06994bd/-/horizon-files-prod/ed/picture/qv4wjg48/db461b9a096586e53143e8d5444115f4b522ebdb.jpg
606,"<h1 class=""listing-item__header"">
    ✅Lenovo X1 Carbon- i5.12th- Tactile-  16Go Ram
</h1>",Venant,Lenovo,320 000 ,Hlm,https://i.roamcdn.net/hz/ed/listing-thumb-543w/eb9cbfb66172f6aa992b8e09339c19a4/-/horizon-files-prod/ed/picture/q6xdjqpd/39759a167f6c38e03339f472dc4802bac4730b3f.jpg
607,"<h1 class=""listing-item__header"">
    ✅ Lenovo Gamer  P14S- i7.11th- 32Go Ram- 500Go Ssd
</h1>",Venant,Lenovo,400 000 ,Hlm,https://i.roamcdn.net/hz/ed/listing-thumb-543w/8a23f6cef65c283a49f4a62abe5d3db8/-/horizon-files-prod/ed/picture/qkr8z7zj/ac8d39ee38c8498e32cb59f4050c1bb8ab7dc9ae.jpg
608,"<h1 class=""listing-item__header"">
    💻 HP EliteBook 830 G10 X360
</h1>",Neuf,HP,675 000 ,Médina,https://i.roamcdn.net/hz/ed/listing-thumb-543w/778b7940f9de88f9d57b9a44f349efd9/-/horizon-files-prod/ed/picture/qgqw6m6e/0364e15ee56e0ba28c23a304d71fb4f242e7c542.jpg
609,"<h1 class=""listing-item__header"">
    Promo☄️Hp EliteBook 840 Corei5 256ssd Ram8
</h1>",Neuf,HP,150 000 ,Médina,https://i.roamcdn.net/hz/ed/listing-thumb-543w/5cfb8b50bb6a9203dadfcd1f6aabf714/-/horizon-files-prod/ed/picture/qv4wjdrj/36366f66201ce043c069c0919fd0ee95b5a16bbe.jpg
610,"<h1 class=""listing-item__header"">
    Hp elite x2 1012 g2 2 in 1 neuf
</h1>",Neuf,HP,180 000 ,Amitié,https://i.roamcdn.net/hz/ed/listing-thumb-543w/87128fe2a9cd0de57181e2200083a8e4/-/horizon-files-prod/ed/picture/qkr8z7kp/c226ea3f93917ba277495e0ed0bde96a4fb3c2b7.jpg
611,"<h1 class=""listing-item__header"">
    Lenovo Thinkpad P16s Gen2 Corei7 Ram32 Rtx 4Giga
</h1>",Neuf,Lenovo,700 000 ,Médina,https://i.roamcdn.net/hz/ed/listing-thumb-543w/845c1844aa4af19a5fd6e5e81bc0b634/-/horizon-files-prod/ed/picture/qxjp7892/01f958cbb616e0c0f07b3124b81e22cda2aee9b7.png
612,"<h1 class=""listing-item__header"">
    HP EliteBook 840 G8 I5 -Performance et Connectivité
</h1>",Neuf,HP,280 000 ,Médina,https://i.roamcdn.net/hz/ed/listing-thumb-543w/851b6f0233a4cf6051ac3163d47fd193/-/horizon-files-prod/ed/picture/qv4wjd5j/4f748ffb560b4cbc3961063b2d65c94b7eac4ca3.jpg
613,"<h1 class=""listing-item__header"">
    HP EliteBook 830 G5 - Performance et connectivité
</h1>",Neuf,HP,190 000 ,Médina,https://i.roamcdn.net/hz/ed/listing-thumb-543w/265dc01c37d72add172a5408fdf443e2/-/horizon-files-prod/ed/picture/qzvp086v/82317aad867bcfa5784078d85562c0e820a4abeb.jpg
614,"<h1 class=""listing-item__header"">
    Dell core i5 8th ssd 256g ram 16g
</h1>",Venant,Dell,165 000 ,Yoff,https://i.roamcdn.net/hz/ed/listing-thumb-543w/cfd0f6d0c85ceb1968eadefed2e854c1/-/horizon-files-prod/ed/picture/q9mjvkd7/0c470d0aebf542d488bfbc4ed295e2f0c7e9ed7a.jpg
615,"<h1 class=""listing-item__header"">
    ORDINATEUR PORTABLE HP 15-DW1495  15'6 IC 4G 1T SATA
</h1>",Neuf,HP,218 500 ,Plateau,https://i.roamcdn.net/hz/ed/listing-thumb-543w/9d37e003792e6d21bf8dd6e91de9014d/-/horizon-files-prod/ed/picture/q8v47mmj/237c7d70f35d25d956259c480025ce586c492d07.jpg
616,"<h1 class=""listing-item__header"">
    💻 HP ZBOOK FIREFLY 14 G9
</h1>",Neuf,HP,650 000 ,Médina,https://i.roamcdn.net/hz/ed/listing-thumb-543w/75988a5e3113e45a4a8b995aefb03148/-/horizon-files-prod/ed/picture/qxjpmvdw/6e5a647c9174d90a01ccbf7e974aa02040160ed7.jpg
617,"<h1 class=""listing-item__header"">
    Hp probook 440 G6
</h1>",Neuf,HP,190 000 ,Plateau,https://i.roamcdn.net/hz/ed/listing-thumb-543w/6f0a1540a1b7d1d26002a78edaf15c8d/-/horizon-files-prod/ed/picture/qpdm9ejw/4dd58ef7554a6d102ec0f0b486229af6f81d8b42.jpg
618,"<h1 class=""listing-item__header"">
    Dell Latitude 7640 treizième génération
</h1>",Venant,Dell,450 000 ,Médina,https://i.roamcdn.net/hz/ed/listing-thumb-543w/03d6a6881536c55ce34d5b70d1549484/-/horizon-files-prod/ed/picture/q0g74k26/85f4d2fd904683ba9c57d13357d666f93feafc6d.jpg
619,"<h1 class=""listing-item__header"">
    PROCESSEURS INTEL i9, i7, RAM 16G DDR4
</h1>",Venant,Autre,170 000 ,Liberte 5,https://i.roamcdn.net/hz/ed/listing-thumb-543w/3ee9677ed7a9a328bdbb10f2300a77c2/-/horizon-files-prod/ed/picture/q44ng5dp/aea2bebff65cb8c6a7a8c9d56df1b095b5a8ae17.jpg
620,"<h1 class=""listing-item__header"">
    MacBook Air M2 2023
</h1>",Venant,Apple,750 000 ,Médina,https://i.roamcdn.net/hz/ed/listing-thumb-543w/f61cd3f288df1418ee8514338bfb88a9/-/horizon-files-prod/ed/picture/qkr87jw2/1de7e5f8b7376b9c2efcfd89384da57ed43788c3.jpg
621,"<h1 class=""listing-item__header"">
    Acer travelmate 10th Génération I5 ram 8giga ssd 256Go
</h1>",Venant,Acer,250 000 ,Almadies,https://i.roamcdn.net/hz/ed/listing-thumb-543w/e361e1ea16e5b03680fb4da63bd094c2/-/horizon-files-prod/ed/picture/qkr8z8xm/ca195013c14b1740289adaa4847bf791d0082d12.jpg
622,"<h1 class=""listing-item__header"">
    Mac book pro M3 pro 2024 scellé 512SSD ram18 14 pouces
</h1>",Neuf,Apple,1 300 000 ,Médina,https://i.roamcdn.net/hz/ed/listing-thumb-543w/98b8156e5731f60b0a4402ee5308e09d/-/horizon-files-prod/ed/picture/qde7g7x8/dae11e6d390ff944924f9331bbb897df668c1c54.jpg
623,"<h1 class=""listing-item__header"">
    MacBoo Air 13"" (2022)
</h1>",Neuf,Apple,525 000 ,Sicap Sacré-cœur,https://i.roamcdn.net/hz/ed/listing-thumb-543w/faf068c690ce3422a3cf53bcf88fd838/-/horizon-files-prod/ed/picture/q0g74g78/7c1a946868a226f68b6ab4750d2731095d0a4195.jpg
624,"<h1 class=""listing-item__header"">
    MACBOOK PRO | 2011| i5 | 13″
</h1>",Venant,Apple,110 000 ,Médina,https://i.roamcdn.net/hz/ed/listing-thumb-543w/0ad8824ba275359b4d416cd57e082162/-/horizon-files-prod/ed/picture/qpdmrper/3e90d67254faa1872343723a04fdb3c95666cd0a.jpg
625,"<h1 class=""listing-item__header"">
    MACBOOK PRO RETINA 2013 | i7 | 15''
</h1>",Venant,Apple,170 000 ,Médina,https://i.roamcdn.net/hz/ed/listing-thumb-543w/1da04f59ecb65301e24b177ab3661c38/-/horizon-files-prod/ed/picture/q9mj2v75/f87e6f6b99c6ea374fa65ae6158b078deea75320.jpg
626,"<h1 class=""listing-item__header"">
    𝗢𝗥𝗗𝗜𝗡𝗔𝗧𝗘𝗨𝗥 𝗗𝗘 𝗕𝗨𝗥𝗘𝗔𝗨 𝗛𝗣 𝗘𝗟𝗜𝗧𝗘𝗗𝗘𝗦𝗞 𝟴𝟬𝟬 𝗚𝟯 | 𝗖𝗢𝗥𝗘 𝗜𝟱
</h1>",Venant,HP,135 000 ,Médina,https://i.roamcdn.net/hz/ed/listing-thumb-543w/16bc64ceeddb6e5ceeb4bfccab2f25bb/-/horizon-files-prod/ed/picture/qgqwmwmr/c380c3fcfbe68b8f8188410c0c377adfe6c5023f.jpg
627,"<h1 class=""listing-item__header"">
    Dell Precision 7000 7680 16"" Mobile Workstation I7 13TH
</h1>",Neuf,Dell,850 000 ,Point-e,https://i.roamcdn.net/hz/ed/listing-thumb-543w/2d4086014afbeb24f1e96986d1a66ae3/-/horizon-files-prod/ed/picture/qpdm4m7r/25e972359f4950e55685075ed9697ccd63b4fa97.jpg
628,"<h1 class=""listing-item__header"">
    Dell Precision 5570 i9- 64GB / 1TB
</h1>",Neuf,Dell,850 000 ,Point-e,https://i.roamcdn.net/hz/ed/listing-thumb-543w/bd8ea688a87d034316542ad0e007d325/-/horizon-files-prod/ed/picture/qkr8z8qv/1ba7dd3ed0b63b3852f067fca15a333e3927dc2e.jpg
629,"<h1 class=""listing-item__header"">
    HP probook 440 g6
</h1>",Venant,HP,190 000 ,Plateau,https://i.roamcdn.net/hz/ed/listing-thumb-543w/701355b28bb6a426d8432e7c40a5b723/-/horizon-files-prod/ed/picture/qrz8x879/e7de89f76fccf22ad5f1fcc797da19e403735a62.jpg
630,"<h1 class=""listing-item__header"">
    Dell Précision 3571 Core i7 12e Gen 4Go dédiée
</h1>",Venant,Dell,500 000 ,Gueule-Tapée,https://i.roamcdn.net/hz/ed/listing-thumb-543w/413e2769ee4816f1d0ad03aea81e1234/-/horizon-files-prod/ed/picture/q8v474g7/8e104e9eef022ad3026526c13dc4c2f24e5273e2.jpg
631,"<h1 class=""listing-item__header"">
    Dell latitude 3190 x 360 yoga
</h1>",Neuf,Dell,90 000 ,Médina,https://i.roamcdn.net/hz/ed/listing-thumb-543w/068fa5c8bcb06e6671589c2ec48e82cf/-/horizon-files-prod/ed/picture/q9mjvjn6/1d334afc7eeda7550b3b0e6f3e66f16d246164b9.jpg
632,"<h1 class=""listing-item__header"">
    Lenovo ThinkPad T490s Tactile Intel Core i7 8e Génération
</h1>",Neuf,Lenovo,245 000 ,Médina,https://i.roamcdn.net/hz/ed/listing-thumb-543w/0db8084ec16187dbee01f01383fbd234/-/horizon-files-prod/ed/picture/q6xdw0vn/c3c6bedbda75318c89d6b6594df7a0fe3e27ec7f.jpg
633,"<h1 class=""listing-item__header"">
    Serveur Nas Synology DS112
</h1>",Venant,Autre,185 000 ,Plateau,https://i.roamcdn.net/hz/ed/listing-thumb-543w/b9b1273c0a85db33541c30e3c9e72868/-/horizon-files-prod/ed/picture/qngpxg5r/2e5e30a9a776ce7f42f7c65b36eeedc4576e50d8.jpg
634,"<h1 class=""listing-item__header"">
    Mac Book Pro M1 Touch Bar Azerty
</h1>",Neuf,Apple,500 000 ,Cambérène,https://i.roamcdn.net/hz/ed/listing-thumb-543w/5011c29daf4bf5f6d2676ce5628df5f2/-/horizon-files-prod/ed/picture/qde7m6nj/5f8efcca9dcad99f8ebaaf4687a8c2a7f5428050.jpg
635,"<h1 class=""listing-item__header"">
    Lenovo T580 i5 8th Ram 8
</h1>",Venant,Lenovo,175 000 ,Médina,https://i.roamcdn.net/hz/ed/listing-thumb-543w/4a5411e52434bc7300a336a56112c384/-/horizon-files-prod/ed/picture/q0gw5kr8/55c1ebf53d038d0c0a960b7499259e9a035fb03c.jpg
636,"<h1 class=""listing-item__header"">
    Barre lumineuse de jeu avec changement de couleur
</h1>",Neuf,HP,20 000 ,Parcelles Assainies,https://i.roamcdn.net/hz/ed/listing-thumb-543w/b54fdcd01dee1f9a09d933d0dd3db0aa/-/horizon-files-prod/ed/picture/qrz8wkm2/9996702934b932e0dac6134406071e8532b4a71e.png
637,"<h1 class=""listing-item__header"">
    A l i e n w a r e - x14""
</h1>",Neuf,Dell,750 000 ,Sicap Sacré-cœur,https://i.roamcdn.net/hz/ed/listing-thumb-543w/e9165bad75d64a58b78f276b17dec14d/-/horizon-files-prod/ed/picture/q8v4295x/49582f846ebf46c9ea13eacf529280822a065d8f.jpg
638,"<h1 class=""listing-item__header"">
    MacBook Pro M4 Pro (2024)
</h1>",Neuf,Apple,1 550 000 ,Sicap Sacré-cœur,https://i.roamcdn.net/hz/ed/listing-thumb-543w/b2b93b1d0a9084d113ec957ab38479b9/-/horizon-files-prod/ed/picture/qxjpn4pj/e17086f92f84104cc4892ca0046d201f3ad2c66f.jpg
639,"<h1 class=""listing-item__header"">
    Pc Gaming RTX 4070
</h1>",Neuf,ASUS,1 550 000 ,Sicap Sacré-cœur,https://i.roamcdn.net/hz/ed/listing-thumb-543w/a19d94e498dfcfc2253374b05b182ff4/-/horizon-files-prod/ed/picture/qq42nndn/875cb45d653f756ed001d4f4424aebed8c087555.png
640,"<h1 class=""listing-item__header"">
    Acer Predator Helios Neo 16"" (2023)
</h1>",Neuf,Acer,1 200 000 ,Sicap Sacré-cœur,https://i.roamcdn.net/hz/ed/listing-thumb-543w/77c8274665fd20d3375a231e6c0e60a9/-/horizon-files-prod/ed/picture/qv4wqex5/be603a4d383276ea7adafd77296d3f526f64da70.jpg
641,"<h1 class=""listing-item__header"">
    ASUS TUF GAMING FX504
</h1>",Venant,ASUS,220 000 ,Plateau,https://i.roamcdn.net/hz/ed/listing-thumb-543w/2ca0e235faf5ba7f1a8c5406ee0502ea/-/horizon-files-prod/ed/picture/qzvpk2xq/3593eaf32efa0c9c61413cd761c08f112b09e19a.jpg
642,"<h1 class=""listing-item__header"">
    Hp Elitebook 840 G3
</h1>",Venant,HP,140 000 ,Plateau,https://i.roamcdn.net/hz/ed/listing-thumb-543w/c3931df79d9390d354e57e94d508fa3e/-/horizon-files-prod/ed/picture/q8v47z07/76839da011c6f20b6b81b010c364efda967ff104.jpg
643,"<h1 class=""listing-item__header"">
    MacBook Pro M1 Pro
</h1>",Venant,Apple,650 000 ,Point-e,https://i.roamcdn.net/hz/ed/listing-thumb-543w/2336395b8167cf091b84ab484c1801d7/-/horizon-files-prod/ed/picture/qrz8kxrg/4319171c9c12e864fa5758c9f229a29ed4447049.jpg
644,"<h1 class=""listing-item__header"">
    Lenovo xeon disc 1t ram 32g
</h1>",Venant,Lenovo,115 000 ,Yoff,https://i.roamcdn.net/hz/ed/listing-thumb-543w/e9dcebdaa094a8e6a8e4a247df498135/-/horizon-files-prod/ed/picture/q2j0xqwg/ac1ba94bc336a8269ff8f7c75a4432633212a52e.jpg
645,"<h1 class=""listing-item__header"">
    MacBook Pro Touchbar i5 2019 13.3 pouces
</h1>",Venant,Apple,400 000 ,Médina,https://i.roamcdn.net/hz/ed/listing-thumb-543w/4306173ec73aba2a69d9887f0df4eb1b/-/horizon-files-prod/ed/picture/qxjpx902/34ccbee9e394512b553c2c28d029293621347ea4.jpg
646,"<h1 class=""listing-item__header"">
    HP Zbook Firefly 14 G11
</h1>",Neuf,HP,500 000 ,Plateau,https://i.roamcdn.net/hz/ed/listing-thumb-543w/de3bdbba056ea9ee2520f26b8fa01798/-/horizon-files-prod/ed/picture/q0g7420x/7121afcf17067139dc37bb1e237051065987a7b9.jpg
647,"<h1 class=""listing-item__header"">
    Dell latitude 5400
</h1>",Venant,Dell,225 000 ,Liberte 5,https://i.roamcdn.net/hz/ed/listing-thumb-543w/55191af24c5c20e3b8b1cbecab754aab/-/horizon-files-prod/ed/picture/q6xdj6dv/3ae571b195587f4b58c8f462fecf9888faefd1ab.jpg
648,"<h1 class=""listing-item__header"">
    *Dell latitude 5400*
</h1>",Venant,Dell,165 000 ,Liberte 5,https://i.roamcdn.net/hz/ed/listing-thumb-543w/26c97d210b7ce461a1c90e0ab576483f/-/horizon-files-prod/ed/picture/qrz8xq89/7fb3712ae4a1a348e27d3fc037683d52ee56871d.jpg
649,"<h1 class=""listing-item__header"">
    Hp 250 G9 12th génération
</h1>",Venant,HP,250 000 ,Almadies,https://i.roamcdn.net/hz/ed/listing-thumb-543w/86d20e47aa8ff1b62d6427b0fa8b1f74/-/horizon-files-prod/ed/picture/qzvp045x/18044f8eba77d8158052b77e90a8306dba40c2e8.jpg
650,"<h1 class=""listing-item__header"">
    Lenovo idealpad 3 15 pouce core i7 ram 12Go ssd 256Go
</h1>",Venant,Lenovo,350 000 ,Almadies,https://i.roamcdn.net/hz/ed/listing-thumb-543w/5b533a83dee1ac0ab64294e1a104f9df/-/horizon-files-prod/ed/picture/q78w67rm/856ed841df298c95851c2c513e4686ae5645010c.jpg
651,"<h1 class=""listing-item__header"">
    MacBook Pro 14 pouces 2021 M1 Pro
</h1>",Venant,Apple,795 000 ,Gueule-Tapée,https://i.roamcdn.net/hz/ed/listing-thumb-543w/8927bec9e7f6c5f1c4acc93132a10265/-/horizon-files-prod/ed/picture/qkr8z5v5/b2262e6f1d81033c22000f92f61bf3d854452832.jpg
652,"<h1 class=""listing-item__header"">
    Gamer LEGION 81SX 
Core i7 de 9th
</h1>",Venant,Lenovo,450 000 ,Hlm,https://i.roamcdn.net/hz/ed/listing-thumb-543w/9589beba93db55bd11cb25730337bf72/-/horizon-files-prod/ed/picture/qngpqdwv/2f65450b45e7ffe02fdabced638a9717718f55e1.jpg
653,"<h1 class=""listing-item__header"">
    LENOVO THINKPAD L13 GEN2 I7/16GO/512SSD
</h1>",Neuf,Lenovo,370 000 ,Médina,https://i.roamcdn.net/hz/ed/listing-thumb-543w/58447aa076625a951869130f3de1dc7c/-/horizon-files-prod/ed/picture/q78w67xn/728e0ee23e4b23facb7d00d2a53e46ec1a057d94.png
654,"<h1 class=""listing-item__header"">
    Lenovo thinkpad L14 core i7 13th rame 64go 512go
</h1>",Neuf,Lenovo,380 000 ,Liberte 6,https://i.roamcdn.net/hz/ed/listing-thumb-543w/b9f59939e37caf4d99930f9584587e24/-/horizon-files-prod/ed/picture/qv4wjpex/e982cd640f98a2729510b40d384051d689567011.jpg
655,"<h1 class=""listing-item__header"">
    MacBook book Pro 2019
</h1>",Venant,Apple,625 000 ,Médina,https://i.roamcdn.net/hz/ed/listing-thumb-543w/020d2376b68bfbe613653e14186a7dfa/-/horizon-files-prod/ed/picture/qwep6z20/85a476dbe9b447e020240460de46ca7c41e4201a.png
656,"<h1 class=""listing-item__header"">
    Dell XPS 17 9710 core i7 de 11th génération
</h1>",Venant,Dell,750 000 ,Médina,https://i.roamcdn.net/hz/ed/listing-thumb-543w/4879e0b996db137be41d4db9728e9ea2/-/horizon-files-prod/ed/picture/qenvk5q9/b551556c641dc237978f2ba3ddae258267b9f239.jpg
657,"<h1 class=""listing-item__header"">
    Hp Elitebook 655 g9.  Ryzen 7 12th gen ~ i7 12th
</h1>",Venant,HP,315 000 ,Liberte 5,https://i.roamcdn.net/hz/ed/listing-thumb-543w/1dc692799966a7be2e77752040c5b75e/-/horizon-files-prod/ed/picture/qenvk559/8c1198c88a89c76ae7efaa884f9b76fea4a363ee.jpg
658,"<h1 class=""listing-item__header"">
    Hp elitebook x360 tactile et rotatif
</h1>",Neuf,HP,90 000 ,Grand-Dakar,https://i.roamcdn.net/hz/ed/listing-thumb-543w/9e5f026eb5f3828516af202d62d7dd3f/-/horizon-files-prod/ed/picture/q9mj9zj0/bcd73fcbf012e2f6d964d646bbde3c2253a45dfd.jpg
659,"<h1 class=""listing-item__header"">
    Lenovo T490s i5 neuf
</h1>",Neuf,Lenovo,175 000 ,Amitié,https://i.roamcdn.net/hz/ed/listing-thumb-543w/df6645b861377bb3c5b5d3eeda62904c/-/horizon-files-prod/ed/picture/qngpqg4g/787b85330daa684058f45bc5199a5123d6f68c16.jpg
660,"<h1 class=""listing-item__header"">
    Dell 7480 i5 neuf
</h1>",Neuf,Dell,150 000 ,Amitié,https://i.roamcdn.net/hz/ed/listing-thumb-543w/ec581700c25a23a00ae5061f57666c1e/-/horizon-files-prod/ed/picture/q9mjvm40/a563d908ffaf807dd3e0d56518c2e0fdfb42841e.jpg
661,"<h1 class=""listing-item__header"">
    Dell latitude 9520 i7 2in1
</h1>",Neuf,Dell,450 000 ,Derkle,https://i.roamcdn.net/hz/ed/listing-thumb-543w/2d2bfa590707438bc6dd4b009d51e582/-/horizon-files-prod/ed/picture/qde76nrr/25073f5cb46ee0c410b57e65857d86e8dd7d0345.jpg
662,"<h1 class=""listing-item__header"">
    Microsoft Surface pro/laptop / book
</h1>",Venant,Microsoft Surface,190 000 ,Gueule-Tapée,https://i.roamcdn.net/hz/ed/listing-thumb-543w/ff3287d58aa71c02ae32c7020306a99b/-/horizon-files-prod/ed/picture/q96mvm5/34f002c68faac1604a3b04248059870bb56cf6a9.jpg
663,"<h1 class=""listing-item__header"">
    HP x360 tactile rotatif
</h1>",Venant,HP,80 000 ,Gibraltar,https://i.roamcdn.net/hz/ed/listing-thumb-543w/890aec933b2a99c46873911fbdb4e373/-/horizon-files-prod/ed/picture/q448k6xe/f6f61832017f2b081387be5dfc900861f2e3619c.jpg
664,"<h1 class=""listing-item__header"">
    Dell corei3/i5/i7
</h1>",Venant,Dell,65 000 ,Gibraltar,https://i.roamcdn.net/hz/ed/listing-thumb-543w/df31b4f06a57eaf753e54df4feff62c9/-/horizon-files-prod/ed/picture/q8vzxndp/430a42a26fe358a8787896e1220b0115cb9e33fa.jpg
665,"<h1 class=""listing-item__header"">
    ✅ Lenovo X1 Carbon ✅ Tactile- i5.12th Gen- 13 Pouces
</h1>",Neuf,Lenovo,380 000 ,Hlm,https://i.roamcdn.net/hz/ed/listing-thumb-543w/f55709311898e4a10d16ac222712db3d/-/horizon-files-prod/ed/picture/qm5gw5w2/1d51b5e1e20ac09de18703d6f1a9d5746094d6a4.jpg
666,"<h1 class=""listing-item__header"">
    Hp Elitebook G8 i5
</h1>",Venant,HP,300 000 ,Médina,https://i.roamcdn.net/hz/ed/listing-thumb-543w/c74b15820348e55277c0bd3731e28c98/-/horizon-files-prod/ed/picture/qzvp0vw8/f46688cd168c45053b002ef8e83ec7373515edcf.jpg
667,"<h1 class=""listing-item__header"">
    ✅ Hp Nvidia - i5- 256Go Ssd &amp; 1.000 Go Hdd
</h1>",Neuf,HP,185 000 ,Hlm,https://i.roamcdn.net/hz/ed/listing-thumb-543w/96086a7c6e3b516994008654996e6e4e/-/horizon-files-prod/ed/picture/qgqw6qrn/ef328cdbdd14bad36d5cfd558fa81ecd7c27eb2a.jpg
668,"<h1 class=""listing-item__header"">
    Dell Gamer i7✅ - 32Go Ram - NVIDIA - 500Go SSD
</h1>",Venant,Dell,340 000 ,Hlm,https://i.roamcdn.net/hz/ed/listing-thumb-543w/1321b678dd29f2bda822590dccb1805a/-/horizon-files-prod/ed/picture/qngpqgvz/01800c6c8c954df417a87ac20b5f384b035aca75.jpg
669,"<h1 class=""listing-item__header"">
    ✅Hp Gamer i7- 32Go Ram- 1To Disk Ssd
</h1>",Venant,HP,300 000 ,Hlm,https://i.roamcdn.net/hz/ed/listing-thumb-543w/2bc6200ab5eb21d46848da7cc04b8e8d/-/horizon-files-prod/ed/picture/qde7geqw/dd191828aa525e532c4c7b837135902d9bd7fa88.png
670,"<h1 class=""listing-item__header"">
    ✅ MacBook Air 2020 - 256Go SSD
</h1>",Venant,Apple,350 000 ,Hlm,https://i.roamcdn.net/hz/ed/listing-thumb-543w/1c09a432df74010d3a911cd07efb7c6e/-/horizon-files-prod/ed/picture/qgqw6q7n/03d712ba4d2574d14b60435174cf8f633daede83.jpg
671,"<h1 class=""listing-item__header"">
    ✅ Mac Air M1 2020- Gold- 256go Ssd ✅
</h1>",Venant,Apple,450 000 ,Hlm,https://i.roamcdn.net/hz/ed/listing-thumb-543w/ea8acaefe562d678c73d9d0b9851cb0e/-/horizon-files-prod/ed/picture/qenvknzv/282f333c72599f566defa99a79458bfbb1e99b24.jpg
672,"<h1 class=""listing-item__header"">
    Dell xps 13  Treizième i7
</h1>",Neuf,Dell,480 000 ,Médina,https://i.roamcdn.net/hz/ed/listing-thumb-543w/5e4140a79368f959298c746281962918/-/horizon-files-prod/ed/picture/qm5gqeg9/4b7fd6a201a7502ac6de20b5ea72191d87bf82db.jpg
673,"<h1 class=""listing-item__header"">
    HP probook 440 g6
</h1>",Neuf,HP,200 000 ,Plateau,https://i.roamcdn.net/hz/ed/listing-thumb-543w/0aac2d67165b6d7915a51cceb1b56e26/-/horizon-files-prod/ed/picture/q2j0xj5d/50fbe48832279e801295cd9fdbdceaae061e1fca.jpg
674,"<h1 class=""listing-item__header"">
    Lenovo T14 Gen4 Corei7 Ram16 13ém Génération
</h1>",Neuf,Lenovo,650 000 ,Médina,https://i.roamcdn.net/hz/ed/listing-thumb-543w/417afd4eb8f4bc30dde733c5057f09ea/-/horizon-files-prod/ed/picture/qkr8zr6j/7a6f40393db587ea5c28f3f7b98de14b08a8f8b2.jpg
675,"<h1 class=""listing-item__header"">
    Hp EliteBook 840 G11 ultra7 512ssd Ram16 15Th Gen
</h1>",Neuf,HP,800 000 ,Médina,https://i.roamcdn.net/hz/ed/listing-thumb-543w/0e96267d624d8aaef420993df8046dde/-/horizon-files-prod/ed/picture/q78w68xj/fc9ab070c209d58f5a7e013bd6e30b60f0513ebf.jpg
676,"<h1 class=""listing-item__header"">
    MacBook Air M1/2020
</h1>",Venant,Apple,350 000 ,Dieuppeul,https://i.roamcdn.net/hz/ed/listing-thumb-543w/54511429f53ea9a67223aefb481954dd/-/horizon-files-prod/ed/picture/qgqw6qme/3d494ac41d299d4d05d59789439ee8521333f40c.png
677,"<h1 class=""listing-item__header"">
    Promo☄️Hp Elitbook 840 Corei5 256ssd Ram8
</h1>",Neuf,HP,150 000 ,Médina,https://i.roamcdn.net/hz/ed/listing-thumb-543w/fcf1b1485817dfa246c226f28d161e32/-/horizon-files-prod/ed/picture/qrz8xzrm/69d157ef6d155e820359ccc74dff99f65b662028.jpg
678,"<h1 class=""listing-item__header"">
    Vente MacBook Air M3
</h1>",Venant,Apple,775 000 ,Plateau,https://i.roamcdn.net/hz/ed/listing-thumb-543w/e2e18aa54d604284b6c455bf53a6d136/-/horizon-files-prod/ed/picture/q78w68wj/7d3aeecc67fa80980126b396334a1383d91b50ff.jpg
679,"<h1 class=""listing-item__header"">
    Vente MacBook Pro Touch Barr 2020
</h1>",Venant,Apple,425 000 ,Plateau,https://i.roamcdn.net/hz/ed/listing-thumb-543w/bfb5f53ed316c635874d56db3b911a42/-/horizon-files-prod/ed/picture/qzvp0vdq/e9391148e9b2b1a818b476197c0a0a1af1362988.jpg
680,"<h1 class=""listing-item__header"">
    Dell core i5 ssd 128g ram 8g
</h1>",Venant,Dell,55 000 ,Yoff,https://i.roamcdn.net/hz/ed/listing-thumb-543w/c9e9c9f04322d26d9e083aa9b51b4c1e/-/horizon-files-prod/ed/picture/qngpqggm/f9a6700554fb28cf3830bea2baf5d14ed492a021.jpg
681,"<h1 class=""listing-item__header"">
    Ordinateur Hp Core i5 Promotion
</h1>",Neuf,HP,129 900 ,Gibraltar,https://i.roamcdn.net/hz/ed/listing-thumb-543w/16d2af6c198b06bcef6e22cd17e01a97/-/horizon-files-prod/ed/picture/qngpq5qe/4391e39e033000697db748d5b183f17666bb0642.jpg
682,"<h1 class=""listing-item__header"">
    Macbook pro touch bar core i7 ram 32Go disque dur ssd 1tere
</h1>",Venant,Apple,550 000 ,Almadies,https://i.roamcdn.net/hz/ed/listing-thumb-543w/068f96dc83023d8157d606a6d4f2cac1/-/horizon-files-prod/ed/picture/qwepxqqp/f6aca86d03fb2297c9194b056b9f3a1fe04fba21.jpg
683,"<h1 class=""listing-item__header"">
    Dell XPS 15 9530 intel core i7-13620H
</h1>",Neuf,Dell,600 000 ,Parcelles Assainies,https://i.roamcdn.net/hz/ed/listing-thumb-543w/4d2787cee8beb03b62541e4a300ae6f5/-/horizon-files-prod/ed/picture/qv4wjmmm/d890f4a3beb214841c3788133570c3249fa79d34.jpg
684,"<h1 class=""listing-item__header"">
    HP 290G9
</h1>",Neuf,HP,425 000 ,Médina,https://i.roamcdn.net/hz/ed/listing-thumb-543w/07290b4a4a5b681d1ec7202e3ffc30b0/-/horizon-files-prod/ed/picture/q8v48qj7/2a21622b553b216ffe4636e17b39f0c3ca25c55c.jpg
685,"<h1 class=""listing-item__header"">
    ✅ Mac Air M1 2020- Gold- 256go Ssd ✅
</h1>",Venant,Apple,450 000 ,Hlm,https://i.roamcdn.net/hz/ed/listing-thumb-543w/02a032816ba057d54f716b14256ca254/-/horizon-files-prod/ed/picture/q8v48qr4/956f33fff817f92743ac0e2837bfd5b12458c26e.jpg
686,"<h1 class=""listing-item__header"">
    RAZER BLADE 15 I7/16GO/1TO/RTX3070
</h1>",Neuf,Autre,800 000 ,Médina,https://i.roamcdn.net/hz/ed/listing-thumb-543w/756c337035183f633f448a0086257ace/-/horizon-files-prod/ed/picture/q56dqk7r/c963c854053ee75aab25a8a9613d59b0e87cf5d6.jpg
687,"<h1 class=""listing-item__header"">
    HP elitebook 845g8
</h1>",Neuf,HP,260 000 ,Plateau,https://i.roamcdn.net/hz/ed/listing-thumb-543w/b1c68e2daa58d0a6d23f065e50cab9cf/-/horizon-files-prod/ed/picture/qenv8gjk/bc09fdcc745045055fe223430f89c715e8873690.jpg
688,"<h1 class=""listing-item__header"">
    Lenovo Thinkpad t480s
</h1>",Venant,Lenovo,175 000 ,Plateau,https://i.roamcdn.net/hz/ed/listing-thumb-543w/82d0ca9a05a3559a4ecafd55af170d40/-/horizon-files-prod/ed/picture/qgqwr2j8/4a83409f4867d640a9462e4df95ab73626609ccf.jpg
689,"<h1 class=""listing-item__header"">
    Hp elitebook 840 g3
</h1>",Venant,HP,130 000 ,Plateau,https://i.roamcdn.net/hz/ed/listing-thumb-543w/7cb550e6523a1f4ba7fc802ce9682a78/-/horizon-files-prod/ed/picture/qwepxq85/44436079165eecf59796fa983d40607518798a50.jpg
690,"<h1 class=""listing-item__header"">
    MACBOOK AIR PINK
</h1>",Venant,Apple,265 000 ,Hlm grand-yoff,https://i.roamcdn.net/hz/ed/listing-thumb-543w/17e04a34365b5c9ef37924675972cb4e/-/horizon-files-prod/ed/picture/q9mjz2jx/e04e6347738235039a10ff1f2528546d6cea68a3.jpg
691,"<h1 class=""listing-item__header"">
    Tablette  pour enfants sans clavier  128gb  64 gb  32 gb
</h1>",Venant,Microsoft Surface,20 000 ,Médina,https://i.roamcdn.net/hz/ed/listing-thumb-543w/a4f5a95d557f9c00f8784fb2e2751785/-/horizon-files-prod/ed/picture/q9mjx9p5/7e1a3dc53cb53f635b7009bfd7596123a650e61c.jpg
692,"<h1 class=""listing-item__header"">
    Ho Probook 440 G9 14 pouces
</h1>",Neuf,HP,425 000 ,Médina,https://i.roamcdn.net/hz/ed/listing-thumb-543w/4d7ead7bd69d071dd11efdf7fbf8f792/-/horizon-files-prod/ed/picture/q2j0zpze/72352b8abf4d9b793ecbea8ea19076ee1223301b.jpg
693,"<h1 class=""listing-item__header"">
    Ordinateur
</h1>",Neuf,Lenovo,170 000 ,Médina,https://i.roamcdn.net/hz/ed/listing-thumb-543w/2c7122d1743db5a344afb895e055091f/-eyJvciI6MH0%3D/horizon-files-prod/ed/picture/qkrgwnw8/ddd46b61849456f1050cd1a0ccb970253e18e8a4.jpg
694,"<h1 class=""listing-item__header"">
    Ordinateur
</h1>",Venant,Lenovo,120 000 ,Médina,https://i.roamcdn.net/hz/ed/listing-thumb-543w/eca876bd787a2c93e7056d6e2aeb741c/-/horizon-files-prod/ed/picture/q448xwem/02bb9f85a4e7a58357b1a8d141c5c8fa937e5e9d.jpg
695,"<h1 class=""listing-item__header"">
    Ordinateur HP
</h1>",Neuf,HP,180 000 ,Médina,https://i.roamcdn.net/hz/ed/listing-thumb-543w/49c643852591193ddbc139985e848768/-eyJvciI6MH0%3D/horizon-files-prod/ed/picture/qdek5mv2/ba7a3bbbdd9d318ab81ddb5bf3ee7fdb7fab66af.jpg
696,"<h1 class=""listing-item__header"">
    HP ELITEBOOK 850 G8
</h1>",Venant,HP,190 000 ,Médina,https://i.roamcdn.net/hz/ed/listing-thumb-543w/f439bd49cb26fee3e87163575592ed0e/-/horizon-files-prod/ed/picture/q56d547p/bbe9d689f78dfc8ab77ec9291e71c8da25a38d60.jpg
697,"<h1 class=""listing-item__header"">
    HP ELITEBOOK
</h1>",Neuf,HP,220 000 ,Médina,https://i.roamcdn.net/hz/ed/listing-thumb-543w/0cc958414d7f47af4938868a553a77c2/-/horizon-files-prod/ed/picture/q9m9p6v5/61b8033983768b316f1e92dd08bebae1117f279c.jpg
698,"<h1 class=""listing-item__header"">
    ASUS ZenBook Flip13
</h1>",Neuf,ASUS,350 000 ,Médina,https://i.roamcdn.net/hz/ed/listing-thumb-543w/0a75777e2c4bb172811915c6947bcf3d/-/horizon-files-prod/ed/picture/q78wxep5/c09076a17a22bfcdf96dfbd494c96130295202e8.jpg
699,"<h1 class=""listing-item__header"">
    HP ELITEBOOK
</h1>",Neuf,HP,300 000 ,Médina,https://i.roamcdn.net/hz/ed/listing-thumb-543w/cd933711186971712466d5a53c25e367/-/horizon-files-prod/ed/picture/qrzvg0mn/5cb13d4291cc855b32fac0aee4b1cb20e6eba170.jpg
700,"<h1 class=""listing-item__header"">
    Ordinateur
</h1>",Neuf,Lenovo,150 000 ,Médina,https://i.roamcdn.net/hz/ed/listing-thumb-543w/bac63435c68fbe9e76a92f2f15855577/-/horizon-files-prod/ed/picture/q785k4kd/9cd20f0de5e303233d56ab0910e477c05b69e3e0.jpg
701,"<h1 class=""listing-item__header"">
    DELL professionnel
</h1>",Neuf,Dell,400 000 ,Médina,https://i.roamcdn.net/hz/ed/listing-thumb-543w/563f6226ba031bab8dbbd9a10b9de05e/-/horizon-files-prod/ed/picture/qde7rxe5/4f497aeed055408a6e2c6eeb583134e93b3ea135.jpg
702,"<h1 class=""listing-item__header"">
    LENOVO W 360
</h1>",Neuf,Lenovo,160 000 ,Médina,https://i.roamcdn.net/hz/ed/listing-thumb-543w/1765730d51e4ba8a3ab8232cfa370d46/-/horizon-files-prod/ed/picture/qenq6jkd/3507b3163f04b68ceb4cbb4ec63c212bbf155546.jpg
703,"<h1 class=""listing-item__header"">
    Hp  elitebook
</h1>",Venant,HP,120 000 ,Médina,https://i.roamcdn.net/hz/ed/listing-thumb-543w/f367cdbea2e7bc225f0d29c4ca96ce62/-/horizon-files-prod/ed/picture/qenvzre6/0fdf2a7e8bf96ba719c1aa956810525ee30cd596.jpg
704,"<h1 class=""listing-item__header"">
    HP  ELITEBOOk 830 G7 tactile et non tactile disponible
</h1>",Venant,HP,200 000 ,Médina,https://i.roamcdn.net/hz/ed/listing-thumb-543w/37b50171ef84544e757a25f75ae3bd1a/-/horizon-files-prod/ed/picture/qv4wr2ng/685ea103937a1543dad521bbbdf01cade30da31e.jpg
705,"<h1 class=""listing-item__header"">
    hp 250 g9 notebook
</h1>",Neuf,HP,120 000 ,Pikine,https://i.roamcdn.net/hz/ed/listing-thumb-543w/41c91b4d347aa355e38a77ebf93dae7b/-/horizon-files-prod/ed/picture/q44n9xe2/d076b25a35a5a316cbc3db567eb2c6349f3587b4.jpg
706,"<h1 class=""listing-item__header"">
    MacBook Air M2 16Go 512Go Scellé Bleu
</h1>",Neuf,Apple,700 000 ,Derkle,https://i.roamcdn.net/hz/ed/listing-thumb-543w/11fdd99f8701fa96f858c4789ca1e1ad/-/horizon-files-prod/ed/picture/qpdm9xkx/1171c89463bed5fc26e60f5f2dd8921c403fcbf3.jpg
707,"<h1 class=""listing-item__header"">
    MacBook Pro M3 Pro 18Go 512Go Scellé
</h1>",Neuf,Apple,1 275 000 ,Derkle,https://i.roamcdn.net/hz/ed/listing-thumb-543w/04ee6a4a86bd542b97b70aac83d511ba/-/horizon-files-prod/ed/picture/qenvmgwd/f437aa49026ebb7dfc669bf6e542debcd846cbec.jpg
708,"<h1 class=""listing-item__header"">
    Pc de bureau complet
</h1>",Neuf,HP,65 000 ,Pikine,https://i.roamcdn.net/hz/ed/listing-thumb-543w/43d137d87914468566e6a808ea48d2ff/-/horizon-files-prod/ed/picture/qgqwrvve/a2a589ef77e0d7e0ca8a38862cf3046fc639fdea.jpg
709,"<h1 class=""listing-item__header"">
    LENOVO THINKPAD P14S I7/16GO/512SSD/NVIDIA
</h1>",Neuf,Lenovo,380 000 ,Médina,https://i.roamcdn.net/hz/ed/listing-thumb-543w/564cd7617ac3fddfcafeb3da3e9c3f93/-/horizon-files-prod/ed/picture/q6xdwg98/5cddbc0ba08d6807a09997a3a98cac9aab9b4dd1.jpg
710,"<h1 class=""listing-item__header"">
    HP ENVY X360 Laptop 16 AMD Ryzen 5
</h1>",Neuf,HP,500 000 ,Plateau,https://i.roamcdn.net/hz/ed/listing-thumb-543w/561e993ef1431e31641737264a4e27f1/-/horizon-files-prod/ed/picture/qv4wr9pj/8c9699e57bb38028251d4217711acddf8a3f2f71.jpg
711,"<h1 class=""listing-item__header"">
    LONOVO X1 YOGA CORE I5
</h1>",Neuf,Lenovo,450 000 ,Médina,https://i.roamcdn.net/hz/ed/listing-thumb-543w/9a87947ba4b3965b720c73423270f7ef/-/horizon-files-prod/ed/picture/qwep0w70/b445df448ab8dfb49fdb17ce0a8629b74f83e305.jpg
712,"<h1 class=""listing-item__header"">
    DELL PRECISION 5540 i7 9TH
</h1>",Neuf,Dell,490 000 ,Médina,https://i.roamcdn.net/hz/ed/listing-thumb-543w/a393d0aa625ae04ab02ac91a27bed154/-/horizon-files-prod/ed/picture/qkr8dwmw/5c4ce3b4687c0456122e7135c924c4e4954f9c1f.jpg
713,"<h1 class=""listing-item__header"">
    SURFACE PRO 7+ CORE I5
</h1>",Neuf,Autre,425 000 ,Médina,https://i.roamcdn.net/hz/ed/listing-thumb-543w/2ec2647bb2169e6508cc31c583c55325/-/horizon-files-prod/ed/picture/q2j09g6q/9d6f749070e0186bc8de2e7e6c3e91b98cbe04f4.jpg
714,"<h1 class=""listing-item__header"">
    Dell core i7 disc ssd 256g ram 8g hdmi
</h1>",Venant,Dell,85 000 ,Yoff,https://i.roamcdn.net/hz/ed/listing-thumb-543w/820139ee266a31b42626c7f2ff4317ab/-/horizon-files-prod/ed/picture/q2j0v4xg/1c8fc8f88c02096fac8738c6836d2c1da583a51e.jpg
715,"<h1 class=""listing-item__header"">
    DELL Inspiron 5406 2-in-1 Cor i5 11ème Gén
</h1>",Neuf,Dell,270 000 ,Médina,https://i.roamcdn.net/hz/ed/listing-thumb-543w/5a869d745a31e20dd55616a3f9dd9502/-/horizon-files-prod/ed/picture/qrz8wrmn/b983e692d54d5c1865e121a60cd8e484718fe9ad.jpg
716,"<h1 class=""listing-item__header"">
    DELL Latitude 5570 Cor i7 6ème Gén
</h1>",Venant,Dell,145 000 ,Médina,https://i.roamcdn.net/hz/ed/listing-thumb-543w/2a055b1d991a7e43c8da0daa53ffef69/-/horizon-files-prod/ed/picture/qgqwr87e/77e0522d6938a83f853cd360b0f62528893d6fd8.jpg
717,"<h1 class=""listing-item__header"">
    𝗛𝗣 𝗘𝗟𝗜𝗧𝗘 𝘅𝟮 𝟭𝟬𝟭𝟮 𝗚𝟭 | 𝗜𝗻𝘁𝗲𝗹 (𝗥) 𝗖𝗼𝗿𝗲 (𝗧𝗠) 𝗺𝟱
</h1>",Venant,HP,115 000 ,Médina,https://i.roamcdn.net/hz/ed/listing-thumb-543w/67ef0b5bc395fa967361744fcec11e1f/-/horizon-files-prod/ed/picture/q0g77g7k/9da0c55157a9a0ab8b264b96b7977d04e7ff994f.jpg
718,"<h1 class=""listing-item__header"">
    MacBook Pro 13 pouces 2018 Core i7
</h1>",Venant,Apple,425 000 ,Gueule-Tapée,https://i.roamcdn.net/hz/ed/listing-thumb-543w/88ec40f3b204a0bffa52d12d19ae8390/-/horizon-files-prod/ed/picture/qj4qgnmr/04ec9a6aaf3a1fd8c7a50fdf099de103dda94da7.jpg
719,"<h1 class=""listing-item__header"">
    MacBook Pro 16 pouces 2021 M1 Pro
</h1>",Neuf,Apple,850 000 ,Gueule-Tapée,https://i.roamcdn.net/hz/ed/listing-thumb-543w/5249d0ce22191f385f74d451fb646d49/-/horizon-files-prod/ed/picture/qgqwrv5q/713f1ece4db7531b802767250fed905eb7a54ece.jpg
720,"<h1 class=""listing-item__header"">
    Mac Book Pro i7
</h1>",Neuf,Apple,489 000 ,Cité keur gorgui,https://i.roamcdn.net/hz/ed/listing-thumb-543w/c434b304672799f57ef8bb72614e1dcc/-/horizon-files-prod/ed/picture/q8v48ex7/4b9b607b21350577bdd9dc75a5a1be330cdffbe7.jpg
721,"<h1 class=""listing-item__header"">
    iMac
</h1>",Venant,Apple,150 000 ,Médina,https://i.roamcdn.net/hz/ed/listing-thumb-543w/3557a1ffbb508e161b3fa911b8e61f77/-/horizon-files-prod/ed/picture/q9mjzkjn/747cfcfc69506771b00b70c209c6347ae9a2a33a.jpg
722,"<h1 class=""listing-item__header"">
    Alienware 👽 X14 R2 intel core i7-1270H 12th gen (20 Coeurs)
</h1>",Venant,Dell,850 000 ,Parcelles Assainies,https://i.roamcdn.net/hz/ed/listing-thumb-543w/0acd093ac008e6002d1c148529c3def1/-/horizon-files-prod/ed/picture/qenv80wk/6ace86294a188799996a724c8a2b428e75d1cb74.jpg
723,"<h1 class=""listing-item__header"">
    MSI Cyborg 15 RTX 4050
</h1>",Neuf,MSI,650 000 ,Médina,https://i.roamcdn.net/hz/ed/listing-thumb-543w/38abde02210d21bb2529c8a3aaedb3e2/-/horizon-files-prod/ed/picture/qq42xzrw/d4172c6b8eaa98cbb5b6adf936179a3e30fe2a8f.png
724,"<h1 class=""listing-item__header"">
    LENOVO L14 gen3 et gen4
</h1>",Neuf,Lenovo,380 000 ,Médina,https://i.roamcdn.net/hz/ed/listing-thumb-543w/a2bb3928267d0542e5ecaeb5135cc2d5/-/horizon-files-prod/ed/picture/qpdm9zp2/471e0a967395b76418f4414c1fa9a029711d6ae3.jpg
725,"<h1 class=""listing-item__header"">
    Ordinateur portable Hp core i5 Neuf
</h1>",Neuf,HP,149 900 ,Médina,https://i.roamcdn.net/hz/ed/listing-thumb-543w/e769077a579bda13e05b29c1c0299fcd/-/horizon-files-prod/ed/picture/qrz8wp8x/42ea7b1808e6fb9600fe63fda8a95f2c28788bda.jpg
726,"<h1 class=""listing-item__header"">
    Ordinateur Hp Core i5
</h1>",Venant,HP,149 900 ,Gibraltar,https://i.roamcdn.net/hz/ed/listing-thumb-543w/59ae7b97026c31debc8a4ad58fbe7278/-/horizon-files-prod/ed/picture/q9mjze9w/3201bd07cacb34a4aa9d6121360d5c1a73d031ee.jpg
727,"<h1 class=""listing-item__header"">
    Ordinateur portable Lenovo Tactile
</h1>",Neuf,Lenovo,99 900 ,Gibraltar,https://i.roamcdn.net/hz/ed/listing-thumb-543w/d1091bf4b54b3981dbc049c31944bce8/-/horizon-files-prod/ed/picture/q78wqe5x/7073cdd2c3d0ef75985368aa16e47cb2d6a5c924.jpg
728,"<h1 class=""listing-item__header"">
    Lenovo X260
</h1>",Venant,Lenovo,135 000 ,Hlm,https://i.roamcdn.net/hz/ed/listing-thumb-543w/be9f33962fdd4b02584a5361365d737b/-/horizon-files-prod/ed/picture/qq42nj4k/3b56179808bfb5f94e52eea35654b08ef3ca5f41.jpg
729,"<h1 class=""listing-item__header"">
    Hp EliteBook 820 g4 i5 ram 8
</h1>",Venant,HP,150 000 ,Médina,https://i.roamcdn.net/hz/ed/listing-thumb-543w/6cceb3c55bbb86ef364d361eef6da1ac/-/horizon-files-prod/ed/picture/q44n44m4/f69104358d8132a2d36245a3861c45d040c42497.jpg
730,"<h1 class=""listing-item__header"">
    Vente ord portable HP EliteBook840i5/256GoSSD+1ToSata
</h1>",Venant,HP,165 000 ,Almadies 2,https://i.roamcdn.net/hz/ed/listing-thumb-543w/1c9a4b5a9dd1dc0176af52b9dba72b61/-/horizon-files-prod/ed/picture/q2j0vmvp/751c4904595d4767856093367233ec43f6a3a126.png
731,"<h1 class=""listing-item__header"">
    Dell latitude 5450 Ultra7 512ssd Ram32Giga 15Th Gen
</h1>",Neuf,Dell,750 000 ,Médina,https://i.roamcdn.net/hz/ed/listing-thumb-543w/39ad01fd7f35fdd6db75fb5a8b25a53a/-/horizon-files-prod/ed/picture/qngpv6km/ca8da7e09fd07bb434bebbff886fc8b34f6bb9fd.jpg
732,"<h1 class=""listing-item__header"">
    Msi Gamer Corei7 1To ssd Ram32 Rtx 8Giga dédié
</h1>",Neuf,MSI,500 000 ,Médina,https://i.roamcdn.net/hz/ed/listing-thumb-543w/32b62dba8d8cd4101cfe57cd22f95f09/-/horizon-files-prod/ed/picture/q6xdwp28/d736764171befe80a9ba818baeef65ec2ba670f0.jpg
733,"<h1 class=""listing-item__header"">
    Mac Book Air 2020 Core i7 ssd 256 Gb Ram 16 Gb
</h1>",Venant,Apple,375 000 ,Cambérène,https://i.roamcdn.net/hz/ed/listing-thumb-543w/6402853cd7dfc5915a7498cac572fc4d/-/horizon-files-prod/ed/picture/qm5gkgkd/c5e4a525e6366586d36e83e6e537ae26d9506e7d.jpg
734,"<h1 class=""listing-item__header"">
    Hp EliteBook 840 Corei5 256ssd Ram8
</h1>",Neuf,HP,150 000 ,Médina,https://i.roamcdn.net/hz/ed/listing-thumb-543w/0205f9d4591275cd4a30ce3d505d707d/-/horizon-files-prod/ed/picture/qenv84mj/dd61c47b16839a563a6a56c84e9166773cdeb2b0.jpg
735,"<h1 class=""listing-item__header"">
    MACBOOK PRO  I9 2019 16 POUCE TOUCH BAR
</h1>",Venant,Apple,600 000 ,Parcelles Assainies,https://i.roamcdn.net/hz/ed/listing-thumb-543w/55417980759a9d701735af9087f57bef/-/horizon-files-prod/ed/picture/qpdm9v7j/170a2679e7ca3360ae7ce9a25f8cf3d22b3eb6ca.jpg
736,"<h1 class=""listing-item__header"">
    HP ELITE X2 G4 I5 8TH
</h1>",Venant,HP,250 000 ,Parcelles Assainies,https://i.roamcdn.net/hz/ed/listing-thumb-543w/a3a7fd79c19278591e9f4fdb60781d2b/-/horizon-files-prod/ed/picture/qngpv6zm/f042f2ca17945194ca5d8fe1d7e97497ff817f5b.jpg
737,"<h1 class=""listing-item__header"">
    Dell Precision 3590 de 14 eme Génération Ultra 7 Rtx
</h1>",Neuf,Dell,575 000 ,Cambérène,https://i.roamcdn.net/hz/ed/listing-thumb-543w/208071473efbf4259357a54e9a229ecb/-/horizon-files-prod/ed/picture/q56dnj25/4125f167a6dcde62536fad9ce00535b682eb41ec.jpg
738,"<h1 class=""listing-item__header"">
    MacBook Air M3 2024 Sceller
</h1>",Neuf,Apple,780 000 ,Médina,https://i.roamcdn.net/hz/ed/listing-thumb-543w/62ce0dd27d2256fc0bf57be9467efeb4/-/horizon-files-prod/ed/picture/q9mjz70v/a989322cd939e6cbf5bd5cf0ae1ed812b2ea70b0.jpg
739,"<h1 class=""listing-item__header"">
    MacBook Air 15 pouces M3 16GB SSD 512 AZERTY
</h1>",Neuf,Apple,990 000 ,Médina,https://i.roamcdn.net/hz/ed/listing-thumb-543w/8f27609cc93a7c2009df2dd53e23f3b1/-/horizon-files-prod/ed/picture/q6xdw2qz/ee8905e12faec971ebefd1c163d2b7f511fea73d.jpg
740,"<h1 class=""listing-item__header"">
    Lenovo x1 Carbon Core i7
</h1>",Venant,Lenovo,190 000 ,Liberte 6 extension,https://i.roamcdn.net/hz/ed/listing-thumb-543w/86724a46574355b428e9d68376ac7b00/-/horizon-files-prod/ed/picture/qngp8vj0/a203fb0a46b1247a01ceac6cc258b2379d122e6a.jpg
741,"<h1 class=""listing-item__header"">
    Hp EliteBook 1040 g7 i7
</h1>",Venant,HP,350 000 ,Plateau,https://i.roamcdn.net/hz/ed/listing-thumb-543w/33fa31d1cf6958a30d30f60e1a35ba26/-/horizon-files-prod/ed/picture/q2j0v6xk/83ddf05b91ef3d9e77036a301786e6ffeba2aae6.jpg
742,"<h1 class=""listing-item__header"">
    Hp ZBook Studio G5 i9
</h1>",Neuf,HP,380 000 ,Grand-Dakar,https://i.roamcdn.net/hz/ed/listing-thumb-543w/5f5b06eeef7e90fa9754d84ad320012a/-/horizon-files-prod/ed/picture/qxjpmvzq/0b91129b4527aa0c04e1af15fa7dcf7c47977277.jpg
743,"<h1 class=""listing-item__header"">
    MacBook Air 2020 Puce M1
</h1>",Neuf,Apple,475 000 ,Médina,https://i.roamcdn.net/hz/ed/listing-thumb-543w/794af94e4412a1d5d23fff21186a68b4/-/horizon-files-prod/ed/picture/qm5g7edd/38ecaa723c3f743d638b6df9b09d2054d011a799.jpg
744,"<h1 class=""listing-item__header"">
    Hp EliteBook 840 G6 i5 8th Génération  Disque 256 SSD
</h1>",Neuf,HP,190 000 ,Médina,https://i.roamcdn.net/hz/ed/listing-thumb-543w/2beac0dbe15d8d0479787b6e410255dc/-/horizon-files-prod/ed/picture/q78wqz0g/d6f529a17b66edaedc05e98080b812955b3848a6.jpg
745,"<h1 class=""listing-item__header"">
    Lenovo t480s i7
</h1>",Venant,Lenovo,255 000 ,Médina,https://i.roamcdn.net/hz/ed/listing-thumb-543w/1773941064a3776e30b9ba2cfe049daf/-/horizon-files-prod/ed/picture/qpdm9e8r/c092a45b3027d7d0f339074a8012c6282e6b2814.jpg
746,"<h1 class=""listing-item__header"">
    Microsoft Surface Pro 11e édition 13"" Snapdragon x Elite
</h1>",Neuf,Microsoft Surface,950 000 ,Point-e,https://i.roamcdn.net/hz/ed/listing-thumb-543w/8bff22ba654c572306227eb85e6933b3/-/horizon-files-prod/ed/picture/qv4w00g2/6f1d1655b7bd3336f74a34d28ed3211d59ac14cd.jpg
747,"<h1 class=""listing-item__header"">
    Lenovo ThinkBook 15 G2 - AMD Ryzen 7 | 16GB RAM | 512
</h1>",Venant,Lenovo,355 000 ,Point-e,https://i.roamcdn.net/hz/ed/listing-thumb-543w/2d0ce30980d6da299a13018923d42c9a/-/horizon-files-prod/ed/picture/qxjpx70j/5259b160c09d890134350f63a121c48e42ff7902.jpg
748,"<h1 class=""listing-item__header"">
    MacBook Pro 14'' 2021 M1 Pro / 16GB / 512GB
</h1>",Venant,Apple,750 000 ,Point-e,https://i.roamcdn.net/hz/ed/listing-thumb-543w/7226f45b0840faf9ca04dd2b71157ba8/-/horizon-files-prod/ed/picture/qngpkk7g/e6cce83a37e8889a9854095a38e80c1458443cfc.jpg
749,"<h1 class=""listing-item__header"">
    Dell Latitude 5000 5430 14"" Rugged Core i7 11th Gen
</h1>",Venant,Dell,650 000 ,Point-e,https://i.roamcdn.net/hz/ed/listing-thumb-543w/dfe98c15e4208fedb267518b05263b80/-/horizon-files-prod/ed/picture/qde7zz0m/e4b22a60d993d99dd68a26a16ce195c2975aa720.jpg
750,"<h1 class=""listing-item__header"">
    Dell 14"" Precision 3480 Mobile Workstation
</h1>",Neuf,Dell,550 000 ,Point-e,https://i.roamcdn.net/hz/ed/listing-thumb-543w/9f9c5922445a4eea34a5687c7ad8255d/-/horizon-files-prod/ed/picture/q8v4r7vr/19d957957580fbcb5ca1679cae3c2bd1d5554878.jpg
751,"<h1 class=""listing-item__header"">
    HP 15 Laptop, AMD Ryzen 3 Processor, 8 GB RAM, 256 GB SSD,
</h1>",Neuf,HP,260 000 ,Point-e,https://i.roamcdn.net/hz/ed/listing-thumb-543w/84356682d2a607c8690c5d431178452b/-/horizon-files-prod/ed/picture/qq42n9rj/ffaabd7f223697ac28eb79da13cbf3ff6303fe18.jpg
752,"<h1 class=""listing-item__header"">
    💻 HP EliteBook 745 G6 - Performance et Élégance Réunies
</h1>",Neuf,HP,195 000 ,Médina,https://i.roamcdn.net/hz/ed/listing-thumb-543w/fceeb0420def367bb75b470c2286ce9c/-/horizon-files-prod/ed/picture/q0g76jwm/017070b1d85d912ddbd240ee5c4cbfabb54786e7.jpg
753,"<h1 class=""listing-item__header"">
    Dell Précision 5530 i7 9th Génération (work station)
</h1>",Venant,Dell,380 000 ,Médina,https://i.roamcdn.net/hz/ed/listing-thumb-543w/51b4697da8efa27b439f65e60beace3e/-/horizon-files-prod/ed/picture/qxjpm9ev/806c1b670c5cbaecc8938a33bb1bf9f15704dfb1.jpg
754,"<h1 class=""listing-item__header"">
    ACER NITRO 5 I5/16GO/512SSD/RTX3050
</h1>",Neuf,Acer,550 000 ,Médina,https://i.roamcdn.net/hz/ed/listing-thumb-543w/73b108d83bc3523eeece3c6b6635f0fc/-/horizon-files-prod/ed/picture/q56d8dqg/d99ff9004d9f0abd5a0461102f666520c6af43b8.jpg
755,"<h1 class=""listing-item__header"">
    Asus Tuf Gamer Ryzen
</h1>",Neuf,ASUS,400 000 ,Médina,https://i.roamcdn.net/hz/ed/listing-thumb-543w/28934881125f52c7ca0605073d9ef9b8/-/horizon-files-prod/ed/picture/qwezdqkg/ede1ed249656f9dfbac6b7b334c0ad01d640b0df.jpg
756,"<h1 class=""listing-item__header"">
    ASUS ROG Strix G16 (2024)
</h1>",Neuf,ASUS,950 000 ,Plateau,https://i.roamcdn.net/hz/ed/listing-thumb-543w/f942d79898a944e997e5f2a8e161a70e/-/horizon-files-prod/ed/picture/qj4qpkn8/dc191f02fa923c8e504b7f80307f915bc9c296fd.jpg
757,"<h1 class=""listing-item__header"">
    LENOVO THINKPAD P14S GEN 5 RYZEN 7/32GO/1TO
</h1>",Neuf,Lenovo,750 000 ,Médina,https://i.roamcdn.net/hz/ed/listing-thumb-543w/a6aa976ffc4ec7856c0d554e998efce4/-/horizon-files-prod/ed/picture/qrz8wxex/386b7c661426fb83d74209694ec5724f48400aa3.jpg
758,"<h1 class=""listing-item__header"">
    MacBook pro 2019 i7
</h1>",Venant,Apple,490 000 ,Plateau,https://i.roamcdn.net/hz/ed/listing-thumb-543w/98494394ef9ba3c5116034f8b7f51ca6/-/horizon-files-prod/ed/picture/qrz8wwx5/342c9290d215d6fd0c17adf4291c8cfed0f39d4d.jpg
759,"<h1 class=""listing-item__header"">
    Dell inspiron 11th génération 15 pouce
</h1>",Venant,Dell,200 000 ,Almadies,https://i.roamcdn.net/hz/ed/listing-thumb-543w/22c397e104c306fcef4b6bf25ebfc86e/-/horizon-files-prod/ed/picture/qngpvqjw/042a26063eaa51440a35fd853eecbeedf2f9d535.jpg
760,"<h1 class=""listing-item__header"">
    Hp probook 445 G7
</h1>",Neuf,HP,190 000 ,Plateau,https://i.roamcdn.net/hz/ed/listing-thumb-543w/05d58962352d640b0bf9d771db5b8ec3/-/horizon-files-prod/ed/picture/qenv8kpj/68231cf46ad9cc2412822248351122dceb973f4b.jpg
761,"<h1 class=""listing-item__header"">
    HP EliteBook 640 G10 i5 tactile - 13th Gen Neuf
</h1>",Neuf,HP,400 000 ,Médina,https://i.roamcdn.net/hz/ed/listing-thumb-543w/8eda2d5ffea69bed640f7471c17404d2/-/horizon-files-prod/ed/picture/q6xdwwrz/ef6e1eef2216d0f99eecaae32aa41092a94783c5.jpg
762,"<h1 class=""listing-item__header"">
    DELL LATITUDE 5450 UTRA 7/32GO/512SSD
</h1>",Neuf,Dell,700 000 ,Médina,https://i.roamcdn.net/hz/ed/listing-thumb-543w/86cbc6d42338bcbfdcf9e4f1810bfb22/-/horizon-files-prod/ed/picture/qm5g7779/e023e88c8cb910db409227ed8119bcd51131bf39.jpg
763,"<h1 class=""listing-item__header"">
    acer NITRO 5
</h1>",Neuf,Acer,800 000 ,Plateau,https://i.roamcdn.net/hz/ed/listing-thumb-543w/8c95b768cf59c28e6dbc999d1706a1b1/-/horizon-files-prod/ed/picture/qxjpmmmz/74af56f4f2e711f3733a301ef0f4183b88290988.jpg
764,"<h1 class=""listing-item__header"">
    Hp Elitebook 1030 G2
</h1>",Neuf,HP,230 000 ,Plateau,https://i.roamcdn.net/hz/ed/listing-thumb-543w/b01e41282c907c5d53d22ab9b8a64f4b/-/horizon-files-prod/ed/picture/qq42nnnw/34dac2e1fa002ab870081536d4fb942767fe371a.jpg
765,"<h1 class=""listing-item__header"">
    MSI GAMER GF75 I7 RTX3060
</h1>",Venant,MSI,420 000 ,Plateau,https://i.roamcdn.net/hz/ed/listing-thumb-543w/fb500d037b0a11aa7a5fa15d7e3595c2/-/horizon-files-prod/ed/picture/q9mjzzxj/31686344c2835f6bd5d087e5abf331e2b5fddc07.jpg
766,"<h1 class=""listing-item__header"">
    LENOVO THINKPAD L15 10Th generation
</h1>",Venant,Lenovo,200 000 ,Hann maristes,https://i.roamcdn.net/hz/ed/listing-thumb-543w/51cd8206fe8650ba395cb51d1364fad4/-/horizon-files-prod/ed/picture/qq42nn5e/c1e12acdc1477d67a31d8abff365b253f5b98b0c.jpg
767,"<h1 class=""listing-item__header"">
    Dell latitude 7420 i7 tactile 2023
</h1>",Venant,Dell,350 000 ,Plateau,https://i.roamcdn.net/hz/ed/listing-thumb-543w/669465a48db8cca1208464af0b8a422f/-/horizon-files-prod/ed/picture/qngpvvk9/1b3006985429211deeedaa9e2af0450bab09e624.jpg
768,"<h1 class=""listing-item__header"">
    Hp Elitbook 1040 G8 x360 i7
</h1>",Neuf,HP,400 000 ,Plateau,https://i.roamcdn.net/hz/ed/listing-thumb-543w/c1439036d5975b94672ef30033033ca9/-/horizon-files-prod/ed/picture/q56dnn8e/ce433bf0d542d608b72eabd32d7442f35f139d0e.jpg
769,"<h1 class=""listing-item__header"">
    Hp probook 440 g7
</h1>",Venant,HP,190 000 ,Gueule-Tapée,https://i.roamcdn.net/hz/ed/listing-thumb-543w/0336756f398dfce0b1871a051b4860cf/-/horizon-files-prod/ed/picture/qkr8q6vm/a20b2775862bc134c86a4e5188683426a2f33d64.jpg
770,"<h1 class=""listing-item__header"">
    Microsoft Surface Pro X 2023
</h1>",Neuf,Microsoft Surface,400 000 ,Plateau,https://i.roamcdn.net/hz/ed/listing-thumb-543w/ccc2a457ea5d6ea938eb99c2d6069645/-/horizon-files-prod/ed/picture/qgqwrrjk/467fff504e00be77279ac3299a9c3fbfde105339.jpg
771,"<h1 class=""listing-item__header"">
    Imac 27pouces 2020
</h1>",Neuf,Apple,580 000 ,Plateau,https://i.roamcdn.net/hz/ed/listing-thumb-543w/f7a3d2733de8254b7da60d50c7e59d01/-/horizon-files-prod/ed/picture/qq42nn8w/120fa826fbd46ca7f2258193e358d16a6cf471f1.jpg
772,"<h1 class=""listing-item__header"">
    Lenovo Thinkbook i7 11e
</h1>",Venant,Lenovo,350 000 ,Plateau,https://i.roamcdn.net/hz/ed/listing-thumb-543w/9c6e1a8ecc9fb4947e0390b59e1afdf6/-/horizon-files-prod/ed/picture/qde7qq0g/a248e601abba12eed1484dea2692e47db32ccbf4.jpg
773,"<h1 class=""listing-item__header"">
    MACBOOK PRO TOUCHBAR
</h1>",Venant,Apple,300 000 ,Hlm grand-yoff,https://i.roamcdn.net/hz/ed/listing-thumb-543w/3cc93cb5ce0c3b987dc341c9914bf0f5/-/horizon-files-prod/ed/picture/qxjpmnp4/a44cfe4c317762c39f41a8ec7e88b4b725857bbc.jpg
774,"<h1 class=""listing-item__header"">
    MACBOOK PRO 2020 TOUCHBAR
</h1>",Neuf,Apple,320 000 ,Hlm grand-yoff,https://i.roamcdn.net/hz/ed/listing-thumb-543w/2d636449a2aa8e0a0e225043039839c0/-/horizon-files-prod/ed/picture/q6xdwwzz/d003d3d97f5a3a1980eaac39b26fe794d2a69603.jpg
775,"<h1 class=""listing-item__header"">
    Hp ZBook Studio G5
</h1>",Neuf,HP,350 000 ,Plateau,https://i.roamcdn.net/hz/ed/listing-thumb-543w/9d9e6d9a776f08a33fbe7dcc38a13f98/-/horizon-files-prod/ed/picture/qj4qggpd/c60e06416289246078249c88d6c216bba65d2aa7.jpg
776,"<h1 class=""listing-item__header"">
    MACBOOK 16POUCE M1PRO
</h1>",Venant,Apple,750 000 ,Nord foire,https://i.roamcdn.net/hz/ed/listing-thumb-543w/32b418ea42557cdc666a2600d1341e57/-/horizon-files-prod/ed/picture/q9mjxrx8/0d46ce8f728149e759f8b4b091deebd38861f03d.jpg
777,"<h1 class=""listing-item__header"">
    Tablette surface 3
</h1>",Neuf,Microsoft Surface,90 000 ,Plateau,https://i.roamcdn.net/hz/ed/listing-thumb-543w/ee609801f13f433a3f56de9fa912adc1/-/horizon-files-prod/ed/picture/qj4qgg6d/565ad22436cce41a63574c73305f604615f644f4.jpg
778,"<h1 class=""listing-item__header"">
    iMac 24 pouces M4 24GB SSD 1TB
</h1>",Neuf,Apple,1 950 000 ,Fenêtre mermoz,https://i.roamcdn.net/hz/ed/listing-thumb-543w/4cecc489ffa0573f8384fd1b3d8f5c45/-/horizon-files-prod/ed/picture/qgqwrr90/c231aaaca04d8f8c0cedc1a157c33828780c2aa3.jpg
779,"<h1 class=""listing-item__header"">
    HP EliteDesk 800 G9
</h1>",Neuf,HP,500 000 ,Médina,https://i.roamcdn.net/hz/ed/listing-thumb-543w/0f5b8320b95195657675324aac810a16/-/horizon-files-prod/ed/picture/qenv8zg9/f1f4b09e9bcb15b5b64ddfd58d6f50f66c1dbb76.jpg
780,"<h1 class=""listing-item__header"">
    Mac Pro i7 ✅ 1.000 Go Ssd✅ TouchBar - 16Go Ram-
</h1>",Venant,Apple,400 000 ,Hlm,https://i.roamcdn.net/hz/ed/listing-thumb-543w/f81d1ad057556816a59e0c98b32d6c31/-/horizon-files-prod/ed/picture/q0g76v4m/5959d0e0471e0308af7401f1135344ba2749ab3b.jpg
781,"<h1 class=""listing-item__header"">
    Macbook air 2015
</h1>",Venant,Apple,200 000 ,Almadies,https://i.roamcdn.net/hz/ed/listing-thumb-543w/990e74387eea8a312e236ba6d81cdcde/-/horizon-files-prod/ed/picture/q0g76vvd/d17d52dc90fc83d90249aaee127209d16ecdb292.jpg
782,"<h1 class=""listing-item__header"">
    MacBook M1 pro 14 pouces (512 SSD /16Go)
</h1>",Venant,Apple,750 000 ,Médina,https://i.roamcdn.net/hz/ed/listing-thumb-543w/7156d93590aa5096fcb381e633de600d/-/horizon-files-prod/ed/picture/qv4wrvqk/eaed85e7ddec2d75596f8dd37903e9ab5f1ccaf4.jpg
783,"<h1 class=""listing-item__header"">
    micro dell i5 8th 256g 8g hdmi
</h1>",Venant,Dell,85 000 ,Yoff,https://i.roamcdn.net/hz/ed/listing-thumb-543w/4740cfaa882ff2748e8c6f977f7cc988/-/horizon-files-prod/ed/picture/q0g76v5e/89d9babbbdcb016ffbf89341d7edc23aff008dc3.jpg
784,"<h1 class=""listing-item__header"">
    Écran pc dell 27 pouces hdmi
</h1>",Venant,Dell,85 000 ,Yoff,https://i.roamcdn.net/hz/ed/listing-thumb-543w/86000764f32fdbd9592a223583c2e284/-/horizon-files-prod/ed/picture/qj4qg9xz/335015a76771f65c766ace5a3d4dfba1fcfcc1b5.jpg
785,"<h1 class=""listing-item__header"">
    Lenovo Thinkpad T560 Cor i5 6èm Gén
</h1>",Venant,Lenovo,115 000 ,Médina,https://i.roamcdn.net/hz/ed/listing-thumb-543w/fc9420f742a1e72690b4caf5747e1926/-/horizon-files-prod/ed/picture/qwepxw0j/8cf6dde9375c7ddff3a6ad322f263e0c74e001b3.jpg
786,"<h1 class=""listing-item__header"">
    HP Probook 450 G3 Cor i5 6èm Gén
</h1>",Venant,HP,115 000 ,Médina,https://i.roamcdn.net/hz/ed/listing-thumb-543w/e25932594083c720a17a869a5803980b/-/horizon-files-prod/ed/picture/q6xdw5wd/d5377352f8aad0d189233f94eba58864daa2bdf6.jpg
787,"<h1 class=""listing-item__header"">
    Imac Puce M4 Ram 16 Gb Scelle Couleur Bleu
</h1>",Neuf,Apple,1 350 000 ,Cambérène,https://i.roamcdn.net/hz/ed/listing-thumb-543w/794e12a339ea83fffaab3af37c01946a/-/horizon-files-prod/ed/picture/q78w4zpd/88d8c5476f5224ac9af91ba4386cd6de777d6942.jpg
788,"<h1 class=""listing-item__header"">
    2024 Mac Book Air Puce M3
</h1>",Neuf,Apple,625 000 ,Cambérène,https://i.roamcdn.net/hz/ed/listing-thumb-543w/d18b2bd776e3156007e1953592453af2/-/horizon-files-prod/ed/picture/q9mjxvkw/9ba6950305ed8ad48539346f96dc78df7e327991.png
789,"<h1 class=""listing-item__header"">
    Dell Latitude 9330 X360 Core i7 scellé
</h1>",Neuf,Dell,585 000 ,Cambérène,https://i.roamcdn.net/hz/ed/listing-thumb-543w/b25439002aa216ed81df427bb967e202/-/horizon-files-prod/ed/picture/qm5gqv8m/4a890d4b419b0542b3ba88760f287c6a83c662b3.jpg
790,"<h1 class=""listing-item__header"">
    Hp elitebook 830 g6
</h1>",Venant,HP,180 000 ,Gueule-Tapée,https://i.roamcdn.net/hz/ed/listing-thumb-543w/34e736bff8f559c3d5b435bf753daae2/-/horizon-files-prod/ed/picture/qzvpqzmr/b6c7eb718a4c65517cc5a35e6f4c0900ba5d56a4.jpg
791,"<h1 class=""listing-item__header"">
    Dell latitude 7440 i7 13th Gen 14 Pouces
</h1>",Neuf,Dell,600 000 ,Médina,https://i.roamcdn.net/hz/ed/listing-thumb-543w/383e450afa6518aff4b386df0581095a/-/horizon-files-prod/ed/picture/q56dn2dr/61560847f7ba846b4855805ab577580a7789628c.jpg
792,"<h1 class=""listing-item__header"">
    Lenevo Think Pad X13 13.3 Pouces
</h1>",Neuf,Lenovo,450 000 ,Médina,https://i.roamcdn.net/hz/ed/listing-thumb-543w/92c967178b6f7657794660b80ba77bb1/-/horizon-files-prod/ed/picture/qq42nk7e/70ac97763b09b43a90cfe365e39ee87f265ad0dd.jpg
793,"<h1 class=""listing-item__header"">
    Dell Latitude 9520 / Core i7 4-Core - 16GB - 512GB
</h1>",Neuf,Dell,450 000 ,Point-e,https://i.roamcdn.net/hz/ed/listing-thumb-543w/dea3ed669c2c8c9a67c568f2f5c372aa/-/horizon-files-prod/ed/picture/qq42nwdp/b5c182d376384bfdeb1f56e296005f35d7e80b86.jpg
794,"<h1 class=""listing-item__header"">
    HP ZBook Studio G5
</h1>",Neuf,HP,350 000 ,Plateau,https://i.roamcdn.net/hz/ed/listing-thumb-543w/e92ee4b676550977b695fc00eb2c97fd/-/horizon-files-prod/ed/picture/q8v482v6/a19f83fb6cc9226270e70da2c9fc731defa99528.jpg
795,"<h1 class=""listing-item__header"">
    HP EliteBook 840 G9 i7 12th Gen
</h1>",Neuf,HP,500 000 ,Médina,https://i.roamcdn.net/hz/ed/listing-thumb-543w/4b39459cf0a920b4edef10be8135f938/-/horizon-files-prod/ed/picture/qngpvkgv/24268f5492a70c9045c323f3d8c5db101c342bca.jpg
796,"<h1 class=""listing-item__header"">
    HP ElitUltrabook eBook 840 G3
</h1>",Neuf,HP,140 000 ,Plateau,https://i.roamcdn.net/hz/ed/listing-thumb-543w/3a50543a9dcde592eb5f72eeb7ae0c82/-/horizon-files-prod/ed/picture/qrz8wkzj/14e64d95ac574df95db3e8aae0ab89e2737a16f8.jpg
797,"<h1 class=""listing-item__header"">
    DELL Latitude 7440 i7 13th Gen 14 Pouces Écran Tactile
</h1>",Neuf,Dell,600 000 ,Médina,https://i.roamcdn.net/hz/ed/listing-thumb-543w/557033831c576f8d49ecebc954b54cc1/-/horizon-files-prod/ed/picture/qenv8md4/c4700b37b90925002d0bda5d1877fe95daaab268.jpg
798,"<h1 class=""listing-item__header"">
    HP EliteBook 745 G6
</h1>",Neuf,HP,190 000 ,Plateau,https://i.roamcdn.net/hz/ed/listing-thumb-543w/90011335b54ed192c6fb3951c3600f78/-/horizon-files-prod/ed/picture/q56dn2w0/697fc31d298b83376352783a02ae29c189400529.jpg
799,"<h1 class=""listing-item__header"">
    MacBook pro 2019 i7 16 pouces
</h1>",Neuf,Apple,500 000 ,Médina,https://i.roamcdn.net/hz/ed/listing-thumb-543w/e94485cc24079991bd505e22c0c4df34/-/horizon-files-prod/ed/picture/qxjpme4q/91d6eaf0e560f5ae3f196c889603b1f98a04dd6b.jpg
800,"<h1 class=""listing-item__header"">
    iMAC M1 2021 Écran 24 pouces
</h1>",Neuf,Apple,750 000 ,Médina,https://i.roamcdn.net/hz/ed/listing-thumb-543w/83f6a944f7def7938b8d427715976327/-/horizon-files-prod/ed/picture/q0g760qg/2fa91e08fa9f9442ea9eb0295d12d5ca6a3ed0c1.jpg
801,"<h1 class=""listing-item__header"">
    MacBook Pro M1 2021 14 pouces
</h1>",Neuf,Apple,750 000 ,Médina,https://i.roamcdn.net/hz/ed/listing-thumb-543w/be093950ec03c5bbd78bc0c85007c4ef/-/horizon-files-prod/ed/picture/q8v48x77/f83584237326bf6a2259c5cc01e9f53f9c2f5679.jpg
802,"<h1 class=""listing-item__header"">
    Microsoft Surface Pro 11
</h1>",Neuf,Microsoft Surface,950 000 ,Médina,https://i.roamcdn.net/hz/ed/listing-thumb-543w/14a4d680baac49c459ed34aaa4fc8795/-/horizon-files-prod/ed/picture/qkr8kvem/e64810bfd5c858a9fd2b48715495946ed36ecaca.jpg
803,"<h1 class=""listing-item__header"">
    HP OMEN 16 GAMING
</h1>",Neuf,HP,900 000 ,Médina,https://i.roamcdn.net/hz/ed/listing-thumb-543w/78aedbb0430ab8fe5d09226e4d3f9a7d/-/horizon-files-prod/ed/picture/q44n9qgv/90b65429f1824c77b22b6b9c0f202e24133cbd2d.jpg
804,"<h1 class=""listing-item__header"">
    DELL XPS 14 9440
</h1>",Neuf,Dell,1 200 000 ,Médina,https://i.roamcdn.net/hz/ed/listing-thumb-543w/d3ca4ca97d6a76ab49054ad23a95f76a/-/horizon-files-prod/ed/picture/qngpvnqk/86e9268bd833a0cf48b406ef44c1c9fc1cbd2293.jpg
805,"<h1 class=""listing-item__header"">
    Promo Hp EliteBook 840 Corei5 256 ssd Ram8
</h1>",Neuf,HP,150 000 ,Médina,https://i.roamcdn.net/hz/ed/listing-thumb-543w/30c24eb34c1beabbe014fa11d27bbe01/-/horizon-files-prod/ed/picture/qde7qjjm/39295466598f73a201a42b29f940d2eb015e1c71.jpg
806,"<h1 class=""listing-item__header"">
    Dell inspiron 15 7591 2in1 Corei7 512/16 2Giga dédié
</h1>",Neuf,Dell,380 000 ,Médina,https://i.roamcdn.net/hz/ed/listing-thumb-543w/c40c18780e0d573be58c0df88a623386/-/horizon-files-prod/ed/picture/qgqwrjj8/3056df08d9333360a43bc61756e57013ae720b2f.jpg
807,"<h1 class=""listing-item__header"">
    MacBook Pro 2019
</h1>",Neuf,Autre,375 000 ,Plateau,https://i.roamcdn.net/hz/ed/listing-thumb-543w/a88dbc3b609c6dca5c1c551b998100b6/-/horizon-files-prod/ed/picture/qj4qg72w/4bd9e264777b4e5256e15fa958b629947503951d.jpg
808,"<h1 class=""listing-item__header"">
    Dell XPS 15 Gamer 9530 Corei7 1To/32 4Giga dédié
</h1>",Neuf,Dell,650 000 ,Médina,https://i.roamcdn.net/hz/ed/listing-thumb-543w/5cbbff3ca932b33d31edb72b4d0ed30d/-/horizon-files-prod/ed/picture/q6xdw45p/7a343c2e3a220956096b7437c8439d3244a6d93c.jpg
809,"<h1 class=""listing-item__header"">
    Hp Elitebook 1040 G7
</h1>",Neuf,HP,370 000 ,Plateau,https://i.roamcdn.net/hz/ed/listing-thumb-543w/7517a95b6a083920ffa404225ada4e53/-/horizon-files-prod/ed/picture/qq42n8g7/215e281fc800fdc0539bd70c5cfbf46cb4d92753.jpg
810,"<h1 class=""listing-item__header"">
    MAKBOOK AIR 2017 CORE I5
</h1>",Neuf,Autre,250 000 ,Médina,https://i.roamcdn.net/hz/ed/listing-thumb-543w/eea3f982adcdd892fb7e60c2d081684f/-/horizon-files-prod/ed/picture/q6xd859v/ac6651d145383d3f44ed87aa043ab0dbf7fa7cb9.jpg
811,"<h1 class=""listing-item__header"">
    MacBook Air 2022 M2
</h1>",Neuf,Apple,515 000 ,Plateau,https://i.roamcdn.net/hz/ed/listing-thumb-543w/bd5300a8f4363db712804d84ef690703/-/horizon-files-prod/ed/picture/qenvzg59/1b076a88aad82a63df37ca6c4b8e224c71f57cab.jpg
812,"<h1 class=""listing-item__header"">
    MacBook Air 2020
</h1>",Venant,Apple,310 000 ,Plateau,https://i.roamcdn.net/hz/ed/listing-thumb-543w/e207b0b032c7d6971c06f5d797b5c5b8/-/horizon-files-prod/ed/picture/qenv85jj/e3a1b569914a6351a034d3417b83ca0111c8e9a1.jpg
813,"<h1 class=""listing-item__header"">
    MacBook Pro 14 pouces M4 PRO
</h1>",Neuf,Apple,1 499 000 ,Fenêtre mermoz,https://i.roamcdn.net/hz/ed/listing-thumb-543w/ab17a94048778dfc363ff9c19f4a569a/-/horizon-files-prod/ed/picture/qm5gkqvr/5572d162793f9b0d09406b5e6d8aaa5d3a92c252.jpg
814,"<h1 class=""listing-item__header"">
    MacBook Pro 16 pouces M3 PRO 36GB SSD 512
</h1>",Neuf,Apple,1 949 000 ,Fenêtre mermoz,https://i.roamcdn.net/hz/ed/listing-thumb-543w/bdcd9369d536ebd6c84b15939843be7e/-/horizon-files-prod/ed/picture/qwepmj0z/2633d1c64c06cab0726508efa010c9dec3f84bab.jpg
815,"<h1 class=""listing-item__header"">
    LENOVO YOGA SLIM SNAPDRAGON X ÉLITE
</h1>",Neuf,Lenovo,700 000 ,Médina,https://i.roamcdn.net/hz/ed/listing-thumb-543w/43b92ebbca467fde18ee3fe62cdfd8f3/-/horizon-files-prod/ed/picture/qj4qg2z4/f5a87e8fb03d0a96cd7ae8ffc02b99e67704d1f1.jpg
816,"<h1 class=""listing-item__header"">
    Boitier Externe Disque Dur
</h1>",Neuf,Dell,6 000 ,Dieuppeul,https://i.roamcdn.net/hz/ed/listing-thumb-543w/76c6f749a69d84cf549fd4bbc43b1ede/-/horizon-files-prod/ed/picture/qende092/899a01c355858cd96e220afbe8588b55b1841d00.jpg
817,"<h1 class=""listing-item__header"">
    MacBook Air M3 2024
</h1>",Neuf,Apple,750 000 ,Liberte 6 extension,https://i.roamcdn.net/hz/ed/listing-thumb-543w/2d2600b931e95235e201c27677f90013/-/horizon-files-prod/ed/picture/qkr8kqrn/705facc0678dab9edc54dbb75ad6a54f984d33d9.jpg
818,"<h1 class=""listing-item__header"">
    Dell XPS 9320 ultra slim core i5 de 12th génération
</h1>",Venant,Dell,450 000 ,Hlm,https://i.roamcdn.net/hz/ed/listing-thumb-543w/99df630eb11fbb2dd6582a0784158690/-/horizon-files-prod/ed/picture/q6xdwmv4/47e81f7bba4ae34fdb7d6397eaeeb25efaa31168.jpg
819,"<h1 class=""listing-item__header"">
    Apple MacBook Pro M4 Pro
</h1>",Neuf,Apple,1 450 000 ,Sicap Sacré-cœur,https://i.roamcdn.net/hz/ed/listing-thumb-543w/dee3b3d2593ad9857f6148bcab822e25/-/horizon-files-prod/ed/picture/qkr8kq78/9481648a00bb29957384f0bbabdf8e1d7488d74d.jpg
820,"<h1 class=""listing-item__header"">
    🎯PC GAMER ET ARCHITECTE
</h1>",Neuf,ASUS,2 800 000 ,Liberte 5,https://i.roamcdn.net/hz/ed/listing-thumb-543w/e8729298247a11e9902f4661b73aa47f/-/horizon-files-prod/ed/picture/qzvpk6vg/a39fc6764f0b569f155ed881a0a1bf153f764571.jpg
821,"<h1 class=""listing-item__header"">
    Lenovo thinkbook
</h1>",Neuf,Lenovo,330 000 ,Plateau,https://i.roamcdn.net/hz/ed/listing-thumb-543w/ca1766c5bc199e092a4e264ff0482404/-/horizon-files-prod/ed/picture/q56dnvmr/321c410f7a01f30fddd58d89594b984949ebf428.jpg
822,"<h1 class=""listing-item__header"">
    Hp Elitebook 745 G6
</h1>",Neuf,HP,230 000 ,Plateau,https://i.roamcdn.net/hz/ed/listing-thumb-543w/c8ab5b80b5dd24cefa3b1e9dcb88d9b0/-/horizon-files-prod/ed/picture/q44n97zz/f014aad0859929adc9c0762f394491a9e4f93286.jpg
823,"<h1 class=""listing-item__header"">
    Lenovo thinkpad t480
</h1>",Neuf,Lenovo,220 000 ,Plateau,https://i.roamcdn.net/hz/ed/listing-thumb-543w/4cddad5aa0ae556bd08ce1ef302f4d8b/-/horizon-files-prod/ed/picture/qv4wrx75/f640eaaf3167af75f0335071cea38990d0f8c094.jpg
824,"<h1 class=""listing-item__header"">
    Hp Elitebook 1040 G7
</h1>",Neuf,HP,370 000 ,Plateau,https://i.roamcdn.net/hz/ed/listing-thumb-543w/8399920eb45c3b3f3d1aabfbedf74e52/-/horizon-files-prod/ed/picture/q0g7654g/69cfe489dfeb642f94c1ff33c021130706e22f1c.jpg
825,"<h1 class=""listing-item__header"">
    Asus Tuf Gaming 15 RTX 2050
</h1>",Neuf,ASUS,480 000 ,Médina,https://i.roamcdn.net/hz/ed/listing-thumb-543w/74520f8cdd467d89d6c2c465e2c59a49/-/horizon-files-prod/ed/picture/qq42xzjw/a302963002a0f7c4803d78625d8b20509048c371.jpg
826,"<h1 class=""listing-item__header"">
    ✅ MacBook Air 2019- ✅ - Core i5
</h1>",Venant,Apple,350 000 ,Hlm,https://i.roamcdn.net/hz/ed/listing-thumb-543w/047edf129e496c67cec6606b02757afb/-/horizon-files-prod/ed/picture/q44n97vr/4c297ebaafae527fe2b592243634b7151812ea4c.jpg
827,"<h1 class=""listing-item__header"">
    ✅ MacBook Air 2020- ✅ - 256Go SSD
</h1>",Venant,Apple,370 000 ,Hlm,https://i.roamcdn.net/hz/ed/listing-thumb-543w/db4e60e96002c191270f18e02539058b/-/horizon-files-prod/ed/picture/qzvpke0n/edd327b16a4bc660b126fb002eb946783a2cf4f7.jpg
828,"<h1 class=""listing-item__header"">
    HP ELITEBOOK 830 G8 I5/16GO/256SSD
</h1>",Neuf,HP,350 000 ,Médina,https://i.roamcdn.net/hz/ed/listing-thumb-543w/b3d57d56459dc0f8d818b374dbc25357/-/horizon-files-prod/ed/picture/qm5g7djz/ed36514a6864133e2cd04ef984d61f2672e692d5.jpg
829,"<h1 class=""listing-item__header"">
    Dell 5440 Treizième génération i7
</h1>",Neuf,Dell,425 000 ,Médina,https://i.roamcdn.net/hz/ed/listing-thumb-543w/afe844229290a2389080dccc3835bf6e/-/horizon-files-prod/ed/picture/qde7q4n7/87f95be1cc831f454bb019c033c907123bcb4206.jpg
830,"<h1 class=""listing-item__header"">
    Dell 5440 Treizième génération i7
</h1>",Neuf,Dell,425 000 ,Médina,https://i.roamcdn.net/hz/ed/listing-thumb-543w/77fd2c80e6fb6d820d653cce90505f91/-/horizon-files-prod/ed/picture/qngpv2jk/da2154b18fc56b994980c1666f4863181ec74fd6.jpg
831,"<h1 class=""listing-item__header"">
    Dell 5330 i5
</h1>",Venant,Dell,350 000 ,Médina,https://i.roamcdn.net/hz/ed/listing-thumb-543w/35645d66fc121ce575fec9d273c05fac/-/horizon-files-prod/ed/picture/qde7jge5/d5537a454be115cc57d896aaa14fc323ae745aed.jpg
832,"<h1 class=""listing-item__header"">
    DELL LATITUDE 5430
</h1>",Venant,Dell,350 000 ,Médina,https://i.roamcdn.net/hz/ed/listing-thumb-543w/ec94ae5329bbd59ad3bb2a028824c120/-/horizon-files-prod/ed/picture/qzvpwr0n/18b91375a52bf136254bcb6a79266b0cd78f27dd.jpg
833,"<h1 class=""listing-item__header"">
    Dell i7 disc ssd 256g ram 8g hdmi
</h1>",Venant,Dell,95 000 ,Yoff,https://i.roamcdn.net/hz/ed/listing-thumb-543w/5e5dad78c273138da984ade75e9a51cf/-/horizon-files-prod/ed/picture/q6xdwzdp/d6ab908eee6dd9b9a9c420b4c5204319c2005323.jpg
834,"<h1 class=""listing-item__header"">
    Hp laptop 14
</h1>",Venant,HP,220 000 ,Plateau,https://i.roamcdn.net/hz/ed/listing-thumb-543w/9c4e923aee0a6c6db1f8d8c31f97a3c0/-/horizon-files-prod/ed/picture/q2j0vr78/df01120c9a36e5e005f3aa72573bfda2918fa445.jpg
835,"<h1 class=""listing-item__header"">
    HP 15 INTEL
</h1>",Neuf,HP,185 000 ,Médina,https://i.roamcdn.net/hz/ed/listing-thumb-543w/119825c6989974f6672d1018d3d1b40d/-/horizon-files-prod/ed/picture/qq42n25j/7e0abd512f1f3433b9d3147377f65536dd589f20.jpg
836,"<h1 class=""listing-item__header"">
    HP Elitebook 840 G7 Co i5 10ème Gén
</h1>",Neuf,HP,250 000 ,Médina,https://i.roamcdn.net/hz/ed/listing-thumb-543w/da3bcb7d9c83e29bb2d5817c4bc6a2da/-/horizon-files-prod/ed/picture/qrz8mem4/ba6d32a8d754752fdbaaf7b35d3f8a48fb7c1951.jpg
837,"<h1 class=""listing-item__header"">
    HP PROBOOK 440 G6 / i5
</h1>",Venant,HP,175 000 ,Médina,https://i.roamcdn.net/hz/ed/listing-thumb-543w/e199e15082468fae00cd8718d630d9e0/-/horizon-files-prod/ed/picture/qv4e67zv/cbfacf9f7b39fd48e3da22b72fea9638a4c75553.jpg
838,"<h1 class=""listing-item__header"">
    MACBOOK AIR 2014 / i5
</h1>",Venant,Apple,115 000 ,Médina,https://i.roamcdn.net/hz/ed/listing-thumb-543w/5b4b67569fccbfc9b7b7f1bab8b115ff/-/horizon-files-prod/ed/picture/q6xk974g/280018eaabde00ea623b44065a1d30c7e1be388f.jpg
839,"<h1 class=""listing-item__header"">
    MacBook Air M3 15.6 Pouces 512 SSD Ram 16Go
</h1>",Neuf,Apple,990 000 ,Médina,https://i.roamcdn.net/hz/ed/listing-thumb-543w/94eaae9b0a7f67e692704eb3da9254be/-/horizon-files-prod/ed/picture/qde7qnk5/3cc8c0225c3c8722a2e928eff0e77a65b1511292.jpg
840,"<h1 class=""listing-item__header"">
    GU603 Gamer  Asus
</h1>",Neuf,ASUS,875 000 ,Hlm,https://i.roamcdn.net/hz/ed/listing-thumb-543w/46a2423025c5ae3133a0ae321d9dba65/-/horizon-files-prod/ed/picture/q78wq0k8/c0437c36b8e4e2365b01844095ea904be8643d04.jpg
841,"<h1 class=""listing-item__header"">
    Hp elitebook 650 G10 i7
</h1>",Venant,HP,675 000 ,Médina,https://i.roamcdn.net/hz/ed/listing-thumb-543w/a290e40939f1fc914d68b5648de3c203/-/horizon-files-prod/ed/picture/qj4qgxzd/425c098c1d4451a5a0c70226190509e6690ad7ee.jpg
842,"<h1 class=""listing-item__header"">
    Dell Gamer G15 i7 /1To/32 Rtx 4060 8Giga dédié
</h1>",Neuf,Dell,850 000 ,Médina,https://i.roamcdn.net/hz/ed/listing-thumb-543w/3aded389cbaa23b9575d61925dc0fbf0/-/horizon-files-prod/ed/picture/qv4wrkdx/4936fb93523680adfc14b18b73fb74538205921a.jpg
843,"<h1 class=""listing-item__header"">
    Lenovo X1 Carbon Gen10 Corei7 512ssd Ram16 12Th Gen
</h1>",Neuf,Lenovo,700 000 ,Médina,https://i.roamcdn.net/hz/ed/listing-thumb-543w/fe537c9757d12e83d1c577860536ca8e/-/horizon-files-prod/ed/picture/qzvpkjpr/57809d7e1810053ebbb1406d363ad7311709486f.jpg
844,"<h1 class=""listing-item__header"">
    Msi Gamer Corei7 1To ssd Ram32 Rtx 8Giga dédié
</h1>",Neuf,MSI,500 000 ,Médina,https://i.roamcdn.net/hz/ed/listing-thumb-543w/10f46d48d39a084a50d3217bf34304a0/-/horizon-files-prod/ed/picture/qde7q277/90b7480f87b1a05f846f4df18a55e8b697e1b370.jpg
845,"<h1 class=""listing-item__header"">
    Hp EliteBook 840 Corei5 256ssd Ram8
</h1>",Neuf,HP,150 000 ,Médina,https://i.roamcdn.net/hz/ed/listing-thumb-543w/993918e74a70c5d8f38eba2fd401f25e/-/horizon-files-prod/ed/picture/qm5g7jpz/20f69d033b73272bdcc76f13d11574070c7406a0.jpg
846,"<h1 class=""listing-item__header"">
    Dell latitude 7420 2in1 i5 11th génération (yoga)
</h1>",Venant,Dell,265 000 ,Médina,https://i.roamcdn.net/hz/ed/listing-thumb-543w/397099eab7fcccc18a664fd1b8c1ca84/-/horizon-files-prod/ed/picture/q0g7x5z8/7010efdae60a1ec028ad71a2da90c708155807a3.jpg
847,"<h1 class=""listing-item__header"">
    DELL GAMER G5 I7/16GO/256SSD+1TO/GTX1660TI
</h1>",Neuf,Dell,500 000 ,Médina,https://i.roamcdn.net/hz/ed/listing-thumb-543w/78ac7275952beaea5a6bf468ace63d10/-/horizon-files-prod/ed/picture/qgqw4egr/0739e5ce64f80e8e86f91f033832087169b3a868.jpg
848,"<h1 class=""listing-item__header"">
    LENOVO L14 GEN4 I7-64GO/512SSD
</h1>",Neuf,Lenovo,650 000 ,Médina,https://i.roamcdn.net/hz/ed/listing-thumb-543w/b65ee8dd4fe9ef8de9fd32631c35030a/-/horizon-files-prod/ed/picture/q6xdqp9p/828199e2cddf07c9d8210271d831b26dbfc47035.jpg
849,"<h1 class=""listing-item__header"">
    HP EliteBook x360 I7/32/512SSD
</h1>",Neuf,HP,370 000 ,Médina,https://i.roamcdn.net/hz/ed/listing-thumb-543w/a2e5784da12a8971df77cf90b39e7f5f/-/horizon-files-prod/ed/picture/qzvpkrg9/892e9f69c8364f562a481d297b1df9157abaa5fa.jpg
850,"<h1 class=""listing-item__header"">
    HP ELITEDESK 800 G3 / 6ieme GEN
</h1>",Réconditionné,HP,100 000 ,Médina,https://i.roamcdn.net/hz/ed/listing-thumb-543w/d3425f5ef6b35e874b6e6222c04b0f95/-/horizon-files-prod/ed/picture/q78w8qmz/0b5019aa82d3e321f196c09da848ff5b0e745330.jpg
851,"<h1 class=""listing-item__header"">
    Serveur rack Cisco
</h1>",Venant,HP,450 000 ,Pikine,https://i.roamcdn.net/hz/ed/listing-thumb-543w/0598c34dc05854ec54a77f8e13053a4b/-/horizon-files-prod/ed/picture/q9mjzrk7/58781487ccce5cf2b5f4f2b1de0bd181083c7f55.jpg
852,"<h1 class=""listing-item__header"">
    Dell Precision 3551 / 10th Gen - i9-10885H
</h1>",Neuf,Dell,450 000 ,Point-e,https://i.roamcdn.net/hz/ed/listing-thumb-543w/70ffb584a13cab4044d65fc2abffc373/-/horizon-files-prod/ed/picture/q0g7682j/5bef8c2b04379d10bb5c617f74c65fd540165b28.jpg
853,"<h1 class=""listing-item__header"">
    Microsoft Surface Laptop 3 – 15""  – Ryzen 5  - 8GB - 256GB
</h1>",D'occasion,Microsoft Surface,320 000 ,Point-e,https://i.roamcdn.net/hz/ed/listing-thumb-543w/8da5f19de293a2123b8613268204d6d5/-/horizon-files-prod/ed/picture/qq42nw46/e4534c7648eadd74741af81f8b51b725226ee376.jpg
854,"<h1 class=""listing-item__header"">
    Dell Precision 7670 workstation intel core i9-12950HX
</h1>",Venant,Dell,1 700 000 ,Parcelles Assainies,https://i.roamcdn.net/hz/ed/listing-thumb-543w/03b58f2d1e764488531f344bca0734bc/-/horizon-files-prod/ed/picture/q9mjzr05/329fc78a3f7be0177ba90a5f479665a9acfdb621.jpg
855,"<h1 class=""listing-item__header"">
    MacBook Pro 2023 14 Pouces - M2 Pro | 16GB RAM | 512
</h1>",Venant,Apple,910 000 ,Point-e,https://i.roamcdn.net/hz/ed/listing-thumb-543w/c5be5d1489733115141f8df87befbf79/-/horizon-files-prod/ed/picture/qde7986j/f8020841b1d00461b60f3e1d3d49b84557a0df74.jpg
856,"<h1 class=""listing-item__header"">
    HP PAVILION LAPTOP 15t CORE i7 de 11e Gen
</h1>",Neuf,HP,380 000 ,Gueule-Tapée,https://i.roamcdn.net/hz/ed/listing-thumb-543w/f09da8cb74748b2033b3352c73de8bfa/-/horizon-files-prod/ed/picture/q8v48pen/3d0bbece44c336cb4809a120814c9a2028d5ce63.jpg
857,"<h1 class=""listing-item__header"">
    Pc Gaming hp Victus
</h1>",Neuf,HP,650 000 ,Sicap Sacré-cœur,https://i.roamcdn.net/hz/ed/listing-thumb-543w/15e0de1cca1c48f73666d27ee95b600d/-/horizon-files-prod/ed/picture/q8v48p8j/c5f052db204541bac8a4576bd9a44580765e7721.jpg
858,"<h1 class=""listing-item__header"">
    HP Elitebook 840 G9
</h1>",Venant,HP,395 000 ,Plateau,https://i.roamcdn.net/hz/ed/listing-thumb-543w/4c511d2c2f5bc286e44bb542fbcd4fd0/-/horizon-files-prod/ed/picture/q2j0v7n6/f5dd702eacae42b6067f21173ce1501edf7eec62.jpg
859,"<h1 class=""listing-item__header"">
    MacBook pro 2020 M1
</h1>",Venant,Apple,460 000 ,Plateau,https://i.roamcdn.net/hz/ed/listing-thumb-543w/f7cb5b496290aa37e03720d078cca69e/-/horizon-files-prod/ed/picture/qpdm90q4/749918ce590781982b4519fcdb3554e3f42c6e0e.jpg
860,"<h1 class=""listing-item__header"">
    Lenovo Yoga 7i Core i7 de 11e génération
</h1>",Venant,Lenovo,390 000 ,Gueule-Tapée,https://i.roamcdn.net/hz/ed/listing-thumb-543w/ba4ddcd5f4532aaedb234ba0bc14faff/-/horizon-files-prod/ed/picture/qwepxg8g/09b0a1e2d3c4200c841bf392aadcce11ba6854ef.jpg
861,"<h1 class=""listing-item__header"">
    Lenovo Thinkpad X1 Carbon Gen11 Core i7 13e Gen
</h1>",Neuf,Lenovo,790 000 ,Gueule-Tapée,https://i.roamcdn.net/hz/ed/listing-thumb-543w/836d5264b3e9ac8aa366264bc8b764c6/-/horizon-files-prod/ed/picture/q78wqpgm/7236dcef69b715dd3db6f7f384ecad88edc63ea5.jpg
862,"<h1 class=""listing-item__header"">
    Microsoft Surface Laptop 5 Core i7 12e Gen
</h1>",Neuf,Microsoft Surface,500 000 ,Gueule-Tapée,https://i.roamcdn.net/hz/ed/listing-thumb-543w/d617b9822d7c6a96f516f994aabd9d4c/-/horizon-files-prod/ed/picture/qenv89wx/76bd4f9b9f1441e970300f6cdec44df64f8804bd.jpg
863,"<h1 class=""listing-item__header"">
    Ordinateur portable
</h1>",Venant,Dell,160 000 ,Médina,https://i.roamcdn.net/hz/ed/listing-thumb-543w/1f644208c1fba55d553efbc7c35cd986/-/horizon-files-prod/ed/picture/q6xdwn6g/3b9a8d09e51bd3f0b32badfaa41afc846b4b1024.jpg
864,"<h1 class=""listing-item__header"">
    Lenovo Legion 5 2024 i9 32go rtx 4060
</h1>",Neuf,Lenovo,1 300 000 ,Plateau,https://i.roamcdn.net/hz/ed/listing-thumb-543w/f072322f8f9f82f59f08ba7e7a0efda5/-/horizon-files-prod/ed/picture/qpdm9gxw/1b6bc9f9c95098f981dc2c662c987cb9309b78dd.jpg
865,"<h1 class=""listing-item__header"">
    Dell INSPIRON 16"" 2024 i7 16Go 512Go x360 13th
</h1>",Neuf,Dell,525 000 ,Dieuppeul,https://i.roamcdn.net/hz/ed/listing-thumb-543w/0a00c93954654d639db22e4bce84a330/-/horizon-files-prod/ed/picture/qenv955x/25b45ad3d32e485f9d63a4dab3b0930268da3fff.jpg
866,"<h1 class=""listing-item__header"">
    HP Elitebook 640 G11 2024 32Go SSD 512Go Ryzen 7
</h1>",Neuf,HP,499 997 ,Dieuppeul,https://i.roamcdn.net/hz/ed/listing-thumb-543w/139195573e05307aa9885da08e4e7697/-/horizon-files-prod/ed/picture/qngpw5w0/08a84b3f3d8433efdeaf5c810d415b9e7615d341.jpg
867,"<h1 class=""listing-item__header"">
    MacBook Pro 15 pouces TouchBar i7 16Go 512Go
</h1>",Neuf,Apple,350 000 ,Dieuppeul,https://i.roamcdn.net/hz/ed/listing-thumb-543w/72e38b484068f5d762bad1c0d8fda59c/-/horizon-files-prod/ed/picture/qenv7jmx/41395a7f0178db50326125b4e2e1dae5426bce2d.jpg
868,"<h1 class=""listing-item__header"">
    Promo☄️Hp EliteBook 840 Corei5 256ssd Ram8
</h1>",Neuf,HP,150 000 ,Médina,https://i.roamcdn.net/hz/ed/listing-thumb-543w/bec415f4b00ebfea88061be960248b4e/-/horizon-files-prod/ed/picture/qkr8k7e2/5e6d44a0c789651893f076fea0dc879b39f9cac0.jpg
869,"<h1 class=""listing-item__header"">
    Msi Gamer Corei7 1To ssd Ram32 Rtx 8giga dédié
</h1>",Neuf,MSI,500 000 ,Médina,https://i.roamcdn.net/hz/ed/listing-thumb-543w/3c78dd544152d15f24f212ba43d93179/-/horizon-files-prod/ed/picture/qq42nze7/bb5b2e51428288d9861e6a223b49f425425f107e.jpg
870,"<h1 class=""listing-item__header"">
    Dell latitude 5300 2in1 x360 yoga i5 8th génération
</h1>",Neuf,Dell,195 000 ,Médina,https://i.roamcdn.net/hz/ed/listing-thumb-543w/8e40a4269fc89cf6a7f59d4917b20eee/-/horizon-files-prod/ed/picture/qenvj5zj/421d5a96df81d644ff2bbdf03e4b78b8837fafbc.jpg
871,"<h1 class=""listing-item__header"">
    Dell XPS 13 i7 512go ssd
</h1>",Neuf,Dell,290 000 ,Derkle,https://i.roamcdn.net/hz/ed/listing-thumb-543w/d5bf146a7b87c8f73ff25906e94af3e1/-/horizon-files-prod/ed/picture/qpdm9g9q/d146e1d9e33605cbe975cd7c81c8232e805f5be5.jpg
872,"<h1 class=""listing-item__header"">
    💻 HP EliteBook 745 G6 - Performance et Élégance Réunies !
</h1>",Neuf,HP,195 000 ,Plateau,https://i.roamcdn.net/hz/ed/listing-thumb-543w/dc39f0a899bca4bb876f4811135ef78a/-/horizon-files-prod/ed/picture/q0g76kvm/a2225d2b0eae1fcfb237d9f769f06338e525d7c4.jpg
873,"<h1 class=""listing-item__header"">
    💻 Lenovo ThinkPad T480 💻 écran tactile
</h1>",Neuf,Lenovo,190 000 ,Plateau,https://i.roamcdn.net/hz/ed/listing-thumb-543w/bea18a5578d4447a8a322dc0289b70f0/-/horizon-files-prod/ed/picture/q78wqj4e/451ffc7710afe2dffc65c5aface1058dead2704f.jpg
874,"<h1 class=""listing-item__header"">
    ""PROMO"" Lenovo T440 Cor i5
</h1>",Venant,Lenovo,99 000 ,Médina,https://i.roamcdn.net/hz/ed/listing-thumb-543w/97508753774b0b963e4859a3b861ec67/-/horizon-files-prod/ed/picture/qenvpj05/82b6681b00ed031439de7489e4d5b14d3afba160.jpg
875,"<h1 class=""listing-item__header"">
    DELL Latitude 5490 Cor i5 8ème Gén
</h1>",Venant,Dell,155 000 ,Médina,https://i.roamcdn.net/hz/ed/listing-thumb-543w/c0663dd686fbb75cb6c3d230afb793ca/-/horizon-files-prod/ed/picture/qde7zqjm/ba5e0b4ad0ddfa6761fb08db16ec5b58c58b542a.jpg
876,"<h1 class=""listing-item__header"">
    HP Probook 650 G4 Cor i7 8ème Gén
</h1>",Neuf,HP,185 000 ,Médina,https://i.roamcdn.net/hz/ed/listing-thumb-543w/f8d08c3f19ae5b8e7390421b1b0cff5a/-/horizon-files-prod/ed/picture/q78wqjde/b0bdc23fd3a5dadb959fa5fdab9d95426285aaec.jpg
877,"<h1 class=""listing-item__header"">
    MacBook Air 2024 M3
</h1>",Neuf,Apple,650 000 ,Plateau,https://i.roamcdn.net/hz/ed/listing-thumb-543w/53b0114149373ebb1e306d6dc2246658/-/horizon-files-prod/ed/picture/q44nw96m/1026cad629791f80d998e32e8f111b627ac963e8.jpg
878,"<h1 class=""listing-item__header"">
    Dell Precision 3591 Ultra 7 16th gen
</h1>",Neuf,Dell,570 000 ,Plateau,https://i.roamcdn.net/hz/ed/listing-thumb-543w/d3dc75dacc7ba6e7dd4583c6b14fc3fa/-/horizon-files-prod/ed/picture/qv4w02xx/c48fb23aa3e9d61021a19a7351c38d828425f81c.jpg
879,"<h1 class=""listing-item__header"">
    Hp elitebook X360 Écran tactile full HD Ssd 512Go Ram 8Go
</h1>",Venant,HP,370 000 ,Almadies,https://i.roamcdn.net/hz/ed/listing-thumb-543w/812f8308132f48b1fe6f03273440fdf4/-/horizon-files-prod/ed/picture/q0g76k7e/d7bf14e3db07d05c4261edcc210bc9906e27704f.jpg
880,"<h1 class=""listing-item__header"">
    Msi Cyborg 15 Rtx 4060 8Go
</h1>",Venant,MSI,700 000 ,Yoff,https://i.roamcdn.net/hz/ed/listing-thumb-543w/53bb842ee5d2440eb63de5a171c6af9b/-/horizon-files-prod/ed/picture/q2j0vk8d/8c8b4d1d13b70d45447279b6a4095581a2669066.jpg
881,"<h1 class=""listing-item__header"">
    Lenovo Miix 520 2 in1
</h1>",Venant,Lenovo,150 000 ,Yoff,https://i.roamcdn.net/hz/ed/listing-thumb-543w/623879cca24bb9a3fd3872f69587594a/-/horizon-files-prod/ed/picture/q78wqjpz/0f1f7ea3bb6902823dc8a4dbe6dfb200cd753687.jpg
882,"<h1 class=""listing-item__header"">
    Dell Précision 3590 Ultra 7 de 14 eme Génération Rtx
</h1>",Neuf,Dell,575 000 ,Cambérène,https://i.roamcdn.net/hz/ed/listing-thumb-543w/5a464bff3595de65d84766b3badc6f53/-/horizon-files-prod/ed/picture/qde7q97r/682948c0d68ad881b3d164db2016ed5a9901ab00.jpg
883,"<h1 class=""listing-item__header"">
    Msi Katana 15 de 13 eme Génération Rtx 4050
</h1>",Neuf,MSI,775 000 ,Cambérène,https://i.roamcdn.net/hz/ed/listing-thumb-543w/0349df5aa8a0893d66ddc8fcc75eb3f8/-/horizon-files-prod/ed/picture/q44n5g08/0f8a594d4935b58a9f3065288b93e8bcfdb5d981.jpg
884,"<h1 class=""listing-item__header"">
    Ordinateur Lenevo Think Pad X13 i5 12th
</h1>",Venant,Lenovo,395 000 ,Yoff,https://i.roamcdn.net/hz/ed/listing-thumb-543w/d8b00cf05fcdccef89aa170685dc184f/-/horizon-files-prod/ed/picture/qxjp9wdv/1a99ba245ed990afe5c0b20f2d5fe7f16e1dfa52.jpg
885,"<h1 class=""listing-item__header"">
    MACBOOK PRO 2017 /I5 / RAM 8GO/128GO
</h1>",Venant,Apple,250 000 ,Hann maristes,https://i.roamcdn.net/hz/ed/listing-thumb-543w/fbf863430a0cc1e03c8f81fb8667a822/-/horizon-files-prod/ed/picture/q78wqw45/682041cbb7e440eaa3ccd0eeb957289de2c26437.jpg
886,"<h1 class=""listing-item__header"">
    HP prodesk complet corei5/i3/i7
</h1>",Venant,HP,90 000 ,Gibraltar,https://i.roamcdn.net/hz/ed/listing-thumb-543w/42481e80cfbe6d3b8984c38765cfc581/-/horizon-files-prod/ed/picture/qweeregg/a7ad03efd224598a7a4acb72ecbdadef1c295fb9.jpg
887,"<h1 class=""listing-item__header"">
    MACBOOK PRO 2018 / I5 /RAM 8 GO /512 GO
</h1>",Venant,Apple,320 000 ,Hann maristes,https://i.roamcdn.net/hz/ed/listing-thumb-543w/458307d00c412513653e1368ce6a5c36/-/horizon-files-prod/ed/picture/qwepxp9k/4a040285b1e63dc2175d2849aa60e87c36616438.jpg
888,"<h1 class=""listing-item__header"">
    hp 360 tactile 1040 g6 core i5 8eme
</h1>",Venant,HP,185 000 ,Yoff,https://i.roamcdn.net/hz/ed/listing-thumb-543w/bb49f8ac83eee9c5131c3cf4b9c78135/-/horizon-files-prod/ed/picture/qxjpmpnn/90d620fd5617dd4648ad77377d008e4369d20c47.jpg
889,"<h1 class=""listing-item__header"">
    MacBook Air M2 2022 13.3 Pouces Jamais activé
</h1>",Neuf,Apple,600 000 ,Médina,https://i.roamcdn.net/hz/ed/listing-thumb-543w/68de743f787f21656d3edb3d84b23c85/-/horizon-files-prod/ed/picture/q0g767xk/b545006e8a276d3984f4882134f53ad8b25cfec7.jpg
890,"<h1 class=""listing-item__header"">
    MacBook Pro Mi-2015
</h1>",Venant,Apple,200 000 ,Dieuppeul,https://i.roamcdn.net/hz/ed/listing-thumb-543w/c5ea50ca05049082efa8995c96ce0e31/-/horizon-files-prod/ed/picture/qkr8k8v8/599d49b82a1921dcb147111182b73d46948aa019.jpg
891,"<h1 class=""listing-item__header"">
    MacBook Air M1 2020
</h1>",Venant,Apple,350 000 ,Dieuppeul,https://i.roamcdn.net/hz/ed/listing-thumb-543w/6bb69b9559e3075b8d78f40c1372c33c/-/horizon-files-prod/ed/picture/qwepxp84/72e831b62a463ab6e0adc5b33188dae5ad2b5b35.jpg
892,"<h1 class=""listing-item__header"">
    MacBook Air M1 8GO/256SSD
</h1>",Neuf,Apple,450 000 ,Médina,https://i.roamcdn.net/hz/ed/listing-thumb-543w/254bb6c862ad93a92f25207006778e6f/-/horizon-files-prod/ed/picture/q56dpv77/c6f2130eb25fdfe4f776494455b6136bdf886007.jpg
893,"<h1 class=""listing-item__header"">
    Hp Elitebook 1030 I7/16Go/512ssd
</h1>",Neuf,HP,300 000 ,Médina,https://i.roamcdn.net/hz/ed/listing-thumb-543w/79447efe4452e39ab724bb4c01bae451/-/horizon-files-prod/ed/picture/qwepp4w0/deb5df7e367e6c309f52c18ef7fc9ff43eee4413.jpg
894,"<h1 class=""listing-item__header"">
    HP PROBOOK 450 G10 CORE I7 13TH 8GB/512GB SSD 15 POUCE
</h1>",Neuf,HP,500 000 ,Médina,https://i.roamcdn.net/hz/ed/listing-thumb-543w/ced09ebe15d464eb467d5ac8e9aaf200/-/horizon-files-prod/ed/picture/q0g76wmg/93cf04fc8f9a4881819b456a0b191b4e4dab9fdb.jpg
895,"<h1 class=""listing-item__header"">
    Lenovo ThinkPad E14 Gen5 Core i5 1335U
</h1>",Neuf,Lenovo,600 000 ,Médina,https://i.roamcdn.net/hz/ed/listing-thumb-543w/1d9d932821af56dcf423f51b63d25aca/-/horizon-files-prod/ed/picture/qpdm96xr/71fe4b74395b07c2535d7152457783769c012858.jpg
896,"<h1 class=""listing-item__header"">
    Mac Pro 2015 i5 256gb ram8gb 13
</h1>",Venant,Apple,175 000 ,Médina,https://i.roamcdn.net/hz/ed/listing-thumb-543w/f39644e67db21e9df786f6080397c78e/-/horizon-files-prod/ed/picture/qm5g7pzd/e5704d7db713b66d73c5e7980411401eca542143.jpg
897,"<h1 class=""listing-item__header"">
    HP ELITEBOOK ""630 G9"" , RAM 16GO, 512 SSD FULL HD
</h1>",Neuf,HP,650 000 ,Médina,https://i.roamcdn.net/hz/ed/listing-thumb-543w/0fd80e5fb0d99a6f237c5c6e46c572aa/-/horizon-files-prod/ed/picture/qkr8kg4v/fc355600d2e7553f331b5bf2991e5ee0112c33bf.jpg
898,"<h1 class=""listing-item__header"">
    💻 Lenovo ThinkBook 15 G2 ITL – Ultra performant 🔥
</h1>",Neuf,Lenovo,345 000 ,Plateau,https://i.roamcdn.net/hz/ed/listing-thumb-543w/594fbadd790dc3a1d045f33fe1170764/-/horizon-files-prod/ed/picture/q44n98wv/8d7e6addb550d13e7d1603ad1713ba121431ffd9.jpg
899,"<h1 class=""listing-item__header"">
    Lonovo /t14s /i7 /13th gen
</h1>",Neuf,Lenovo,650 000 ,Plateau,https://i.roamcdn.net/hz/ed/listing-thumb-543w/ce7e0fc7c219c56fa74217371102e58d/-/horizon-files-prod/ed/picture/qpdm96gp/12068f4a097c3c2c064ce7f81dae21e7003ce09a.jpg
900,"<h1 class=""listing-item__header"">
    Surface Pro 7 + Scelle
</h1>",Neuf,Microsoft Surface,550 000 ,Cambérène,https://i.roamcdn.net/hz/ed/listing-thumb-543w/51ab6fee0581e77675511a433b161574/-/horizon-files-prod/ed/picture/q8v4d087/618bf1f4292df478ae63cfab58f28bc42a902fac.jpg
901,"<h1 class=""listing-item__header"">
    Mac Book Air M2 Ssd 512 Gb Ram 16 Gb
</h1>",Neuf,Apple,575 000 ,Cambérène,https://i.roamcdn.net/hz/ed/listing-thumb-543w/a1e30c52511417cec316329d14ae5000/-/horizon-files-prod/ed/picture/q44nwkkv/3db34e4c0d804d06334a38713bfd8d005d5d80f8.png
902,"<h1 class=""listing-item__header"">
    Surface pro 11 16/512
</h1>",Neuf,Microsoft Surface,900 000 ,Médina,https://i.roamcdn.net/hz/ed/listing-thumb-543w/f3daa595455b0e31f35456501037936e/-/horizon-files-prod/ed/picture/q78w429x/611b9e71799183dbef10312b98d2f6f4774936b3.jpg
903,"<h1 class=""listing-item__header"">
    HP ProBook 460 G11
</h1>",Neuf,HP,575 000 ,Fenêtre mermoz,https://i.roamcdn.net/hz/ed/listing-thumb-543w/66096de014396ed063ff21e0686a3098/-/horizon-files-prod/ed/picture/qxjpm6n2/0ee5f0a8f178a0dba375f2f51319b32da040836f.png
904,"<h1 class=""listing-item__header"">
    Macbook Pro M3 2023 36gb ram
</h1>",Neuf,Apple,680 000 ,Plateau,https://i.roamcdn.net/hz/ed/listing-thumb-543w/dba066d8f07e25917149b1b7cdca39a8/-/horizon-files-prod/ed/picture/qwepxz8d/5ca6ef7f11d005de77e64674a7adb4dd0e29e7c2.jpg
905,"<h1 class=""listing-item__header"">
    MacBook Air 2020 M1
</h1>",Venant,Apple,365 000 ,Plateau,https://i.roamcdn.net/hz/ed/listing-thumb-543w/604978a1a522728ec5b9fc81d0fd88a9/-/horizon-files-prod/ed/picture/q2j0vrng/68fc371924950d7ceafab063d3e014785f606f20.jpg
906,"<h1 class=""listing-item__header"">
    💻 HP Elitebook 640 G10 (14 pouces) 💻
</h1>",Neuf,HP,500 000 ,Médina,https://i.roamcdn.net/hz/ed/listing-thumb-543w/393ad15728facc0d5c5e8f829203ddac/-/horizon-files-prod/ed/picture/qv4wv6jj/a166e563b1ca03219aafd07ffeb561597a186839.jpg
907,"<h1 class=""listing-item__header"">
    Dell Latitude 5440 / 13th Gen
</h1>",Neuf,Dell,350 000 ,Point-e,https://i.roamcdn.net/hz/ed/listing-thumb-543w/f2ba44103cf7b952ea8f01ad2fb0b6d7/-/horizon-files-prod/ed/picture/q0g7v4gd/d69534eafc4a6f60189a08b8c64d531f7b930515.jpg
908,"<h1 class=""listing-item__header"">
    Dell i7 6th ssd 256g ram 16g hdmi
</h1>",Venant,Dell,105 000 ,Yoff,https://i.roamcdn.net/hz/ed/listing-thumb-543w/92a8668add14720e343c9fbc7fd4318c/-/horizon-files-prod/ed/picture/q56dn49g/1e981d6bf67b6b004db4ae639b01ebf8a78ddf75.jpg
909,"<h1 class=""listing-item__header"">
    Lenovo thinkpad T14
</h1>",Venant,Lenovo,220 000 ,Plateau,https://i.roamcdn.net/hz/ed/listing-thumb-543w/e8a537283439bbe03db5049b2bcac282/-/horizon-files-prod/ed/picture/qxjpm6gj/5e0f88a0ce59238aba722b4c5de5ac43d927d693.jpg
910,"<h1 class=""listing-item__header"">
    Lenovo ThinkPad T16 Gen 2 13-GEN/32GO/512SSD
</h1>",Neuf,Lenovo,500 000 ,Médina,https://i.roamcdn.net/hz/ed/listing-thumb-543w/85f0733e88f8d05206fd184f744db1bb/-/horizon-files-prod/ed/picture/qxjp8njj/111c08dabf6c307f5f532ab584828cc79b17572b.png
911,"<h1 class=""listing-item__header"">
    Écrans pc HP et Dell 24 pouces hdmi
</h1>",Venant,HP,60 000 ,Yoff,https://i.roamcdn.net/hz/ed/listing-thumb-543w/e3105a6f86c5281c7db5aa3bee836bd6/-/horizon-files-prod/ed/picture/q6xdw6d4/f4162b5e0f0ac488bb38c06304cbc667e2d2f98e.jpg
912,"<h1 class=""listing-item__header"">
    MacBook Pro 14 M3 Pro 18GB SSD 1TB
</h1>",Neuf,Apple,1 600 000 ,Fenêtre mermoz,https://i.roamcdn.net/hz/ed/listing-thumb-543w/321a84eba21d4c4e52192d3895e8adf0/-/horizon-files-prod/ed/picture/q6xdw664/831c81b592265b1266f884f19625062108108af1.jpg
913,"<h1 class=""listing-item__header"">
    HP ELITEBOOK 830 G8 I7/16GO/512SSD
</h1>",Neuf,HP,475 000 ,Médina,https://i.roamcdn.net/hz/ed/listing-thumb-543w/34dfaf6f44e1fce05c8c561162a3f920/-/horizon-files-prod/ed/picture/q8v48zv9/476b35ddab5be0d65cc6a81e0a34854510dfbbf3.jpg
914,"<h1 class=""listing-item__header"">
    HP ZBOOK FIRE FLY I7/16GO/512SSD
</h1>",Neuf,HP,500 000 ,Médina,https://i.roamcdn.net/hz/ed/listing-thumb-543w/05d7e118974b7e042782d17cf1ba5af2/-/horizon-files-prod/ed/picture/qzvpkv7g/7310844ce0ae4027da7c96ad850edd0ccf1254bf.jpg
915,"<h1 class=""listing-item__header"">
    Unité Central Lenovo
</h1>",Neuf,Lenovo,135 000 ,Plateau,https://i.roamcdn.net/hz/ed/listing-thumb-543w/397fc912de01e1213935498f266f30d6/-/horizon-files-prod/ed/picture/qrzv575g/241cfdcfaee39142507571537f76b0ab60e70e14.jpg
916,"<h1 class=""listing-item__header"">
    IMAC SLIM 2013
</h1>",Venant,Apple,135 000 ,Médina,https://i.roamcdn.net/hz/ed/listing-thumb-543w/cb67defdb9e92f57631551bbd240860c/-/horizon-files-prod/ed/picture/q8v49gw4/1ab5b2589a1a8b070d39904d57f08a713632ff5d.jpg
917,"<h1 class=""listing-item__header"">
    MacBook Pro 14” (2024) – PUCE  M4 Pro 14 Pouces
</h1>",Neuf,Apple,1 500 000 ,Médina,https://i.roamcdn.net/hz/ed/listing-thumb-543w/103d9e12ff97240235227ff1379299d2/-/horizon-files-prod/ed/picture/qde7qe47/742238fa262206b5305657a79d6b95e43232084f.jpg
918,"<h1 class=""listing-item__header"">
    Macbook pro 2020 core i7
</h1>",Venant,Apple,400 000 ,Yoff,https://i.roamcdn.net/hz/ed/listing-thumb-543w/d3bdf18ad2fa9cc4731d076f5f07e1dd/-/horizon-files-prod/ed/picture/qenv8nrk/725568d5c0f921ea966301667c8babe02d0839b7.jpg
919,"<h1 class=""listing-item__header"">
    MSI GP66 LEOPARD INTEL CORE I7 VRAM 8Go
</h1>",Neuf,MSI,750 000 ,Gueule-Tapée,https://i.roamcdn.net/hz/ed/listing-thumb-543w/831e810237b2c781c6e350ef4a4a4fbd/-/horizon-files-prod/ed/picture/q2j0vjzj/38a5b9de43c5bee8c7ea653f8f8c307ef695c8a9.jpg
920,"<h1 class=""listing-item__header"">
    ASUS ROG STRIX G16 2023 INTEL CORE i7 VRAM 8Go
</h1>",Venant,ASUS,950 000 ,Gueule-Tapée,https://i.roamcdn.net/hz/ed/listing-thumb-543w/5919188e3dd6a085ff86ce94c4adfa91/-/horizon-files-prod/ed/picture/qkr8km9w/f5bf7624973a6415e400e6a70b88192712ba9c8e.jpg
921,"<h1 class=""listing-item__header"">
    DELL VOSTRO 5502 11th GENERATION
</h1>",Venant,Dell,210 000 ,Hann maristes,https://i.roamcdn.net/hz/ed/listing-thumb-543w/30c527e5fae5104f6840f06e4b032126/-/horizon-files-prod/ed/picture/q0g7vq9e/feca3324842328e880fff6739ee17424d96c705c.jpg
922,"<h1 class=""listing-item__header"">
    MacBook Pro M3 Pro
</h1>",Neuf,Apple,1 200 000 ,Sicap Sacré-cœur,https://i.roamcdn.net/hz/ed/listing-thumb-543w/a81502105079525e8db102cce1b1ad22/-/horizon-files-prod/ed/picture/qde7jj6w/156c72e76d1364997a2a90117eabd181fef8aace.png
923,"<h1 class=""listing-item__header"">
    Dell latitude 7420
</h1>",Venant,Dell,340 000 ,Plateau,https://i.roamcdn.net/hz/ed/listing-thumb-543w/69a67b80649e2f607e22b3292dbf1b8a/-/horizon-files-prod/ed/picture/q9mjz0xp/79309e01cda5d0d63f4ad55f064cf809900e7818.jpg
924,"<h1 class=""listing-item__header"">
    Build PC - Gaming PC
</h1>",Venant,MSI,2 700 000 ,Rufisque,https://i.roamcdn.net/hz/ed/listing-thumb-543w/6dcfe13155b0764c65547d2ac9bd86a4/-/horizon-files-prod/ed/picture/q0g7vz9e/c43f09a5529e30e80a2e32e65e584decac7dcd1f.jpg
925,"<h1 class=""listing-item__header"">
    Hp EliteBook 840 G11 ultra7 512ssd Ram16 15Th Gen
</h1>",Neuf,HP,800 000 ,Médina,https://i.roamcdn.net/hz/ed/listing-thumb-543w/50d8fd5e073aa6c3025e1356421443ae/-/horizon-files-prod/ed/picture/q6xdw7v8/a4deed0dadf6af98074d097c388069710cc6444f.jpg
926,"<h1 class=""listing-item__header"">
    Msi Gamer Corei7 1To Ram32 Rtx 8Giga dédié
</h1>",Neuf,MSI,500 000 ,Médina,https://i.roamcdn.net/hz/ed/listing-thumb-543w/792bfa9d1caa1f3ca9f8c18e63e731af/-/horizon-files-prod/ed/picture/qenv8dpj/64425c43583575bd3a180454f4260a9901b1aeca.jpg
927,"<h1 class=""listing-item__header"">
    Promo ☄️Hp EliteBook 840 Corei5 256ssd Ram8
</h1>",Neuf,HP,150 000 ,Médina,https://i.roamcdn.net/hz/ed/listing-thumb-543w/0f562a269407fa35b7a4df7c1ed93d53/-/horizon-files-prod/ed/picture/qm5g7mvg/9501125060234133d3ce23ac0bf44f68f8d066fe.jpg
928,"<h1 class=""listing-item__header"">
    Refroidisseur ordinateur portable
</h1>",Neuf,HP,8 000 ,Dieuppeul,https://i.roamcdn.net/hz/ed/listing-thumb-543w/99cf570d4bc4f8a679e9ca889b6d0b33/-/horizon-files-prod/ed/picture/qkrme4p8/9e3cf5a279056f4855a90cc77fcae74d4f346da6.jpg
929,"<h1 class=""listing-item__header"">
    Chargeur Surface Pro d’Alimentation pc  Microsoft act
</h1>",Neuf,Microsoft Surface,30 000 ,Dieuppeul,https://i.roamcdn.net/hz/ed/listing-thumb-543w/8e1fcbc80f9e50ee4308276dbaff00f6/-/horizon-files-prod/ed/picture/qm55we7z/d63ed16caa2a9048f07076f7fe2ee055d8524996.jpg
930,"<h1 class=""listing-item__header"">
    Ordinateur portable gaming  DELL XPS 15
</h1>",D'occasion,Dell,220 000 ,Sicap Sacré-cœur,https://i.roamcdn.net/hz/ed/listing-thumb-543w/e151812b5555e7c97dbacc5ef6eb8256/-/horizon-files-prod/ed/picture/qrz8n65q/8bfe318c1ea060b724216923142d7f5d01215011.jpg
931,"<h1 class=""listing-item__header"">
    Lenovo X1 CARBON tactile
</h1>",Venant,Lenovo,300 000 ,Plateau,https://i.roamcdn.net/hz/ed/listing-thumb-543w/c011ae4a33be0add4b98b2f7f862dfad/-/horizon-files-prod/ed/picture/q6xd8004/fd3400338e539fe158057a34432a8333af86bb89.jpg
932,"<h1 class=""listing-item__header"">
    Lenovo Yoga 11 X360
</h1>",Venant,Lenovo,90 000 ,Médina,https://i.roamcdn.net/hz/ed/listing-thumb-543w/ad288214e5729825a9e5c35a533f491d/-/horizon-files-prod/ed/picture/qenvzg62/872f10c752f8a627c989539d122a178ef2edad77.png
933,"<h1 class=""listing-item__header"">
    Dell Latitude 5320
</h1>",Venant,Dell,200 000 ,Médina,https://i.roamcdn.net/hz/ed/listing-thumb-543w/e722c773dcb0c78c356602c94ee34799/-/horizon-files-prod/ed/picture/qkr8n9w8/3770025f35f03df01c59ebabcfe18bce270dbbee.png
934,"<h1 class=""listing-item__header"">
    Dell core i5 ssd 128g ram 8g
</h1>",Venant,Dell,55 000 ,Yoff,https://i.roamcdn.net/hz/ed/listing-thumb-543w/7582fc6aca17d227836d655be8b9c5dc/-/horizon-files-prod/ed/picture/qq42xpmj/47ac0b6460a0b64887b286e6e46d10bf6f2a3dd2.jpg
935,"<h1 class=""listing-item__header"">
    MacBook Pro 2017 i7 512/16
</h1>",Venant,Apple,345 000 ,Plateau,https://i.roamcdn.net/hz/ed/listing-thumb-543w/3e6102ed9352932f2fe4b3f9bf9ab356/-/horizon-files-prod/ed/picture/q8v4xq0x/5826340301da53a816c76a76f430b9c49b0a33a7.jpg
936,"<h1 class=""listing-item__header"">
    Lenovo ThinkPad t14 i7 10th gen 32go de ram tactile
</h1>",Venant,Lenovo,280 000 ,Plateau,https://i.roamcdn.net/hz/ed/listing-thumb-543w/65caa7dcefdaa3943e033c3d7d6e51e0/-/horizon-files-prod/ed/picture/qq42kwr6/c62b9268c676b92ad2472dd94d06d852ada18971.jpg
937,"<h1 class=""listing-item__header"">
    Asus TUF Gaming RTX 4060
</h1>",Neuf,ASUS,750 000 ,Sicap Sacré-cœur,https://i.roamcdn.net/hz/ed/listing-thumb-543w/acffa8bb480f96898d16815b40dee9d4/-/horizon-files-prod/ed/picture/q8v4294x/0c517d664e98308732f6ffcf82790bd7832026e6.jpg
938,"<h1 class=""listing-item__header"">
    Microsoft Surface Studio
</h1>",Venant,Microsoft Surface,650 000 ,Sicap Sacré-cœur,https://i.roamcdn.net/hz/ed/listing-thumb-543w/e15779c1480eb35a5303b1ff2ac0fe66/-/horizon-files-prod/ed/picture/q6xd20k4/300f96b36aef18241e02ea14a5d355936af131ed.jpg
939,"<h1 class=""listing-item__header"">
    ASUS ROG Strix G16 (2024)
</h1>",Neuf,ASUS,1 200 000 ,Sicap Sacré-cœur,https://i.roamcdn.net/hz/ed/listing-thumb-543w/d56aa35a6079a9a84d09c5e97c49a6fa/-/horizon-files-prod/ed/picture/q6xd28q7/bd68c9feb88ed1171e39dc8064ae51d688981e30.jpg
940,"<h1 class=""listing-item__header"">
    Pc Gaming RTX 4080 Super
</h1>",Neuf,ASUS,2 100 000 ,Sicap Sacré-cœur,https://i.roamcdn.net/hz/ed/listing-thumb-543w/c824aeff63d1b3103ed89881f41d5ae7/-/horizon-files-prod/ed/picture/qkr8v4rx/25e8e4d21e43ce75c3c9ca4ad2f2e10b7c66661a.jpg
941,"<h1 class=""listing-item__header"">
    HP élit Book
</h1>",Neuf,Gris,295 000 ,Médina,https://i.roamcdn.net/hz/ed/listing-thumb-543w/34622cf93258a417541af3d683955d2b/-/horizon-files-prod/ed/picture/qq42xmek/8363ba0a6b5f4fdd6f2dad0188b665fe11447407.jpg
942,"<h1 class=""listing-item__header"">
    Chargeur HP 15 19.5v 3.33a
</h1>",Neuf,HP,8 000 ,Fann,https://i.roamcdn.net/hz/ed/listing-thumb-543w/4ae9c50d76abdd9785b91a07f34307e6/-/horizon-files-prod/ed/picture/qj4q9ndv/308e0e04a0f5aadd8dc89cf4c7aebaffaaa3dcfc.png
943,"<h1 class=""listing-item__header"">
    Lenovo T14 12 GEN ICOR 7
</h1>",Venant,Lenovo,375 000 ,Sacré-cœur,https://i.roamcdn.net/hz/ed/listing-thumb-543w/6262aebaf2bcad7cb90ffbf853a5b22d/-/horizon-files-prod/ed/picture/qv4wv258/dafeac22f3693c40c1f150a4a3ee4756d126bb31.jpg
944,"<h1 class=""listing-item__header"">
    ✅Hp Gamer i7 ✅32Go Ram- 1To Disk Ssd - Nvidia- 15 Pouces
</h1>",Venant,HP,320 000 ,Hlm,https://i.roamcdn.net/hz/ed/listing-thumb-543w/5e7b8e5ca203065aba628f065d0d4f5f/-/horizon-files-prod/ed/picture/qj4q9rdg/5b6837d674478add463555d2dbfc9b5f3adae438.jpg
945,"<h1 class=""listing-item__header"">
    Dell Precision Gamer i7✅ - 32Go Ram - NVIDIA - 500Go SSD
</h1>",Venant,Dell,340 000 ,Hlm,https://i.roamcdn.net/hz/ed/listing-thumb-543w/06d031b39c725c4448ee05f0be42dc43/-/horizon-files-prod/ed/picture/qv4w0mz5/96a602eec28ea75ec0aa40c4b44657dd3bbece78.jpg
946,"<h1 class=""listing-item__header"">
    ✅ Mac Pro 2015- i7- 16Go Ram- 500Go SSD- 15
</h1>",Venant,Apple,275 000 ,Hlm,https://i.roamcdn.net/hz/ed/listing-thumb-543w/87d63d7c9bab3922a4f110736becc7b1/-/horizon-files-prod/ed/picture/qrz85w4x/2ebf74d8ac579ebc899fa3497c11ba6ea58374e4.jpg
947,"<h1 class=""listing-item__header"">
    Hp victus i7-13th RTX4060
</h1>",Neuf,HP,785 000 ,Plateau,https://i.roamcdn.net/hz/ed/listing-thumb-543w/b1e34e221276cc01b11854f4b0160d6d/-/horizon-files-prod/ed/picture/qv4wxm5p/0257fc54aef4e5dec1cd81f72bdb94503a09ebc2.jpg
948,"<h1 class=""listing-item__header"">
    MSI Thin 15 2023
</h1>",Neuf,MSI,550 000 ,Cité keur gorgui,https://i.roamcdn.net/hz/ed/listing-thumb-543w/c761b54a41a87ce8c44fffef1002badf/-/horizon-files-prod/ed/picture/q78w4k0j/c3901713f53686c002f8a0fa7306f366810f5d32.jpg
949,"<h1 class=""listing-item__header"">
    DELL Latitude 5440 Cor i5 13ème Neuf
</h1>",Neuf,Dell,325 000 ,Médina,https://i.roamcdn.net/hz/ed/listing-thumb-543w/89fcec4969307576720a2df1b7156d32/-/horizon-files-prod/ed/picture/q44nwxr2/12587854efb2be71e58e9e254e8daa84a01c0684.jpg
950,"<h1 class=""listing-item__header"">
    MACBOOK AIR M1  512GO ROSE GOLD
</h1>",Venant,Apple,350 000 ,Point-e,https://i.roamcdn.net/hz/ed/listing-thumb-543w/33366598db6619612f95ca136e94cfd9/-/horizon-files-prod/ed/picture/q44nwx02/136401c0caf07fbc2eecd114a4a5c6106e5ffcb2.jpg
951,"<h1 class=""listing-item__header"">
    Mac Pro Touch Bar 2019 /i7/512G/16G
</h1>",Venant,Apple,500 000 ,Plateau,https://i.roamcdn.net/hz/ed/listing-thumb-543w/1428bd284214fecf4c14195bf0aeb0a0/-/horizon-files-prod/ed/picture/qm5gkk9z/77d5eb3b9836bc5ca9bfe5414b7c0a298f138e8f.jpg
952,"<h1 class=""listing-item__header"">
    Dell 5520/512G/ 16Go
</h1>",Neuf,Dell,275 000 ,Plateau,https://i.roamcdn.net/hz/ed/listing-thumb-543w/1035a150767fe8f2441fdb30b5d713c6/-/horizon-files-prod/ed/picture/qenvj622/ef39034d3acb76d4ddb1f338c759e4998f8ea99d.jpg
953,"<h1 class=""listing-item__header"">
    Dell core i5 8th ssd 256g ram 16g
</h1>",Venant,Dell,165 000 ,Yoff,https://i.roamcdn.net/hz/ed/listing-thumb-543w/9898e791a2926fd7cc90802dafb36b66/-/horizon-files-prod/ed/picture/qde7m59r/4c6f7e03d8580f86c35bacd3c254111f9857b2ba.jpg
954,"<h1 class=""listing-item__header"">
    HP OMEN 16 I7-13GEN/16GO/512SSD/RTX4050
</h1>",Neuf,HP,750 000 ,Médina,https://i.roamcdn.net/hz/ed/listing-thumb-543w/be67fd4c8063efddf73680d7f4e05f3a/-/horizon-files-prod/ed/picture/qm5gdq9r/1e7e1021676f6f89c18ff6d8633e0b78963c2244.png
955,"<h1 class=""listing-item__header"">
    HP ELITEBOOK 640 G10 I7-13GEN/32/1TO
</h1>",Neuf,HP,650 000 ,Médina,https://i.roamcdn.net/hz/ed/listing-thumb-543w/e1c7999c7662c86bb32f281e84996ab3/-/horizon-files-prod/ed/picture/qwep0dmd/ccc6af25c4a02a7bae1f2be1774d6df76dfe0c45.jpg
956,"<h1 class=""listing-item__header"">
    HP x360 G3 tactile ram 4 Go Duo core
</h1>",Venant,HP,95 000 ,Médina,https://i.roamcdn.net/hz/ed/listing-thumb-543w/a907aa6d64d3d8eadb84d8359f14575a/-/horizon-files-prod/ed/picture/qrdmwzq/740f7eb91c5ad16e7f6759cc4092410dcacfb935.jpg
957,"<h1 class=""listing-item__header"">
    HP Elitebook 840 G3
</h1>",Venant,HP,130 000 ,Médina,https://i.roamcdn.net/hz/ed/listing-thumb-543w/57bae06b9718887dd479da8b37ac8691/-/horizon-files-prod/ed/picture/qrz8mpp4/af562ac7e59fc09120154da430d2c6e0237a0721.png
958,"<h1 class=""listing-item__header"">
    LENOVO X1 YOGA CORE I5 7TH GEN
</h1>",Venant,Lenovo,219 000 ,Médina,https://i.roamcdn.net/hz/ed/listing-thumb-543w/2185e6162e5cddcb2845d36a2ccec173/-/horizon-files-prod/ed/picture/qj4r7jze/3c77d1b379ff7d18bad55e984a31e0c80fc720e1.jpg
959,"<h1 class=""listing-item__header"">
    Micro dell i5 8th 256g 8g hdmi
</h1>",Venant,Dell,85 000 ,Yoff,https://i.roamcdn.net/hz/ed/listing-thumb-543w/7cf6360fbd076e55b239aec01dde8946/-/horizon-files-prod/ed/picture/qzvpwnmv/16818d0c050692ccd0bbf6838d80c8c0ee2461bf.jpg
960,"<h1 class=""listing-item__header"">
    Lenovo T480 core i5 8e génération 256ssd ram 8GB
</h1>",Venant,Lenovo,210 000 ,Médina,https://i.roamcdn.net/hz/ed/listing-thumb-543w/bfe953b63277fb3efce0c667073b905b/-/horizon-files-prod/ed/picture/qv4wv76w/52263112b4af769866f9024293c43752deda925a.jpg
961,"<h1 class=""listing-item__header"">
    Lenovo Thinkpad E15 Cor i7 10ème Gén
</h1>",Neuf,Lenovo,290 000 ,Médina,https://i.roamcdn.net/hz/ed/listing-thumb-543w/57516b5325058f24ae87ff6edd1200e7/-/horizon-files-prod/ed/picture/qngpk8gv/8611ff78480bf815d37b24b460e0bb80141cacd5.jpg
962,"<h1 class=""listing-item__header"">
    DELL Latitude 5310 Cor i7 10ème Gén
</h1>",Neuf,Dell,250 000 ,Médina,https://i.roamcdn.net/hz/ed/listing-thumb-543w/0ca1f45a423f48351cd574e95700ad05/-/horizon-files-prod/ed/picture/qm5gqpd9/54767afb826bc270b0c3a6b341eab09f3ec19a83.jpg
963,"<h1 class=""listing-item__header"">
    MacBook Air 2017
</h1>",Neuf,Apple,195 000 ,Médina,https://i.roamcdn.net/hz/ed/listing-thumb-543w/fb2ff18711ccd5f2dd38a73081d9db08/-/horizon-files-prod/ed/picture/qrz8mpzj/5e1151243ed7ff3745a21398f553a3a37b467cb6.jpg
964,"<h1 class=""listing-item__header"">
    MACBOOK PRO | Dual core | 15''
</h1>",Venant,Apple,100 000 ,Médina,https://i.roamcdn.net/hz/ed/listing-thumb-543w/c074f2a7de3c31fe1d3b2d0c27897cfc/-/horizon-files-prod/ed/picture/q8v4r0wp/b05945b682c37def0117c79b64e4fcb036b51fdf.jpg
965,"<h1 class=""listing-item__header"">
    Macbook Pro M1 sceller
</h1>",Neuf,Apple,430 000 ,Plateau,https://i.roamcdn.net/hz/ed/listing-thumb-543w/0befa462e7f0c2cdbad004e781695f76/-/horizon-files-prod/ed/picture/q78w4e8n/e52d503671756fc8904bb6092ad9b36a7d157946.jpg
966,"<h1 class=""listing-item__header"">
    XPS 9345 32/1TERA SNAPDRAGON
</h1>",Neuf,Dell,900 000 ,Médina,https://i.roamcdn.net/hz/ed/listing-thumb-543w/883952ce359af8b562918d37c1bc23c6/-/horizon-files-prod/ed/picture/qngp8m5x/0b0c900816416b553473e975c5add01ccebace78.jpg
967,"<h1 class=""listing-item__header"">
    Mac book air m1 2020 SSD
</h1>",Venant,Apple,435 000 ,Hlm,https://i.roamcdn.net/hz/ed/listing-thumb-543w/d1b375094ad4b147077518ab160c6bd6/-/horizon-files-prod/ed/picture/qenvz469/0ebcd7efcc03b90b4ce6eac0eca074f03801dec5.jpg
968,"<h1 class=""listing-item__header"">
    DELL XPS 15 9500 
10th génération 
I7
Ram 16go
</h1>",Venant,Dell,450 000 ,Hlm,https://i.roamcdn.net/hz/ed/listing-thumb-543w/32680d1e82653e742964999cb4514646/-/horizon-files-prod/ed/picture/qm5gq2xz/beeeca6b25e2a4f48e0bf6d075c44b19a37947dd.jpg
969,"<h1 class=""listing-item__header"">
    HP ELITE X2 1013 G3 CORE I5 et I7.13"" DETACHABLE TACTILE
</h1>",Réconditionné,HP,225 000 ,Colobane,https://i.roamcdn.net/hz/ed/listing-thumb-543w/c35ce033bc262d23d053a2f0896e76d3/-/horizon-files-prod/ed/picture/qpdmrvew/72ef41d3fda1638f37ec2317e90d636fc64ecd34.jpg
970,"<h1 class=""listing-item__header"">
    MINI PC DELL , HP, LENOVO NEUF OU VENANT
</h1>",Neuf,Dell,60 000 ,Colobane,https://i.roamcdn.net/hz/ed/listing-thumb-543w/a3146a1f4352281b179b5215da8ca6b6/-/horizon-files-prod/ed/picture/q44nwkw5/76e06a6dfeea205ce2cdf3bdaa62f1a7214e78f5.jpg
971,"<h1 class=""listing-item__header"">
    MACBOOK AIR 2018
</h1>",D'occasion,Apple,250 000 ,Point-e,https://i.roamcdn.net/hz/ed/listing-thumb-543w/6dd3966ad181986bd43fc51583522a99/-/horizon-files-prod/ed/picture/qxjp9rew/e27bf03ce8927c9232a9a02a3f5d0afc8853ef6f.jpg
972,"<h1 class=""listing-item__header"">
    MACBOOK PRO TOUCHBAR 2017
</h1>",Venant,Apple,275 000 ,Point-e,https://i.roamcdn.net/hz/ed/listing-thumb-543w/326dbfd1664efc3098f9c07697bf37b6/-/horizon-files-prod/ed/picture/qwep045z/8a6393c336c388a6bc8cc8b723603a44bf383cb3.jpg
973,"<h1 class=""listing-item__header"">
    Xps 9345 snapdron 32/1tera
</h1>",Neuf,Dell,900 000 ,Médina,https://i.roamcdn.net/hz/ed/listing-thumb-543w/d5919e62d42b0addb1c137d98f6937d5/-/horizon-files-prod/ed/picture/q9mjx7ww/44a2fd0e649f5df6086ce71b4ef7fb34f09638ee.jpg
974,"<h1 class=""listing-item__header"">
    MacBook Air m2 8/256
</h1>",Venant,Apple,550 000 ,Médina,https://i.roamcdn.net/hz/ed/listing-thumb-543w/b0563f1cecbb762ed263e58792c7f35a/-/horizon-files-prod/ed/picture/qpdmr80p/2ac40bfbc040ec86ddfe4902653938bfd16d949f.jpg
975,"<h1 class=""listing-item__header"">
    14pouce M1PRO 16/512
</h1>",Neuf,Apple,775 000 ,Médina,https://i.roamcdn.net/hz/ed/listing-thumb-543w/f2d23e2b5926c3ca4c9dbbf5120d7692/-/horizon-files-prod/ed/picture/qxjp972v/a00fee41dccb8a00849c32f827d207fe2812a759.jpg
976,"<h1 class=""listing-item__header"">
    MacBook Pro m2 16/512
</h1>",Neuf,Apple,725 000 ,Médina,https://i.roamcdn.net/hz/ed/listing-thumb-543w/83184727c35c47d8bd267dda421e9d14/-/horizon-files-prod/ed/picture/qpdmr4mp/367cd5d6da6c292b69d502d4d77f5a9b1969e51b.jpg
977,"<h1 class=""listing-item__header"">
    MacBook pro 2021 14pouce
</h1>",Neuf,Apple,720 000 ,Derkle,https://i.roamcdn.net/hz/ed/listing-thumb-543w/49fd4092487d779b617dfcba463d2ec5/-/horizon-files-prod/ed/picture/q0g7vpeg/4e91afc5af87d2114329f88bd32fffb27aad35f5.jpg
978,"<h1 class=""listing-item__header"">
    DELL LATITUDE 5410.I5.14""
</h1>",Réconditionné,Dell,65 000 ,Colobane,https://i.roamcdn.net/hz/ed/listing-thumb-543w/4784387fd914b0cdd1c62c609c7dc964/-/horizon-files-prod/ed/picture/q44nwkr8/be023cb8398c3596627788db92c73d9b0f9e1a42.jpg
979,"<h1 class=""listing-item__header"">
    ECRAN HP 24 F POUCES  FULL HDMI VGA
</h1>",Neuf,HP,130 000 ,Médina,https://i.roamcdn.net/hz/ed/listing-thumb-543w/c825eb93cee2292e711a387becca1696/-/horizon-files-prod/ed/picture/qrz8n254/ae580c70c84eaff6fbab4a0875260916e120aca5.jpg
980,"<h1 class=""listing-item__header"">
    Dell latitude 3520 core i5
</h1>",Neuf,Dell,260 000 ,Parcelles Assainies,https://i.roamcdn.net/hz/ed/listing-thumb-543w/2dc5efba9ada86e3490e64a6745cdb76/-/horizon-files-prod/ed/picture/q44nwk08/79b728d2847fad31b39b1b4e32cc795fe9b9d2bd.jpg
981,"<h1 class=""listing-item__header"">
    msi Guemer Intel core i9
</h1>",Neuf,Autre,800 000 ,Parcelles Assainies,https://i.roamcdn.net/hz/ed/listing-thumb-543w/fb54fc27264d7bccb709b98d812c9486/-/horizon-files-prod/ed/picture/qv4wv8d8/8ee1eb5eb031b8b8169d118e1a1470e46145c5ad.jpg
982,"<h1 class=""listing-item__header"">
    LENOVO T470S.I7.14""
</h1>",Réconditionné,Lenovo,150 000 ,Colobane,https://i.roamcdn.net/hz/ed/listing-thumb-543w/679913d755e33363b3e30c8d4cd37735/-/horizon-files-prod/ed/picture/q44nwkd2/2f35ee9a6189d85f26181847a78087ebf57c1fa9.jpg
983,"<h1 class=""listing-item__header"">
    LENOVO T14.11éme.TACTILE
</h1>",Réconditionné,Lenovo,350 000 ,Colobane,https://i.roamcdn.net/hz/ed/listing-thumb-543w/1f46c3c800701c4e8d4b9fad8aa0ad48/-/horizon-files-prod/ed/picture/qzvpwmvd/8a3807a64b1706b87601cf2a99142a983f5f993d.jpg
984,"<h1 class=""listing-item__header"">
    MacBook Air M3 2024 scellé
</h1>",Neuf,Apple,750 000 ,Médina,https://i.roamcdn.net/hz/ed/listing-thumb-543w/b46859b3fb37e0bf8d2d9cf77395dfc4/-/horizon-files-prod/ed/picture/qenvz4n5/92007a015d9c813d6fb7cc40393d07fa8876c932.jpg
985,"<h1 class=""listing-item__header"">
    Promo☄️Hp EliteBook 840 Corei5 256ssd Ram8
</h1>",Neuf,HP,150 000 ,Médina,https://i.roamcdn.net/hz/ed/listing-thumb-543w/fc3f4bd81274a606e65381380c5f2adc/-/horizon-files-prod/ed/picture/qxjp9rdm/a7793e6a798d1e46ebb21ebefa3dbe158bd0870e.jpg
986,"<h1 class=""listing-item__header"">
    Msi Gamer Corei7 1To ssd Ram32 Rtx 8Giga dédié
</h1>",Neuf,MSI,500 000 ,Médina,https://i.roamcdn.net/hz/ed/listing-thumb-543w/26ade97a70b06a035c90ad6fa027cda2/-/horizon-files-prod/ed/picture/q8v4r60x/232fb9298d047efe2c25eab831968436d4344537.jpg
987,"<h1 class=""listing-item__header"">
    Windows surface Pro 4
</h1>",Venant,Microsoft Surface,185 000 ,Liberte 6 extension,https://i.roamcdn.net/hz/ed/listing-thumb-543w/a8989e65a5c27a7cd69fe37d3b58774a/-/horizon-files-prod/ed/picture/q8v4rw70/8623478704d4cb45c42d9fbe53e5a020e4b3ce71.jpg
988,"<h1 class=""listing-item__header"">
    Mac Book Pro Puce M4 / 1 Tera ssd scellé
</h1>",Neuf,Apple,1 350 000 ,Cambérène,https://i.roamcdn.net/hz/ed/listing-thumb-543w/2c5b9c34ab885ab7260f3308422a7444/-/horizon-files-prod/ed/picture/qrz8men5/8c5d714fe1c63307ce3614f6b8600738abb4df83.jpg
989,"<h1 class=""listing-item__header"">
    HP PRO X2
</h1>",Neuf,HP,230 000 ,Yoff,https://i.roamcdn.net/hz/ed/listing-thumb-543w/69b52fabbb4e893ed9463269965c8792/-/horizon-files-prod/ed/picture/qj4q954v/085c69606569032ac8613de41108ee9afdfae9b4.jpg
990,"<h1 class=""listing-item__header"">
    Ordinateur HP ELITEBOOK 1030 G4 I5/8GO/256SSD
</h1>",Venant,HP,230 000 ,Yoff,https://i.roamcdn.net/hz/ed/listing-thumb-543w/f9ce4aec67720ae3336eb99d2dd0dba5/-/horizon-files-prod/ed/picture/qrz8mqp9/dd7ad941e7f8599226ef61e1d6d46ce091f2fa3a.jpg
991,"<h1 class=""listing-item__header"">
    HP 1030 G2
</h1>",Venant,HP,215 000 ,Médina,https://i.roamcdn.net/hz/ed/listing-thumb-543w/9cbc847e92aa7f57ca6c96ddec117e0b/-/horizon-files-prod/ed/picture/qv4wv6ep/8f0ea445a313f387f606cdd685a5870cc13014ae.jpg
992,"<h1 class=""listing-item__header"">
    DELL LATITUDE 7440 I7-13GEN/32GO/1TOSSD/TACTILE
</h1>",Neuf,Dell,650 000 ,Médina,https://i.roamcdn.net/hz/ed/listing-thumb-543w/9169960bb547b76411ac65c39414d878/-/horizon-files-prod/ed/picture/qenvzedx/24c2d9170fd4a8de97e09690b30d33f51ee4f361.png
993,"<h1 class=""listing-item__header"">
    HP ELITEBOOK 860 G11 ULTRA 7/16GO/512SSD
</h1>",Neuf,HP,750 000 ,Médina,https://i.roamcdn.net/hz/ed/listing-thumb-543w/3fb34e1bff92bdccaad3e96e61a07729/-/horizon-files-prod/ed/picture/q44nwgez/c0ca883529a0facf4b8404eebac6471763cce265.jpg
994,"<h1 class=""listing-item__header"">
    HP Victus 15-FB2082wm AMD Ryzen 5
</h1>",Neuf,HP,650 000 ,Plateau,https://i.roamcdn.net/hz/ed/listing-thumb-543w/17e5b8e8515cefc69bae061d2d076148/-/horizon-files-prod/ed/picture/q9mjxvx6/9b37b855c791870d111dd145b076eef170b62fa0.jpg
995,"<h1 class=""listing-item__header"">
    MacBook Air M3 13.6 pouy
</h1>",Neuf,Apple,600 000 ,Médina,https://i.roamcdn.net/hz/ed/listing-thumb-543w/c30e0c872f2b2dc905789877abd8c96b/-/horizon-files-prod/ed/picture/q56dqkn0/d22445e4046a301fce8f20ffd69c6b0e52d6af86.png
996,"<h1 class=""listing-item__header"">
    iMac M1 24 pouces scellé
</h1>",Neuf,Apple,850 000 ,Médina,https://i.roamcdn.net/hz/ed/listing-thumb-543w/b9ccb20144bb77346c96b77c83c0c754/-/horizon-files-prod/ed/picture/qde7mgqg/32cc5023bb45dce69b40817d1500d6c5ceb9adc5.jpg
997,"<h1 class=""listing-item__header"">
    Hp probook 635 aero g7
</h1>",Venant,HP,195 000 ,Parcelles Assainies,https://i.roamcdn.net/hz/ed/listing-thumb-543w/2b33891f12abf87f00b7a7cd01945b4c/-/horizon-files-prod/ed/picture/qkr8n6mw/8ad7d586fa5926a60ca138f6a892a9b669baaae4.jpg
998,"<h1 class=""listing-item__header"">
    Dell Precision 5560 Core i9 Ram 64 Gb ssd 1 Tera
</h1>",Neuf,Dell,650 000 ,Cambérène,https://i.roamcdn.net/hz/ed/listing-thumb-543w/a09bd2e8de85097e55877ed60a25ae00/-/horizon-files-prod/ed/picture/qq42xrzk/31d523224bd9f6c6c2abfdc41bb08a7d9858c7a9.jpg
999,"<h1 class=""listing-item__header"">
    Mac Book Air Puce M2 Azerty ssd 512 Gb
</h1>",Neuf,Apple,575 000 ,Cambérène,https://i.roamcdn.net/hz/ed/listing-thumb-543w/83e483f48800b6ea341a23d875cf73fe/-/horizon-files-prod/ed/picture/qenvz7wz/76cd4f2d6d512c358c4c7d10e9540f82190e138e.jpg
1000,"<h1 class=""listing-item__header"">
    Mac Book Puce M2 Pro ssd 1 Tera Ram 16 Gb
</h1>",Neuf,Apple,775 000 ,Cambérène,https://i.roamcdn.net/hz/ed/listing-thumb-543w/db76b8ef3a224bdeb20b112cc912cd4e/-/horizon-files-prod/ed/picture/q9mjxdv0/a1195ab243289f93dbafe7d39e886f179f7d3eaf.jpg
1001,"<h1 class=""listing-item__header"">
    MacBook Pro 13 pouces Icor 5  ram 8 disk 256 Touch Bar
</h1>",Venant,Apple,315 000 ,Hann maristes,https://i.roamcdn.net/hz/ed/listing-thumb-543w/c173a64f220e6807b0bbf7aad8feaf00/-/horizon-files-prod/ed/picture/qrz8mxzx/d817e5f8e99b223e68becb193646e8fb78f1b08c.jpg
1002,"<h1 class=""listing-item__header"">
    MacBook Pro 16 pouces i 7 ram 16 disk 512
</h1>",Venant,Apple,445 000 ,Hann maristes,https://i.roamcdn.net/hz/ed/listing-thumb-543w/4b2170b1e1f456bcea7e36ef55ad9f7c/-/horizon-files-prod/ed/picture/qngp8qgz/c0ced3a4d6c5a4fbdad890155eac4d56aa307cd7.jpg
1003,"<h1 class=""listing-item__header"">
    Dell Latitude 3520 - I7 11th | 16GB RAM | 512
</h1>",Venant,Dell,310 000 ,Point-e,https://i.roamcdn.net/hz/ed/listing-thumb-543w/f04113e4ef6b770c03c5dece34c8ba46/-/horizon-files-prod/ed/picture/q78w92k8/36cdc8ec50133d04ae439ee10a4b27de95121fce.jpg
1004,"<h1 class=""listing-item__header"">
    MacBook Air M1 2020 256 giga ram8
</h1>",Venant,Apple,280 000 ,Pikine,https://i.roamcdn.net/hz/ed/listing-thumb-543w/e6d0ab1890fe7a520fe31653a508ef1a/-/horizon-files-prod/ed/picture/q78w4qgq/dc9466b559489aba83641681c1beb3dbc61b1efd.jpg
1005,"<h1 class=""listing-item__header"">
    Surface Pro 7 plus
</h1>",Neuf,Microsoft Surface,260 000 ,Plateau,https://i.roamcdn.net/hz/ed/listing-thumb-543w/43d53a8822d5a3d60a039bb9bfaa4e1d/-/horizon-files-prod/ed/picture/qgqw7rdr/ee317ff0145b180cd1854d3244b1070afbebcab1.jpg
1006,"<h1 class=""listing-item__header"">
    Surface Pro 11
</h1>",Neuf,Microsoft Surface,950 000 ,Plateau,https://i.roamcdn.net/hz/ed/listing-thumb-543w/269f161ce47f5ca95b09e636f1c470c4/-/horizon-files-prod/ed/picture/qm5gq7jq/5290d30d6917d3504f95b9486820b16f95cf07e5.jpg
1007,"<h1 class=""listing-item__header"">
    MacBook Air 2020 M1
</h1>",Neuf,Apple,415 000 ,Plateau,https://i.roamcdn.net/hz/ed/listing-thumb-543w/10bb0faf064d2f60da84defa9b713dff/-/horizon-files-prod/ed/picture/qxjp9mkn/01c91e7ddf21d6b1a9bd759c159a76091ccdc56c.jpg
1008,"<h1 class=""listing-item__header"">
    Surface Laptop 7 2024
</h1>",Neuf,Microsoft Surface,990 000 ,Plateau,https://i.roamcdn.net/hz/ed/listing-thumb-543w/5f43e0294b85dada93e06562da946810/-/horizon-files-prod/ed/picture/qrz8mwj4/98458c086ef1623cd0650caf9c2de0580b69c967.jpg
1009,"<h1 class=""listing-item__header"">
    Lenovo t480s i7
</h1>",Venant,Lenovo,220 000 ,Médina,https://i.roamcdn.net/hz/ed/listing-thumb-543w/f5b08281724317001ffd9aa077ec1915/-/horizon-files-prod/ed/picture/qpdmr9nv/e29d6163316533b3c6797e77956b584b6c4fb4f9.jpg
1010,"<h1 class=""listing-item__header"">
    Hp elitebook 840 g3
</h1>",Venant,HP,155 000 ,Médina,https://i.roamcdn.net/hz/ed/listing-thumb-543w/4c45888db44a581f97e42fba6acc0641/-/horizon-files-prod/ed/picture/qkr8nk6z/9211d5682dacc789abf616d650140bc2dc5d8894.jpg
1011,"<h1 class=""listing-item__header"">
    Pc gamer
</h1>",Venant,Autre,1 300 000 ,Médina,https://i.roamcdn.net/hz/ed/listing-thumb-543w/b5a20300243d32de530abbe402f1c580/-/horizon-files-prod/ed/picture/q6xd8807/c50b3bba687a33aa680f6f5cf57175a9fa879792.jpg
1012,"<h1 class=""listing-item__header"">
    Hp 640 G9 /i7 /16G/512/12th Gen
</h1>",Neuf,HP,500 000 ,Plateau,https://i.roamcdn.net/hz/ed/listing-thumb-543w/5c30632006ac34bdc47d3de41e3d8276/-/horizon-files-prod/ed/picture/q8v4n6j9/1a059776106fdf246227bca694da63689a11048c.jpg
1013,"<h1 class=""listing-item__header"">
    HP 15S AMD Ryzen 3 8GB Ram 256GB Ssd
</h1>",Venant,HP,90 000 ,Sicap foire,https://i.roamcdn.net/hz/ed/listing-thumb-543w/91b3c76012b8bb350e4eca09ccb9d3b6/-/horizon-files-prod/ed/picture/qngp8kez/4ed09118cb8e729cc6f475b2e7f0e6e6ca28f32d.jpg
1014,"<h1 class=""listing-item__header"">
    Lenovo ThinkPad L15 Core i5 16Go Ram 1To SSD
</h1>",Venant,Lenovo,160 000 ,Sicap foire,https://i.roamcdn.net/hz/ed/listing-thumb-543w/e4cae4a7fcd6ee7771b18f148b9ef980/-/horizon-files-prod/ed/picture/q78w4dzx/d9441d9d5a059ab37a311763c7ac7186e2b8773d.jpg
1015,"<h1 class=""listing-item__header"">
    Dell latitude 5440 2024
</h1>",Neuf,Dell,350 000 ,Plateau,https://i.roamcdn.net/hz/ed/listing-thumb-543w/78e3d1934e81679aff5fd64364090bc0/-/horizon-files-prod/ed/picture/qkr8ndqj/7215da42d54d7f79abee012dc085907c7213b1dd.jpg
1016,"<h1 class=""listing-item__header"">
    Lenovo Thinkpad E14 2024 i7
</h1>",Neuf,Lenovo,450 000 ,Plateau,https://i.roamcdn.net/hz/ed/listing-thumb-543w/62970ab4dced3c7478a71a971d01eb56/-/horizon-files-prod/ed/picture/qq42xkvv/6650020cd7f296d623279552f6a201bfe7b9ba37.jpg
1017,"<h1 class=""listing-item__header"">
    Acer Swift 3 i7 2023
</h1>",Neuf,Acer,280 000 ,Plateau,https://i.roamcdn.net/hz/ed/listing-thumb-543w/15fcb6d435c1ae9e6c811d734bd2ff59/-/horizon-files-prod/ed/picture/qv4wv0qg/735c2926a126858188054050988f3a8d12ccb273.jpg
1018,"<h1 class=""listing-item__header"">
    Hp Elite DragonFly i7 2024
</h1>",Neuf,HP,420 000 ,Plateau,https://i.roamcdn.net/hz/ed/listing-thumb-543w/a2ddf889eb5b95b57278dfe4a6f26a15/-/horizon-files-prod/ed/picture/qm5gqkdw/afbb61cdd373eca90e03b910078d67b06df9cbd4.jpg
1019,"<h1 class=""listing-item__header"">
    ✅ Hp -NVIDIA- i5- 256Go Ssd + 1To Hdd-
</h1>",D'occasion,HP,200 000 ,Hlm,https://i.roamcdn.net/hz/ed/listing-thumb-543w/af0f2f7e9804b486c95df45b8567d3a9/-/horizon-files-prod/ed/picture/qj4q9m04/f15e2b7db6620cf55e3c2d3bdef3e852717d56ad.jpg
1020,"<h1 class=""listing-item__header"">
    HP envy X360
</h1>",Neuf,HP,490 000 ,Plateau,https://i.roamcdn.net/hz/ed/listing-thumb-543w/5d8eb12d970102cdcab5249ab202504f/-/horizon-files-prod/ed/picture/q44nw204/acf902a2368a2215705cf6db2f9306c96873ddbb.jpg
1021,"<h1 class=""listing-item__header"">
    Dell vostro i3 7th generation
</h1>",Venant,Dell,130 000 ,Médina,https://i.roamcdn.net/hz/ed/listing-thumb-543w/ef25982b1d71e0c68177f228a7a5695d/-/horizon-files-prod/ed/picture/qxjp9n82/c15337f27d6052d875ee06d85feb75a7daff7361.jpg
1022,"<h1 class=""listing-item__header"">
    Microsoft Surface Laptop 4 I5/8GO/512SSD
</h1>",Neuf,Microsoft Surface,325 000 ,Médina,https://i.roamcdn.net/hz/ed/listing-thumb-543w/5501c64b777a62254d18b1c23c9648e5/-/horizon-files-prod/ed/picture/q6xd2dkp/fa3fdee1ef609fa5ab4afcd5fd24fdea5959332e.jpg
1023,"<h1 class=""listing-item__header"">
    MacBook Air m2 13.3 pouces
</h1>",Neuf,Apple,590 000 ,Médina,https://i.roamcdn.net/hz/ed/listing-thumb-543w/c3464fb9c34f0d168345d5ff0a323472/-/horizon-files-prod/ed/picture/q2jq4p0k/bab2d6c1a2b72cf2df0fd5e5e7da50186f2afca7.jpg
1024,"<h1 class=""listing-item__header"">
    Dell core i7 disc ssd 256g ram 8g
</h1>",Venant,Dell,95 000 ,Yoff,https://i.roamcdn.net/hz/ed/listing-thumb-543w/072f77355e4c34a0b42094eb35af3513/-/horizon-files-prod/ed/picture/q8v4rxjj/1ab02c6dd57935ca6517eb96009df6a78e46d863.jpg
1025,"<h1 class=""listing-item__header"">
    Hp EliteBook 840 G11 ultra7 512/16
</h1>",Neuf,HP,750 000 ,Médina,https://i.roamcdn.net/hz/ed/listing-thumb-543w/0eae92ed30252270fd7d7fa9d83e7425/-/horizon-files-prod/ed/picture/qj4q9786/9727916d505bbeccd6e5aea44a9e8d973c3202df.jpg
1026,"<h1 class=""listing-item__header"">
    Lenovo X1 Carbon Gen11 i7/1To/32 13Th Gen
</h1>",Neuf,Lenovo,750 000 ,Médina,https://i.roamcdn.net/hz/ed/listing-thumb-543w/757fd092d4f04d235a497ac441673e8a/-/horizon-files-prod/ed/picture/q8v4rx6j/0db5980213a1ebf9104325c6a0d80b4ac8068aa0.jpg
1027,"<h1 class=""listing-item__header"">
    Msi Gamer Corei7 1To ssd Ram32 Rtx 8Giga dédié
</h1>",Neuf,MSI,500 000 ,Médina,https://i.roamcdn.net/hz/ed/listing-thumb-543w/2c86f7eace0335bf016af6a9d2055d73/-/horizon-files-prod/ed/picture/qngp8n6e/21afa8fd583b6b509f896bc92ff7a2c9611d92f7.jpg
1028,"<h1 class=""listing-item__header"">
    Promo☄️Hp EliteBook 840 Corei5 Ram8 ssd 256
</h1>",Neuf,HP,150 000 ,Médina,https://i.roamcdn.net/hz/ed/listing-thumb-543w/a54d94e4f2225b33363349c820f63c22/-/horizon-files-prod/ed/picture/qzvpw5m6/7523a2f2b6d246c584717e5a0b8b189b4cc1c6d9.jpg
1029,"<h1 class=""listing-item__header"">
    DELL Précision 5540 Cor i7 ""GAMER""
</h1>",Neuf,Dell,350 000 ,Médina,https://i.roamcdn.net/hz/ed/listing-thumb-543w/bbd60609e9784d5cdac6cae2755bba2d/-/horizon-files-prod/ed/picture/q6xd84j7/24c571002d4f56b9e85cb2e7b891e0eca6803028.jpg
1030,"<h1 class=""listing-item__header"">
    HP Probook 450 G7 Cor i5 10ème Gén
</h1>",Neuf,HP,250 000 ,Médina,https://i.roamcdn.net/hz/ed/listing-thumb-543w/cf82e40068569a3b4389f1938b88f4fd/-/horizon-files-prod/ed/picture/qrz8kmq5/94a2dd417d37766b787840fab520d32399025812.jpg
1031,"<h1 class=""listing-item__header"">
    Macbook pro 2019 16 4Go graphique
</h1>",Venant,Apple,400 000 ,Yoff,https://i.roamcdn.net/hz/ed/listing-thumb-543w/0f01b5e405e821ad3f8b81218a3fdec6/-/horizon-files-prod/ed/picture/qngp8npx/2d1562933f9c578bcfa16392e9c5060be8aebf88.jpg
1032,"<h1 class=""listing-item__header"">
    Mac Book Air M1
</h1>",Neuf,Apple,290 000 ,Cambérène,https://i.roamcdn.net/hz/ed/listing-thumb-543w/b42eeec009a5fa423548ca326f0afe18/-/horizon-files-prod/ed/picture/qrz80p55/93ad55850465c45efb79e14b45bf53406c8b9bab.jpg
1033,"<h1 class=""listing-item__header"">
    Samsung Galaxy Tab S8 scelle
</h1>",Neuf,Samsung,250 000 ,Cambérène,https://i.roamcdn.net/hz/ed/listing-thumb-543w/035e2839a4f74fa6868bd625e1033080/-/horizon-files-prod/ed/picture/qxjpnpnq/cc5509825966f31261ecbca89d309ada24b02e11.jpg
1034,"<h1 class=""listing-item__header"">
    MacBook Pro M1 14 Pouce ( 2021 )
</h1>",Neuf,Apple,825 000 ,Médina,https://i.roamcdn.net/hz/ed/listing-thumb-543w/571faa6fe548402515b74a4be9f8892b/-/horizon-files-prod/ed/picture/q8v4rdrr/32e8a1c83a3407d079b4b3c94327c47550b82ddf.jpg
1035,"<h1 class=""listing-item__header"">
    2024 Mac Book M4 Pro de 16 Pouces Ram 24 Gb
</h1>",Neuf,Apple,1 400 000 ,Cambérène,https://i.roamcdn.net/hz/ed/listing-thumb-543w/ac835cadc2f8dd0a6b487b9002ec630c/-/horizon-files-prod/ed/picture/qrz8kdr2/c64066ce0a43fcc580df08278dbb2edcf0bf4b79.jpg
1036,"<h1 class=""listing-item__header"">
    Hp Probook 640 G5 8e Generation
</h1>",Venant,HP,230 000 ,Médina,https://i.roamcdn.net/hz/ed/listing-thumb-543w/885da7abbda7398728576b7d237b1d0b/-/horizon-files-prod/ed/picture/q9mjrdw6/9ebbd4d12acd5bd0ae3058fa4eee2ace81e22ecd.jpg
1037,"<h1 class=""listing-item__header"">
    Hp prodesk i7 22pouces
</h1>",Venant,HP,169 999 ,Médina,https://i.roamcdn.net/hz/ed/listing-thumb-543w/9f5e26981b64bf7a9e76b5b9503278f2/-/horizon-files-prod/ed/picture/q2j08d5q/4bee93256dfecee735f6dc19472be40983f10b68.jpg
1038,"<h1 class=""listing-item__header"">
    Dell core i5 disc ssd 128g ram 8g
</h1>",Venant,Dell,55 000 ,Yoff,https://i.roamcdn.net/hz/ed/listing-thumb-543w/27619c6e8cda675bae54db60b70bc763/-/horizon-files-prod/ed/picture/qngp8zpw/0445b95613bb6897e28be99a01b2b10b9c78b592.jpg
1039,"<h1 class=""listing-item__header"">
    Écran pc HP 24 pouces full HD hdmi
</h1>",Venant,HP,85 000 ,Yoff,https://i.roamcdn.net/hz/ed/listing-thumb-543w/8e3c83057c3beb18496c0ec4b3426b99/-/horizon-files-prod/ed/picture/q0g7vz78/d455b1f47d67531bfdc5aa795e6b12065900de11.jpg
1040,"<h1 class=""listing-item__header"">
    Lenovo p50s core i7 Ram 16Go ssd 256Go
</h1>",Venant,Lenovo,330 000 ,Almadies,https://i.roamcdn.net/hz/ed/listing-thumb-543w/c6314b43003897da17d9e42a8404b41e/-/horizon-files-prod/ed/picture/qgqw7zk9/02c2f79c9380afe3a9958f2a32b8079fabdb1e54.jpg
1041,"<h1 class=""listing-item__header"">
    Promo  Lenovo L14 12th génération core i7 Ram 32Go ssd 512Go
</h1>",Venant,Lenovo,400 000 ,Almadies,https://i.roamcdn.net/hz/ed/listing-thumb-543w/9c8c0afcb08c30c3c7ea46f796ca0919/-/horizon-files-prod/ed/picture/qrz8m5k2/3050a7a708d77ba54f2e42f99701a0cfe1113a78.jpg
1042,"<h1 class=""listing-item__header"">
    Promo décembreLenovo gamer  p50s core i7 Ram 16Go
</h1>",Venant,Lenovo,250 000 ,Almadies,https://i.roamcdn.net/hz/ed/listing-thumb-543w/c627010ea3d1e4989e1aa8929423b9c4/-/horizon-files-prod/ed/picture/qq42xg8j/39381c8381ce62244ac0bf96dc52fb04d434206b.jpg
1043,"<h1 class=""listing-item__header"">
    Promo décembreHuawei Honor 10th génération
</h1>",Venant,Autre,300 000 ,Almadies,https://i.roamcdn.net/hz/ed/listing-thumb-543w/37e0fb89989e7b1d681a222ed50f476a/-/horizon-files-prod/ed/picture/q9mjxw6v/5b27d7e655e3bcb51b05e0d713635a39283fd576.jpg
1044,"<h1 class=""listing-item__header"">
    Promo décembreMacBook pro Retina et air 2015
</h1>",Venant,Apple,200 000 ,Almadies,https://i.roamcdn.net/hz/ed/listing-thumb-543w/14628b6710edc5060554ab8577a751c4/-/horizon-files-prod/ed/picture/q0g7v506/9f0858aa4c86eb5292ec28b3f2d1b0f127d5c012.jpg
1045,"<h1 class=""listing-item__header"">
    Promo décembre MacBook pro et air
</h1>",Venant,Apple,250 000 ,Almadies,https://i.roamcdn.net/hz/ed/listing-thumb-543w/246613e96bad00bcd6cc1e4b25b43822/-/horizon-files-prod/ed/picture/qv4wvx5v/c4add9e9e9a59b31792ee0985412ae5f42deef5f.jpg
1046,"<h1 class=""listing-item__header"">
    MacBook pro touch bar2020 Ram 32Go core i7 ssd 2tera
</h1>",Venant,Apple,700 000 ,Almadies,https://i.roamcdn.net/hz/ed/listing-thumb-543w/57e9fd6bc2677e5dc2e615c75e8e90b1/-/horizon-files-prod/ed/picture/q78w49rd/dfa4352d38c44223972eeec79616cb5d8667fa79.jpg
1047,"<h1 class=""listing-item__header"">
    Portable Toshiba i5
</h1>",Venant,Toshiba,110 000 ,Pikine,https://i.roamcdn.net/hz/ed/listing-thumb-543w/0461e413e4e1b7666a204ff769ef450c/-/horizon-files-prod/ed/picture/qwep0jjg/dc624f118943ec68b05857d7bb216337c0bc2a39.jpg
1048,"<h1 class=""listing-item__header"">
    MEGA PROMO LENOVO THINKPAD L14 GEN 2
</h1>",Neuf,Lenovo,190 000 ,Cité keur gorgui,https://i.roamcdn.net/hz/ed/listing-thumb-543w/1b4d73eeed988b64f0e24ab3c356a371/-/horizon-files-prod/ed/picture/q9mjxwkx/9aa1dca2428689d943395bee1c55b4ec61f3704c.jpg
1049,"<h1 class=""listing-item__header"">
    HP PRODESK CORE i5
</h1>",Venant,HP,75 000 ,Médina,https://i.roamcdn.net/hz/ed/listing-thumb-543w/3e28d9cbd318eb1e9b465f74f42d7ae3/-/horizon-files-prod/ed/picture/q564ddzn/4bc46c98d038815302e2bf92ea3458f886089838.jpg
1050,"<h1 class=""listing-item__header"">
    HP ELITEBOOK 630 G 9 2022
</h1>",Neuf,HP,325 000 ,Cité keur gorgui,https://i.roamcdn.net/hz/ed/listing-thumb-543w/b24599fbab31e3d6a942189ad1a02c1c/-/horizon-files-prod/ed/picture/q78w49jm/c0ba775f8d9795d9b90e2686bb335122b1fb2169.jpg
1051,"<h1 class=""listing-item__header"">
    HP ProBook 460 G11 16"" - Intel Core Ultra 7
</h1>",Neuf,HP,650 000 ,Point-e,https://i.roamcdn.net/hz/ed/listing-thumb-543w/0a0b27dee9722950ecf920d451d2a6b8/-/horizon-files-prod/ed/picture/q6xd22qp/f90e01c2d48be7b7476ba204b371093f61900aae.jpg
1052,"<h1 class=""listing-item__header"">
    Dell Latitude 5401 - I5 9th | 16GB RAM | 256
</h1>",Venant,Dell,190 000 ,Point-e,https://i.roamcdn.net/hz/ed/listing-thumb-543w/65a43754b60e5f4ae9b24057c6e5af98/-/horizon-files-prod/ed/picture/qngpzgpv/e0f0f47d67d39c3697f3a0e0ac7919017a7a9ee2.jpg
1053,"<h1 class=""listing-item__header"">
    ✅Dell- i5.8th Gen- Ecran Tactile - 14 Pouces
</h1>",Venant,Dell,200 000 ,Hlm,https://i.roamcdn.net/hz/ed/listing-thumb-543w/802137689f6462131debb5229d319960/-/horizon-files-prod/ed/picture/qkr80ep2/9988ebaf5089c0c11514a93a1f5d6a792f909cf3.jpg
1054,"<h1 class=""listing-item__header"">
    HP probook 450 g9 i7 12th 32go ram
</h1>",Neuf,HP,490 000 ,Derkle,https://i.roamcdn.net/hz/ed/listing-thumb-543w/d494dab65628f22cf7660c709cfcef6a/-/horizon-files-prod/ed/picture/qzvpwepx/314b7a163154fd847887b75e4dbacea5709c75cc.jpg
1055,"<h1 class=""listing-item__header"">
    HP core i7 7th ssd 256g ram 8g
</h1>",Venant,HP,95 000 ,Yoff,https://i.roamcdn.net/hz/ed/listing-thumb-543w/e48e4d58bfd878a724d04103471e3662/-/horizon-files-prod/ed/picture/qv4wvz2m/9bbb660f328e0ebfac46c42b985997d494dea816.jpg
1056,"<h1 class=""listing-item__header"">
    HP ZBOOK SILVER
</h1>",Neuf,HP,450 000 ,Médina,https://i.roamcdn.net/hz/ed/listing-thumb-543w/e749e0a67e9f34e1cc02a65117b1035d/-/horizon-files-prod/ed/picture/q9mjx92j/c1a9a66264917487b540b1b2c863c404ee6070fa.jpg
1057,"<h1 class=""listing-item__header"">
    MACBOOK PRO TOUCH BAR
</h1>",Neuf,16go,550 000 ,Médina,https://i.roamcdn.net/hz/ed/listing-thumb-543w/67595cefedcf907be3c38ccb5c502d77/-/horizon-files-prod/ed/picture/qzvpwrgx/16853ee101302d651aeaf3112b436bcb9061f78a.jpg
1058,"<h1 class=""listing-item__header"">
    DELL PRÉCISION
</h1>",Neuf,Dell,600 000 ,Médina,https://i.roamcdn.net/hz/ed/listing-thumb-543w/89ce654441f25eba222ee6f5880bc944/-/horizon-files-prod/ed/picture/q9mjxr4x/052b674715799dce44065eb1cb7a0043c4bd9160.jpg
1059,"<h1 class=""listing-item__header"">
    HP Zbook 15u Cor i7 ""GAMER""
</h1>",Venant,HP,200 000 ,Médina,https://i.roamcdn.net/hz/ed/listing-thumb-543w/8c711e084dca6184c75b9a67748745ce/-/horizon-files-prod/ed/picture/qq42x7gw/8f2b844849b441bd763c8592669f0f075e5ddcc5.jpg
1060,"<h1 class=""listing-item__header"">
    DELL Latitude 5420 Cor i5 11ème Gén
</h1>",Neuf,Dell,265 000 ,Médina,https://i.roamcdn.net/hz/ed/listing-thumb-543w/e8d8fb0166025e9c08f485c03e265c64/-/horizon-files-prod/ed/picture/q9mj2z60/493f100f01fc6fbc5444afc838b5df60a3ac4119.jpg
1061,"<h1 class=""listing-item__header"">
    Dell 5500/i7/512G/16G
</h1>",Neuf,Dell,200 000 ,Plateau,https://i.roamcdn.net/hz/ed/listing-thumb-543w/c9e9a905a1256d62248896769bcdcce6/-/horizon-files-prod/ed/picture/q44nwp09/7781e4af0402ea7254989ebc6152d51ce83859ed.jpg
1062,"<h1 class=""listing-item__header"">
    Surface laptop 5 I7 16/512
</h1>",Neuf,Microsoft Surface,450 000 ,Nord foire,https://i.roamcdn.net/hz/ed/listing-thumb-543w/51ded25a3d70b40f9eab0f638cffe197/-/horizon-files-prod/ed/picture/q78w4xdn/dd7f3828c5b9e01daf02e2e8cd6b13e57f731ea3.jpg
1063,"<h1 class=""listing-item__header"">
    MACBOOK AIR M3 8/256
</h1>",Neuf,Apple,650 000 ,Nord foire,https://i.roamcdn.net/hz/ed/listing-thumb-543w/58483205afa876934b348c1b00e14a52/-/horizon-files-prod/ed/picture/q6xd8r2g/141c429f839d6fac7b0a0fd1910d16d1a2dd6c5f.jpg
1064,"<h1 class=""listing-item__header"">
    MACBOOK PRO M3PRO 18/512
</h1>",Neuf,Apple,1 050 000 ,Nord foire,https://i.roamcdn.net/hz/ed/listing-thumb-543w/e3ed8676783ee35cc76356951364e4e3/-/horizon-files-prod/ed/picture/qzvpwrqn/1e90bfbcadc218e6d2e31ab66ba02286cacf5d5d.jpg
1065,"<h1 class=""listing-item__header"">
    MacBook Pro 2019 16 Pouces
</h1>",Venant,Apple,495 000 ,Médina,https://i.roamcdn.net/hz/ed/listing-thumb-543w/840172e2929efacc13025bc4f2ba286e/-/horizon-files-prod/ed/picture/qwep8264/617bd12eda0c8570b58fa7591ab1399b303f0a66.jpg
1066,"<h1 class=""listing-item__header"">
    MacBook Pro m3 14 pouces ram 18 disk 512 ssd
</h1>",Neuf,Apple,1 290 000 ,Hann maristes,https://i.roamcdn.net/hz/ed/listing-thumb-543w/bccbb937908e858057cd24def7c3c0db/-/horizon-files-prod/ed/picture/qzvpwxvk/c6e41f3398eea84682464c915b9a525e6077c425.jpg
1067,"<h1 class=""listing-item__header"">
    MacBook Pro 2019 16 pouces ram 64 disk 512 Icor 7
</h1>",Venant,Apple,550 000 ,Hann maristes,https://i.roamcdn.net/hz/ed/listing-thumb-543w/9ddeb633f2be6c4382bf62083bfa4f22/-/horizon-files-prod/ed/picture/qkr8nx68/4e4aab60ccac78d45a3052a20313d18d4d9bb569.jpg
1068,"<h1 class=""listing-item__header"">
    Dell inspiron 15 Gtx 1050 4Go DDR5
</h1>",Venant,Dell,250 000 ,Yoff,https://i.roamcdn.net/hz/ed/listing-thumb-543w/642746769ccf336f768a1897372aa3fd/-/horizon-files-prod/ed/picture/qzvpwj6v/de88fc8759d75f8948aa04f2e79f518aa85845d4.jpg
1069,"<h1 class=""listing-item__header"">
    Caisse enregistreuse tactile et logiciel point de vente
</h1>",Neuf,HP,400 000 ,Médina,https://i.roamcdn.net/hz/ed/listing-thumb-543w/2f6bb9b02f18f7fede3f4d1d12b05012/-/horizon-files-prod/ed/picture/q9x9dq0/1108594b5c38426d62915a3b7fdc79ed2be14f27.jpg
1070,"<h1 class=""listing-item__header"">
    Machine de caisse complète et logiciel
</h1>",Neuf,HP,400 000 ,Médina,https://i.roamcdn.net/hz/ed/listing-thumb-543w/3d1a894a421483cfd75ca8d95fb9a71d/-/horizon-files-prod/ed/picture/qwxzxkm/c8cab54c01ccdb860bf1ce154034526ce447f5d7.jpg
1071,"<h1 class=""listing-item__header"">
    MACHINE CAISSE COMPLETE AVEC LOGICIEL ET FORMATION
</h1>",Neuf,HP,400 000 ,Médina,https://i.roamcdn.net/hz/ed/listing-thumb-543w/37547045615af9a7cd7cd0d7b1d6b8f4/-/horizon-files-prod/ed/picture/q2j0kvmg/d71bdbfaf6e35f3670a992ae99970733459ec713.jpg
1072,"<h1 class=""listing-item__header"">
    CAISSE ENREGISTREUSE TACTILE AVEC APPILCATION POINT DE VENTE
</h1>",Neuf,HP,400 000 ,Médina,https://i.roamcdn.net/hz/ed/listing-thumb-543w/eea75016809b8446bc5f7597198e7d98/-/horizon-files-prod/ed/picture/q8v4m8e0/ba82cc9555c9096589715692f215e082a3ea9502.jpg
1073,"<h1 class=""listing-item__header"">
    Gamer ou Poste de travail PRECISION 5570 06/06/2022.
</h1>",Venant,Autre,575 000 ,Hlm,https://i.roamcdn.net/hz/ed/listing-thumb-543w/2527e39fe74463e67b57466f13e86c8d/-/horizon-files-prod/ed/picture/q78w400d/5972f14c26590b4c7dc434d979f7b657f6d41d42.jpg
1074,"<h1 class=""listing-item__header"">
    Dell Précision 5530 i7
</h1>",Venant,Dell,350 000 ,Liberte 6 extension,https://i.roamcdn.net/hz/ed/listing-thumb-543w/7560dc10f7be44498eda67ca2487b7e2/-/horizon-files-prod/ed/picture/qq42vk04/e0e5bcc640e3e45a0375c7b230be89cf3a88edc8.jpg
1075,"<h1 class=""listing-item__header"">
    LENOVO GAMER OU POSTE DE
</h1>",Venant,Autre,395 000 ,Hlm,https://i.roamcdn.net/hz/ed/listing-thumb-543w/cf7ddcc339902c666c0ff89ecd9a0696/-/horizon-files-prod/ed/picture/q2j09ww8/d331ae7f56982930d601d162187c5c182991204c.jpg
1076,"<h1 class=""listing-item__header"">
    Gamer DELL ALIENWARE m15
</h1>",Venant,Dell,650 000 ,Hlm,https://i.roamcdn.net/hz/ed/listing-thumb-543w/b2af0bf8c1173e9db15c36906110b2f7/-/horizon-files-prod/ed/picture/qq42x5wj/6a4db877a3783e51de63c86e66cb909e9b078220.jpg
1077,"<h1 class=""listing-item__header"">
    Macbook Pro M2
</h1>",Neuf,Apple,580 000 ,Plateau,https://i.roamcdn.net/hz/ed/listing-thumb-543w/95e7ef2b1ca605e1bc6bc41b08e60e96/-/horizon-files-prod/ed/picture/q2j09w88/74787e4ba6da4b80fc26a2291c42c4653e858480.jpg
1078,"<h1 class=""listing-item__header"">
    Gamer Acer Nitro 5
</h1>",Venant,Acer,350 000 ,Médina,https://i.roamcdn.net/hz/ed/listing-thumb-543w/98e34545328270f2e6d2293bd10bb8c6/-/horizon-files-prod/ed/picture/q9mjxrq8/fa3e26b65b6a49b5b7fdcfd3373c7bdf0129ca81.jpg
1079,"<h1 class=""listing-item__header"">
    Hp 840 g3 i5 neuf
</h1>",Neuf,HP,150 000 ,Amitié,https://i.roamcdn.net/hz/ed/listing-thumb-543w/2545fae8e588ccfca1fdfa3da86f79ce/-/horizon-files-prod/ed/picture/qngp8x40/f83124bdc35448f6c1448df755a233ef77bf786d.jpg
1080,"<h1 class=""listing-item__header"">
    2024 Mac Book Air Puce M3 de 15 Pouces ram 16 Gb
</h1>",Neuf,Apple,875 000 ,Cambérène,https://i.roamcdn.net/hz/ed/listing-thumb-543w/98ae42e1a9f74320d286fecdf2cb3fed/-/horizon-files-prod/ed/picture/qv4wv4nj/a5b34a7d9e255402958cffb087bc7310a10e910b.jpg
1081,"<h1 class=""listing-item__header"">
    MacBook Air 2020
</h1>",Venant,Apple,310 000 ,Sicap Liberté,https://i.roamcdn.net/hz/ed/listing-thumb-543w/71fdafdb00597e4b763663fbecfdefe0/-/horizon-files-prod/ed/picture/qxjp9w04/bc026f7d2b0672113ae17cd4936ef83a6d6d88df.jpg
1082,"<h1 class=""listing-item__header"">
    Promo"" bureau i5 disk 500 ram 8gb ecran 22p
</h1>",Venant,HP,60 000 ,Keur Massar,https://i.roamcdn.net/hz/ed/listing-thumb-543w/8a8cffa76b9e00af5c507e72f745809d/-/horizon-files-prod/ed/picture/qq42xwje/0a0b89f5bf349b27ce1536291243dca6bb228569.jpg
1083,"<h1 class=""listing-item__header"">
    ASUS ROG STRIX G16 2024
</h1>",Venant,ASUS,750 000 ,Nord foire,https://i.roamcdn.net/hz/ed/listing-thumb-543w/806fdcb90a1dedb19d4b8e7a167efe8f/-/horizon-files-prod/ed/picture/qv4wv9vm/4a30d7fa4ec5cac8b0aac302e6f958915a544737.jpg
1084,"<h1 class=""listing-item__header"">
    HP Elitebook 830 G8 I5
</h1>",Venant,HP,300 000 ,Médina,https://i.roamcdn.net/hz/ed/listing-thumb-543w/f402819fa7fbb4917dc13dd9b95540f3/-/horizon-files-prod/ed/picture/qpdmrn4r/6e3947ac4d1483311fbf3eca384b95229a286dba.jpg
1085,"<h1 class=""listing-item__header"">
    𝗛𝗣 𝗭𝗕𝗢𝗢𝗞 𝟭𝟰𝗨 𝗚𝟲 | i𝟱 | 𝟴 𝗚𝗲𝗻
</h1>",Venant,HP,210 000 ,Médina,https://i.roamcdn.net/hz/ed/listing-thumb-543w/5ce7ff562bc94b3b012680249dc76fb6/-/horizon-files-prod/ed/picture/qwep9drz/bdaff3d6eac53b934300eba6ce256c9af21282a6.jpg
1086,"<h1 class=""listing-item__header"">
    𝗗𝗘𝗟𝗟 𝗟𝗔𝗧𝗜𝗧𝗨𝗗𝗘 𝟱𝟱𝟵𝟬 | 𝗶𝟱 | 𝟳𝘁𝗵
</h1>",Venant,Dell,150 000 ,Médina,https://i.roamcdn.net/hz/ed/listing-thumb-543w/acc1e57577354355a73693e18a874cf4/-/horizon-files-prod/ed/picture/qv4w0vng/20fbc6929a397353fdc77e5600d7310d34c8afb2.jpg
1087,"<h1 class=""listing-item__header"">
    Hp probook 11E G3 EE
</h1>",Neuf,HP,100 000 ,Hlm,https://i.roamcdn.net/hz/ed/listing-thumb-543w/a71bf58ef3a9d2dfe0b9e8bb5e496764/-/horizon-files-prod/ed/picture/qrz8m66n/fac26d3b1dfe9684cd81d98935f74de08c3fa2c1.jpg
1088,"<h1 class=""listing-item__header"">
    Asus Zenbook UX363EA i7 X360 2023
</h1>",Venant,ASUS,350 000 ,Plateau,https://i.roamcdn.net/hz/ed/listing-thumb-543w/9a1b11ad1b5a501cef34dbcdb525d214/-/horizon-files-prod/ed/picture/qj4q95pw/0572a08ea6c4ff3d09d29e6b1dfe4df2464b33a9.png
1089,"<h1 class=""listing-item__header"">
    Lenovo thinkpad X1 Yoga i7 2023
</h1>",Venant,Lenovo,365 000 ,Plateau,https://i.roamcdn.net/hz/ed/listing-thumb-543w/963dfd471251277251f7f06af376b7b7/-/horizon-files-prod/ed/picture/qkr8n6p2/9419add01587f72e0a2fe0a68d681fee4484b076.jpg
1090,"<h1 class=""listing-item__header"">
    Hp Zbook core i7 rma 16Go ssd 512Go
</h1>",Neuf,HP,300 000 ,Almadies,https://i.roamcdn.net/hz/ed/listing-thumb-543w/a40eb0298c56d26ee5b232fa8ffde742/-/horizon-files-prod/ed/picture/q44n2265/cdd253ad0f08b006974ed22e987d5c382a152a11.jpg
1091,"<h1 class=""listing-item__header"">
    Macbook Pro 2019 16inch
</h1>",Venant,Apple,425 000 ,Plateau,https://i.roamcdn.net/hz/ed/listing-thumb-543w/f7f64e33052858a3015343dce8ea36b1/-/horizon-files-prod/ed/picture/q78w4x7x/795645578e184ecf0cd0ceea5a45191af9848655.jpg
1092,"<h1 class=""listing-item__header"">
    ORDINATEUR HP 840 G2
</h1>",Venant,HP,115 000 ,Plateau,https://i.roamcdn.net/hz/ed/listing-thumb-543w/2b779e3ebb317f0bc735ea9985693212/-/horizon-files-prod/ed/picture/qrz8mvd4/7f2688b53651288694ca4e877cf35d631944faa7.jpg
1093,"<h1 class=""listing-item__header"">
    Hp elitebook 840 g3 i5
</h1>",Venant,HP,150 000 ,Parcelles Assainies,https://i.roamcdn.net/hz/ed/listing-thumb-543w/404fd0402f52a8bb58b6423436267a2b/-/horizon-files-prod/ed/picture/qde7m7mj/1bac3669fba68aa6032bc8466ed673a384ffe3f2.jpg
1094,"<h1 class=""listing-item__header"">
    ProArt Studiobook 16 OLED 2023 Core i9
</h1>",Venant,ASUS,1 300 000 ,Cité keur gorgui,https://i.roamcdn.net/hz/ed/listing-thumb-543w/ef30ef170e28491e43dc1eee07106dcd/-/horizon-files-prod/ed/picture/q8v4rpqr/1c2d036500f0ad2b8cbe6d2c2c0d38450d0aa15c.jpg
1095,"<h1 class=""listing-item__header"">
    Serveur HP 4processeurs/Ram 384Go
</h1>",Venant,HP,600 000 ,Pikine,https://i.roamcdn.net/hz/ed/listing-thumb-543w/9e4813e65619a4beff7f66bb259189da/-/horizon-files-prod/ed/picture/q9mjx5vn/3f56b550cd50a13c3be49a9d0d51babe295f2b71.jpg
1096,"<h1 class=""listing-item__header"">
    Serveur hp mL 350p
</h1>",Venant,HP,350 000 ,Pikine,https://i.roamcdn.net/hz/ed/listing-thumb-543w/a16e070dafc9dd87236b7d112fb0ea70/-/horizon-files-prod/ed/picture/q8v4rp7x/70c5277d47fbf952f620da4a72b9bd38e4fc9114.jpg
1097,"<h1 class=""listing-item__header"">
    Serveur Dell poweredge T630
</h1>",Venant,Dell,350 000 ,Pikine,https://i.roamcdn.net/hz/ed/listing-thumb-543w/32bceed7941b8d653f6f193d3d8031f2/-/horizon-files-prod/ed/picture/qrz8mnxm/3748f266e86f91539f45f2d5c284e5d43a79420d.jpg
1098,"<h1 class=""listing-item__header"">
    HP GAMER
</h1>",Venant,HP,150 000 ,Fass,https://i.roamcdn.net/hz/ed/listing-thumb-543w/027a7f01052b0dd52e399c9af6c26a56/-/horizon-files-prod/ed/picture/qkr8npjx/15c7e66fe0044ef233751d1b1358fca34f7ec748.jpg
1099,"<h1 class=""listing-item__header"">
    DELL 7420 i7 11ième génération
</h1>",Venant,Dell,300 000 ,Liberte 6 extension,https://i.roamcdn.net/hz/ed/listing-thumb-543w/289d81f194aa4c687e76d77b49f6d653/-/horizon-files-prod/ed/picture/q8v4nkk6/b3a2697981ad8e5a90500add4f232fdb48dc6b4a.jpg
1100,"<h1 class=""listing-item__header"">
    ""PROMO"" DELL E6430 et E6530 Cor i5 ""GAMER""
</h1>",Venant,Dell,80 000 ,Médina,https://i.roamcdn.net/hz/ed/listing-thumb-543w/107252d02ca513af75836454cf59d0e0/-/horizon-files-prod/ed/picture/qj4qwmrz/6eb912c98d676b410275ecf47273df065b2ffe41.jpg
1101,"<h1 class=""listing-item__header"">
    Vente MacBook Air M3
</h1>",Neuf,Apple,825 000 ,Plateau,https://i.roamcdn.net/hz/ed/listing-thumb-543w/5e535694e607d20acafeb05e9e31a0c8/-/horizon-files-prod/ed/picture/qj4q748r/0de436c01fb856691001b691abccb0e7953136f9.jpg
1102,"<h1 class=""listing-item__header"">
    DELL CORE I 5
</h1>",Venant,Dell,250 000 ,Fass,https://i.roamcdn.net/hz/ed/listing-thumb-543w/692e33b88ca55eed1a889a15654c7a1a/-/horizon-files-prod/ed/picture/q78w7peq/1889fcc93d789bfeb4bf116f668e06b2d003aec3.jpg
1103,"<h1 class=""listing-item__header"">
    HP ZBOOK 15u G4 | i5 | 7 Gen
</h1>",Venant,HP,175 000 ,Médina,https://i.roamcdn.net/hz/ed/listing-thumb-543w/151c799cd08209ba71c4121c9d88edf3/-/horizon-files-prod/ed/picture/qv4w02w2/fc9fcedfbddf95ff38b284a5547444be9cf9d748.jpg
1104,"<h1 class=""listing-item__header"">
    💻 MacBook Pro Touch Bar 13” - 2017
</h1>",Venant,Apple,330 000 ,Plateau,https://i.roamcdn.net/hz/ed/listing-thumb-543w/c27a5188ba82e4a675b7921490956dbf/-/horizon-files-prod/ed/picture/qde7m0qr/811854c6112168dda954ee577414b2408ebfd849.jpg
1105,"<h1 class=""listing-item__header"">
    💻 Lenovo ThinkPad P1 Gen 3 —4Go Graphics
</h1>",Venant,Lenovo,390 000 ,Plateau,https://i.roamcdn.net/hz/ed/listing-thumb-543w/e7b195f08058c905f781770e00d2a76f/-/horizon-files-prod/ed/picture/qkr8npnj/512446032d1b2983a2c3524ef1020bc44e289687.jpg
1106,"<h1 class=""listing-item__header"">
    Dell XPS 13 9300 i7 10th gen tactile
</h1>",Neuf,Dell,350 000 ,Plateau,https://i.roamcdn.net/hz/ed/listing-thumb-543w/fbb52bec317dfdb27b334ec2e357cd7b/-/horizon-files-prod/ed/picture/qrz8mn0q/34d16cc95da7b0b58beffc3cc1ac8da8386be3ff.jpg
1107,"<h1 class=""listing-item__header"">
    Macbook Pro i9 2019
</h1>",Venant,Apple,475 000 ,Plateau,https://i.roamcdn.net/hz/ed/listing-thumb-543w/d78e90b89bd69bfd897f91267ecf355c/-/horizon-files-prod/ed/picture/q6xd8nv8/5e05fe73f91ae5070498d992331cda8c311b2eb2.jpg
1108,"<h1 class=""listing-item__header"">
    MacBook Pro TeachBar 2019 cor i7
</h1>",Venant,Apple,450 000 ,Médina,https://i.roamcdn.net/hz/ed/listing-thumb-543w/82feaee768f6868475513d3b78de1ff7/-/horizon-files-prod/ed/picture/qq425nep/93bfea21980783e2de042913a5f0497dafdb0dbf.jpg
1109,"<h1 class=""listing-item__header"">
    Surface Laptop 3
</h1>",Venant,Microsoft Surface,270 000 ,Médina,https://i.roamcdn.net/hz/ed/listing-thumb-543w/48caf5d129651003666196970ebf2092/-/horizon-files-prod/ed/picture/qkr87425/45f2b14637e88c5a318c45e1648c6bc302cfb47b.jpg
1110,"<h1 class=""listing-item__header"">
    HP Envy 15 cor i7 de 12th génération
</h1>",Neuf,HP,550 000 ,Médina,https://i.roamcdn.net/hz/ed/listing-thumb-543w/c01b2a49fe910c8e84d568cc0780a2bf/-/horizon-files-prod/ed/picture/qq42z847/b1150543b3906c883a890b4d55e125eefb7b3579.jpg
1111,"<h1 class=""listing-item__header"">
    Microsoft Surface Pro 7 Core i7 - 10th Gen 16GB - 512GB
</h1>",Venant,Microsoft Surface,350 000 ,Point-e,https://i.roamcdn.net/hz/ed/listing-thumb-543w/b96fd2d2b2c20f9a71626c55ed79ed1f/-/horizon-files-prod/ed/picture/qzvpqqz9/4e5234df2d0a421f0c3e0184b7d9240d1d15322d.jpg
1112,"<h1 class=""listing-item__header"">
    HP EliteBook 830 G8 - I7 11th | 16GB RAM | 512
</h1>",Venant,HP,350 000 ,Point-e,https://i.roamcdn.net/hz/ed/listing-thumb-543w/e6dbce653d13956ed0b4c3468945bb6a/-/horizon-files-prod/ed/picture/qxjpxx78/cd0233d26ad4818424db0a108d20756542d7e2b8.jpg
1113,"<h1 class=""listing-item__header"">
    HP zbook power 15 i7 1to/32go
</h1>",Neuf,HP,650 000 ,Derkle,https://i.roamcdn.net/hz/ed/listing-thumb-543w/f92a9dbb34360d1311919782e8d4bcc4/-/horizon-files-prod/ed/picture/q8v42d44/79398ce3309d0a884358b092e2ed6c227102d2c0.png
1114,"<h1 class=""listing-item__header"">
    Dell Latitude 7275 tactile 2 en 1
</h1>",Neuf,Dell,130 000 ,Médina,https://i.roamcdn.net/hz/ed/listing-thumb-543w/d26f075f448d7c99d458b904faf817d2/-/horizon-files-prod/ed/picture/q0g7vkqw/f27798259eb6960c6ebdd397ae5a48d2f40d0e1a.jpg
1115,"<h1 class=""listing-item__header"">
    Ordinateur dell  13pouces tactile
</h1>",Venant,Dell,90 000 ,Médina,https://i.roamcdn.net/hz/ed/listing-thumb-543w/6ffda7d1fb930da953bf8ee3a40c0e93/-/horizon-files-prod/ed/picture/q56dqpje/5d50acd53e62014859c84dc79ec6421d8389eb7f.jpg
1116,"<h1 class=""listing-item__header"">
    DELL 5330 i7 12ième gen
</h1>",Venant,Dell,325 000 ,Liberte 6 extension,https://i.roamcdn.net/hz/ed/listing-thumb-543w/34200157237a4b0974a8cbe288a65c56/-/horizon-files-prod/ed/picture/q6xd8qp7/c0f354476f0a06f2ddbd6ba14bd490ef0cd74b70.jpg
1117,"<h1 class=""listing-item__header"">
    HP core i7 disc ssd 256g ram 16g
</h1>",Venant,HP,95 000 ,Yoff,https://i.roamcdn.net/hz/ed/listing-thumb-543w/f0dee913808ccf5833a485cc6dbd60ff/-/horizon-files-prod/ed/picture/q56dqp0e/49791b85402f5c2d221e1c36d277fdc2b601f4a3.jpg
1118,"<h1 class=""listing-item__header"">
    Dell i5 10th 256g ram 16g tactile
</h1>",Venant,Dell,185 000 ,Yoff,https://i.roamcdn.net/hz/ed/listing-thumb-543w/f4e56500246e9ef0c30a3819360771aa/-/horizon-files-prod/ed/picture/qzvpw80g/d8c4bdde9162e27a33d73071f9f43ac9d2469358.jpg
1119,"<h1 class=""listing-item__header"">
    lenovo T470s
</h1>",D'occasion,Lenovo,180 000 ,Parcelles Assainies,https://i.roamcdn.net/hz/ed/listing-thumb-543w/1f88e4c0b6e3c6cb72df2f2ae4c57218/-/horizon-files-prod/ed/picture/q6xd8qwz/ff8b8f03aa63c2e8c778c5d90fa3d3ef744e4e36.jpg
1120,"<h1 class=""listing-item__header"">
    HP PROBOOK 430 G6 CORE I5
</h1>",Venant,HP,200 000 ,Médina,https://i.roamcdn.net/hz/ed/listing-thumb-543w/60eb021fd208ce9a5bdfe3fea53ec215/-/horizon-files-prod/ed/picture/qgqw7mrq/01daced97082935dd6eff01f3e766909b68c7f69.jpg
1121,"<h1 class=""listing-item__header"">
    asus zenbook ux370u
</h1>",D'occasion,ASUS,200 000 ,Parcelles Assainies,https://i.roamcdn.net/hz/ed/listing-thumb-543w/752c6637e39af17f76c44a998e35df6f/-/horizon-files-prod/ed/picture/qpdmrg9m/a479a4f7c72e597288e686ba021687938aa50b32.jpg
1122,"<h1 class=""listing-item__header"">
    surface pro 6
</h1>",D'occasion,surface,190 000 ,Parcelles Assainies,https://i.roamcdn.net/hz/ed/listing-thumb-543w/11dd8ba861b0cd5683c094ead4c67576/-/horizon-files-prod/ed/picture/qngp898v/5c2d9f5b2ee7c92258f7424238976fbf8a22a838.jpg
1123,"<h1 class=""listing-item__header"">
    hp elitebook x360 1030 G2
</h1>",D'occasion,HP,1 900 000 ,Parcelles Assainies,https://i.roamcdn.net/hz/ed/listing-thumb-543w/35ba86c5bd3ab3f78bf0d93bbd37c38c/-/horizon-files-prod/ed/picture/q56dqpqr/23c5ce04822ed15a7f0681ae27fabe30c4ceac1b.jpg
1124,"<h1 class=""listing-item__header"">
    hp elitebook 840 G6
</h1>",D'occasion,HP,200 000 ,Parcelles Assainies,https://i.roamcdn.net/hz/ed/listing-thumb-543w/782278adf80a998544e7f337a8954620/-/horizon-files-prod/ed/picture/qj4q969r/66f0c030de7b86dfcdb666ea180c596364599353.jpg
1125,"<h1 class=""listing-item__header"">
    Lenovo X1 carbon
</h1>",D'occasion,Lenovo,200 000 ,Parcelles Assainies,https://i.roamcdn.net/hz/ed/listing-thumb-543w/66c9b61888fb56e23db3c50291d4dedd/-/horizon-files-prod/ed/picture/qenvzrmx/c5cbbc078dd5e9673c5e1ae2463f72887d6f2c16.jpg
1126,"<h1 class=""listing-item__header"">
    MacBook Air
</h1>",D'occasion,Apple,350 000 ,Parcelles Assainies,https://i.roamcdn.net/hz/ed/listing-thumb-543w/d911133cce37eff3d0196d47281fe1ed/-/horizon-files-prod/ed/picture/qenvzrjx/60f2bd8facf8312c12533ca322520bdff0db9e02.jpg
1127,"<h1 class=""listing-item__header"">
    Lenovo L13
</h1>",Neuf,Lenovo,250 000 ,Parcelles Assainies,https://i.roamcdn.net/hz/ed/listing-thumb-543w/49688735cfb60186362184f16b363e9f/-/horizon-files-prod/ed/picture/qxjp98e4/c80db93b010bf22c3fee79c727ecefd3c7647803.jpg
1128,"<h1 class=""listing-item__header"">
    Hp omen gammer
</h1>",Venant,HP,325 000 ,Parcelles Assainies,https://i.roamcdn.net/hz/ed/listing-thumb-543w/e0c399b12198ee61f0dfb990102d37a5/-/horizon-files-prod/ed/picture/qv4wkj52/29be99089c12828fc81aa128e85848769a8083d3.jpg
1129,"<h1 class=""listing-item__header"">
    UC HP ProDesk 600 G1 Mini PC  i5
</h1>",Neuf,HP,80 000 ,Médina,https://i.roamcdn.net/hz/ed/listing-thumb-543w/2f65be56998744f44dc48b678769fbd1/-/horizon-files-prod/ed/picture/qv4wvwxg/1b89b9792a1facff1a7eb500606ba79c51ea9a45.jpg
1130,"<h1 class=""listing-item__header"">
    MSi Léopard Gf66 
240Hz RTX 3070 8Giga
</h1>",D'occasion,MSI,550 000 ,Pikine,https://i.roamcdn.net/hz/ed/listing-thumb-543w/13c3745fc1d92bdc2cfaff1dde7116ba/-/horizon-files-prod/ed/picture/q9mjxj40/75c6aa4b408c1fa0c367361c06bbd8c4ed6d3857.jpg
1131,"<h1 class=""listing-item__header"">
    MacBook Pro 14 pouces M1 Pro 2021
</h1>",Neuf,Apple,825 000 ,Gueule-Tapée,https://i.roamcdn.net/hz/ed/listing-thumb-543w/98fe0cb5db4c23bb9f9ea3e89399777c/-/horizon-files-prod/ed/picture/q78w4j7g/b303b4adb62fbbc90f1f4637ff69a1ab12cf21e5.jpg
1132,"<h1 class=""listing-item__header"">
    Gamer Alienware M15
</h1>",Venant,Dell,525 000 ,Hlm,https://i.roamcdn.net/hz/ed/listing-thumb-543w/4e127843d5261fa5fb8d23fd931b93ab/-/horizon-files-prod/ed/picture/q6xd8q6v/490c7eeed8d8eac2a66b0efb8943bedbc11f639e.jpg
1133,"<h1 class=""listing-item__header"">
    Caisse enregistreuse tactile et logiciel POS
</h1>",Neuf,HP,400 000 ,Médina,https://i.roamcdn.net/hz/ed/listing-thumb-543w/45ac3891f9cc026e853e7f7fb672e395/-/horizon-files-prod/ed/picture/migrated/q8pdp0p/757d9f47106cb1355e79127f5da2cbf37e59f022.jpg
1134,"<h1 class=""listing-item__header"">
    MacBook Pro M1 Pro 13.3 pouces
</h1>",Venant,Apple,490 000 ,Médina,https://i.roamcdn.net/hz/ed/listing-thumb-543w/b5dec5ccc358b4d807377e05375e0a2c/-/horizon-files-prod/ed/picture/qngp24xz/bf7e6fed48b7d5a085f49215cfe659c819114999.jpg
1135,"<h1 class=""listing-item__header"">
    MacBook Pro Touchbar 2018 i5 13.3 pouces
</h1>",Venant,Apple,380 000 ,Médina,https://i.roamcdn.net/hz/ed/listing-thumb-543w/d610b36378346731b30fd4df924820cb/-/horizon-files-prod/ed/picture/qkr8x4rm/66dd5418d82dbdb0067d6e96c3577b86437d015f.jpg
1136,"<h1 class=""listing-item__header"">
    MacBook Pro i9 (2019 )16 pouces Touch Bar
</h1>",Venant,Apple,550 000 ,Médina,https://i.roamcdn.net/hz/ed/listing-thumb-543w/1975cb3bb2c67bb10aa481bfeaa6ada3/-/horizon-files-prod/ed/picture/q44n0z79/fc896fd7989a092c3aca711845fd620ef9aad11c.jpg
1137,"<h1 class=""listing-item__header"">
    Dell latitude 7490 i7 8th Génération Tactile et non Tactile
</h1>",Venant,Dell,185 000 ,Médina,https://i.roamcdn.net/hz/ed/listing-thumb-543w/868e0f63886780795c327aa5d1e0c289/-/horizon-files-prod/ed/picture/qj4q50zr/da5473a49170e923344e9c120f82b3b01cd366c1.jpg
1138,"<h1 class=""listing-item__header"">
    Hp victus i7-13th 32Go RTX4060
</h1>",Neuf,HP,825 000 ,Plateau,https://i.roamcdn.net/hz/ed/listing-thumb-543w/2a1881662cba571885f8fc1fa12aa077/-/horizon-files-prod/ed/picture/qgqwk9je/3840d6a62358302358315dec4a55d06302cfd77c.jpg
1139,"<h1 class=""listing-item__header"">
    Dell inspirons corei5 8ieme tactile
</h1>",Neuf,Dell,225 000 ,Gueule-Tapée,https://i.roamcdn.net/hz/ed/listing-thumb-543w/77ca2c7404b204e07e7ab641fd91c810/-/horizon-files-prod/ed/picture/migrated/qm64zm9/ad76f12a8e54f165d556daa8bb5c1a83f65fed0a.jpg
1140,"<h1 class=""listing-item__header"">
    Lenovo Thinkbook 14 10é génération
</h1>",Venant,Lenovo,200 000 ,Yoff,https://i.roamcdn.net/hz/ed/listing-thumb-543w/07039b9489b6068be47addf734856853/-/horizon-files-prod/ed/picture/qpdmrmq2/046ed00393fb23a4ed21a710801d7bf48b9a512f.jpg
1141,"<h1 class=""listing-item__header"">
    MacBook Air M1 2020 13 pouces
</h1>",Venant,Apple,350 000 ,Gueule-Tapée,https://i.roamcdn.net/hz/ed/listing-thumb-543w/e3131510c00962186c045bae69daab02/-/horizon-files-prod/ed/picture/q56d2mrp/b9ad6df001b66684f87c8d86de9f1c2e181eb981.jpg
1142,"<h1 class=""listing-item__header"">
    HP envy x360
</h1>",Venant,HP,550 000 ,Parcelles Assainies,https://i.roamcdn.net/hz/ed/listing-thumb-543w/c54e001efaac4dd8f4f86403e42b45a0/-/horizon-files-prod/ed/picture/q6xdnrx4/827598aef3b8c6beeda90478f3fbbcbce164f028.jpg
1143,"<h1 class=""listing-item__header"">
    ROG (2024) G14""
</h1>",Neuf,ASUS,850 000 ,Sicap Sacré-cœur,https://i.roamcdn.net/hz/ed/listing-thumb-543w/0771872efb5f706a7fef569676ec5cae/-/horizon-files-prod/ed/picture/q8v4rv56/01fb815b72c081acf6cf05a9fdf5968e07f8bc15.jpg
1144,"<h1 class=""listing-item__header"">
    HP EliteBook x360 1030 G4 Intel Core i7
</h1>",Venant,HP,300 000 ,Gueule-Tapée,https://i.roamcdn.net/hz/ed/listing-thumb-543w/7296fa27b5c87880fa0ca9778cb494ad/-/horizon-files-prod/ed/picture/qq42x29v/c3d7b37fe55351500fe66be0cd09b45e6ddecf61.jpg
1145,"<h1 class=""listing-item__header"">
    Dell XPS 13 9340 (2024) Intel Core Ultra 7
</h1>",Neuf,Dell,799 000 ,Gueule-Tapée,https://i.roamcdn.net/hz/ed/listing-thumb-543w/351fc87f29cf28bc265be3c67ffb58b6/-/horizon-files-prod/ed/picture/qkr8n8gp/b76d62da712dd8cb459d611a495255de9273bb77.jpg
1146,"<h1 class=""listing-item__header"">
    MacBook Pro M2 2022
</h1>",Venant,Apple,600 000 ,Guediawaye,https://i.roamcdn.net/hz/ed/listing-thumb-543w/43706be1b41e1bef88b4c8ffe2c802b9/-/horizon-files-prod/ed/picture/qkr829kp/038a3e303119e70ce0de276530e6d28f8ff1b801.jpg
1147,"<h1 class=""listing-item__header"">
    MacBook Pro 2017
</h1>",Venant,Apple,250 000 ,Médina,https://i.roamcdn.net/hz/ed/listing-thumb-543w/93e6078171581946a855cac31ee1c76d/-/horizon-files-prod/ed/picture/qngp8pdm/192fe096e5c1a4871f55f6f1a5657b08b0b0fc05.jpg
1148,"<h1 class=""listing-item__header"">
    ASUS ROG STRIX G15
</h1>",Neuf,ASUS,960 000 ,Hlm,https://i.roamcdn.net/hz/ed/listing-thumb-543w/6c96ca9f5e3738e47359ad0fdfc19c17/-/horizon-files-prod/ed/picture/qq42x7p6/3c332d22c42ecacb8f73423f7fe58afffccc990e.jpg
1149,"<h1 class=""listing-item__header"">
    Tablette pour enfants avec souris et clavier
</h1>",Venant,Microsoft Surface,45 000 ,Médina,https://i.roamcdn.net/hz/ed/listing-thumb-543w/8e4b7af9c2748acd3defa5d9c7de0886/-/horizon-files-prod/ed/picture/qrz8mvg4/983ae183b2e73757c3357b843f54dba6ba2e37a8.jpg
1150,"<h1 class=""listing-item__header"">
    Dell Latutide core i7 512ssd ram 16GB (promo)
</h1>",Neuf,Dell,250 000 ,Médina,https://i.roamcdn.net/hz/ed/listing-thumb-543w/a9fed104740cf5e6c6c5f905f3cc0ca1/-/horizon-files-prod/ed/picture/q4ep4nv/a2c4d350879094045c3db086c16f1b155f0939ab.jpg
1151,"<h1 class=""listing-item__header"">
    Hp 840 g6 i7 neuf
</h1>",Neuf,HP,270 000 ,Amitié,https://i.roamcdn.net/hz/ed/listing-thumb-543w/17f52b3ae705ee3b1c20ce5cd47c36f7/-/horizon-files-prod/ed/picture/qwep80j0/c669e197449dee46bb58f1051a6e2d07935e7ed0.jpg
1152,"<h1 class=""listing-item__header"">
    Tablette pour enfants androïd 7 pouces  avec wifi
</h1>",Venant,Samsung,45 000 ,Médina,https://i.roamcdn.net/hz/ed/listing-thumb-543w/24d1d9c47b815995a410cf5c832b5adf/-/horizon-files-prod/ed/picture/qm5gqpxq/0e10e957b97dc0efa9ea9118176ba06b9df00105.jpg
1153,"<h1 class=""listing-item__header"">
    HP PRODESK 400 G1
</h1>",D'occasion,HP,60 000 ,Médina,https://i.roamcdn.net/hz/ed/listing-thumb-543w/e70846ac22d9b28be1fadcd8a1f4c601/-/horizon-files-prod/ed/picture/qxj6pqrz/0f7f113273ccb7e2a79840ddbec1f008cc6cb076.png
1154,"<h1 class=""listing-item__header"">
    LENOVO L15 GEN 3 RYZEN 5 PRO 5675U 256GB/16GB
</h1>",Venant,Lenovo,240 000 ,Médina,https://i.roamcdn.net/hz/ed/listing-thumb-543w/243985265b34d70a5165d984029af18a/-/horizon-files-prod/ed/picture/qj4qx98r/1e263ec8648d025c2a8b673ec3633783215d7713.jpg
1155,"<h1 class=""listing-item__header"">
    HP Envy x360 2-in-1 Laptop 16 pouces
</h1>",Neuf,HP,480 000 ,Plateau,https://i.roamcdn.net/hz/ed/listing-thumb-543w/af9c60dccfa325f09fcb41e6128a319e/-/horizon-files-prod/ed/picture/q6xd2mkp/4dbf5ec34095a9489436c59e9739f2944f74bde9.jpg
1156,"<h1 class=""listing-item__header"">
    Écran pc HP 24 pouces full HD hdmi
</h1>",Venant,HP,85 000 ,Yoff,https://i.roamcdn.net/hz/ed/listing-thumb-543w/0ae6ecffdc6c06e6973018091d58835e/-/horizon-files-prod/ed/picture/qzvpwd06/58689b0c3cd94027cc3b4ffa607a51c2cd546630.jpg
1157,"<h1 class=""listing-item__header"">
    Ordinateur portable hp
</h1>",Neuf,HP,420 000 ,Guediawaye,https://i.roamcdn.net/hz/ed/listing-thumb-543w/8b64a41267632dc91794ab1508d7a9a1/-/horizon-files-prod/ed/picture/q785epgg/6112b281e7f0354952754764dc467374dae92db4.jpg
1158,"<h1 class=""listing-item__header"">
    Dell i5 disc dur ssd 128g ram 8g
</h1>",Venant,Dell,55 000 ,Yoff,https://i.roamcdn.net/hz/ed/listing-thumb-543w/8db24c9b938995d7890811fd5ef4db84/-/horizon-files-prod/ed/picture/qm5gqp7r/586e1092d1d9a27a6370c25c310fa9788db49eaf.jpg
1159,"<h1 class=""listing-item__header"">
    Vente MacBook Pro M4
</h1>",Neuf,Apple,1 600 000 ,Plateau,https://i.roamcdn.net/hz/ed/listing-thumb-543w/d9fbc580a5157ccdc6c09453742ebc96/-/horizon-files-prod/ed/picture/qzvpwdqg/2e575d8f5e0478d9ec140fd8aff46642d891c35c.jpg
1160,"<h1 class=""listing-item__header"">
    LONOVO X1
</h1>",Neuf,Lenovo,490 000 ,Médina,https://i.roamcdn.net/hz/ed/listing-thumb-543w/4254bc75839a9ecf781804396f34ea22/-/horizon-files-prod/ed/picture/qgqw79kk/edfdb695cd12c622fa09621fdb492ce5ce9e71c3.jpg
1161,"<h1 class=""listing-item__header"">
    iMac 27/2019/1terra
</h1>",Neuf,Apple,600 000 ,Plateau,https://i.roamcdn.net/hz/ed/listing-thumb-543w/ba3b9b1d25f252675427e23f6817932f/-/horizon-files-prod/ed/picture/qq42kem7/48129de5d1fb142ba886e210df148a2a785d2cc5.jpg
1162,"<h1 class=""listing-item__header"">
    Mac Book M4 Pro Ssd 512 Gb Ram 24 Gb Scelle
</h1>",Neuf,Apple,1 475 000 ,Cambérène,https://i.roamcdn.net/hz/ed/listing-thumb-543w/37344111aae90eed11b6fcf7509de3d4/-/horizon-files-prod/ed/picture/q8v42x20/3bd0db7346311eccdc85981253d7a329e5ca2f6e.jpg
1163,"<h1 class=""listing-item__header"">
    Asus Vivobook 16p 2023 i7
</h1>",Venant,ASUS,220 000 ,Plateau,https://i.roamcdn.net/hz/ed/listing-thumb-543w/c19dfdf3ac28a8936e306ca8cace9899/-/horizon-files-prod/ed/picture/q0g7xnpe/62992f5cb66d81dfee9e6ce0e43eef4fd4deb035.jpg
1164,"<h1 class=""listing-item__header"">
    Hp Laptop 17 2024 4Tera ssd
</h1>",Neuf,HP,330 000 ,Plateau,https://i.roamcdn.net/hz/ed/listing-thumb-543w/854ef36805752286aca9ea476313c0bc/-/horizon-files-prod/ed/picture/qkr8dnjp/627bb1888e9dfce56edac2228a20ed4f4c8dde79.jpg
1165,"<h1 class=""listing-item__header"">
    Macbook Pro M3 2023
</h1>",Venant,Apple,1 250 000 ,Sicap Sacré-cœur,https://i.roamcdn.net/hz/ed/listing-thumb-543w/6f291da3b4ba547967a82c302135eb6f/-/horizon-files-prod/ed/picture/qgqw7gv2/2e558372b4fee01ecfa5d9cb0435e99b74958929.jpg
1166,"<h1 class=""listing-item__header"">
    Dell latitude 5400 Core i7
</h1>",Venant,Dell,175 000 ,Yoff,https://i.roamcdn.net/hz/ed/listing-thumb-543w/d50324f2db28e4ce0cc18d7cf9cae584/-/horizon-files-prod/ed/picture/qwep02n6/83d1a6489900f2efddc54e1bebf3bed7b094b839.jpg
1167,"<h1 class=""listing-item__header"">
    Lenovo T14s Core i7
</h1>",Venant,Lenovo,200 000 ,Yoff,https://i.roamcdn.net/hz/ed/listing-thumb-543w/96cee17341a2c412bec75e22205c0ec6/-/horizon-files-prod/ed/picture/q9mjx9rx/6acb764150fdac720bed2d0c195d908b73f976af.jpg
1168,"<h1 class=""listing-item__header"">
    Hp elitebook 745 G6 tactile 20Go ram
</h1>",Venant,HP,200 000 ,Yoff,https://i.roamcdn.net/hz/ed/listing-thumb-543w/f9db5cde0d7f29a2e765972dadddf145/-/horizon-files-prod/ed/picture/qm5gqpvm/1e2ddf1e13d4d5681ddd4073419d7bc40aac21e8.jpg
1169,"<h1 class=""listing-item__header"">
    MacBook Pro 2021 M1Pro
</h1>",Venant,Apple,680 000 ,Plateau,https://i.roamcdn.net/hz/ed/listing-thumb-543w/b4a5ec259ba4d52f9dcd3c2d00ec8c57/-/horizon-files-prod/ed/picture/qq42x72z/90fefb99a7cfeb366fc074262a58fcd7ede6881b.jpg
1170,"<h1 class=""listing-item__header"">
    MacBook Air 2020 M1 Neuf
</h1>",Neuf,Apple,450 000 ,Plateau,https://i.roamcdn.net/hz/ed/listing-thumb-543w/f73fec8a1ba35d300a06c20e9da8847d/-/horizon-files-prod/ed/picture/qwep02pp/64ae21deb4bc76fe165ba9b4c512642a5cebe507.jpg
1171,"<h1 class=""listing-item__header"">
    ASUS ROG ZEPHYRUS M16 INTEL CORE i9 11e Gen
</h1>",Venant,ASUS,775 000 ,Gueule-Tapée,https://i.roamcdn.net/hz/ed/listing-thumb-543w/fa62c2bf6aff584399e17d3b429668ee/-/horizon-files-prod/ed/picture/qpdmr66r/e6b2812c0430323c267a5e10b9d11b29fcd8661c.jpg
1172,"<h1 class=""listing-item__header"">
    Macbook M2 Pro 16p 2023
</h1>",Venant,Apple,830 000 ,Plateau,https://i.roamcdn.net/hz/ed/listing-thumb-543w/c6f5279cfb3d351b71a3f1df1b1db7ca/-/horizon-files-prod/ed/picture/q2j09r4q/12db7f6c2e87401a4c2324f016693bb3eeddc675.jpg
1173,"<h1 class=""listing-item__header"">
    Ho Elitebook 820 G3
</h1>",Neuf,HP,110 000 ,Médina,https://i.roamcdn.net/hz/ed/listing-thumb-543w/7afead018140ed12d521124e50807326/-/horizon-files-prod/ed/picture/qpdmdw9r/147018ca263644832fb6d3164c6bd26040af17dc.jpg
1174,"<h1 class=""listing-item__header"">
    Ordinateur
</h1>",Venant,HP,200 000 ,Médina,https://i.roamcdn.net/hz/ed/listing-thumb-543w/08217952bf11a28aab9edc094c893384/-/horizon-files-prod/ed/picture/qzvd7k2v/64a3918e22743c743214be688fb631bf7d2b36a8.jpg
1175,"<h1 class=""listing-item__header"">
    HP ELITEBOOk G1 11,6 x360 Tactile
</h1>",Venant,HP,80 000 ,Médina,https://i.roamcdn.net/hz/ed/listing-thumb-543w/da5df4b45630d918301275bcececb6f5/-/horizon-files-prod/ed/picture/q78wm76e/5a27cd11d682314424ffa50b8fd859df9f4fa450.jpg
1176,"<h1 class=""listing-item__header"">
    Msi Gamer Corei7 1To ssd Ram32 Rtx 8Giga dédié
</h1>",Neuf,MSI,500 000 ,Médina,https://i.roamcdn.net/hz/ed/listing-thumb-543w/a782ddaa6d1aa26dcc996de18738d741/-/horizon-files-prod/ed/picture/qde7mwzw/e4db2b465bd5085629a0cd60da0ed647c7131995.jpg
1177,"<h1 class=""listing-item__header"">
    Promo☄️Hp EliteBook 840 Corei5 Ram8 256ssd
</h1>",Neuf,HP,150 000 ,Médina,https://i.roamcdn.net/hz/ed/listing-thumb-543w/3b99ed4da55de7eb1865821b892c1922/-/horizon-files-prod/ed/picture/qpdmrw5p/3f05336b0e17db59745103ef5cc5244f29cecd8d.jpg
1178,"<h1 class=""listing-item__header"">
    Lenovo thikpad S540 GAMER
</h1>",Venant,Lenovo,150 000 ,Plateau,https://i.roamcdn.net/hz/ed/listing-thumb-543w/2a995c141a78ba6076b959e488241ac3/-/horizon-files-prod/ed/picture/q56dq48x/091ded2f00ea12542fdd894afa24b5dafb63bc6a.jpg
1179,"<h1 class=""listing-item__header"">
    HP core i7 7th ssd 256g ram 8g
</h1>",Venant,HP,95 000 ,Yoff,https://i.roamcdn.net/hz/ed/listing-thumb-543w/d6039f268bcbe1431b8b52d55f226564/-/horizon-files-prod/ed/picture/q2j09rdj/c6fbff37a781680f060569720aceb06d4f4edca7.jpg
1180,"<h1 class=""listing-item__header"">
    Lenovo ThinkPad T14S Gen 2 - I5 11th | 16GB RAM | 256
</h1>",Venant,Lenovo,250 000 ,Point-e,https://i.roamcdn.net/hz/ed/listing-thumb-543w/863bf47358e85b2d21432f75f066fbe7/-/horizon-files-prod/ed/picture/qxjpxwjq/cc733a3a7d8e182b7af5fe96c9f988fa56cd8d85.jpg
1181,"<h1 class=""listing-item__header"">
    Mac Book Air Puce M2 Ram 16 Gb
</h1>",Neuf,Apple,575 000 ,Cambérène,https://i.roamcdn.net/hz/ed/listing-thumb-543w/8929c5b648644c9d4ade55dc40fe22a0/-/horizon-files-prod/ed/picture/qq42kp2j/707c5005e401d0bcc1829c650647c6144255094f.png
1182,"<h1 class=""listing-item__header"">
    Hp elitebook x360 1040 G7
</h1>",Venant,HP,325 000 ,Yoff,https://i.roamcdn.net/hz/ed/listing-thumb-543w/9da7af4a8c3b2775ddd861597e79316c/-/horizon-files-prod/ed/picture/q9mjx80n/c00e3cf0915792542774a5f0a019624df96171fa.jpg
1183,"<h1 class=""listing-item__header"">
    Hp zbook studio G4 32Go ram
</h1>",Venant,HP,250 000 ,Yoff,https://i.roamcdn.net/hz/ed/listing-thumb-543w/a645364866c34718d4714609b1154313/-/horizon-files-prod/ed/picture/q6xd8x08/23035bcdcd5142ad1bb9944d7f50cf9c3c3af45f.jpg
1184,"<h1 class=""listing-item__header"">
    Hp zbook 14u G5 2Go graphique
</h1>",Venant,HP,200 000 ,Yoff,https://i.roamcdn.net/hz/ed/listing-thumb-543w/d4a630a6cb5f0959592528d2cfe2172b/-/horizon-files-prod/ed/picture/q56dq675/9d7610c9db437e8d43ae4025037e4dc69ac8b3d2.jpg
1185,"<h1 class=""listing-item__header"">
    Hp elitebook 850 G6 32Go ram
</h1>",Venant,HP,200 000 ,Yoff,https://i.roamcdn.net/hz/ed/listing-thumb-543w/1a9fa1df3d2b5405ca37ebb3ea8c7cc6/-/horizon-files-prod/ed/picture/qde7mex4/f84e1e082a743892c3e19a412062325f90a3202f.jpg
1186,"<h1 class=""listing-item__header"">
    Asus Rog Strix G16 de 2024 Rtx 4060 de 8 Gb dédié
</h1>",Neuf,ASUS,750 000 ,Cambérène,https://i.roamcdn.net/hz/ed/listing-thumb-543w/e7f41bb249c2ecbe6978ab035cd098ba/-/horizon-files-prod/ed/picture/qpdmrdzj/8e23f899a38aa76e5db0ae56ccd0b392ecbfc2ce.jpg
1187,"<h1 class=""listing-item__header"">
    Ordinateur HP 400G3
</h1>",Venant,HP,115 000 ,Sicap Liberté,https://i.roamcdn.net/hz/ed/listing-thumb-543w/88f63d58cf140742329cee5d70633c16/-/horizon-files-prod/ed/picture/qv4wqv75/1d8716467f24d25d84637859a4dae6afe36aac07.jpg
1188,"<h1 class=""listing-item__header"">
    Lenovo Yoga 12pouces écran tactile et pliable
</h1>",Venant,Lenovo,89 900 ,Médina,https://i.roamcdn.net/hz/ed/listing-thumb-543w/41f1f68fb41d14a132a98008f5fb0cf3/-/horizon-files-prod/ed/picture/q9m9ekzn/3ec77f6b3b16891fea991c50056163ecf42c835d.jpg
1189,"<h1 class=""listing-item__header"">
    MacBook Pro M1 2020 13 pouces Touch bar
</h1>",Neuf,Apple,499 000 ,Gueule-Tapée,https://i.roamcdn.net/hz/ed/listing-thumb-543w/461a3ba086b1e9f1d82cb4d05deb6b0e/-/horizon-files-prod/ed/picture/qkr8nrq8/f3ba082a24a0e45c032143224cc7431a7a7246f3.jpg
1190,"<h1 class=""listing-item__header"">
    MacBook Pro 14 pouces, M1 Pro 2021
</h1>",Venant,Apple,775 000 ,Gueule-Tapée,https://i.roamcdn.net/hz/ed/listing-thumb-543w/7acdac937f9436861ea2e19d1ba51af8/-/horizon-files-prod/ed/picture/qpdmq720/78abb35effa63e2fb01606465ac7b6657176561e.jpg
1191,"<h1 class=""listing-item__header"">
    Imac 27 5k 2020 8Go graphique
</h1>",Venant,Apple,950 000 ,Yoff,https://i.roamcdn.net/hz/ed/listing-thumb-543w/0f04a4c1d4ac6c8cd9c6a5fc89cf3869/-/horizon-files-prod/ed/picture/qq42x49w/3205401b1f937d442145be9ebe8ada6ca9cefbf9.jpg
1192,"<h1 class=""listing-item__header"">
    Dell latitude 5400 8é génération
</h1>",Venant,Dell,150 000 ,Yoff,https://i.roamcdn.net/hz/ed/listing-thumb-543w/4c765a1a2a48355d11cef9a0ff658f79/-/horizon-files-prod/ed/picture/q9mjxm5j/0f0aa11805c7b9dd35a9cc29d02d004bda0c243f.jpg
1193,"<h1 class=""listing-item__header"">
    Hp elitebook 840 G8
</h1>",Venant,HP,235 000 ,Yoff,https://i.roamcdn.net/hz/ed/listing-thumb-543w/f8fac4f634adaa6836f4720cad2fdfdd/-/horizon-files-prod/ed/picture/q78w48p8/14eddbfe31337f383acec9fdcab5ba3aecce73ad.jpg
1194,"<h1 class=""listing-item__header"">
    Ordinateur Hp victus
</h1>",Neuf,HP,750 000 ,Gueule-Tapée,https://i.roamcdn.net/hz/ed/listing-thumb-543w/e5625b01ef8a9c3e31e5e925660456ac/-/horizon-files-prod/ed/picture/q9mjxm8x/c0c1c8f6acf14dd7722b72b4f7c9955f64fe954f.jpg
1195,"<h1 class=""listing-item__header"">
    MSi Gamer Gtx 1080ti 11giga i5 10eme
</h1>",D'occasion,MSI,450 000 ,Pikine,https://i.roamcdn.net/hz/ed/listing-thumb-543w/1c81a6b13ef144943841473f9ce71e73/-/horizon-files-prod/ed/picture/q8v4rvv6/7d97a35ccdc194c68d42b5d9722bb436258eb84c.jpg
1196,"<h1 class=""listing-item__header"">
    MacBook Pro 13 pouces 2017 Touch bar
</h1>",Neuf,Apple,320 000 ,Gueule-Tapée,https://i.roamcdn.net/hz/ed/listing-thumb-543w/4affe5986ffd7cc9ffae8c3579bb6be3/-/horizon-files-prod/ed/picture/qenvznnx/329bdb3a29b34c14eb2883d485ceac37776a7be5.jpg
1197,"<h1 class=""listing-item__header"">
    Hp laptop 15 TACTILE
</h1>",Venant,HP,150 000 ,Plateau,https://i.roamcdn.net/hz/ed/listing-thumb-543w/f5db1bde1abd2f1fcaa7f27735315079/-/horizon-files-prod/ed/picture/qkr8qwew/c33865aea004f05b7d97a8236bfaf8b2f7ab8eb3.jpg
1198,"<h1 class=""listing-item__header"">
    Lenovo p15 i7 ram 32 nvidia 4go
</h1>",Neuf,Lenovo,490 000 ,Derkle,https://i.roamcdn.net/hz/ed/listing-thumb-543w/a3574b2ac910da912020ceef7581b36b/-/horizon-files-prod/ed/picture/q7854g0e/1aa17d61226fa1385977b9c8413a3c18042107d8.jpg
1199,"<h1 class=""listing-item__header"">
    Lenevo X1 Carbon Corei7 512ssd Ram16
</h1>",Neuf,Lenovo,280 000 ,Médina,https://i.roamcdn.net/hz/ed/listing-thumb-543w/5918474a20e3cc1beff5a6abe11ea3f7/-/horizon-files-prod/ed/picture/qenvzde4/200fdbc4d37a0c2556844c9521451f9bf287efe0.jpg
1200,"<h1 class=""listing-item__header"">
    Promo☄️Hp EliteBook 840 Corei5 256ssd Ram8
</h1>",Neuf,HP,150 000 ,Médina,https://i.roamcdn.net/hz/ed/listing-thumb-543w/1a523c0da8a7abbd6ca491459f0ecab6/-/horizon-files-prod/ed/picture/qq42xqrn/adfa11d108f3553766e0aa4933f453d944d958fe.jpg
1201,"<h1 class=""listing-item__header"">
    MACBOOK PRO | Dual core | 13''
</h1>",Venant,Apple,95 000 ,Médina,https://i.roamcdn.net/hz/ed/listing-thumb-543w/170f2c012684def2dd5b49c5e609db7f/-/horizon-files-prod/ed/picture/q448zm4v/8a6223d7acf49f25c75570ce4d1fa19a95eac69a.jpg
1202,"<h1 class=""listing-item__header"">
    Lenovo Legion Pro 16""
</h1>",Venant,Lenovo,950 000 ,Sicap Sacré-cœur,https://i.roamcdn.net/hz/ed/listing-thumb-543w/ab00b30e7c56c0d8de853f166edddc35/-/horizon-files-prod/ed/picture/q6xd44mn/991ccec6eaa3e46ac84ddc0a43bc25629f16ca93.jpg
1203,"<h1 class=""listing-item__header"">
    MacBook Pro 2024 M3 14 pouces
</h1>",Venant,Apple,1 200 000 ,Médina,https://i.roamcdn.net/hz/ed/listing-thumb-543w/a913716fe2d16528f99d4807fb687056/-/horizon-files-prod/ed/picture/qenv9w2d/6727f75360aa0f7bb5372692945485d1e95f6f3d.jpg
1204,"<h1 class=""listing-item__header"">
    Hp EliteBook 1030 G4 x360 i7 8th génération (Yoga)
</h1>",Neuf,HP,285 000 ,Médina,https://i.roamcdn.net/hz/ed/listing-thumb-543w/0ad0e683d39a684d8c869d1dbd152f5d/-/horizon-files-prod/ed/picture/qrz8k55m/63866b7ab41c6f5c429ea63bd091f12f8af84e74.jpg
1205,"<h1 class=""listing-item__header"">
    Ordinateur Dell 3300
</h1>",Venant,Dell,90 000 ,Gueule-Tapée,https://i.roamcdn.net/hz/ed/listing-thumb-543w/ca8764dcfcae82239e1e8f4e02cb7755/-/horizon-files-prod/ed/picture/qq42k5e7/0e7bc5edd4b8d1e936c660c195535689eca0b29a.jpg
1206,"<h1 class=""listing-item__header"">
    ✅ Acer i3- 8Go Ram- 256Go SSD
</h1>",Venant,Acer,100 000 ,Hlm,https://i.roamcdn.net/hz/ed/listing-thumb-543w/732f2a6b09e55059b59821d879c7eab3/-/horizon-files-prod/ed/picture/qm5gjzq6/ec0e7f7136ca4566985df9673cdffae0cff245b8.jpg
1207,"<h1 class=""listing-item__header"">
    Lenovo thinkpad L13 yoga
</h1>",Neuf,Lenovo,245 000 ,Plateau,https://i.roamcdn.net/hz/ed/listing-thumb-543w/71f2206bd0e8b502f687e151a317d544/-/horizon-files-prod/ed/picture/qzvpqrzg/29eca7ed6fa33277f5346a8f340a750d6510ba67.jpg
1208,"<h1 class=""listing-item__header"">
    HP Elitebook 840 G10 cor i7 de 13th gen
</h1>",Neuf,HP,590 000 ,Médina,https://i.roamcdn.net/hz/ed/listing-thumb-543w/983faf4b86ad3b3a6fa07a48aaa6c4a3/-/horizon-files-prod/ed/picture/qgqwd9v9/c8b3acbaf1cc3cf0dc3a73701c8fcb47cb41dce1.jpg
1209,"<h1 class=""listing-item__header"">
    Dell 7440 cor i5 de 13th génération
</h1>",Neuf,Dell,450 000 ,Médina,https://i.roamcdn.net/hz/ed/listing-thumb-543w/e38289de716e75e35de2e647d2ec7e56/-/horizon-files-prod/ed/picture/q8v4964x/18fafb1ae394a9a1b5e7f3cd5a21ef12735a782b.jpg
1210,"<h1 class=""listing-item__header"">
    Lenovo ThinkPad E15 cor i7 de 11th gen
</h1>",Neuf,Lenovo,390 000 ,Médina,https://i.roamcdn.net/hz/ed/listing-thumb-543w/a24b34081bd9fee8b480ff57e9994ec7/-/horizon-files-prod/ed/picture/q2j0wm0p/5596bfb22450a1db47621a54782240bdc09bbc00.jpg
1211,"<h1 class=""listing-item__header"">
    iPad Pro M4 13 pouces Wi-Fi + Cellulaire 1TB
</h1>",Neuf,Apple,1 500 000 ,Gueule-Tapée,https://i.roamcdn.net/hz/ed/listing-thumb-543w/787fbce21628a054f6be06a3b3527814/-/horizon-files-prod/ed/picture/qv4wvm5x/2430f54891142ac3011eefe39b2a3baf0a35ce43.jpg
1212,"<h1 class=""listing-item__header"">
    HP ZBOOK 15u G3 | i7 | 6 Gen
</h1>",Venant,HP,175 000 ,Médina,https://i.roamcdn.net/hz/ed/listing-thumb-543w/486f87866374fa71ea35e03112d8e448/-/horizon-files-prod/ed/picture/qxjpn5pw/22fbea687c406dea9cfe4f6f31238b66dca88b9b.jpg
1213,"<h1 class=""listing-item__header"">
    LENOVO THINKPAD L480 | INTEL CELERON
</h1>",Venant,Lenovo,85 000 ,Médina,https://i.roamcdn.net/hz/ed/listing-thumb-543w/67ead2fa48f43ba8d89381da7ad5fdbd/-/horizon-files-prod/ed/picture/q785dzee/b852e677fe71d9b92ed6423f8e9b310bb6123b9f.jpg
1214,"<h1 class=""listing-item__header"">
    Surface laptop 3 10th
</h1>",Venant,Microsoft Surface,240 000 ,Liberte 6 extension,https://i.roamcdn.net/hz/ed/listing-thumb-543w/e61978373f1cb8f952b87b778dc82d94/-/horizon-files-prod/ed/picture/q6xddp7n/6293c946cc1b4993dbefa606eaf67a6bf9ad5ed1.jpg
1215,"<h1 class=""listing-item__header"">
    Ordinateur Surface Pro 3 à vendre
</h1>",Venant,Microsoft Surface,150 000 ,Ouest foire,https://i.roamcdn.net/hz/ed/listing-thumb-543w/4c2031515f1f7150f0996892d6c5e3c2/-/horizon-files-prod/ed/picture/qpdm5k4x/a2465d24d17a4f28ada514c7095f91427d76bf1c.jpg
1216,"<h1 class=""listing-item__header"">
    Ordinateur portable fujitsu stylistic q736 core i5
</h1>",Réconditionné,Fujitsu,99 000 ,Médina,https://i.roamcdn.net/hz/ed/listing-thumb-543w/b45faebedb6e0055de8f8b75ed692aed/-/horizon-files-prod/ed/picture/qde7zxpr/2e61f92bbfcf26fe6d49bb84827024568fade570.jpg
1217,"<h1 class=""listing-item__header"">
    HP Envy Laptop 17 - I7 8th | 16GB RAM | 512
</h1>",Venant,HP,350 000 ,Point-e,https://i.roamcdn.net/hz/ed/listing-thumb-543w/58cabe03c7ee2313207bedc2121604ad/-/horizon-files-prod/ed/picture/qenvwxex/17a12b4222644c60e03e5504fea24c6f1d6961d3.jpg
1218,"<h1 class=""listing-item__header"">
    HP ZBook Firefly 14 G8 - I5 11th | 16GB RAM | 512
</h1>",Venant,HP,260 000 ,Point-e,https://i.roamcdn.net/hz/ed/listing-thumb-543w/201ef0cabb6bd716f1d73f632b816c3b/-/horizon-files-prod/ed/picture/qq42g5g4/799d03945205759801ae3d822569218e206dfa00.jpg
1219,"<h1 class=""listing-item__header"">
    Ordinateur portable
</h1>",Venant,HP,150 000 ,Sacré-cœur,https://i.roamcdn.net/hz/ed/listing-thumb-543w/8253f1488e579e708a9c8259ea2f4256/-/horizon-files-prod/ed/picture/qm5gk8qg/fc237e533217f6867d53b812c7e91f20bc896d95.jpg
1220,"<h1 class=""listing-item__header"">
    Asus zenbook UX325
</h1>",Venant,ASUS,180 000 ,Plateau,https://i.roamcdn.net/hz/ed/listing-thumb-543w/80888006ba8fab913c555d95a1ae5177/-/horizon-files-prod/ed/picture/qq42kpv6/fcf13a6106397da6b092681723682d3bbbec7408.jpg
1221,"<h1 class=""listing-item__header"">
    Toshiba pro c40
</h1>",Venant,Toshiba,190 000 ,Plateau,https://i.roamcdn.net/hz/ed/listing-thumb-543w/57387f0b26b607c8635fc3a65cfd6015/-/horizon-files-prod/ed/picture/qv4w0nqw/b17d35d210238aee13bbae81f099b02bea2f7ab5.jpg
1222,"<h1 class=""listing-item__header"">
    IMAC 2013 ICOR 7
</h1>",Venant,Apple,150 000 ,Sicap Sacré-cœur,https://i.roamcdn.net/hz/ed/listing-thumb-543w/4a3e6900ecb898abff64bc9c39febd87/-/horizon-files-prod/ed/picture/qq42kp66/b8353e81e0f81ba7157965a2ed6a373305f5c0c1.jpg
1223,"<h1 class=""listing-item__header"">
    Microsoft Surface Pro 7+ i5 11th 16Go 256Go scellé neuf
</h1>",Neuf,Microsoft Surface,495 000 ,Derkle,https://i.roamcdn.net/hz/ed/listing-thumb-543w/6e24fc939a57057e27c4641dab9f5fe1/-/horizon-files-prod/ed/picture/q44n2epm/fa255e3d9d30658a79267feb26dc01253f5de457.jpg
1224,"<h1 class=""listing-item__header"">
    Lenovo t540p i5
</h1>",Venant,Lenovo,100 000 ,Médina,https://i.roamcdn.net/hz/ed/listing-thumb-543w/1c1f6a19f96eb9a4d01f230492f549f0/-/horizon-files-prod/ed/picture/q0gwxrzx/4c6c9f0376fbd39fdc8e95b5115e0c533e07cfc3.png
1225,"<h1 class=""listing-item__header"">
    MSI Katana gaming  i7 16GB SSD 1TB rtx 4050
</h1>",Neuf,MSI,599 000 ,Fenêtre mermoz,https://i.roamcdn.net/hz/ed/listing-thumb-543w/fa2b1d39cafc37ace83833bc023ff02d/-/horizon-files-prod/ed/picture/qkr8qjvw/bb917075f6fe3c7aa36f0e49564a069732e9c82d.png
1226,"<h1 class=""listing-item__header"">
    iMac Retina 4K 21 pouces
</h1>",Réconditionné,Apple,350 000 ,Plateau,https://i.roamcdn.net/hz/ed/listing-thumb-543w/ef7e455cb2d968f796f04e0c598d45ef/-/horizon-files-prod/ed/picture/q56d6dzx/0c4acda66c9ff990887ec01fee140013ec78b89b.jpg
1227,"<h1 class=""listing-item__header"">
    MacBook Pro 16"" (2021)
</h1>",Neuf,Apple,850 000 ,Sicap Sacré-cœur,https://i.roamcdn.net/hz/ed/listing-thumb-543w/9427e638baeb832153d02ea3e4564bc3/-/horizon-files-prod/ed/picture/qrz8kd82/bebf720fa3e9d10df221ccb166ca1fa97be2f50e.jpg
1228,"<h1 class=""listing-item__header"">
    MacBook Pro 16"" (2023)
</h1>",Neuf,Apple,985 000 ,Sicap Sacré-cœur,https://i.roamcdn.net/hz/ed/listing-thumb-543w/4ecdc9c38180db1f4217a48e5ce144b6/-/horizon-files-prod/ed/picture/q9mj249v/1b1bc8124060f1e81113519b1358279e686511a0.png
1229,"<h1 class=""listing-item__header"">
    Vente MacBook Pro M4
</h1>",Neuf,Apple,1 725 000 ,Plateau,https://i.roamcdn.net/hz/ed/listing-thumb-543w/d599e7546aa3adc69051fcf1fe17124f/-/horizon-files-prod/ed/picture/qm5g9qxj/13bbe0377fb3a2a82d688876f214044d1e913d5d.jpg
1230,"<h1 class=""listing-item__header"">
    Ordinateur fixe
</h1>",Venant,HP,70 000 ,Sacré-cœur,https://i.roamcdn.net/hz/ed/listing-thumb-543w/cdc5b3d708f86a7669f1306c733f64df/-/horizon-files-prod/ed/picture/qenvm6p9/34b78a63acd7d507fb3236031e89924482d4bc72.jpg
1231,"<h1 class=""listing-item__header"">
    MacBook Air M3 2024
</h1>",Neuf,Apple,780 000 ,Médina,https://i.roamcdn.net/hz/ed/listing-thumb-543w/403696027e55391d25ed67470e4b331b/-/horizon-files-prod/ed/picture/q8v42jn7/dae0e05ca9bd68d8ba352411e0aa56e8ebcf21ae.jpg
1232,"<h1 class=""listing-item__header"">
    MacBook Air M2 2022
</h1>",Neuf,Apple,599 000 ,Médina,https://i.roamcdn.net/hz/ed/listing-thumb-543w/98f21a2e8fea1ced68fbbd97ed54bf9f/-/horizon-files-prod/ed/picture/q78wdk9n/4b0f30ec7d967c6df733ffc38ef1f6d6844b407f.jpg
1233,"<h1 class=""listing-item__header"">
    MacBook Air 2022 M2
</h1>",Venant,Apple,560 000 ,Plateau,https://i.roamcdn.net/hz/ed/listing-thumb-543w/6b183e48d43d2256992d3963eef0c0c0/-/horizon-files-prod/ed/picture/q0g7xq5z/356b60705f2d3e982e8c3e389c52920304dea6d5.jpg
1234,"<h1 class=""listing-item__header"">
    Chargeur hp type c 45w
</h1>",Neuf,HP,15 000 ,Dieuppeul,https://i.roamcdn.net/hz/ed/listing-thumb-543w/dc81a0a38d1eafa728b2b682f656e044/-/horizon-files-prod/ed/picture/qkr8dw0m/c4f87763ba5a3835d6460d06118824ee0d3801fa.jpg
1235,"<h1 class=""listing-item__header"">
    Bureau dell core i5 disk 500go ram 8gb ecran 22p
</h1>",Venant,Dell,85 000 ,Keur Massar,https://i.roamcdn.net/hz/ed/listing-thumb-543w/1a891e5cf46dc1ae0534fbe186b44c46/-/horizon-files-prod/ed/picture/qde79d7j/34b4370c781bc086c2ec2ec1e9c9d18582039330.jpg
1236,"<h1 class=""listing-item__header"">
    Mac book pro 2017 core i5 processeur 3.1Ghz 
Ram 16go Disque
</h1>",Venant,Apple,385 000 ,Hlm,https://i.roamcdn.net/hz/ed/listing-thumb-543w/cf9b97a4f9c89f7c5a4bc72bc19fa7d6/-/horizon-files-prod/ed/picture/q9mj2p50/fbb3d94d49583250a554d4d61edab0116b71a8c8.jpg
1237,"<h1 class=""listing-item__header"">
    Promo jusqu'au fin Decembre Mac book Pro 2019 Core i7
</h1>",Venant,Apple,495 000 ,Hlm,https://i.roamcdn.net/hz/ed/listing-thumb-543w/4ae7c90fc72bc9463189483c94a0c803/-/horizon-files-prod/ed/picture/q8v42jm4/9edd06458ed9adfeaeba13274fbcc4aa775c093a.jpg
1238,"<h1 class=""listing-item__header"">
    HP ZBOOK 15u G4 | i7 | 7 Gen
</h1>",Venant,HP,200 000 ,Médina,https://i.roamcdn.net/hz/ed/listing-thumb-543w/4219f958272f98572f9691be235c7f00/-/horizon-files-prod/ed/picture/qj4qdnqw/7a6d1fa3e3ff714fce540e5584566165f05da36b.jpg
1239,"<h1 class=""listing-item__header"">
    Dell latitude 5320 core i7 de 11th
</h1>",Venant,Dell,295 000 ,Hlm,https://i.roamcdn.net/hz/ed/listing-thumb-543w/7e56a27d9907cf76059cdd251c420030/-/horizon-files-prod/ed/picture/qde7z5km/5c48633f2eab25e30f661d8dfa3cfd482acf0153.jpg
1240,"<h1 class=""listing-item__header"">
    Ordinateur Lenovo en Promotion
</h1>",Venant,Lenovo,75 000 ,Gibraltar,https://i.roamcdn.net/hz/ed/listing-thumb-543w/aa1b84892d876f2af18fa35fa9514b64/-/horizon-files-prod/ed/picture/q9mj2p80/d3d1850895db4341e81fff690ab16546630d50a4.jpg
1241,"<h1 class=""listing-item__header"">
    Ordinateur Hp core i5 en promotion
</h1>",Réconditionné,HP,129 900 ,Gibraltar,https://i.roamcdn.net/hz/ed/listing-thumb-543w/34b564c07ee3af1d930024faa31ca9ce/-/horizon-files-prod/ed/picture/q6xd2gxp/499776aacc08a119611b17adfca94c7fc86175c2.jpg
1242,"<h1 class=""listing-item__header"">
    HP ProBook 440 G11
</h1>",Neuf,HP,549 000 ,Fenêtre mermoz,https://i.roamcdn.net/hz/ed/listing-thumb-543w/d210cc9b78cf23206d934186462df323/-/horizon-files-prod/ed/picture/q8v42j0r/f32002cff5101a24f8245520872be4f6303a0a8a.jpg
1243,"<h1 class=""listing-item__header"">
    GIGABYTE AERO 17
</h1>",D'occasion,Autre,750 000 ,Pikine,https://i.roamcdn.net/hz/ed/listing-thumb-543w/a9e1ac4d41d152c3f095a830203b1260/-/horizon-files-prod/ed/picture/q78wdz7q/3a832b11edaf3c631745be0bd1332e0bec43b994.jpg
1244,"<h1 class=""listing-item__header"">
    🎁PC GAMER ET ARCHITECTE 🎁
</h1>",Neuf,Autre,1 700 000 ,Liberte 5,https://i.roamcdn.net/hz/ed/listing-thumb-543w/6b1f433ab92d74d9f7d5ebd728c4a253/-/horizon-files-prod/ed/picture/q9mj2e2n/043fda5af4e7fea920bac6cfe7b386d284bec269.jpg
1245,"<h1 class=""listing-item__header"">
    MacBook Air 2020
</h1>",Venant,Apple,300 000 ,Point-e,https://i.roamcdn.net/hz/ed/listing-thumb-543w/460bc39bc4452f8e8b947c832d96f917/-/horizon-files-prod/ed/picture/qde7zv6r/2055fd90cf28283a0372f8f5dff7d9c554166787.jpg
1246,"<h1 class=""listing-item__header"">
    DELL Précision 5530 Cor i7 ""GAMER""
</h1>",Neuf,Dell,330 000 ,Médina,https://i.roamcdn.net/hz/ed/listing-thumb-543w/d059805c33cf99f73e30dd6528c19096/-/horizon-files-prod/ed/picture/qzvpqn8v/1d55a9cacadd6bc2f4caa61f1440446b80b2dcc0.jpg
1247,"<h1 class=""listing-item__header"">
    Thinkbook 14 G6
</h1>",Venant,Lenovo,350 000 ,Pikine,https://i.roamcdn.net/hz/ed/listing-thumb-543w/5a19a863a91ac35fcd5c91c038b2e2e7/-/horizon-files-prod/ed/picture/qrz8kevq/5afb77bac7dae0a210f18d9194e2078c9bf7c202.png
1248,"<h1 class=""listing-item__header"">
    HP PROBOOK 450 G8
</h1>",Venant,HP,250 000 ,Pikine,https://i.roamcdn.net/hz/ed/listing-thumb-543w/653fa5e4ad1fa340c3d5b3e29151e8b7/-/horizon-files-prod/ed/picture/q9mj27qj/c3ac31e43332cd08b1cc09b6d94d1ad56458e09e.png
1249,"<h1 class=""listing-item__header"">
    Surface Laptop 5
</h1>",Venant,Microsoft Surface,400 000 ,Pikine,https://i.roamcdn.net/hz/ed/listing-thumb-543w/4bea6318b70d2155b52fa05af13a02a5/-/horizon-files-prod/ed/picture/qv4w086p/2339b93b09b7143ca67781f75457e1e389d8c544.png
1250,"<h1 class=""listing-item__header"">
    Imac 24 pouces M3 16GB 1TB
</h1>",Neuf,Apple,1 749 000 ,Fenêtre mermoz,https://i.roamcdn.net/hz/ed/listing-thumb-543w/eb192db0cd8fcf92ec37361793d74d72/-/horizon-files-prod/ed/picture/qwez9j95/b3747353deab5f45e41905c9f5cc3b373b47fb4b.jpg
1251,"<h1 class=""listing-item__header"">
    𝗟𝗘𝗡𝗢𝗩𝗢 𝗧𝗛𝗜𝗡𝗞𝗣𝗔𝗗 𝗧𝟱𝟲𝟬 | 𝗶𝟱
</h1>",Venant,Lenovo,150 000 ,Médina,https://i.roamcdn.net/hz/ed/listing-thumb-543w/bea08b1aaf009e0d2aa0e7036cd6c9d3/-/horizon-files-prod/ed/picture/q9mj2z0n/4ec82d9c111103bfe122e2d4e4a5bb799894f465.jpg
1252,"<h1 class=""listing-item__header"">
    𝗠𝗔𝗖𝗕𝗢𝗢𝗞 𝗣𝗥𝗢 𝗥𝗘𝗧𝗜𝗡𝗔 𝟮𝟬𝟭𝟳 | 𝗶5 | 𝟭3''
</h1>",Venant,Apple,300 000 ,Médina,https://i.roamcdn.net/hz/ed/listing-thumb-543w/99782765226175c38670e82fce6e8296/-/horizon-files-prod/ed/picture/qngpkqe0/feb162df4c3b1fe275f35efd88229704a4a33585.jpg
1253,"<h1 class=""listing-item__header"">
    2024 Mac Book Air Puce M3 de 15 Pouces Ram 16 Gb
</h1>",Neuf,Apple,775 000 ,Cambérène,https://i.roamcdn.net/hz/ed/listing-thumb-543w/3f9b88e143026198f5f5535e48c2cdb0/-/horizon-files-prod/ed/picture/q2j02dwq/aa1034ab0b715de016500396fb07fcf4b2303ad8.jpg
1254,"<h1 class=""listing-item__header"">
    Lenovo ThinkBook 15 Gen 2 - I5 11th | 8GB RAM | 256
</h1>",Venant,Lenovo,255 000 ,Point-e,https://i.roamcdn.net/hz/ed/listing-thumb-543w/7a722e512fafa99f45f6f31e6aa4f23f/-/horizon-files-prod/ed/picture/q0g7zk9z/5e8becb98578b3b7f2d6bfbcb99d50c8c640236c.jpg
1255,"<h1 class=""listing-item__header"">
    Lenovo gamer i7
</h1>",Venant,Lenovo,225 000 ,Plateau,https://i.roamcdn.net/hz/ed/listing-thumb-543w/6f3c8c7b19b0d25098b7251f582d0b14/-/horizon-files-prod/ed/picture/q44n2kmz/b08237a8b85c1aab9375db4fe3005ed39f88dbf0.jpg
1256,"<h1 class=""listing-item__header"">
    Lenovo Yoga Slim 9i 14'' | Core i7 | 16GB RAM | 512GB SSD
</h1>",Neuf,Lenovo,650 000 ,Point-e,https://i.roamcdn.net/hz/ed/listing-thumb-543w/83a9aec31b269842ca5b54d0b215b66d/-/horizon-files-prod/ed/picture/qgqwkkp8/b96371d46739ce5c30c9475a32338dbab2b69dae.jpg
1257,"<h1 class=""listing-item__header"">
    MACBOOK AIR M1
</h1>",Venant,Apple,400 000 ,Point-e,https://i.roamcdn.net/hz/ed/listing-thumb-543w/231a990594ff0f5deb830620ffe0dde3/-/horizon-files-prod/ed/picture/qm5gk2dm/7fc2780d583643800ce357efb6b4ec285824a702.jpg
1258,"<h1 class=""listing-item__header"">
    MACBOOK PRO 2019
</h1>",Venant,Apple,350 000 ,Point-e,https://i.roamcdn.net/hz/ed/listing-thumb-543w/f444cd121a0b3d2fd19692bc3858fab5/-/horizon-files-prod/ed/picture/qkr8dzd8/db083c34af46532b1d970c7aeb9e421c268e2afd.jpg
1259,"<h1 class=""listing-item__header"">
    Dell Latitude 5450 ultra7 Ram32 ssd 512
</h1>",Neuf,Dell,750 000 ,Médina,https://i.roamcdn.net/hz/ed/listing-thumb-543w/b53a3a87b8ef1fbb6899b3f1b994cbf2/-/horizon-files-prod/ed/picture/qngpk6wv/fa32cd0a8902a1ace212d3e3c22522c1fd8f9337.jpg
1260,"<h1 class=""listing-item__header"">
    Dell G15 5530 Gamer Corei7 1To/32 Rtx 4060 8Giga dédié
</h1>",Neuf,Dell,850 000 ,Médina,https://i.roamcdn.net/hz/ed/listing-thumb-543w/cdfe1b87b9de2715e55e96ce0a2d46a7/-/horizon-files-prod/ed/picture/qxjpnrqq/eb87376b3941c91197a7c5dfada19d80e3de8529.jpg
1261,"<h1 class=""listing-item__header"">
    Mac Air 2020 I3 ram 8go ssd 256go Écran 13pouces rétina
</h1>",Venant,Apple,300 000 ,Hlm,https://i.roamcdn.net/hz/ed/listing-thumb-543w/9f6d24ca32beff67faf345c89e7e3e6e/-/horizon-files-prod/ed/picture/qenvm459/73a4b6c9be5cda05f1f68322121ff7a3c5dea643.jpg
1262,"<h1 class=""listing-item__header"">
    Dell core i5 8th ssd 256g ram 16g
</h1>",Venant,Dell,165 000 ,Yoff,https://i.roamcdn.net/hz/ed/listing-thumb-543w/c28dd2ae5bf1be12b9d36375503ab8a8/-/horizon-files-prod/ed/picture/qwep94m0/95dfebe5a51e5fd68a65bbc343ac402e3705f261.jpg
1263,"<h1 class=""listing-item__header"">
    Lenovo X1 Carbon Gen11 i7/1To/32 13Th Gen
</h1>",Neuf,Lenovo,750 000 ,Médina,https://i.roamcdn.net/hz/ed/listing-thumb-543w/c7cb1c2626735f810d4e4ee5ccdea55d/-/horizon-files-prod/ed/picture/q0g7xrpz/dea884532759cfa5bbe0cde187359fa377e80ca9.jpg
1264,"<h1 class=""listing-item__header"">
    Promo☄️Hp EliteBook 840 Corei5 Ram8 256ssd
</h1>",Neuf,HP,150 000 ,Médina,https://i.roamcdn.net/hz/ed/listing-thumb-543w/8e7c1cdb6514253ae77bdad6d1d1184b/-/horizon-files-prod/ed/picture/q6xd2p7v/624134f5094c156cc92b3e61844585883789998d.jpg
1265,"<h1 class=""listing-item__header"">
    Dell core i5 disc ssd 128g ram 8g
</h1>",Venant,Dell,55 000 ,Yoff,https://i.roamcdn.net/hz/ed/listing-thumb-543w/07e921ef17fa6f36bc8e8d67c2cd8389/-/horizon-files-prod/ed/picture/q44n2kj5/93c4a5b1343816ac6e3145a9cee50022a343f3a6.jpg
1266,"<h1 class=""listing-item__header"">
    HP Laptop 15
</h1>",D'occasion,HP,300 000 ,Pikine,https://i.roamcdn.net/hz/ed/listing-thumb-543w/5bb343876025f6896956025f320774a4/-/horizon-files-prod/ed/picture/qngpkedm/9cb1763637a9d9b80b02b8f879109e567f0cdd79.png
1267,"<h1 class=""listing-item__header"">
    Asus VivoBook 15
</h1>",Neuf,ASUS,320 000 ,Pikine,https://i.roamcdn.net/hz/ed/listing-thumb-543w/442dbe799905d52d401aebe3ee2724f0/-/horizon-files-prod/ed/picture/qwep97zd/68770a59bda3f4800789395afe11b696f84f08ce.png
1268,"<h1 class=""listing-item__header"">
    Lenovo IdeaPad 15
</h1>",D'occasion,Lenovo,120 000 ,Pikine,https://i.roamcdn.net/hz/ed/listing-thumb-543w/0b2733288cb97571aad20fb10e9460c5/-/horizon-files-prod/ed/picture/qq42kedp/1ab7f71115c0e659f4d78086d3ee48e5e4b25d1b.png
1269,"<h1 class=""listing-item__header"">
    Dell XPS 15 9530 Core i7 de 13e Gen
</h1>",Neuf,Dell,850 000 ,Gueule-Tapée,https://i.roamcdn.net/hz/ed/listing-thumb-543w/3961f55161cf515b98905339862c0bb9/-/horizon-files-prod/ed/picture/q6xd4xzv/d562c439b241238ec7ff63ebeb21febb5f300875.jpg
1270,"<h1 class=""listing-item__header"">
    HP ELITE X2 / CORE m5
</h1>",Venant,HP,115 000 ,Médina,https://i.roamcdn.net/hz/ed/listing-thumb-543w/bac772fb63eabed284c7f2c8c010aeb8/-/horizon-files-prod/ed/picture/qj4qd4z8/321183dc9e6d3b408a985782c8b9cbd2c0a45863.jpg
1271,"<h1 class=""listing-item__header"">
    Lenovo L14 Gen 4   i7 13th gen / 64GB / 512 ssd
</h1>",Neuf,Lenovo,750 000 ,Zone de captage,https://i.roamcdn.net/hz/ed/listing-thumb-543w/b2ba3ae941aff11fc59dd8a8ab760584/-/horizon-files-prod/ed/picture/q78wd6n5/37909a1b0875ac1047ede304971036e71e1fdcfa.jpg
1272,"<h1 class=""listing-item__header"">
    Hp 250 13e génération
</h1>",Venant,HP,180 000 ,Plateau,https://i.roamcdn.net/hz/ed/listing-thumb-543w/b74e5168e1157fbbaadcea496ccf661b/-/horizon-files-prod/ed/picture/q2j02xme/1709b5ae9cbb76e1dd438880bec49adf4e484f05.jpg
1273,"<h1 class=""listing-item__header"">
    Hp Elitebook 840 G5 * 8ème génération
</h1>",Neuf,HP,185 000 ,Plateau,https://i.roamcdn.net/hz/ed/listing-thumb-543w/02af0e2e459a2f0a757797e55d74a2bf/-/horizon-files-prod/ed/picture/q44n2gvm/fc941a6eb7913342ade685f366f24ec428b3f86d.jpg
1274,"<h1 class=""listing-item__header"">
    Dell latitude 7300
</h1>",Venant,Dell,140 000 ,Plateau,https://i.roamcdn.net/hz/ed/listing-thumb-543w/abe2819ba054c9a6a5902b4c19e9305c/-/horizon-files-prod/ed/picture/qv4w0wd2/6fd4a611eb4bf536bb80698ae7a703cf1cfb7fd9.jpg
1275,"<h1 class=""listing-item__header"">
    Del xsp 13 plus 12th 4k tactile 1to
</h1>",Neuf,Dell,600 000 ,Derkle,https://i.roamcdn.net/hz/ed/listing-thumb-543w/218d3361684e446e1914c2af4a20dc12/-/horizon-files-prod/ed/picture/q9mj6knp/469174e9f8bec3245b5cfec7d7ec8b2e27d6d56e.jpg
1276,"<h1 class=""listing-item__header"">
    Ecran ordinateur HP 27fw – 27 pouces
</h1>",Neuf,HP,150 000 ,Médina,https://i.roamcdn.net/hz/ed/listing-thumb-543w/71a16114208a5751d1a0bea5681472f9/-/horizon-files-prod/ed/picture/qkr8mwnn/79b4b12289c1d30320dad566ce4625d453a39e68.jpg
1277,"<h1 class=""listing-item__header"">
    MacBook Air M3 2024
</h1>",Venant,Apple,650 000 ,Point-e,https://i.roamcdn.net/hz/ed/listing-thumb-543w/d743b468756a490609fdc2bde98a1b74/-/horizon-files-prod/ed/picture/qq42krze/cee8c8436baeccae004793b76df785132bcc5545.jpg
1278,"<h1 class=""listing-item__header"">
    HP core i7 7th disc ssd 256g ram 8g
</h1>",Venant,HP,105 000 ,Yoff,https://i.roamcdn.net/hz/ed/listing-thumb-543w/4eafad0fcef1914ddb0d8d0f1cd0b267/-/horizon-files-prod/ed/picture/q0g7x4wg/0330652bd1f2f066a9460fb228dc1dd1c4fc0d3d.jpg
1279,"<h1 class=""listing-item__header"">
    Dell Latitude 5420 I3/16Go/256ssd
</h1>",Neuf,Dell,200 000 ,Médina,https://i.roamcdn.net/hz/ed/listing-thumb-543w/f0c77d3c2d69cbab0af98f4e82e55067/-/horizon-files-prod/ed/picture/qzvpq0vn/af1469746ba4d79fa031cc06ea2e26b52208749a.jpg
1280,"<h1 class=""listing-item__header"">
    LONOVO THINKPAD L14 GEN 4 2023
</h1>",Neuf,Lenovo,375 000 ,Cité keur gorgui,https://i.roamcdn.net/hz/ed/listing-thumb-543w/95a249ee926b6b83452c267c1ddafc2e/-/horizon-files-prod/ed/picture/q0g706e6/7806b42cd3fa475959242a14ef638301efbf14a1.jpg
1281,"<h1 class=""listing-item__header"">
    DELL PRÉCISION 7560 2021
</h1>",Neuf,Dell,600 000 ,Cité keur gorgui,https://i.roamcdn.net/hz/ed/listing-thumb-543w/d07f07bd578bdae306ca0db9b017774c/-/horizon-files-prod/ed/picture/q6xd4wp7/0b1e3d3febba5d81a231b31fc5b20386c8e94945.jpg
1282,"<h1 class=""listing-item__header"">
    MacBook Pro M3 Pro 2023 14“ Pouces
</h1>",Neuf,Apple,1 350 000 ,Médina,https://i.roamcdn.net/hz/ed/listing-thumb-543w/f8ac09a6a396100685d691461d676903/-/horizon-files-prod/ed/picture/qrz8kwr8/7f9e4010a3a9e78107077f7b48a37fcca6eaf376.jpg
1283,"<h1 class=""listing-item__header"">
    Microsoft Surface Pro 11 X Élite 16/1To
</h1>",Neuf,Microsoft Surface,1 150 000 ,Plateau,https://i.roamcdn.net/hz/ed/listing-thumb-543w/9890f44ac10859db6c56746b954d837e/-/horizon-files-prod/ed/picture/q44n2958/2b49c7d48db1c038393b8a8f68e666d1afccaa3e.jpg
1284,"<h1 class=""listing-item__header"">
    𝗟𝗘𝗡𝗢𝗩𝗢 𝗧𝗛𝗜𝗡𝗞𝗣𝗔𝗗 𝗧𝟰𝟲𝟬 | 𝗜𝟱
</h1>",Venant,Lenovo,125 000 ,Médina,https://i.roamcdn.net/hz/ed/listing-thumb-543w/c01db63e579cdd30a60879c3f4d07f86/-/horizon-files-prod/ed/picture/qde7zqrr/0a55536b73a2bb4adaf8a5db9933b5192c382d3c.jpg
1285,"<h1 class=""listing-item__header"">
    Promo Lenovo X395 Ryzen 7 3700U
</h1>",Venant,Lenovo,195 000 ,Hlm,https://i.roamcdn.net/hz/ed/listing-thumb-543w/ca283b1634097376a82ea2389f1a7514/-/horizon-files-prod/ed/picture/qgqwk72e/acb353ceee8c9ef1c0ab17598212b183d68ef788.jpg
1286,"<h1 class=""listing-item__header"">
    𝗗𝗘𝗟𝗟 𝗟𝗔𝗧𝗜𝗧𝗨𝗗𝗘 𝟯𝟱𝟴𝟬 | 𝗶𝟱 | 7th
</h1>",Venant,Dell,150 000 ,Médina,https://i.roamcdn.net/hz/ed/listing-thumb-543w/f73dc4273f44222bf16696cf576ce654/-/horizon-files-prod/ed/picture/qde7zmxr/45a5baed73ef64ee1c4c43874e023bbc10a2b51b.jpg
1287,"<h1 class=""listing-item__header"">
    Surface laptop 4
</h1>",Venant,Microsoft Surface,300 000 ,Plateau,https://i.roamcdn.net/hz/ed/listing-thumb-543w/511f7fe448563da7f23d529db3964070/-/horizon-files-prod/ed/picture/qwep9kpj/9559b1ac7badc6d98d14b38eb737c3b62da9f8c2.jpg
1288,"<h1 class=""listing-item__header"">
    Hp Envy 15 2in1 Corei7 512ssd Ram16
</h1>",Neuf,HP,400 000 ,Médina,https://i.roamcdn.net/hz/ed/listing-thumb-543w/a2238f467942095a8090a86abbf39a47/-/horizon-files-prod/ed/picture/qrz8km52/806671dcac8351c1d9e86d51df4823a91190ddc8.jpg
1289,"<h1 class=""listing-item__header"">
    Lenovo Thinkpad T14s Gen4 13Th Gen
</h1>",Neuf,Lenovo,450 000 ,Médina,https://i.roamcdn.net/hz/ed/listing-thumb-543w/077276aa0bf86ab9b25c6509edc8ea9d/-/horizon-files-prod/ed/picture/qv4w0vkv/837d3ad1e793b6e39b829cc1bbce5a7332386a25.jpg
1290,"<h1 class=""listing-item__header"">
    HP 15S-FQ0008NIA INTEL DUAL CORE 8GB/512GB SSD 15''
</h1>",Neuf,HP,210 000 ,Médina,https://i.roamcdn.net/hz/ed/listing-thumb-543w/0d62034358a2f2ed3efa951685554f42/-/horizon-files-prod/ed/picture/qenvmzp2/062075585f306485b92df998b63c1d271915c5fb.jpg
1291,"<h1 class=""listing-item__header"">
    Promo☄️Hp EliteBook 840 Corei5
</h1>",Neuf,HP,150 000 ,Médina,https://i.roamcdn.net/hz/ed/listing-thumb-543w/a0ac51287357aebdc850aae940f00338/-/horizon-files-prod/ed/picture/qde7zmd2/83a347fe1c545b571ea40679cdf99b9a8447d015.jpg
1292,"<h1 class=""listing-item__header"">
    HP Pro Book 460 G11 - Ultra 7 | 16GB RAM | 512
</h1>",Neuf,HP,650 000 ,Point-e,https://i.roamcdn.net/hz/ed/listing-thumb-543w/627e7f441bec59abe3bbaa8358f13059/-/horizon-files-prod/ed/picture/qde7zm98/0c33aaf28c09a823e5c1a63e53db504c2485ac73.jpg
1293,"<h1 class=""listing-item__header"">
    Acer aspire 5 I7-11gen/12go/512ssd
</h1>",Neuf,Acer,400 000 ,Médina,https://i.roamcdn.net/hz/ed/listing-thumb-543w/819a833e66f2767c7264dee178168846/-/horizon-files-prod/ed/picture/q56wmz7n/e40cad6ecefdc776b3de6be1e1b73b84f6eb6c4d.jpg
1294,"<h1 class=""listing-item__header"">
    ASUS TUF Gaming RTX 4070
</h1>",Neuf,ASUS,985 000 ,Sicap Sacré-cœur,https://i.roamcdn.net/hz/ed/listing-thumb-543w/7c3f4c14efdd15681a13b929da2b7417/-/horizon-files-prod/ed/picture/qj4qd458/fdb97b59c73c25346562af5796641a05eb1ae662.png
1295,"<h1 class=""listing-item__header"">
    Mac Book Pro M1
</h1>",Venant,Apple,450 000 ,Cambérène,https://i.roamcdn.net/hz/ed/listing-thumb-543w/64d833fb965ed96102cbe3791322ff91/-/horizon-files-prod/ed/picture/q44nq9nv/0eea8cc288bf60a4fab1a516953592075b52eb36.png
1296,"<h1 class=""listing-item__header"">
    HP Laptop 15 Core i7 ssd 512 Gb Ram 32 Gb
</h1>",Neuf,HP,375 000 ,Cambérène,https://i.roamcdn.net/hz/ed/listing-thumb-543w/d4a60108b3f5c18c53b21147ae00fbf9/-/horizon-files-prod/ed/picture/qkr8d8dv/c14f57fa901cca53c1d4898b2aa720c3dc2a6d09.png
1297,"<h1 class=""listing-item__header"">
    SURFACE PRO 7 INTEL CORE I5
</h1>",Venant,Microsoft Surface,240 000 ,Médina,https://i.roamcdn.net/hz/ed/listing-thumb-543w/e6f91b57415973b93d72dc64f4fca373/-/horizon-files-prod/ed/picture/qxjpn96z/2ab2ed375e913e17f3abd8e342ca826498be9b61.jpg
1298,"<h1 class=""listing-item__header"">
    Mac book M4Pro 512giga Ram24 14 pouce
</h1>",Neuf,Apple,1 620 000 ,Médina,https://i.roamcdn.net/hz/ed/listing-thumb-543w/8d54699c9f585b30a1719e6bfa5f7f3c/-/horizon-files-prod/ed/picture/q78w9g68/fe807952892f23e2e05222b034eaa14a1c33cf7e.jpg
1299,"<h1 class=""listing-item__header"">
    DELL Latitude 5440 Cor i7 13ème Gén
</h1>",Neuf,Dell,325 000 ,Médina,https://i.roamcdn.net/hz/ed/listing-thumb-543w/79181d8850a33ac607cda6d875b7fcc7/-/horizon-files-prod/ed/picture/q44n2w4z/586cb1ce5d5b144792628c1f39d4502336389764.jpg
1300,"<h1 class=""listing-item__header"">
    HP 15-dw0008nl Intel Core i5 8GB ram 500GB ssd
</h1>",Venant,HP,160 000 ,Sicap foire,https://i.roamcdn.net/hz/ed/listing-thumb-543w/92c758a216e781c89000a3e909d3e61c/-/horizon-files-prod/ed/picture/qenvmm6x/11efc29d14ff8cd932bdf314973b66b955d09c58.jpg
1301,"<h1 class=""listing-item__header"">
    HP Envy 17 i7 13th gen 32GB ram 1TB ssd
</h1>",Venant,HP,630 000 ,Sicap foire,https://i.roamcdn.net/hz/ed/listing-thumb-543w/88592a8ebb3c684cf1f18cbcfc9635ac/-/horizon-files-prod/ed/picture/qwep99v6/06b467e4f706103f9f3f23d05a20ac176cb60e94.jpg
1302,"<h1 class=""listing-item__header"">
    Ordinateur Hp Core i5 Promo fin d'année
</h1>",Réconditionné,HP,149 900 ,Médina,https://i.roamcdn.net/hz/ed/listing-thumb-543w/61d700a50aa317327b47a25a5650532c/-/horizon-files-prod/ed/picture/qzvpqq88/7030bf5ff8f04f9e1dbbc9e7a47c3deb47547019.jpg
1303,"<h1 class=""listing-item__header"">
    Dell 7420
</h1>",Neuf,Dell,235 000 ,Médina,https://i.roamcdn.net/hz/ed/listing-thumb-543w/a10e00339e140d7ed2dcd810d96fdd1c/-/horizon-files-prod/ed/picture/q6xd222v/1d2b6e5013773d68a4459f45f7f5a42a8e95d5dd.jpg
1304,"<h1 class=""listing-item__header"">
    Dell latitude e 4370
</h1>",Venant,Dell,120 000 ,Médina,https://i.roamcdn.net/hz/ed/listing-thumb-543w/03d2066c7b53fca9fdd1c6ebb3fd4724/-/horizon-files-prod/ed/picture/q78wdddg/5e4805628d028c47caec88627fc816a8397ae93e.jpg
1305,"<h1 class=""listing-item__header"">
    MACBOOK PRO RETINA 2014 | i5 | 13''
</h1>",Venant,Apple,200 000 ,Médina,https://i.roamcdn.net/hz/ed/listing-thumb-543w/0e0d77ab4acaa93718a2f1e0a7ed121e/-/horizon-files-prod/ed/picture/q6xkpndz/69fff9d81c5b2fc72b591d9b69178ecf4670d796.jpg
1306,"<h1 class=""listing-item__header"">
    Dell latitude e 7410
</h1>",Neuf,Dell,235 000 ,Médina,https://i.roamcdn.net/hz/ed/listing-thumb-543w/a543b5e153e8bbdcb8b9094e3cd11f92/-/horizon-files-prod/ed/picture/qwep9950/67e3e1783bd6533ec3a08100c0ac6acf1b6df282.jpg
1307,"<h1 class=""listing-item__header"">
    𝗛𝗣 𝗘𝗡𝗩𝗬 𝗫𝟯𝟲𝟬 | 𝗔𝗠𝗗 𝗥𝗬𝗭𝗘𝗡 | 𝟭𝟱𝗠
</h1>",Venant,HP,225 000 ,Médina,https://i.roamcdn.net/hz/ed/listing-thumb-543w/d8ac1678ce9a139de571b7bfdc122b07/-/horizon-files-prod/ed/picture/q0g7nd2w/c9d24b22ad2b74bf881977ef87a91b3d850c885a.jpg
1308,"<h1 class=""listing-item__header"">
    𝗗𝗘𝗟𝗟 𝗟𝗔𝗧𝗜𝗧𝗨𝗗𝗘 𝟱𝟰𝟬𝟬 | 𝗖𝗢𝗥𝗘 𝗜𝟱 | 𝟴𝗚𝗲𝗻 | 𝗧𝗔𝗖𝗧𝗜𝗟𝗘
</h1>",Venant,Dell,175 000 ,Médina,https://i.roamcdn.net/hz/ed/listing-thumb-543w/103082c72cf69148e0fb3ce4daabaa5f/-/horizon-files-prod/ed/picture/q8v4k8j4/3cceec7eb290f473e26c271c884e58b7f0104124.jpg
1309,"<h1 class=""listing-item__header"">
    Hp x360 Ram 16Go ssd 512Go
</h1>",Neuf,HP,300 000 ,Almadies,https://i.roamcdn.net/hz/ed/listing-thumb-543w/fdd9b51869006ab113b7aa134181f809/-/horizon-files-prod/ed/picture/qrz8kkjn/efcdc44f3746c3e13cc8868044ed9f5dc517a5bc.jpg
1310,"<h1 class=""listing-item__header"">
    HP Laptop 15s Core i5 de 12ème génération
</h1>",Neuf,HP,280 000 ,Gueule-Tapée,https://i.roamcdn.net/hz/ed/listing-thumb-543w/2ebd78ac941ab01e41183c233e5e1d91/-/horizon-files-prod/ed/picture/qq42kk57/9653a479c3ad37239d87c0a2449a8a27fa015b04.jpg
1311,"<h1 class=""listing-item__header"">
    MacBook Pro M3 Pro chip 12‑core CPU, 36GB Ram, 1TB SSD,
</h1>",Neuf,Apple,1 450 000 ,Point-e,https://i.roamcdn.net/hz/ed/listing-thumb-543w/133453d9931edfa100baeb0bfe45a942/-/horizon-files-prod/ed/picture/q2j0d96k/03fdaf067a1f175fd3004ff9d837c79f12f7c176.jpg
1312,"<h1 class=""listing-item__header"">
    HP Elitebook 860 G10 cor i7 de 13th gen
</h1>",Neuf,HP,650 000 ,Médina,https://i.roamcdn.net/hz/ed/listing-thumb-543w/991435448c50e83946860b3757f98c5e/-/horizon-files-prod/ed/picture/q9mjnj85/a0c56009d311a8d4dda61464cd635fa1af1c7f30.jpg
1313,"<h1 class=""listing-item__header"">
    HP840 G3 core i5 6th
</h1>",Neuf,HP,150 000 ,Amitié,https://i.roamcdn.net/hz/ed/listing-thumb-543w/a876ccdc9b8cc9696c2f8eeed0bf47c9/-/horizon-files-prod/ed/picture/q9mjk75n/235b8029461d1316134d14947b19fcd36ef65517.jpg
1314,"<h1 class=""listing-item__header"">
    MacBook Air m3 2024
</h1>",Venant,Apple,700 000 ,Parcelles Assainies,https://i.roamcdn.net/hz/ed/listing-thumb-543w/6ad11c5fbd1f3c4c1975c1426eb55856/-/horizon-files-prod/ed/picture/q44n2qe8/9989fdbcdee1f49fed225f83c5e388ccc60eb17e.jpg
1315,"<h1 class=""listing-item__header"">
    MacBook Air M1
</h1>",Neuf,Apple,450 000 ,Zone de captage,https://i.roamcdn.net/hz/ed/listing-thumb-543w/4539e907f6360a2c5f86f387e9a020ed/-/horizon-files-prod/ed/picture/qq42k8p4/e854ba57a60f6038dd2c899fe82f46f42f4888dc.jpg
1316,"<h1 class=""listing-item__header"">
    MSI gaming 15 i5 16GB SSD 512 rtx 3050 4GB
</h1>",Neuf,MSI,499 000 ,Fenêtre mermoz,https://i.roamcdn.net/hz/ed/listing-thumb-543w/a16d6e6e707efc4af4a7b4ec89aa8598/-/horizon-files-prod/ed/picture/q6xdmp2p/28c566cf76736ae1243f4fcd4ea9243acfbfe726.png
1317,"<h1 class=""listing-item__header"">
    DELL7480
</h1>",Réconditionné,Dell,140 000 ,Gueule-Tapée,https://i.roamcdn.net/hz/ed/listing-thumb-543w/0f01bb185826e053912604d1132c16c6/-/horizon-files-prod/ed/picture/qkr8dvnj/d3d7c5b74e8646f1d18f9d42632bbda305967817.jpg
1318,"<h1 class=""listing-item__header"">
    Macbook Pro 13"" M2 2022 512/16
</h1>",Venant,Apple,635 000 ,Plateau,https://i.roamcdn.net/hz/ed/listing-thumb-543w/f1abb151ec94607ead275ace87520abe/-/horizon-files-prod/ed/picture/qrz8k4em/f61c0eeefb6111764b8e912e833aa738209e490a.jpg
1319,"<h1 class=""listing-item__header"">
    Acer nitro 5 Gtx 1650 4Go DDR6
</h1>",Venant,Acer,350 000 ,Yoff,https://i.roamcdn.net/hz/ed/listing-thumb-543w/6078f300569ebcaac66a5e40b0c7d8da/-/horizon-files-prod/ed/picture/q8v42x7x/34dd89f526ac4dd05ec5d417d425e066b5590cff.jpg
1320,"<h1 class=""listing-item__header"">
    Lenovo Thinkpad X1 Carbon Gen11 i7/1To/32 13Th Gen
</h1>",Neuf,Lenovo,750 000 ,Médina,https://i.roamcdn.net/hz/ed/listing-thumb-543w/33b3c894bc0b2778411b3ddf128a52f8/-/horizon-files-prod/ed/picture/q9mj26d7/ca52533940eba0125036c8a7684970b49f2dd492.jpg
1321,"<h1 class=""listing-item__header"">
    MacBook Pro 2015
</h1>",Venant,Apple,170 000 ,Médina,https://i.roamcdn.net/hz/ed/listing-thumb-543w/ce94f698dd0a549c4b831f1d4799cb23/-/horizon-files-prod/ed/picture/q44n2qpm/d8f6438edc179032b6609c8a8cceb259c21ccae6.jpg
1322,"<h1 class=""listing-item__header"">
    Lenovo L470 i5 7th ram 8
</h1>",Venant,Lenovo,145 000 ,Médina,https://i.roamcdn.net/hz/ed/listing-thumb-543w/99c711c616a453edbc839c24f395b2c7/-/horizon-files-prod/ed/picture/qke2e0m/fe1ddc52ef5c38f60968791463d6af8e5bbf4ba6.jpg
1323,"<h1 class=""listing-item__header"">
    MacBook Pro Touchbar Corei7 512/16
</h1>",Neuf,Apple,400 000 ,Médina,https://i.roamcdn.net/hz/ed/listing-thumb-543w/155ce1966428d815aee0cd57e26e26ce/-/horizon-files-prod/ed/picture/q0g7x076/1cc8be946e823ceb2ee68cdf64e5ea311df7f76e.jpg
1324,"<h1 class=""listing-item__header"">
    Lenevo Thinkpad T14 Gen4 i7/32/512 13Th Gen
</h1>",Neuf,Lenovo,650 000 ,Médina,https://i.roamcdn.net/hz/ed/listing-thumb-543w/874997581f3b2d9b3a5da11374024706/-/horizon-files-prod/ed/picture/q56d28dg/c6898f8133cb6019bd203822cb3983caad1b8ef1.jpg
1325,"<h1 class=""listing-item__header"">
    Promo☄️Hp EliteBook 840 Corei5
</h1>",Neuf,HP,150 000 ,Médina,https://i.roamcdn.net/hz/ed/listing-thumb-543w/09db7ddf91b14c49b7526445e2ddc8fa/-/horizon-files-prod/ed/picture/qpdm5qm0/7050eb4ccfe74904760dea7441b0c64ccd8e4e70.jpg
1326,"<h1 class=""listing-item__header"">
    Lonovo t490 i5/512Go/16Go
</h1>",Venant,Lenovo,190 000 ,Plateau,https://i.roamcdn.net/hz/ed/listing-thumb-543w/fc2fa4169530c8e7cd758c57f7b99c21/-/horizon-files-prod/ed/picture/qkr8d048/d661f8429c32d7b9e3feb150c6de08deaa255c19.png
1327,"<h1 class=""listing-item__header"">
    DELL Précision 5540 Cor i7 ""GAMER""
</h1>",Neuf,Dell,350 000 ,Médina,https://i.roamcdn.net/hz/ed/listing-thumb-543w/30f86e74ae7d13186558449e50163570/-/horizon-files-prod/ed/picture/qrz84p9j/af3ef8a67945f9da9e66537658704252b80f8b7b.jpg
1328,"<h1 class=""listing-item__header"">
    DELL Inspiron 3580 Cor i5 ""GAMER""
</h1>",Venant,Dell,175 000 ,Médina,https://i.roamcdn.net/hz/ed/listing-thumb-543w/fab1ebcae037faee887f67fbc897d5de/-/horizon-files-prod/ed/picture/q2j0ne6v/74398b59e6a346156b5a9a651df06c2493d8687e.jpg
1329,"<h1 class=""listing-item__header"">
    DELL Latitude 3410 Cor i5 Tactile
</h1>",Neuf,Dell,200 000 ,Médina,https://i.roamcdn.net/hz/ed/listing-thumb-543w/eeae11264eb1d1c53eecafdec819f6f6/-/horizon-files-prod/ed/picture/q56d257e/ef45634304827e082df489a1b52ac08d4d52a68b.jpg
1330,"<h1 class=""listing-item__header"">
    Ordinateur Hp core i5 Neuf
</h1>",Neuf,HP,380 000 ,Gibraltar,https://i.roamcdn.net/hz/ed/listing-thumb-543w/2aaf109ca1afb5d833c6a9d40717c968/-/horizon-files-prod/ed/picture/qrz8k0kj/f39e35ddda04051ce1966806ef093e631078c2db.jpg
1331,"<h1 class=""listing-item__header"">
    MACBOOK PRO 2024 M3 PRO 14.2 POUCES
</h1>",Neuf,Apple,1 350 000 ,Médina,https://i.roamcdn.net/hz/ed/listing-thumb-543w/b42432a581e70c2ad2ddf213dd1cce34/-/horizon-files-prod/ed/picture/qm5g6p06/5b71e8ebbe8ba4a2d4870f262e462df397a06533.jpg
1332,"<h1 class=""listing-item__header"">
    Lenovo thinkpad P14s Gen4 Core i7 13e Gen
</h1>",Neuf,Lenovo,520 000 ,Gueule-Tapée,https://i.roamcdn.net/hz/ed/listing-thumb-543w/239d19a1d451330e882db7f9a7f4e5be/-/horizon-files-prod/ed/picture/q2j02dnv/8d225caed19617d9945a9dd38ae6d9e34fa058e3.jpg
1333,"<h1 class=""listing-item__header"">
    bureau dell i7 disk 1tb ram 8gb ecran 27pouces
</h1>",D'occasion,Dell,100 000 ,Keur Massar,https://i.roamcdn.net/hz/ed/listing-thumb-543w/8e2f1b1f6adf4a48e2f1ed8e6a49deb2/-/horizon-files-prod/ed/picture/q9mjdvz6/2cef90b3b19fe38b5ea9a9c191a127dc8610d8f8.jpg
1334,"<h1 class=""listing-item__header"">
    Mac air 2017
</h1>",Neuf,Apple,170 000 ,Plateau,https://i.roamcdn.net/hz/ed/listing-thumb-543w/ab6d5a0b9d2bde277a98429f30ee3f3e/-/horizon-files-prod/ed/picture/qkr8dq7m/2b12ad13f38aa04b7d5743a1ef350a8ae5e82d66.jpg
1335,"<h1 class=""listing-item__header"">
    MSI GS66 Stealth 🥷 intel core i7 10th gen processor 2.60Ghz
</h1>",Venant,MSI,570 000 ,Parcelles Assainies,https://i.roamcdn.net/hz/ed/listing-thumb-543w/4005694435fdce74dab211b7be6a1d5d/-/horizon-files-prod/ed/picture/q0g7xz2m/0fc0f30b22d2fa3f753ddc2463375e55f9b65590.jpg
1336,"<h1 class=""listing-item__header"">
    Acer Nitro 16 RTX 4060 2024
</h1>",Neuf,Acer,750 000 ,Médina,https://i.roamcdn.net/hz/ed/listing-thumb-543w/6e5cd61f3ce118d6af8416e58bcbd3a0/-/horizon-files-prod/ed/picture/qzvp6mdd/3e253d644cab142b864e775f3d3e9b69a196f8f4.jpg
1337,"<h1 class=""listing-item__header"">
    Surface Pro 11 Edition ur Snapdragon X Elite
</h1>",Neuf,Microsoft Surface,1 400 000 ,Zone de captage,https://i.roamcdn.net/hz/ed/listing-thumb-543w/47a6098b2e463033fa1bc2fcc2f065eb/-/horizon-files-prod/ed/picture/qxjpnzjw/92f1c416f971fcd4b90fc3d44034768c987954c0.jpg
1338,"<h1 class=""listing-item__header"">
    PC GAMER ARCHITECTE PRO🥇
</h1>",Neuf,ASUS,2 500 000 ,Liberte 5,https://i.roamcdn.net/hz/ed/listing-thumb-543w/0149d29cfe7b47157682497dd8d39240/-/horizon-files-prod/ed/picture/q8v42d04/32f4e79dc14a03a19da603ba7bd9ae804a9c53ac.jpg
1339,"<h1 class=""listing-item__header"">
    MacBook Pro Fin 2011
</h1>",Venant,Apple,180 000 ,Mamelles,https://i.roamcdn.net/hz/ed/listing-thumb-543w/22bff5f6cac2620b4b16bd2fbd8940b8/-/horizon-files-prod/ed/picture/qenvmdxx/8be1db347bf94aeed1eb1b38f1ae1e94c2e351e0.jpg
1340,"<h1 class=""listing-item__header"">
    MacBook Air 15 Pouces M3 16GB 512 SSD 2024
</h1>",Neuf,Apple,1 100 000 ,Médina,https://i.roamcdn.net/hz/ed/listing-thumb-543w/2368df25b2f8f742337f4c19b0f6bcaf/-/horizon-files-prod/ed/picture/qj4qd2nv/9659b7d6491173cdec3a4b0bd5404cfc92fa983e.jpg
1341,"<h1 class=""listing-item__header"">
    MACBOOK AIR 2024 13 POUCES AVEC PACK AIRTAG NEUF
</h1>",Neuf,Apple,800 000 ,Plateau,https://i.roamcdn.net/hz/ed/listing-thumb-543w/73cd2c12b9ee075d5fe68ebb2640d581/-/horizon-files-prod/ed/picture/q78wd9ex/ef5123814d31a5cb40d079b5a0c6e964a90976a2.jpg
1342,"<h1 class=""listing-item__header"">
    DELL LATITUDE 7350
</h1>",Venant,Dell,115 000 ,Médina,https://i.roamcdn.net/hz/ed/listing-thumb-543w/2415e15032858ed928e40664c42eb8f0/-/horizon-files-prod/ed/picture/q2j02jgp/1ada7d27d7ae1e4f93d7e676c2ee24040ae487e1.jpg
1343,"<h1 class=""listing-item__header"">
    Dell All-in-One 7460 cor i5 de 8th gen
</h1>",Venant,Dell,240 000 ,Médina,https://i.roamcdn.net/hz/ed/listing-thumb-543w/55cb220eaf9235afdbc13bddfd75ae86/-/horizon-files-prod/ed/picture/qngpndqm/b15eaaff42965370521378ea7de47152258390dc.jpg
1344,"<h1 class=""listing-item__header"">
    HP Elitebook 840 G8 cor i7 de 11th génération
</h1>",Neuf,HP,480 000 ,Médina,https://i.roamcdn.net/hz/ed/listing-thumb-543w/e44e47f768f6fb364dbc3ba7d0eee356/-/horizon-files-prod/ed/picture/qrz86nvm/ac056b5297c5221adb0fb695ec4071755f1ef9e6.jpg
1345,"<h1 class=""listing-item__header"">
    Hp EliteBook 1030x360 Corei7!512ssd Ram16
</h1>",Neuf,HP,250 000 ,Médina,https://i.roamcdn.net/hz/ed/listing-thumb-543w/baa2d31d25eb1d7b5608a9e77be0eada/-/horizon-files-prod/ed/picture/qgqwkzk4/b2ea38e5e08c0902410898adce593abbe3082eb8.jpg
1346,"<h1 class=""listing-item__header"">
    Msi Gamer Corei7 Ram32 1To Rtx 8giga dédié
</h1>",Neuf,MSI,500 000 ,Médina,https://i.roamcdn.net/hz/ed/listing-thumb-543w/a7bf2ee092810fde74ff356f7c5a4e68/-/horizon-files-prod/ed/picture/q0g7x50e/791b7cf109ba164940f8cf1340e6a28977e7f804.jpg
1347,"<h1 class=""listing-item__header"">
    Lenovo t480s i5 8th ram 8
</h1>",Venant,Lenovo,165 000 ,Médina,https://i.roamcdn.net/hz/ed/listing-thumb-543w/2075389958ae513b182631b752733260/-/horizon-files-prod/ed/picture/q44875x2/317e33118cabf34af8c724a942bbea30607f6b39.jpg
1348,"<h1 class=""listing-item__header"">
    Promo☄️Hp EliteBook 840 Corei5
</h1>",Neuf,HP,150 000 ,Médina,https://i.roamcdn.net/hz/ed/listing-thumb-543w/757f000cccad395165887a23f193ef3c/-/horizon-files-prod/ed/picture/qrz8k54m/82fd7d464562ff1906d79eb7e6ec96dbe40b0b36.jpg
1349,"<h1 class=""listing-item__header"">
    Mac Book Air M3 ssd 512 Gb Ram 16 Gb
</h1>",Neuf,Apple,650 000 ,Cambérène,https://i.roamcdn.net/hz/ed/listing-thumb-543w/69360cbb63221d9ed61fa4f45b5b8db3/-/horizon-files-prod/ed/picture/qkr8drw2/111590b0f0df34c137dc377707bd9fc4e16be659.jpg
1350,"<h1 class=""listing-item__header"">
    LENOVO LEGION GO 1 TERA SSD
</h1>",Venant,Lenovo,500 000 ,Amitié,https://i.roamcdn.net/hz/ed/listing-thumb-543w/23fd34c83170af3008d9b4d6ab26bcb8/-/horizon-files-prod/ed/picture/qwep9w5g/37914e3be0e74bd0f3ba9d1da7d4bd790c2d3601.jpg
1351,"<h1 class=""listing-item__header"">
    HP 840 G3
</h1>",Neuf,HP,190 000 ,Médina,https://i.roamcdn.net/hz/ed/listing-thumb-543w/747ed5719d8dc4c912ddf26b3b582006/-/horizon-files-prod/ed/picture/q0g7xdxw/d40ab0c9b639241b0f543685ea8b0314cbb6850b.jpg
1352,"<h1 class=""listing-item__header"">
    Lenovo Thinkpad L14 I7 13e gen 512Go RAM 64 &amp; Hp Probook
</h1>",Neuf,Lenovo,650 000 ,Plateau,https://i.roamcdn.net/hz/ed/listing-thumb-543w/f9f1da8a7a619406f0a40da50118483e/-/horizon-files-prod/ed/picture/qde7zn82/63acd5245bf0d610aadc78ee4ba5b855c2e1b20a.jpg
1353,"<h1 class=""listing-item__header"">
    𝗠𝗔𝗖𝗕𝗢𝗢𝗞 𝗣𝗥𝗢 𝗥𝗘𝗧𝗜𝗡𝗔 𝟮𝟬𝟭𝟯 | 𝗶𝟳 | 𝟭𝟱''
</h1>",Venant,Apple,200 000 ,Médina,https://i.roamcdn.net/hz/ed/listing-thumb-543w/5ded3d3c562c96b38aa1fb19902962b9/-/horizon-files-prod/ed/picture/qzvpvg9v/30a68d0fa71b793a3a8d6d5104b17fc04d32e7ce.jpg
1354,"<h1 class=""listing-item__header"">
    𝗢𝗥𝗗𝗜𝗡𝗔𝗧𝗘𝗨𝗥 𝗗𝗘 𝗕𝗨𝗥𝗘𝗔𝗨 𝗛𝗣 𝗣𝗥𝗢𝗗𝗘𝗦𝗞 𝟰𝟬𝟬 𝗚𝟰 | 𝗜𝟱
</h1>",Venant,HP,125 000 ,Médina,https://i.roamcdn.net/hz/ed/listing-thumb-543w/7939b7d9b602cf8d435bf4f0470fdf78/-/horizon-files-prod/ed/picture/q56dpdp7/a9f69af9c5917c893cbd57793adab9aad736b1fa.jpg
1355,"<h1 class=""listing-item__header"">
    DELL LATITUDE E7470 | I5
</h1>",Venant,Dell,115 000 ,Médina,https://i.roamcdn.net/hz/ed/listing-thumb-543w/f1566285bf13c48a11d60ebe2df44cac/-/horizon-files-prod/ed/picture/qvndz8m/21f4adf4d70f0b1b294431b9db8a64135fdd17d4.jpg
1356,"<h1 class=""listing-item__header"">
    Dell 3561 /512G/16Go
</h1>",Neuf,Dell,400 000 ,Plateau,https://i.roamcdn.net/hz/ed/listing-thumb-543w/e830d64c67ef842fd7d3a792afee5c19/-/horizon-files-prod/ed/picture/q6xd25e4/3f67229ed5068dfc2899ee1f0fd02a1eba113dc5.jpg
1357,"<h1 class=""listing-item__header"">
    Lonovo T14 /i5 /16G/512G
</h1>",Venant,Lenovo,400 000 ,Plateau,https://i.roamcdn.net/hz/ed/listing-thumb-543w/2e1021b97c4c5426f648371433f4be00/-/horizon-files-prod/ed/picture/qgqwk8n9/1812a9cf2164eb06149f734d6f80de85b582f7c1.png
1358,"<h1 class=""listing-item__header"">
    Lenovo T480s i5 neuf
</h1>",Neuf,Lenovo,160 000 ,Amitié,https://i.roamcdn.net/hz/ed/listing-thumb-543w/e862d1d91b0b1ed46484c46df91c16b4/-/horizon-files-prod/ed/picture/qwep8g6j/ab5cdcccda66e10be0a5f33df61049b1aa1dd9d9.jpg
1359,"<h1 class=""listing-item__header"">
    Ordinateur portable fujitsu stylistic q736 core i5
</h1>",Venant,Fujitsu,99 000 ,Médina,https://i.roamcdn.net/hz/ed/listing-thumb-543w/b9f19887a5e019263204e9b664d39597/-/horizon-files-prod/ed/picture/qwep9ww6/6ebdfe4ec75cb821b53e92ebfd0e642d64ba7d85.png
1360,"<h1 class=""listing-item__header"">
    Lenovo X1 carbon core i7
</h1>",Venant,Lenovo,315 000 ,Hlm,https://i.roamcdn.net/hz/ed/listing-thumb-543w/8ccdb24a6f16341b13a4ff8b4fb18b38/-/horizon-files-prod/ed/picture/qj4qdzrd/b4f63c5009c76a43c8c9c7c8febdc5fd3bec6abb.jpg
1361,"<h1 class=""listing-item__header"">
    MacBook Pro Touchbar Corei7 Ram16
</h1>",Neuf,Apple,400 000 ,Médina,https://i.roamcdn.net/hz/ed/listing-thumb-543w/b3b1ef446a9385bf6da220b67e4d498b/-/horizon-files-prod/ed/picture/q6xd25xv/48f8797ba0b015c6c3f66bb1e3c45b50a6cff538.jpg
1362,"<h1 class=""listing-item__header"">
    MacBook Pro Touchbar 2019 I7/512/16 16Pouces
</h1>",Neuf,Apple,495 000 ,Médina,https://i.roamcdn.net/hz/ed/listing-thumb-543w/668691f9470d2b084cf05bf8e4379270/-/horizon-files-prod/ed/picture/q8v42g07/f5abc750d49ca81ddba86eb902e3106446fbe03d.jpg
1363,"<h1 class=""listing-item__header"">
    IMAC 24 POUCES M1 NEUF
</h1>",Neuf,Apple,750 000 ,Plateau,https://i.roamcdn.net/hz/ed/listing-thumb-543w/cd5e2d589f7cb56f50a356d31ebaec54/-/horizon-files-prod/ed/picture/q6xd6np8/2774c2084cfe93a02f0e717dd23aa67f2a2eedd3.jpg
1364,"<h1 class=""listing-item__header"">
    MacBook Air M3 2024 midnight scellé
</h1>",Neuf,Apple,700 000 ,Médina,https://i.roamcdn.net/hz/ed/listing-thumb-543w/c5b5291cd643129cd1c814d8c1584724/-/horizon-files-prod/ed/picture/q78wd0ng/c06a69f6e3c14c9f6684da029878b909a3332e0c.jpg
1365,"<h1 class=""listing-item__header"">
    ECRAN  ORDINATEUR HP 27 FW 27 avec FULL  HDMI VGA
</h1>",Neuf,HP,155 000 ,Médina,https://i.roamcdn.net/hz/ed/listing-thumb-543w/626d75d1c22c4ec3349472218a667cd9/-/horizon-files-prod/ed/picture/qzvp86vv/5605124d21f70151d8e0c2fb539327c9d3d61da1.jpg
1366,"<h1 class=""listing-item__header"">
    Ordinateur HP Envy X360 Core I5-1335U 8Go/ 512 Ssd
</h1>",Neuf,HP,499 000 ,Médina,https://i.roamcdn.net/hz/ed/listing-thumb-543w/8fb4c9e4de6b454c8e8f069e02fe3146/-/horizon-files-prod/ed/picture/q8v429e4/5353f51ee3f9ac7b420a1042334bd229c72b4f4e.jpg
1367,"<h1 class=""listing-item__header"">
    MACBOOK PRO 2019 16 POUCES i9
</h1>",Venant,Apple,475 000 ,Point-e,https://i.roamcdn.net/hz/ed/listing-thumb-543w/f03d81868f1de7566d8054eafaa050cb/-/horizon-files-prod/ed/picture/q8v42964/6b81ac44f33595a9955320e672237f572fd78200.jpg
1368,"<h1 class=""listing-item__header"">
    MACBOOK PRO 2019
</h1>",Venant,Apple,350 000 ,Point-e,https://i.roamcdn.net/hz/ed/listing-thumb-543w/5b342dc0545daa77793c7d7352a89764/-/horizon-files-prod/ed/picture/qj4qdxew/1ba4a0c32e07ff01f1616839458f1d1289386d0f.jpg
1369,"<h1 class=""listing-item__header"">
    LENOVO THINKPAD L13 GEN4 I5/16GO/512SSD
</h1>",Neuf,Lenovo,400 000 ,Médina,https://i.roamcdn.net/hz/ed/listing-thumb-543w/d2a34f0afb436b4fd1263c979c81b350/-/horizon-files-prod/ed/picture/q0g7k46m/fcc9924673539c88eb0bdbaf01ca1e42d98c4d0c.jpg
1370,"<h1 class=""listing-item__header"">
    Ensemble hp i7
</h1>",Venant,Autre,175 000 ,Keur Massar,https://i.roamcdn.net/hz/ed/listing-thumb-543w/97f773249c11ca4ab560067a7d8af0de/-/horizon-files-prod/ed/picture/qxjpenvj/c93fac361a7cce0168303df6142ecae7d88202c2.jpg
1371,"<h1 class=""listing-item__header"">
    ORDINATEUR DE BUREAU HP ELITEDESK 800 G1| i3
</h1>",Venant,HP,65 000 ,Médina,https://i.roamcdn.net/hz/ed/listing-thumb-543w/0f13c5e5e7535546ac99c86b25e5c0ce/-/horizon-files-prod/ed/picture/qq477v6w/ee92c75976b832dec18aa284b21ffdf6ea31a173.jpg
1372,"<h1 class=""listing-item__header"">
    Hp 840 g3 i5 6th Ssd 256gb ram8gb neuf
</h1>",Neuf,HP,140 000 ,Médina,https://i.roamcdn.net/hz/ed/listing-thumb-543w/b9cdd86f1e3e5a502a0b464e8d0c746e/-/horizon-files-prod/ed/picture/qzvpqz7n/6422ade548cd1966f318aaa873206a35692a1db2.jpg
1373,"<h1 class=""listing-item__header"">
    Dell latitude 5420 cor i7 de 11th gen
</h1>",Neuf,Dell,450 000 ,Médina,https://i.roamcdn.net/hz/ed/listing-thumb-543w/222b81bd88e653ab4ae966b072a3618a/-/horizon-files-prod/ed/picture/qj4qd5ee/3f1398f7c9cecfc768995969ac3f632293263b30.jpg
1374,"<h1 class=""listing-item__header"">
    MacBook pro m1 pro 2021 14pouces
</h1>",Neuf,Apple,750 000 ,Derkle,https://i.roamcdn.net/hz/ed/listing-thumb-543w/6cdcdd76f6746670218eac7e502306bc/-/horizon-files-prod/ed/picture/q2j0286e/e2e102a9fa37e6e48c21e101da99bae295d39b64.jpg
1375,"<h1 class=""listing-item__header"">
    MSI Cyborg 15 A13VE
</h1>",Venant,MSI,575 000 ,Amitié,https://i.roamcdn.net/hz/ed/listing-thumb-543w/772e90d49077de5ead160281522fa983/-/horizon-files-prod/ed/picture/q44n2r2e/bf6b9173d8a8865a7331cdf5dca9de57c02a93e1.jpg
1376,"<h1 class=""listing-item__header"">
    Ordinateur HP Envy X360 14-ES0013DX Core I5-1335U
</h1>",Neuf,HP,500 000 ,Médina,https://i.roamcdn.net/hz/ed/listing-thumb-543w/ef02b7d140253fb1f69c0ffb2be66b90/-/horizon-files-prod/ed/picture/q0g79xje/3a56378d609a23ea7bfb7f3cd0b49197d3be741b.jpg
1377,"<h1 class=""listing-item__header"">
    Ecran ordinateur HP  24 pouces  HDMI VGA
</h1>",Neuf,HP,125 000 ,Médina,https://i.roamcdn.net/hz/ed/listing-thumb-543w/65380669e49445ec2916da18100245e9/-/horizon-files-prod/ed/picture/q44nngvp/50955d1778dd121126dd1b58318e6c8c5e6bc379.jpg
1378,"<h1 class=""listing-item__header"">
    Ecran  (31.5″) HP 32f 1920 x 1080 Pixels
</h1>",Neuf,HP,235 000 ,Médina,https://i.roamcdn.net/hz/ed/listing-thumb-543w/a89c1193cade66de3771286fe5fb31cd/-/horizon-files-prod/ed/picture/qq47ekwv/b598731c2f5b4868060eccd56efb2f6e0494929f.png
1379,"<h1 class=""listing-item__header"">
    Lenovo IdeaPad 5 2023 i7 12th gen neuf
</h1>",Neuf,Lenovo,370 000 ,Plateau,https://i.roamcdn.net/hz/ed/listing-thumb-543w/61d855cd6cdff808dd445fea65c4e4fa/-/horizon-files-prod/ed/picture/q56d29zx/876492134befb0118aad92af5c3e78fd9e42ae61.jpg
1380,"<h1 class=""listing-item__header"">
    MacBook Pro M3 MAX 4t 64 go
</h1>",Neuf,Apple,3 650 000 ,Médina,https://i.roamcdn.net/hz/ed/listing-thumb-543w/63a87b0483b9b0af1bff73bdcda2bfbe/-/horizon-files-prod/ed/picture/qq42kwvj/28de21ee663cfec4f45100070628afc89bb5f42d.jpg
1381,"<h1 class=""listing-item__header"">
    Dell 3560/i7/512G/16G
</h1>",Neuf,Dell,250 000 ,Plateau,https://i.roamcdn.net/hz/ed/listing-thumb-543w/53b9f01b515b5ced99981cca6ef8bb9f/-/horizon-files-prod/ed/picture/q56d87mp/09d8de05a70007452bda82ef47a36678a4fdaab7.jpg
1382,"<h1 class=""listing-item__header"">
    Gamer Asus ROG Zephyrus G14 GA401QM . Core i9 5900HS de 11th
</h1>",Venant,ASUS,575 000 ,Hlm,https://i.roamcdn.net/hz/ed/listing-thumb-543w/40a9266e215ce44c97eb9fa3b78388ca/-/horizon-files-prod/ed/picture/q9mj2rnj/52a3c48035bea174c242543be600f85e3b6e7e06.jpg
1383,"<h1 class=""listing-item__header"">
    Dell i5 8th ssd 256g ram 16g
</h1>",Venant,Dell,165 000 ,Yoff,https://i.roamcdn.net/hz/ed/listing-thumb-543w/f64057f6da2348ffa45d188b201abe10/-/horizon-files-prod/ed/picture/qde7zdd8/e2ce2cc2b5545bec42698aa8b6aa04e37750b9ac.jpg
1384,"<h1 class=""listing-item__header"">
    ASUS VIVOBOOK I7-10GEN/16GO/512SSD
</h1>",Neuf,ASUS,350 000 ,Médina,https://i.roamcdn.net/hz/ed/listing-thumb-543w/28100579c0e219dcfff43b5acacce3b1/-/horizon-files-prod/ed/picture/q8v4dgqp/4d0fff6e809692b628b41d45db40e5e65be7c1e8.jpg
1385,"<h1 class=""listing-item__header"">
    Bureu dell i5 disk 500go rm 8gb ecrn 22p+wifi
</h1>",Venant,Dell,75 000 ,Keur Massar,https://i.roamcdn.net/hz/ed/listing-thumb-543w/ae3f218c0d5c144fdfa54f50fc44476a/-/horizon-files-prod/ed/picture/q44nmpvv/aeaf3104aca2e9c686d6b99bd6a9d09aa887c87c.jpg
1386,"<h1 class=""listing-item__header"">
    MacBook Pro Touch Bar 2018 13“
</h1>",Neuf,Apple,350 000 ,Plateau,https://i.roamcdn.net/hz/ed/listing-thumb-543w/c530e250a534a4fff784180ccbd6807b/-/horizon-files-prod/ed/picture/qv4w09d5/58ea7d370995eddcc59ed260c55441a2055fc81d.jpg
1387,"<h1 class=""listing-item__header"">
    Écrans pc HP et Dell 24 pouces hdmi
</h1>",Venant,Dell,60 000 ,Yoff,https://i.roamcdn.net/hz/ed/listing-thumb-543w/542ad0c8463d71fe1d1b6e9e9870d824/-/horizon-files-prod/ed/picture/qxjpnw24/c726546c9044580a1c438f2772d600a8f32457cc.jpg
1388,"<h1 class=""listing-item__header"">
    GAMER HAUT DE GAMME
</h1>",Neuf,Autre,1 ,Cité keur gorgui,https://i.roamcdn.net/hz/ed/listing-thumb-543w/bc554ff06955b5f5f5d3c5b8fb3bb76c/-/horizon-files-prod/ed/picture/qngpnve9/91835067c8c5a98a5ae71edadcf5b76006f0bab0.jpg
1389,"<h1 class=""listing-item__header"">
    MACBOOK PRO 14 pouces M3 RAM 8GB DD SSD 512GB
</h1>",Neuf,Apple,1 000 000 ,Plateau,https://i.roamcdn.net/hz/ed/listing-thumb-543w/e79e18425cf1f44f8c75222db6c659b4/-/horizon-files-prod/ed/picture/qwep9ne6/0e1f607322e3d9e2c89f70a75678188c4c0997e1.jpg
1390,"<h1 class=""listing-item__header"">
    Microsoft surface go2
</h1>",Venant,Microsoft Surface,140 000 ,Parcelles Assainies,https://i.roamcdn.net/hz/ed/listing-thumb-543w/95f241c50ae542f0e2e4d5b4e024388b/-/horizon-files-prod/ed/picture/q0g7xneg/e4b2ae95bf66e7f5bc9c59ca16ce95610c657b0a.jpg
1391,"<h1 class=""listing-item__header"">
    Hp elitebook 840 g6
</h1>",Venant,HP,180 000 ,Gueule-Tapée,https://i.roamcdn.net/hz/ed/listing-thumb-543w/da9d1ba33da904d1d1c7f9a7def5b4d0/-/horizon-files-prod/ed/picture/qrz8kn99/41749abc5ab7ebf21aa551c289fd107ea1328df5.jpg
1392,"<h1 class=""listing-item__header"">
    Hp elitebook 840 G4
</h1>",Venant,HP,135 000 ,Yoff,https://i.roamcdn.net/hz/ed/listing-thumb-543w/2a0c91feaf6001fc4a8a6d4f14c8a2b7/-/horizon-files-prod/ed/picture/qde7z06m/dafc3c551ce0af839370ae1de67b445418a6a6b6.jpg
1393,"<h1 class=""listing-item__header"">
    MacBook M1 Pro 14’’ (2021)
</h1>",Neuf,Apple,850 000 ,Médina,https://i.roamcdn.net/hz/ed/listing-thumb-543w/dba4a10778c486dcbd2d9fe71f674885/-/horizon-files-prod/ed/picture/qm5gk6dj/9d14f3d6a5dbc44d8a59446dfd8c471bfe5bf1c6.jpg
1394,"<h1 class=""listing-item__header"">
    Lenovo ideaPad Flex 5 ( 2023 ) tactile
</h1>",Venant,Lenovo,300 000 ,Plateau,https://i.roamcdn.net/hz/ed/listing-thumb-543w/03db38b185fd14f9f7ab8375d72daaa1/-/horizon-files-prod/ed/picture/qwep9z20/0371ce104856d8a732f720dbac6a5be616ceacbe.jpg
1395,"<h1 class=""listing-item__header"">
    Gamer LEGION 82XT Ryzen7
</h1>",Venant,Lenovo,6 750 000 ,Hlm,https://i.roamcdn.net/hz/ed/listing-thumb-543w/4129eabdc801ad9af3074b92bd4cc3fa/-/horizon-files-prod/ed/picture/q8v42pkr/90e0278e9a2c7b314cb294c4d8f5452fb301afeb.jpg
1396,"<h1 class=""listing-item__header"">
    Gamer Hp OMEN Laptop 15-ek0xxx core i5 de 10th processeur
</h1>",Venant,HP,395 000 ,Hlm,https://i.roamcdn.net/hz/ed/listing-thumb-543w/ce1a6451ff19a8cf79776cf0ce0ec7b5/-/horizon-files-prod/ed/picture/q6xd2nrn/ae374aa587989fba28fb4fa1ef4553b2231aa8a2.jpg
1397,"<h1 class=""listing-item__header"">
    Gamer Laptop 15-dk2xxx core i7 de 11th processeu
</h1>",Venant,HP,525 000 ,Hlm,https://i.roamcdn.net/hz/ed/listing-thumb-543w/460121e6d4f0dce0c8e6a6083590b42f/-/horizon-files-prod/ed/picture/qgqwkppn/8379cc986822d2c2e48987c546dcce1ac73c79b4.jpg
1398,"<h1 class=""listing-item__header"">
    LENOVO THINKPAD T14 10th generation
</h1>",Venant,Lenovo,260 000 ,Hann maristes,https://i.roamcdn.net/hz/ed/listing-thumb-543w/09d1c991d28776dcb65e87ce00472772/-/horizon-files-prod/ed/picture/qq42k9zk/ba055eaf9e2a287d892cc7eba7b159f114b537c4.jpg
1399,"<h1 class=""listing-item__header"">
    HP OMEN Gaming 10th Generation
</h1>",Venant,HP,450 000 ,Hann maristes,https://i.roamcdn.net/hz/ed/listing-thumb-543w/9824bac18e8c26c1cfbac1a2c61300a2/-/horizon-files-prod/ed/picture/qngp5z5k/43970063d10dba1be0e4824c735d2810457a16b1.jpg
1400,"<h1 class=""listing-item__header"">
    Lenovo T14 ThinkPad 11th
</h1>",Venant,Lenovo,275 000 ,Hann maristes,https://i.roamcdn.net/hz/ed/listing-thumb-543w/f354f9c3a30e8af298597ca07a09652b/-/horizon-files-prod/ed/picture/q44njq02/7516205f0d33ab70a0a20358902d90bfdfcc15c5.jpg
1401,"<h1 class=""listing-item__header"">
    HP OMEN Gaming
</h1>",Venant,HP,430 000 ,Hann maristes,https://i.roamcdn.net/hz/ed/listing-thumb-543w/5487212251a23451fe1a898478f8155c/-/horizon-files-prod/ed/picture/qv4wm5dj/1d048f8f086a921b898816102e6f5ee82a397b93.jpg
1402,"<h1 class=""listing-item__header"">
    Dell PRECISION 5680 intel core i7 2.5Ghz 13th gen (20coeurs)
</h1>",Neuf,Dell,850 000 ,Parcelles Assainies,https://i.roamcdn.net/hz/ed/listing-thumb-543w/e2668c2daa5aaea9e9ba47e9b3d14661/-/horizon-files-prod/ed/picture/qngpk79z/32459a6517f653fed9bd24974e64b11a3c6a06e7.jpg
1403,"<h1 class=""listing-item__header"">
    Acer Aspire 5
</h1>",Venant,Acer,350 000 ,Hann maristes,https://i.roamcdn.net/hz/ed/listing-thumb-543w/2d782dede10a24d1032190774a3605c4/-/horizon-files-prod/ed/picture/q0g7xkq8/121c912b9d13cc85f29431dc1099a31a0277817d.jpg
1404,"<h1 class=""listing-item__header"">
    Dell latitude E-7740
</h1>",Venant,Dell,105 000 ,Almadies 2,https://i.roamcdn.net/hz/ed/listing-thumb-543w/f66fc74d85fe7a5eec54b1ad5b7e25cc/-eyJvciI6MTgwfQ%3D%3D/horizon-files-prod/ed/picture/q6xxged4/06c561dd95769b84db004f72ceeabdd869a2b1e0.jpg
1405,"<h1 class=""listing-item__header"">
    All in one Dell 7440
</h1>",Venant,Dell,220 000 ,Médina,https://i.roamcdn.net/hz/ed/listing-thumb-543w/d9239dfa8f6e639e4e328467b225f2cf/-/horizon-files-prod/ed/picture/qzvpq4wx/c3179750361840213d045f2aa0323fd7a74601ad.jpg
1406,"<h1 class=""listing-item__header"">
    MacBook Air M2    Ram: 8GB / Disk: 512 SSD
</h1>",Venant,Apple,650 000 ,Zone de captage,https://i.roamcdn.net/hz/ed/listing-thumb-543w/3e14fa55b029b3fdfcad174aa648f55d/-/horizon-files-prod/ed/picture/q78wdjej/ee34e3c0c0bd26c04e94988d467044aca60b116b.jpg
1407,"<h1 class=""listing-item__header"">
    Promo☄️Hp EliteBook 840 Corei5
</h1>",Neuf,HP,150 000 ,Médina,https://i.roamcdn.net/hz/ed/listing-thumb-543w/fe9cf1835f4a18e93dc47f3a7b77b0ec/-/horizon-files-prod/ed/picture/qrz8krwq/dcbbfa81a6b76abac8489ebdeafb7f7d3bbb487b.jpg
1408,"<h1 class=""listing-item__header"">
    Msi Gamer Corei7 Rtx 8giga dédié Ram32 1To ssd
</h1>",Neuf,MSI,500 000 ,Médina,https://i.roamcdn.net/hz/ed/listing-thumb-543w/3dcca3c71c215e8efd9452fcc4bb90b8/-/horizon-files-prod/ed/picture/q56d2pq5/6916b284b7fca3ddb49f762ddcb300cd8811c664.jpg
1409,"<h1 class=""listing-item__header"">
    ASUS PROART STUDIO BOOK
</h1>",Neuf,ASUS,1 550 000 ,Yoff,https://i.roamcdn.net/hz/ed/listing-thumb-543w/0793d319089018203b9cb00289707c27/-/horizon-files-prod/ed/picture/qngpk9km/70e0e4421a62ce485ede6946c487f682420f912e.jpg
1410,"<h1 class=""listing-item__header"">
    Lenovo X1 CARBON i7
</h1>",Venant,Lenovo,125 000 ,Plateau,https://i.roamcdn.net/hz/ed/listing-thumb-543w/6812bf7952f179abd3c047e8634839a2/-/horizon-files-prod/ed/picture/qzvpq86v/dd237b76ef04dadfd38112e2d7bc5259a77048f9.jpg
1411,"<h1 class=""listing-item__header"">
    Dell core i5 disc ssd 180g ram 8g
</h1>",Venant,Dell,55 000 ,Yoff,https://i.roamcdn.net/hz/ed/listing-thumb-543w/b97c1aed8fa48555a78de5e879659c97/-/horizon-files-prod/ed/picture/qngpk9w0/a6c6bdb59d47a5dada811194848210ffd2cda4d7.jpg
1412,"<h1 class=""listing-item__header"">
    Vente Samsung Odyssey G30D
</h1>",Neuf,Samsung,195 000 ,Plateau,https://i.roamcdn.net/hz/ed/listing-thumb-543w/bf79717bcd32db2f198296a87ad16abe/-/horizon-files-prod/ed/picture/q2j02kk8/8c70c8158c4e861d0f385b6cadbc55f801f5ce11.jpg
1413,"<h1 class=""listing-item__header"">
    HP Zbook Firefly 14 G8 Cor i5
</h1>",Neuf,HP,260 000 ,Médina,https://i.roamcdn.net/hz/ed/listing-thumb-543w/86f1dcfb27e3776d5fd53b2aaf1856d4/-/horizon-files-prod/ed/picture/qwep8440/f3fb062e3f3b501085b524618070940b9d8cc44c.jpg
1414,"<h1 class=""listing-item__header"">
    MacBook Pro /16G/256G/i5
</h1>",Venant,Apple,300 000 ,Plateau,https://i.roamcdn.net/hz/ed/listing-thumb-543w/407e35c15477b105af7f9439c485106d/-/horizon-files-prod/ed/picture/qq42gjpk/7b45bd12fd89436eb6597d612a2953aa49e3abd1.jpg
1415,"<h1 class=""listing-item__header"">
    Acer Aspire 3 I5-11Th/12go/512ssd
</h1>",Neuf,Acer,350 000 ,Médina,https://i.roamcdn.net/hz/ed/listing-thumb-543w/cb9e8e6f1176aff50e4dcafc2d2fc828/-/horizon-files-prod/ed/picture/q0g7xkww/4dadd0be6f1d50639bfe8b6a20cef8018c08a7b7.jpg
1416,"<h1 class=""listing-item__header"">
    Dell Latitude 5440 I5-13gen /16Go/512ssd
</h1>",Neuf,Dell,400 000 ,Médina,https://i.roamcdn.net/hz/ed/listing-thumb-543w/cb7c50e10211709918471beb9e759714/-/horizon-files-prod/ed/picture/qgqwwx82/9b82875507b8feac21e68b86a9b341a7bbc2771b.jpg
1417,"<h1 class=""listing-item__header"">
    HP ProBook 635 Aero G7
</h1>",Venant,HP,150 000 ,Derkle,https://i.roamcdn.net/hz/ed/listing-thumb-543w/4e11de6e3fd48825a00907867947e8c7/-/horizon-files-prod/ed/picture/qngpkpjg/b91c97cb80d8bad8a4501f3cb109e2fb81076f72.jpg
1418,"<h1 class=""listing-item__header"">
    Mac Book Air Puce M2
</h1>",Neuf,Apple,575 000 ,Cambérène,https://i.roamcdn.net/hz/ed/listing-thumb-543w/46a5323cf0b2b5ed818503681ff1b4d0/-/horizon-files-prod/ed/picture/qv4w5d98/6ac1b9c91badce347e5a653b2ed6b42662245100.jpg
1419,"<h1 class=""listing-item__header"">
    MACBOOK PRO M3 MAX
</h1>",Neuf,Apple,2 850 000 ,Cité keur gorgui,https://i.roamcdn.net/hz/ed/listing-thumb-543w/25105ff55e3abdb3d61b15ee992b5912/-/horizon-files-prod/ed/picture/q448qe42/168fe249668a7d8139df64509afcaa90908c60b1.jpg
1420,"<h1 class=""listing-item__header"">
    DELL INSPIRON 15 PLUS 7620 I7-12GEN/16GO/1TO/RTX3060
</h1>",Neuf,Dell,650 000 ,Médina,https://i.roamcdn.net/hz/ed/listing-thumb-543w/fc152becbc0f61ec3cc5dbce98f5b60d/-/horizon-files-prod/ed/picture/qj4qdq4v/96a92b9910b7bf65a144575385b8f334b762db1c.jpg
1421,"<h1 class=""listing-item__header"">
    Lonovo thinpad A6
</h1>",Venant,Lenovo,130 000 ,Plateau,https://i.roamcdn.net/hz/ed/listing-thumb-543w/426fa8d03e26fee3894706c03d779173/-/horizon-files-prod/ed/picture/qpdm5mdp/510ebae7943ca8c6bc43243935b3f2751d983050.png
1422,"<h1 class=""listing-item__header"">
    Macbook Pro 2020
</h1>",Venant,Apple,350 000 ,Plateau,https://i.roamcdn.net/hz/ed/listing-thumb-543w/45e348b7bbf6376706ca10f10cf5238c/-/horizon-files-prod/ed/picture/qenvmq6z/08515e92f1e3c86a895d49d5997a53f3326ea138.jpg
1423,"<h1 class=""listing-item__header"">
    Dell 7480 i5 neuf
</h1>",Neuf,Dell,160 000 ,Amitié,https://i.roamcdn.net/hz/ed/listing-thumb-543w/3f4f6300892c3f44d70391385c4a3fb6/-/horizon-files-prod/ed/picture/q56d2w40/e5ebfb43878af0cf8d45f1f0da9170997bbcf229.jpg
1424,"<h1 class=""listing-item__header"">
    Hp 840 g6 i5 neuf
</h1>",Neuf,HP,230 000 ,Amitié,https://i.roamcdn.net/hz/ed/listing-thumb-543w/c7ec0aa1eeebbb69c0a3be077e2e3e07/-/horizon-files-prod/ed/picture/qkr8dm5v/7c5284e7bc0a8f4cbb9c023632782f5c1e9d1f45.jpg
1425,"<h1 class=""listing-item__header"">
    Hp elitebook 845 G7
</h1>",Venant,HP,330 000 ,Plateau,https://i.roamcdn.net/hz/ed/listing-thumb-543w/91df921d3b55792a8a964c1069779ac2/-/horizon-files-prod/ed/picture/q8v49dm0/c3d5ec159b5327dae0bf2a936a22a829420894b7.jpg
1426,"<h1 class=""listing-item__header"">
    Surface laptop3 i5
</h1>",Neuf,Microsoft Surface,240 000 ,Plateau,https://i.roamcdn.net/hz/ed/listing-thumb-543w/2f53b832031cd937ad25f200364c09ab/-/horizon-files-prod/ed/picture/qgqw8rq8/7a60741e11de2c4fc9f18012ae10c759a0f2f47c.jpg
1427,"<h1 class=""listing-item__header"">
    Msi Gamer Corei7 1To ssd Ram32 Rtx 8Giga dédié
</h1>",Neuf,MSI,500 000 ,Médina,https://i.roamcdn.net/hz/ed/listing-thumb-543w/e8c4cb330770a27cec3ebeb84b003c50/-/horizon-files-prod/ed/picture/qq42k704/921aea4df00672e7fdc66681853f3d4957e43a97.jpg
1428,"<h1 class=""listing-item__header"">
    LENOVO
</h1>",Neuf,Lenovo,150 000 ,Médina,https://i.roamcdn.net/hz/ed/listing-thumb-543w/19ae1dbafb9d1097325f1238e142e9c8/-/horizon-files-prod/ed/picture/qzvpdv4k/8393f19caec4b995e4114fc5f5f1260ec2d35a65.jpg
1429,"<h1 class=""listing-item__header"">
    MACBOOK PRO M3 MAX 4To RAM 64GO 16 POUCES AZERTY
</h1>",Neuf,Apple,3 600 000 ,Plateau,https://i.roamcdn.net/hz/ed/listing-thumb-543w/c90c7fb77b6b9bed038fee847de81211/-/horizon-files-prod/ed/picture/qgqwk97e/e1ee08585849e7c03050a7e76370595d2a014f3e.jpg
1430,"<h1 class=""listing-item__header"">
    hp victus i5 24go RAM rtx3050
</h1>",Neuf,HP,550 000 ,Plateau,https://i.roamcdn.net/hz/ed/listing-thumb-543w/c1f885a01d18b1e255dda21d84b7582e/-/horizon-files-prod/ed/picture/qpdm7dwm/3560e775c4d95b6c4f1b6f0c7858370d24d709f4.jpg
1431,"<h1 class=""listing-item__header"">
    Lenovo Thinkpad T14 Gen4 Corei7 Ram32 13Th Gen
</h1>",Neuf,Lenovo,650 000 ,Médina,https://i.roamcdn.net/hz/ed/listing-thumb-543w/38aa41069a3319d402e16a9001e3ef14/-/horizon-files-prod/ed/picture/qenvmq2j/774473172cc99be05ee9554aaa80b0448433056c.jpg
1432,"<h1 class=""listing-item__header"">
    Lenovo core i5 11th gen thinkbook
</h1>",Venant,Lenovo,179 900 ,Point-e,https://i.roamcdn.net/hz/ed/listing-thumb-543w/460a581824b19edb0b77a611cbd5e2c9/-/horizon-files-prod/ed/picture/qngpn4ze/1f5d9a9d4c93f4b21b1ea17fc5bec1419e2fc8b4.jpg
1433,"<h1 class=""listing-item__header"">
    Hp EliteBook 1030x360 Corei7 512ssd Ram16
</h1>",Neuf,HP,250 000 ,Médina,https://i.roamcdn.net/hz/ed/listing-thumb-543w/7c2a7a33c1d3827313651eaeffd2cb45/-/horizon-files-prod/ed/picture/q56d2xv5/7066ec1b123d4ef77d7c8547c3124d2ae0e1172b.jpg
1434,"<h1 class=""listing-item__header"">
    Promo☄️Hp EliteBook 840 Corei5
</h1>",Neuf,HP,150 000 ,Médina,https://i.roamcdn.net/hz/ed/listing-thumb-543w/0618fd9210d651edebd15fcc970293ad/-/horizon-files-prod/ed/picture/qxjpn2x2/0a0e30f8039d116a83178acc7aba5971de6a14ec.jpg
1435,"<h1 class=""listing-item__header"">
    Dell 5440
</h1>",Neuf,Dell,600 000 ,Gueule-Tapée,https://i.roamcdn.net/hz/ed/listing-thumb-543w/c98d6330c5568571e84b6a10e6ca97a9/-/horizon-files-prod/ed/picture/qkr8d5jn/83ba3abe56fec3b87ed2b739ddb3933cba5e8476.jpg
1436,"<h1 class=""listing-item__header"">
    𝗛𝗣 𝗭𝗕𝗢𝗢𝗞 𝟭𝟰𝗨 𝗚𝟲 | 𝗖𝗢𝗥𝗘 𝗜𝟱 | 𝟴𝗚𝗲𝗻
</h1>",Venant,HP,200 000 ,Médina,https://i.roamcdn.net/hz/ed/listing-thumb-543w/16505addce30391132dd02ed5b8a09b4/-/horizon-files-prod/ed/picture/q6xdrwgv/2995775ef6876e663633cada054ab00157acf30b.jpg
1437,"<h1 class=""listing-item__header"">
    iMac i5 /1terra /
</h1>",Venant,Apple,250 000 ,Plateau,https://i.roamcdn.net/hz/ed/listing-thumb-543w/45675899a87c80238c32526802bdd986/-/horizon-files-prod/ed/picture/qngpzpnw/656a23a0684916c17cff8648ace00fd43111d48c.png
1438,"<h1 class=""listing-item__header"">
    Mac Pro 15"" 2019 Intel i7 32GB/ 500GB 4GB Graphic
</h1>",Venant,Apple,435 000 ,Yoff,https://i.roamcdn.net/hz/ed/listing-thumb-543w/d0329796cfe6e990f6c3e87702b95cfd/-/horizon-files-prod/ed/picture/qrz8002q/a496a22637c41b7dbb1120d76e64760e0ec90483.jpg
1439,"<h1 class=""listing-item__header"">
    Hp Zbook Power 15.6  G10  i7 / 32GB / 1T ssd  RTX A1000
</h1>",Neuf,HP,1 150 000 ,Zone de captage,https://i.roamcdn.net/hz/ed/listing-thumb-543w/752ce983f4baf15388284125db949caa/-/horizon-files-prod/ed/picture/q2j05dnv/ada28ac732ce71e70704b3972782c34d0b04fa25.jpg
1440,"<h1 class=""listing-item__header"">
    HP EliteBook 840 G10 Notebook i7 16GB SSD 512
</h1>",Neuf,HP,850 000 ,Zone de captage,https://i.roamcdn.net/hz/ed/listing-thumb-543w/67d3d62766fef9b72446ae520b2b7c7f/-/horizon-files-prod/ed/picture/q78wgppn/5b26321910e0e6c812f3bd5d822e6e334aa80f45.jpg
1441,"<h1 class=""listing-item__header"">
    Lenovo P16s Gen 3  Ultra 7   32GB / 1T ssd  A500
</h1>",Neuf,Lenovo,1 200 000 ,Zone de captage,https://i.roamcdn.net/hz/ed/listing-thumb-543w/ec9311308e222ae4d86fb769df6f9578/-/horizon-files-prod/ed/picture/q6xdvpwp/9f12f015b2e55fce1f336b49df6113bce31c3078.jpg
1442,"<h1 class=""listing-item__header"">
    HP Elitebook 830 G11  Ultra 5
</h1>",Neuf,HP,650 000 ,Zone de captage,https://i.roamcdn.net/hz/ed/listing-thumb-543w/5543dac23e00a1e29afd4585c00aa0bf/-/horizon-files-prod/ed/picture/q78wrv8d/5ad1886ff1ea1dc908ce99d6871f1177b598fd41.png
1443,"<h1 class=""listing-item__header"">
    Dell Latitude 5450 ( tacile ) Ultra 7   32GB /512 SSD
</h1>",Neuf,Dell,950 000 ,Zone de captage,https://i.roamcdn.net/hz/ed/listing-thumb-543w/cfb8d683d2c72b8b34d63f13a2f86764/-/horizon-files-prod/ed/picture/qkr8xv7m/8855bd871e0df1b0fcb6d824ab67ab3292971c02.jpg
1444,"<h1 class=""listing-item__header"">
    HP Elitebook 840 G11  Ultra 5  scellé
</h1>",Neuf,HP,700 000 ,Zone de captage,https://i.roamcdn.net/hz/ed/listing-thumb-543w/53251bf8874f29c0a3d0ed2091649138/-/horizon-files-prod/ed/picture/qgqwjkdk/eeea4bd8e44317eac216fd7b9964bc798f040a9e.jpg
1445,"<h1 class=""listing-item__header"">
    Macbook M3 Pro 14 inch  18/1T SSD  Azerty
</h1>",Neuf,Apple,1 350 000 ,Zone de captage,https://i.roamcdn.net/hz/ed/listing-thumb-543w/52a83edcaf653e4033b2622105e713fc/-/horizon-files-prod/ed/picture/qgqwje5n/a64e534f15d3d04115334d7c945ccbee7e15aec2.jpg
1446,"<h1 class=""listing-item__header"">
    Hp elitebook 850g7
</h1>",Neuf,HP,240 000 ,Plateau,https://i.roamcdn.net/hz/ed/listing-thumb-543w/5c631072a88de1d1296788a2e9087546/-/horizon-files-prod/ed/picture/q78wd7jg/a5f4ff2327c6521a48c46bb546b9bb04d1fe8a4e.jpg
1447,"<h1 class=""listing-item__header"">
    Hp Zbook create G7
</h1>",Venant,HP,530 000 ,Plateau,https://i.roamcdn.net/hz/ed/listing-thumb-543w/4379d39ff5720ba863452a144452de52/-/horizon-files-prod/ed/picture/qzvpq4pr/327b7d460ac58d823fc7bc9f79a473be899922a5.jpg
1448,"<h1 class=""listing-item__header"">
    Hp elitebook 840 G6
</h1>",Venant,HP,175 000 ,Yoff,https://i.roamcdn.net/hz/ed/listing-thumb-543w/e0a8a91503e3ac802f41d9d0d14a38dc/-/horizon-files-prod/ed/picture/qm5gkrpz/ace1ab445719e7893ac57e81df74484e00b6491d.jpg
1449,"<h1 class=""listing-item__header"">
    Hp EliteBook MT 46 2023 512/16
</h1>",Neuf,HP,240 000 ,Plateau,https://i.roamcdn.net/hz/ed/listing-thumb-543w/d776cc9faa844195abd745e209f8ecc7/-/horizon-files-prod/ed/picture/qv4wd5dx/4bbe2d89ca9ade96cf755bf61684a7d5a435d065.jpg
1450,"<h1 class=""listing-item__header"">
    Hp Elite DragonFly x360 i7
</h1>",Venant,HP,340 000 ,Plateau,https://i.roamcdn.net/hz/ed/listing-thumb-543w/d061bf0453c8b91d3595564f3c61abdd/-/horizon-files-prod/ed/picture/q78wjrjg/c1009b181e81ec7a63dd499477aa1cbd5e0c5290.jpg
1451,"<h1 class=""listing-item__header"">
    Lenovo ideapad flex yoga i7 11th
</h1>",Venant,Lenovo,270 000 ,Plateau,https://i.roamcdn.net/hz/ed/listing-thumb-543w/f15e692e3d1837df50b933a7ef0d8e47/-/horizon-files-prod/ed/picture/qngpkdxk/1a0d89b9a532bc7b1a16eda6bc3bf06d1a6bd763.jpg
1452,"<h1 class=""listing-item__header"">
    MacBook Air M2 (2022) 13.3 pouces
</h1>",Neuf,Apple,600 000 ,Médina,https://i.roamcdn.net/hz/ed/listing-thumb-543w/81d76ae194b91b7fedbdb4b211efcb4e/-/horizon-files-prod/ed/picture/q0g7x2wz/4b666903b386a01896d9780b8196781add5d9c15.jpg
1453,"<h1 class=""listing-item__header"">
    Hp ElitBook 840 G8
</h1>",Venant,HP,275 000 ,Plateau,https://i.roamcdn.net/hz/ed/listing-thumb-543w/e8c0a9b243eea9fe036770da090cf43e/-/horizon-files-prod/ed/picture/q9mj2896/2a51114898fe7b5fb3f9a60bda08c98fa3c54d46.jpg
1454,"<h1 class=""listing-item__header"">
    Hp EliteBook 840 G7
</h1>",Venant,HP,225 000 ,Plateau,https://i.roamcdn.net/hz/ed/listing-thumb-543w/7ccf1754f67537465baefd05b04cab7c/-/horizon-files-prod/ed/picture/qv4w0pex/2815555373c90308cd9332824f72d876e3abaf13.jpg
1455,"<h1 class=""listing-item__header"">
    MacBook Pro 16"" M3 Pro
</h1>",Neuf,Apple,1 350 000 ,Sicap Sacré-cœur,https://i.roamcdn.net/hz/ed/listing-thumb-543w/8bfe751e40caefab73e4555bd5fd3094/-/horizon-files-prod/ed/picture/q44nmkn2/49f83036a99cb1086e718efb5f471a2be945b3e2.png
1456,"<h1 class=""listing-item__header"">
    Promo Hp elitbook 840
</h1>",Venant,HP,275 000 ,Hlm,https://i.roamcdn.net/hz/ed/listing-thumb-543w/e679df328657aeb75bf49c04ef71b5b7/-/horizon-files-prod/ed/picture/qenvmn6k/047d7f32a4c390ea7013272b02beb08788365d24.jpg
1457,"<h1 class=""listing-item__header"">
    HP EliteBook 850 G8 15.6""  i5-1165G7  16 GB RAM - 512 GB SSD
</h1>",Venant,HP,350 000 ,Grand-Yoff,https://i.roamcdn.net/hz/ed/listing-thumb-543w/ec2f61312120366658ef4494eb8aa63d/-/horizon-files-prod/ed/picture/q2j02jej/763141c79242781c9fc37c035acff490d0b82b5e.png
1458,"<h1 class=""listing-item__header"">
    Hp probook 440 G6 core i5 de 8th génération disque
</h1>",Venant,HP,185 000 ,Hlm,https://i.roamcdn.net/hz/ed/listing-thumb-543w/f521728be5149fd967e14458d2e06fa9/-/horizon-files-prod/ed/picture/q0g7xgem/abe92ca6c79f0f9f10a6606df788fa7dab6cc5ea.jpg
1459,"<h1 class=""listing-item__header"">
    LENOVO IDEAPAD 3
</h1>",Venant,Lenovo,200 000 ,Hann maristes,https://i.roamcdn.net/hz/ed/listing-thumb-543w/4247398a603cd67f37590145ecffbca5/-/horizon-files-prod/ed/picture/q6xd2x8j/9bd2550e8e461393aee7428f1f29fca5bf31c7a1.jpg
1460,"<h1 class=""listing-item__header"">
    MacBook Pro 2019 16 Pouces - I7 | 16GB RAM | 512
</h1>",Venant,Apple,550 000 ,Point-e,https://i.roamcdn.net/hz/ed/listing-thumb-543w/2c42f6dfa9f5c7677c50974affd4c5af/-/horizon-files-prod/ed/picture/q0g7zv4x/1f0f3e1b2946a395d870a21bc900cdc5b3157295.jpg
1461,"<h1 class=""listing-item__header"">
    Promo☄️Hp EliteBook 1030x360 Corei7 512 ssd Ram16
</h1>",Neuf,HP,250 000 ,Médina,https://i.roamcdn.net/hz/ed/listing-thumb-543w/86323861b41814caa0dc909d5bb21268/-/horizon-files-prod/ed/picture/qq42k4k4/dc52a73f797ffceb85b091245717a182c2e54dc7.jpg
1462,"<h1 class=""listing-item__header"">
    Promo☄️Hp EliteBook 840 Corei5
</h1>",Neuf,HP,150 000 ,Médina,https://i.roamcdn.net/hz/ed/listing-thumb-543w/f133d2c0ffe54cf5950713ed56a3b934/-/horizon-files-prod/ed/picture/qngpkgnr/23456f7b74ad2d5ab0343b8cb058022d8ae3101e.jpg
1463,"<h1 class=""listing-item__header"">
    Msi Gamer Corei7 Ram32giga Nvidia GTX 8giga dédié
</h1>",Venant,HP,400 000 ,Médina,https://i.roamcdn.net/hz/ed/listing-thumb-543w/dbd518103f712da998a1f1a792651696/-/horizon-files-prod/ed/picture/qzvpqv5k/aa33f6e0c2ccc1d186eed0f9b31d6baddff41efb.jpg
1464,"<h1 class=""listing-item__header"">
    Bureau dell core i5 disk 500go ram 8gb
</h1>",Venant,Dell,70 000 ,Keur Massar,https://i.roamcdn.net/hz/ed/listing-thumb-543w/55127da2267d1c1ee0a5729e6eeff3de/-/horizon-files-prod/ed/picture/q44np07z/3f9193383015aff964fd0b693c53213d103b8718.jpg
1465,"<h1 class=""listing-item__header"">
    HP Elitebook 845 G10 Rayzen 5 Pro
</h1>",Venant,HP,450 000 ,Médina,https://i.roamcdn.net/hz/ed/listing-thumb-543w/76a20bffedd6d7f65de13fdfaa009265/-/horizon-files-prod/ed/picture/q78wv29d/ddd5a465b1ef4e86eec3d6381a30c622ac395831.jpg
1466,"<h1 class=""listing-item__header"">
    MacBook Pro M3
</h1>",Neuf,Apple,1 050 000 ,Médina,https://i.roamcdn.net/hz/ed/listing-thumb-543w/7bdf6a9fb49e2e36be230ff9581c81aa/-/horizon-files-prod/ed/picture/q6xd277g/d709dcee6f7e86b3619ac496bb43a9e627f3c4c2.jpg
1467,"<h1 class=""listing-item__header"">
    HP Pavilion 2-in-1 cor i5 de 12th gen
</h1>",Neuf,HP,400 000 ,Médina,https://i.roamcdn.net/hz/ed/listing-thumb-543w/f87511bfbc54a8da23d02ff9d92afdd7/-/horizon-files-prod/ed/picture/qwep9mzp/c3d3014b009bc7dd4990b34b7624560b8ead0811.jpg
1468,"<h1 class=""listing-item__header"">
    Lonovo L14 /512G/32G
</h1>",Neuf,Lenovo,325 000 ,Plateau,https://i.roamcdn.net/hz/ed/listing-thumb-543w/b0fc6e768038cb384e40f6f4ce0f0e45/-/horizon-files-prod/ed/picture/q56dv90p/a8c26ba3909c0fcc9fac69da66b97de8b59dae68.jpg
1469,"<h1 class=""listing-item__header"">
    hp Victus 16"" RTX 3050Ti
</h1>",Neuf,HP,450 000 ,Sicap Sacré-cœur,https://i.roamcdn.net/hz/ed/listing-thumb-543w/265a971e8dfd9a93805de7681ffe3aff/-/horizon-files-prod/ed/picture/qj4qd4p8/1ccf01c61c4bc58082d2f468c9f33bec82c2b056.jpg
1470,"<h1 class=""listing-item__header"">
    MSI Pulse 16 AI
</h1>",Neuf,MSI,950 000 ,Sicap Sacré-cœur,https://i.roamcdn.net/hz/ed/listing-thumb-543w/41cacd068efb960dffad748cf71aacb1/-/horizon-files-prod/ed/picture/qde7jvej/26ae28fecab19db67a2c058e6c8668201db9772f.jpg
1471,"<h1 class=""listing-item__header"">
    Dell 5420 11é génération
</h1>",Venant,Dell,200 000 ,Yoff,https://i.roamcdn.net/hz/ed/listing-thumb-543w/4e4cae2f00ffece1e1979d0434b5f820/-/horizon-files-prod/ed/picture/qwep9mqk/a0279c493ced1d8b463481decd99f254549a6352.jpg
1472,"<h1 class=""listing-item__header"">
    MacBook Pro 2020 M1 512go/16go de ram
</h1>",Neuf,Apple,580 000 ,Plateau,https://i.roamcdn.net/hz/ed/listing-thumb-543w/ec36388bf9d9c5e6d3067460fce87feb/-/horizon-files-prod/ed/picture/q44n2jke/5281578d2a45c5c76e92ae873d39da918358478e.jpg
1473,"<h1 class=""listing-item__header"">
    Msi Gamer Corei7 Ram32 Nvidia Gtx 8Giga dédié
</h1>",Venant,MSI,400 000 ,Médina,https://i.roamcdn.net/hz/ed/listing-thumb-543w/219b7d37676f255d73e2bd3a9c1fb86b/-/horizon-files-prod/ed/picture/qgqwk5zk/960bd175a9a3ce66ad58ca2c9ba9ab97fa533d7b.jpg
1474,"<h1 class=""listing-item__header"">
    ✅ Hp Pro G6-  i5✅ 8go Ram- 256Go Ssd- 14 Pouces
</h1>",Venant,HP,175 000 ,Hlm,https://i.roamcdn.net/hz/ed/listing-thumb-543w/0541dcc9c3b10271a61e4457aff7ec55/-/horizon-files-prod/ed/picture/qngpk529/ee300640000600e460df22571b33d77f4251caad.jpg
1475,"<h1 class=""listing-item__header"">
    Promo ☄️Hp EliteBook 840 Corei5
</h1>",Neuf,HP,150 000 ,Médina,https://i.roamcdn.net/hz/ed/listing-thumb-543w/ec200358f498642700c0501f6a4954b6/-/horizon-files-prod/ed/picture/qv4w0mxp/5eec2b6e11cf68486deb01faf1f737c599f9ae36.jpg
1476,"<h1 class=""listing-item__header"">
    MacBook Air  M2 2022
</h1>",Venant,Apple,380 000 ,Liberte 6,https://i.roamcdn.net/hz/ed/listing-thumb-543w/aa2c0cb4e6f912f4208a412e59d95abc/-/horizon-files-prod/ed/picture/q9mj20kx/b38ccc1cddf8542516b143c2aba1ed3a41bcc5d4.jpg
1477,"<h1 class=""listing-item__header"">
    Pc Gamer
</h1>",Neuf,Autre,540 000 ,Plateau,https://i.roamcdn.net/hz/ed/listing-thumb-543w/07d031b736ddf5d6b5c26e92a636fe1c/-/horizon-files-prod/ed/picture/qq4287zk/85abad0ea51e81fdbfcb137310148d31deed402e.png
1478,"<h1 class=""listing-item__header"">
    Hp 840 g4 i5 tactile neuf
</h1>",Neuf,HP,160 000 ,Amitié,https://i.roamcdn.net/hz/ed/listing-thumb-543w/f8382bbe20cc9d47be12ec254c6adb2f/-/horizon-files-prod/ed/picture/q0g7xpwg/3739cc9d769246be9f0eb907399fc6261db90692.jpg
1479,"<h1 class=""listing-item__header"">
    MacBook Pro 14 pouces M3 Pro 18GB SSD 512
</h1>",Neuf,Apple,1 350 000 ,Médina,https://i.roamcdn.net/hz/ed/listing-thumb-543w/418e33ca69160787a6015b006ae0a364/-/horizon-files-prod/ed/picture/q2j02zrv/56ff84296b5dd9bfa125aae3b56705c28004495f.jpg
1480,"<h1 class=""listing-item__header"">
    ALL-IN-ONE 27 POUCES
</h1>",Neuf,Autre,600 000 ,Plateau,https://i.roamcdn.net/hz/ed/listing-thumb-543w/b55b0f4d1545cf026bd9982daf92bbc3/-/horizon-files-prod/ed/picture/q8v58kj4/920ecfea45ab0d1e64a7ed0c4a8b2f804704f18c.jpg
1481,"<h1 class=""listing-item__header"">
    Lenovo thinkpad L13 Yoga
</h1>",Neuf,Lenovo,240 000 ,Plateau,https://i.roamcdn.net/hz/ed/listing-thumb-543w/4cf1213da53e0d8a37af46bbb42252da/-/horizon-files-prod/ed/picture/qq428pmn/a2b1d79dd1c53b9a3049391207617a7b52199750.jpg
1482,"<h1 class=""listing-item__header"">
    Dell Precision 3541
</h1>",Venant,Dell,350 000 ,Médina,https://i.roamcdn.net/hz/ed/listing-thumb-543w/033c4f39db6f6ea2b3807e2f3d2c1967/-/horizon-files-prod/ed/picture/qngpnv6e/18fef9191a1bb668bcad1f302707e6eeb8d6603e.jpg
1483,"<h1 class=""listing-item__header"">
    ACER ASPIRE 3 RYZEN 5/12GO/512SSD
</h1>",Neuf,Acer,250 000 ,Médina,https://i.roamcdn.net/hz/ed/listing-thumb-543w/9f6400ad3d7c48d481bd802dbf682f6f/-/horizon-files-prod/ed/picture/q56d87kn/636f339f78b06b526ca643ee3b884423fa45b01d.jpg
1484,"<h1 class=""listing-item__header"">
    HP ELITEBOOK 1030 X360 G2 CORE I5
</h1>",Venant,HP,215 000 ,Médina,https://i.roamcdn.net/hz/ed/listing-thumb-543w/496ac0ca0e705f7c9cc46cef58f00228/-/horizon-files-prod/ed/picture/qq47kg9v/1ff2845fab520a1d49e1e99ecfe7658b37c73a5f.jpg
1485,"<h1 class=""listing-item__header"">
    HP Victus 15.6'' Ryzen 5 8GB SSD 512
</h1>",Neuf,HP,525 000 ,Fenêtre mermoz,https://i.roamcdn.net/hz/ed/listing-thumb-543w/66b3df6450ffcf1ae6bddb979a65566f/-/horizon-files-prod/ed/picture/qxjpzeq4/a303e30bc953900cace1da966a8bd4b57182bc4b.png
1486,"<h1 class=""listing-item__header"">
    Mac Mini M2 Pro 16GB SSD 512
</h1>",D'occasion,Apple,700 000 ,Fenêtre mermoz,https://i.roamcdn.net/hz/ed/listing-thumb-543w/1d6f5a1db7c49448c225aaa89a3ae00e/-/horizon-files-prod/ed/picture/q2j07026/f060f7c3d495d5c0c5e4496a9f78f27cfe423da1.jpg
1487,"<h1 class=""listing-item__header"">
    Dell XPS 13 4k
</h1>",Venant,Dell,200 000 ,Yoff,https://i.roamcdn.net/hz/ed/listing-thumb-543w/209739c93f6ecc90ce492ccf8d95a357/-/horizon-files-prod/ed/picture/qrz84dvm/34276aa2f653891ebea87278d8f0488ad3882926.jpg
1488,"<h1 class=""listing-item__header"">
    HP EliteBook 860 G10 Core i5 13e Gen
</h1>",Neuf,HP,495 000 ,Gueule-Tapée,https://i.roamcdn.net/hz/ed/listing-thumb-543w/5395cc903676bab9ea422e3f0e90699d/-/horizon-files-prod/ed/picture/q6xd407d/3df3fa474962921f02a14acd670220d0c5e1ccd4.jpg
1489,"<h1 class=""listing-item__header"">
    Lenovo P1 Gen 6 2024 i7 13th gen RTX 4060
</h1>",Neuf,Lenovo,800 000 ,Plateau,https://i.roamcdn.net/hz/ed/listing-thumb-543w/e51d6345fcf6d5bf3bfd62fe920c1139/-/horizon-files-prod/ed/picture/qngpnr5w/1e3e2e88a3ee62da70f4437db28ed624c0a86c90.jpg
1490,"<h1 class=""listing-item__header"">
    MacBook Air M1 2020
</h1>",Venant,Apple,425 000 ,Plateau,https://i.roamcdn.net/hz/ed/listing-thumb-543w/ad8ba9a9504b2ceacf5603ab59f0c24a/-/horizon-files-prod/ed/picture/q9mj640n/ccecf001f0b8a45dbe0f5f9484c66633040ce4b0.jpg
1491,"<h1 class=""listing-item__header"">
    Imac 2021 M1 512go
</h1>",Neuf,Apple,750 000 ,Plateau,https://i.roamcdn.net/hz/ed/listing-thumb-543w/40093813fe8e13c8f94c10edfe7eedeb/-/horizon-files-prod/ed/picture/qrz84d2q/2fbdff83a3a5c7960c3b78a2b07a26b717749da6.jpg
1492,"<h1 class=""listing-item__header"">
    MACBOOK AIR 13.6 M2 16/256GB
</h1>",Neuf,Apple,730 000 ,Plateau,https://i.roamcdn.net/hz/ed/listing-thumb-543w/666aa535da9a11a162d22052d51d82c2/-/horizon-files-prod/ed/picture/qngpn4rm/e7afeea254e9a5d6b1275e24898d4a8bfa0686de.jpg
1493,"<h1 class=""listing-item__header"">
    Hp elitebook 840 G4 tactile
</h1>",Venant,HP,150 000 ,Yoff,https://i.roamcdn.net/hz/ed/listing-thumb-543w/7746a382fa40ab04b77297cdfb124061/-/horizon-files-prod/ed/picture/q6xd4gg8/1255c85c1b4b0a66594c692ad59d67e2087675a9.jpg
1494,"<h1 class=""listing-item__header"">
    Ordinateur Lenovo en promotion
</h1>",Venant,Lenovo,79 900 ,Gibraltar,https://i.roamcdn.net/hz/ed/listing-thumb-543w/41fe4cb46e5c998f07c1ea16d100ef33/-/horizon-files-prod/ed/picture/qj4q7nk5/42c4de3b6e4db2219ed3366fb17999d9ff0fa7b2.jpg
1495,"<h1 class=""listing-item__header"">
    Asus Vivobook
</h1>",Neuf,ASUS,400 000 ,Plateau,https://i.roamcdn.net/hz/ed/listing-thumb-543w/221dbd77b45c1cc29eeee6e3d0dd2451/-/horizon-files-prod/ed/picture/q6xd4gj6/ea2863946a6339d083ee7bd19b49cc57a429a32c.jpg
1496,"<h1 class=""listing-item__header"">
    Ordinateur portable Lenovo promo
</h1>",Réconditionné,Lenovo,89 900 ,Gibraltar,https://i.roamcdn.net/hz/ed/listing-thumb-543w/05b7bd6300da74093cb2be2a7600021b/-/horizon-files-prod/ed/picture/qm5g9z7q/a56d6fa6a2c26109d66c22c6e653f75cb842ddce.jpg
1497,"<h1 class=""listing-item__header"">
    MacBook pro retina 2015
</h1>",Venant,Apple,190 000 ,Derkle,https://i.roamcdn.net/hz/ed/listing-thumb-543w/f9ea4bffe142c7d067ad4e3740896658/-/horizon-files-prod/ed/picture/q78w9egq/f7264d0fc8b5a375dceaf1d021d18c9d7021006b.jpg
1498,"<h1 class=""listing-item__header"">
    HP elitebook 830 g11 ultra 5
</h1>",Neuf,HP,550 000 ,Guediawaye,https://i.roamcdn.net/hz/ed/listing-thumb-543w/c50eaa75ed2d235b7fd9b15ee4960bb7/-/horizon-files-prod/ed/picture/q9mj6x6p/766ed743a4d466197328b4ecd96925b3c755dab0.jpg
1499,"<h1 class=""listing-item__header"">
    Msi Gamer Corei7 Ram32 Nvidia Gtx 8Giga dédié
</h1>",Venant,MSI,400 000 ,Médina,https://i.roamcdn.net/hz/ed/listing-thumb-543w/73720ebeaa0d8283c15922c48ecee2dd/-/horizon-files-prod/ed/picture/q56d8m6r/e61deb5fae3aadebaded8082d1e7d40c7b21e408.jpg
1500,"<h1 class=""listing-item__header"">
    Hp EliteBook 1030x360 Corei7 512ssd Ram16
</h1>",Neuf,HP,250 000 ,Médina,https://i.roamcdn.net/hz/ed/listing-thumb-543w/56e0c1faf30dac6ffb363bec8b6e9eb1/-/horizon-files-prod/ed/picture/qkr8vwr5/13ee986c6019981027f5c6833fdf72ca07aa4de1.jpg
1501,"<h1 class=""listing-item__header"">
    Promo☄️Hp EliteBook 840 Corei5
</h1>",Neuf,HP,150 000 ,Médina,https://i.roamcdn.net/hz/ed/listing-thumb-543w/698d90de3a9e7fb02fb1dd4f7ac1d8ed/-/horizon-files-prod/ed/picture/qq428mqe/37c05ed7eafe88906ed082924e95387e1b0e0aa8.jpg
1502,"<h1 class=""listing-item__header"">
    Hp EliteBook 1030 G4 X 360 i5 8th Génération YOGA
</h1>",Neuf,HP,240 000 ,Médina,https://i.roamcdn.net/hz/ed/listing-thumb-543w/5986cdd459205d8760cf5980f4d87457/-/horizon-files-prod/ed/picture/qde7dmj2/a0b9e25c8563c5bbf3e0b08eb0173df6561753a5.jpg
1503,"<h1 class=""listing-item__header"">
    Hp Elite x2 1013 G3 i5 hybride 8th génération
</h1>",Neuf,HP,230 000 ,Médina,https://i.roamcdn.net/hz/ed/listing-thumb-543w/e5fe02a0dc0b481dcddaa85cde4133e5/-/horizon-files-prod/ed/picture/q9mjj7ex/fd6ac74e3a8916e3d5e63ee77ca9478ba6014abb.jpg
1504,"<h1 class=""listing-item__header"">
    Lenevo thinkpad X1 yoga i5 8th Génération
</h1>",Neuf,Lenovo,220 000 ,Médina,https://i.roamcdn.net/hz/ed/listing-thumb-543w/1c21f542f3f32af39300d3bd8f130222/-/horizon-files-prod/ed/picture/qenv2pz2/247859bee845b0916ba1df857afb35cf76c68a34.jpg
1505,"<h1 class=""listing-item__header"">
    Dell latitude 5310 i5 2in1 (Yoga)10 th génération
</h1>",Neuf,Dell,230 000 ,Médina,https://i.roamcdn.net/hz/ed/listing-thumb-543w/98b3d3915f1a4b4071dc52cd7289cdf3/-/horizon-files-prod/ed/picture/qj4q72gd/09f283cc46679b519f54e15c2d0a4e0c18ca0454.jpg
1506,"<h1 class=""listing-item__header"">
    Dell latitude 3190 x 360 yoga
</h1>",Venant,Dell,90 000 ,Médina,https://i.roamcdn.net/hz/ed/listing-thumb-543w/e2c6ce1367dd50ab963cf6833da23bd2/-/horizon-files-prod/ed/picture/q8v4d8mj/cea6a9aeecf74b641031543dd52249aeddfd4aad.jpg
1507,"<h1 class=""listing-item__header"">
    HP X360 Covertible 14-W1xxx Cor i7
</h1>",Neuf,HP,320 000 ,Médina,https://i.roamcdn.net/hz/ed/listing-thumb-543w/d1831ec9bc7310f2d8661918f48c77d6/-/horizon-files-prod/ed/picture/qj4qwkew/aef252ef67b35c1c4dc843b0834719ac5daac68a.jpg
1508,"<h1 class=""listing-item__header"">
    Macbook Pro Cor i5 13 Pouces
</h1>",Venant,Apple,120 000 ,Médina,https://i.roamcdn.net/hz/ed/listing-thumb-543w/f844f6b4a5126ec565a38c3bc2ce35a1/-/horizon-files-prod/ed/picture/qxjpe0vq/f16f901b1c54743ecc935d42ee99804bcd03e615.jpg
1509,"<h1 class=""listing-item__header"">
    IMAC SLIM 2012 | I5 | 21.5''
</h1>",Venant,Apple,125 000 ,Médina,https://i.roamcdn.net/hz/ed/listing-thumb-543w/7a5c58aec89c93a51125f66d90d35a1d/-/horizon-files-prod/ed/picture/qxm4xmm/6dbf816d4277b8e1fae43d38506e125d529d049d.jpg
1510,"<h1 class=""listing-item__header"">
    msi Creator z16""
</h1>",Neuf,MSI,850 000 ,Sicap Sacré-cœur,https://i.roamcdn.net/hz/ed/listing-thumb-543w/eca0b639907c52a17cb5a95769cdb1c0/-/horizon-files-prod/ed/picture/qpdmqzd2/d75acd740f0d74be92247730dddc9aac8831908e.jpg
1511,"<h1 class=""listing-item__header"">
    Apple MacBook Air 13'' 256 Go SSD 8 Go RAM Puce M2
</h1>",Neuf,Apple,600 000 ,Médina,https://i.roamcdn.net/hz/ed/listing-thumb-543w/40651d37faba4a659f14784fbe3e9d88/-/horizon-files-prod/ed/picture/qngpn64r/7688e9ed95c08782efa3c9e3db3d20d58ee61880.jpg
1512,"<h1 class=""listing-item__header"">
    ❇ Hp 15- 4Go Ram- 500Go- 15 Pouces
</h1>",Venant,HP,100 000 ,Hlm,https://i.roamcdn.net/hz/ed/listing-thumb-543w/2af628c74300527aa9517d9205c1dad6/-/horizon-files-prod/ed/picture/qv4wxrwg/a9367c6db445a47b909bf5435a2e52596c0510ef.jpg
1513,"<h1 class=""listing-item__header"">
    ✅ Hp x2- i5- ram 8go- 256go SSD- tactile
</h1>",Venant,HP,185 000 ,Hlm,https://i.roamcdn.net/hz/ed/listing-thumb-543w/7438fe80e590722a8888beac5868f7a4/-/horizon-files-prod/ed/picture/qde7j698/821a900c6becb1bc83a7eaa2bea0bd5c603ce388.jpg
1514,"<h1 class=""listing-item__header"">
    ✅ Hp i5 Tactile ✅-256go Ssd+500go Hdd- 8go ram ✅
</h1>",Venant,HP,200 000 ,Hlm,https://i.roamcdn.net/hz/ed/listing-thumb-543w/533e0c4903cb0fecfeb80f45120c99bf/-/horizon-files-prod/ed/picture/qgqwj049/348688ade02ad8e4271a822131e15b930d34ff53.jpg
1515,"<h1 class=""listing-item__header"">
    ✅ Mac pro i7 ✅  16go ram- 500Go SSD- 2015
</h1>",Venant,Apple,275 000 ,Hlm,https://i.roamcdn.net/hz/ed/listing-thumb-543w/4882a2b3dc1ae40aef4deff175988ea4/-/horizon-files-prod/ed/picture/q9mj6d5v/a2298cc705322d8b772eaa176374aa82fd4e5de1.jpg
1516,"<h1 class=""listing-item__header"">
    LENOVO THINKPAD X270 , I5.RAM , 8GB ,DISK DUR 256GB
</h1>",Venant,Lenovo,125 000 ,Hann marinas,https://i.roamcdn.net/hz/ed/listing-thumb-543w/25537db87346fe6009eab19f800de866/-/horizon-files-prod/ed/picture/q6xdr2dj/eddd0a3caaf8d272238bb434c9b822c75ca9ddc3.jpg
1517,"<h1 class=""listing-item__header"">
    Dell 7430 i5 écran tactile
</h1>",Venant,Dell,290 000 ,Médina,https://i.roamcdn.net/hz/ed/listing-thumb-543w/31650c0b016efd35268d3edc505bbd4c/-/horizon-files-prod/ed/picture/qxjper92/11bf691c279cd1e279c68c43bc5971e67ae8253d.jpg
1518,"<h1 class=""listing-item__header"">
    Unité centrale et onduleur
</h1>",Neuf,HP,30 000 ,Parcelles Assainies,https://i.roamcdn.net/hz/ed/listing-thumb-543w/9cdae96af0216fe3a670d22e77b18f3e/-/horizon-files-prod/ed/picture/qrz84974/2a7c810488359c517b23edee7db572abcdec4d36.jpg
1519,"<h1 class=""listing-item__header"">
    HP elitebook 830 G8 cor i5 de 11th gen
</h1>",Neuf,HP,380 000 ,Médina,https://i.roamcdn.net/hz/ed/listing-thumb-543w/dedd882a86507d3935854fd75fa7627e/-/horizon-files-prod/ed/picture/q44ndv2p/048cbf1d53a0938f41ca3c00ae3871c8d55ddfdd.jpg
1520,"<h1 class=""listing-item__header"">
    Asus Vivobook
</h1>",Neuf,ASUS,170 000 ,Plateau,https://i.roamcdn.net/hz/ed/listing-thumb-543w/e845c28a109fbc6cd81b4fa178fb720d/-/horizon-files-prod/ed/picture/q6xd4pr6/1a86aada88d7e070723ddb5d48ed60449fe154e2.jpg
1521,"<h1 class=""listing-item__header"">
    Surface pro 7 I5-/8go/256ssd
</h1>",Neuf,Microsoft Surface,275 000 ,Médina,https://i.roamcdn.net/hz/ed/listing-thumb-543w/c2d5d9e11354076a55ef33b50bbabd39/-/horizon-files-prod/ed/picture/qpdm6jkm/10046b3f4785b2716fd9f196312345af083c4f37.jpg
1522,"<h1 class=""listing-item__header"">
    hp Victus 16"" RTX 3060
</h1>",Neuf,HP,485 000 ,Sicap Sacré-cœur,https://i.roamcdn.net/hz/ed/listing-thumb-543w/cbf4ab855bf3b9ca10cd913829f539ce/-/horizon-files-prod/ed/picture/qv4w58pp/49c466c79f392a73784527763003247c061b7276.jpg
1523,"<h1 class=""listing-item__header"">
    Lenovo ThinkPad T14 Core i5 (Gen 5 - Intel)
</h1>",Neuf,Lenovo,650 000 ,Sicap Sacré-cœur,https://i.roamcdn.net/hz/ed/listing-thumb-543w/a2e5fc1585d10a5bffc67217e8884c69/-/horizon-files-prod/ed/picture/qgqwjevk/f452f3ceb1c5736313759ae2ce8c6c0abd0ee4f7.png
1524,"<h1 class=""listing-item__header"">
    HP EliteBook 840 G8 i5 16Go 512Go
</h1>",Neuf,HP,300 000 ,Dieuppeul,https://i.roamcdn.net/hz/ed/listing-thumb-543w/4462dcdabaefb7505fd8e2b9234b2502/-/horizon-files-prod/ed/picture/qrz8n264/6f4baa8f2deb61b885e9bb1fa1a162926b92a99a.jpg
1525,"<h1 class=""listing-item__header"">
    LENOVO Thinkpad L390 Yoga
</h1>",Réconditionné,Lenovo,225 000 ,Dieuppeul,https://i.roamcdn.net/hz/ed/listing-thumb-543w/4bbe621713571aa4f35bfa2c7346736f/-/horizon-files-prod/ed/picture/qenvjeex/41c2676cb6d5e8eb78a3a565b4272d7db68fa56a.jpg
1526,"<h1 class=""listing-item__header"">
    Hp all-on-one/i7/1terra/16G/27’pouce
</h1>",Neuf,HP,750 000 ,Plateau,https://i.roamcdn.net/hz/ed/listing-thumb-543w/296c4100fcf57efa9bbec2948bf9e941/-/horizon-files-prod/ed/picture/qq428497/fd4fa66133b7ee6131872d82ba829d155e1df847.jpg
1527,"<h1 class=""listing-item__header"">
    Hp ultra5 G11 14Gen/32G/
</h1>",Neuf,HP,650 000 ,Plateau,https://i.roamcdn.net/hz/ed/listing-thumb-543w/f5c513a4bb9a9e3ede4d3d4d3734d9a9/-/horizon-files-prod/ed/picture/qkr8vnkw/9dae992410136f0d426e2739920a5caa476278b9.jpg
1528,"<h1 class=""listing-item__header"">
    HP PRODESK 400 G1 SFF
</h1>",Neuf,HP,50 000 ,Dieuppeul,https://i.roamcdn.net/hz/ed/listing-thumb-543w/d8af5b9d60f9aa911f06f3da849465b3/-/horizon-files-prod/ed/picture/q2j0n6xk/f99cc4f7137adee0f15fd5eb52df08f01e72509e.jpg
1529,"<h1 class=""listing-item__header"">
    Vente MacBook Air M2
</h1>",Neuf,Apple,725 000 ,Plateau,https://i.roamcdn.net/hz/ed/listing-thumb-543w/8d865958fd93996e5945818f639bbf0f/-/horizon-files-prod/ed/picture/q78wr4ee/2497a8cf0d235fd1483a43bfcb176ca456b32d30.jpg
1530,"<h1 class=""listing-item__header"">
    Hp elitebook 840 G6 i7 24Go ram
</h1>",Venant,HP,200 000 ,Yoff,https://i.roamcdn.net/hz/ed/listing-thumb-543w/08c65420f85c465b7e21d190e5ed168d/-/horizon-files-prod/ed/picture/q6xd49nv/85e330698b4f0ea5c20087c3fd330ec4ee26b70b.jpg
1531,"<h1 class=""listing-item__header"">
    Hp Mt45 Ryzen 3 Pro
</h1>",Venant,HP,150 000 ,Yoff,https://i.roamcdn.net/hz/ed/listing-thumb-543w/6568429bf2ee6bbfd52a509a794bdbdd/-/horizon-files-prod/ed/picture/qq428e97/c5f0254a0a0e71c974cea9b081544929a4879242.jpg
1532,"<h1 class=""listing-item__header"">
    MacBook Pro M2 14 Pouces 2023
</h1>",Neuf,Apple,950 000 ,Médina,https://i.roamcdn.net/hz/ed/listing-thumb-543w/36a9e6eaef8d0a21f7594898b6701ac4/-/horizon-files-prod/ed/picture/q8v4xwm4/5d1e7498a19e37740415a5ccb99d97031f3b4fbf.jpg
1533,"<h1 class=""listing-item__header"">
    Msi GF63 Gtx 1650 4Go DDR6
</h1>",Venant,MSI,325 000 ,Yoff,https://i.roamcdn.net/hz/ed/listing-thumb-543w/0845ec48523cd2f55c4811986efdae67/-/horizon-files-prod/ed/picture/qv4w56w2/aa74c7a638409a8d51c59900d1bf68b412766769.jpg
1534,"<h1 class=""listing-item__header"">
    MacBook Air M2 (2022) 13.3 Pouces
</h1>",Neuf,Apple,600 000 ,Médina,https://i.roamcdn.net/hz/ed/listing-thumb-543w/7f4b9622afb31c8a839f3cfc927801f9/-/horizon-files-prod/ed/picture/qj4qw84d/ea9ade9f7433033048c99a394456788fdf60d7c0.jpg
1535,"<h1 class=""listing-item__header"">
    Microsoft Surface Pro Snapdragon X Élite 11e Édition 2024
</h1>",Neuf,Microsoft Surface,900 000 ,Médina,https://i.roamcdn.net/hz/ed/listing-thumb-543w/a666443bf993a07e8d3c82b96043ab50/-/horizon-files-prod/ed/picture/q6xd49dp/02307cc562dc92850c3cd3c6867e61792334820c.jpg
1536,"<h1 class=""listing-item__header"">
    Dell Precision 5540 64Go ram 4Go graphique
</h1>",Venant,Dell,400 000 ,Yoff,https://i.roamcdn.net/hz/ed/listing-thumb-543w/a0317bee49437456e5d6fa3a79d0dcc0/-/horizon-files-prod/ed/picture/q56d804n/b63cf448262e897ae12f5d79f915e487b5521e17.jpg
1537,"<h1 class=""listing-item__header"">
    Huawei matebok D16 2024
</h1>",Venant,Autre,600 000 ,Plateau,https://i.roamcdn.net/hz/ed/listing-thumb-543w/fdf525fca8c1bcf203c60061ce422dee/-/horizon-files-prod/ed/picture/qxjpev6w/a2b6cfc7bb0a40b619e3e40cbdf9a9c1bea86137.jpg
1538,"<h1 class=""listing-item__header"">
    Ordinateur de bureau Hp Prodesk 400 G1
</h1>",Venant,HP,120 000 ,Médina,https://i.roamcdn.net/hz/ed/listing-thumb-543w/816990c904e5ba155c27055adfdb8fb6/-/horizon-files-prod/ed/picture/qp4rq6v/a28285e8bfe9674dfe00466b611155496632b3e0.jpg
1539,"<h1 class=""listing-item__header"">
    ✅Hp i7 -G9 ❇ 16go ram- 15 pouces
</h1>",Venant,HP,215 000 ,Hlm,https://i.roamcdn.net/hz/ed/listing-thumb-543w/ab6c78a1e1b4db52855657ecca17fdf7/-/horizon-files-prod/ed/picture/qzvp568g/352d539b19ef44cc9bae84e28042abfe707f6ac3.jpg
1540,"<h1 class=""listing-item__header"">
    ✅ Mac Pro Touchbar 2018- ✅ i5 - 256Go SSD
</h1>",Venant,Apple,350 000 ,Hlm,https://i.roamcdn.net/hz/ed/listing-thumb-543w/a0d04dc2f6c917e2f59f89cabd7bdbd1/-/horizon-files-prod/ed/picture/qwep58g4/7773196c11d2a692981d0ff4ac56c177e80c5166.jpg
1541,"<h1 class=""listing-item__header"">
    Hp probook
</h1>",Neuf,HP,100 000 ,Plateau,https://i.roamcdn.net/hz/ed/listing-thumb-543w/aaddb6b41ae9d26696bf6e3c1d4b6e20/-/horizon-files-prod/ed/picture/q44nqg98/30ec56baf916816fe54ee4d63e7f29ba57f635fd.jpg
1542,"<h1 class=""listing-item__header"">
    Hp Laptop 15
</h1>",Venant,HP,110 000 ,Plateau,https://i.roamcdn.net/hz/ed/listing-thumb-543w/c24822af52d113a5d44bce0ab4269e05/-/horizon-files-prod/ed/picture/qj4q75p5/297ecfdaad29c74d7ac44544b2799f6f26456049.jpg
1543,"<h1 class=""listing-item__header"">
    Microsoft Surface Pro 7
</h1>",Venant,Microsoft Surface,275 000 ,Plateau,https://i.roamcdn.net/hz/ed/listing-thumb-543w/4ebe7178d9f8a8c2c08985c48eb01b35/-/horizon-files-prod/ed/picture/qde7jg6r/f25525d4dab200acdb44fd473bee2433b2589ae0.jpg
1544,"<h1 class=""listing-item__header"">
    Imac 27 pouces 5k 32go ram
</h1>",Venant,Apple,550 000 ,Plateau,https://i.roamcdn.net/hz/ed/listing-thumb-543w/e1cdaf37ef565600abb2cef79e4abfa5/-/horizon-files-prod/ed/picture/qq429gzk/df58b16c8d05c8b3d21a87d3069fc47eb74e4b13.jpg
1545,"<h1 class=""listing-item__header"">
    Hp All in one 24pouces 2023
</h1>",Venant,HP,375 000 ,Plateau,https://i.roamcdn.net/hz/ed/listing-thumb-543w/2fb64949926a0e4812d0c955de4dd523/-/horizon-files-prod/ed/picture/qj4q75z8/dd167bc359b711cdebcb30a75977585f47949c80.jpg
1546,"<h1 class=""listing-item__header"">
    HP Spectre 13 x360 Core i7
</h1>",Neuf,HP,550 000 ,Gueule-Tapée,https://i.roamcdn.net/hz/ed/listing-thumb-543w/e80aad2f35a47bd5dc57139bbec9a684/-/horizon-files-prod/ed/picture/qpdmq48j/1f85c799998db60956ccf413270084b52f38c35d.jpg
1547,"<h1 class=""listing-item__header"">
    Dell XPS 9320 13 Plus - I7 12th | 16GB RAM | 512
</h1>",Venant,Dell,600 000 ,Point-e,https://i.roamcdn.net/hz/ed/listing-thumb-543w/9d131536bba9a076bbe7d220ad8e2233/-/horizon-files-prod/ed/picture/qq42znjp/fbee502a723066e2b4b0988370914cb748b1f417.jpg
1548,"<h1 class=""listing-item__header"">
    Dell Latitude 7530 i7 12th 32Go 512Go
</h1>",Neuf,Dell,425 000 ,Dieuppeul,https://i.roamcdn.net/hz/ed/listing-thumb-543w/3bee2021e499d65e4cf8e3850bea9665/-/horizon-files-prod/ed/picture/qpdmq4jj/38ae3630d26bd86b6e6c03cc92309e1a6c7bb3e1.jpg
1549,"<h1 class=""listing-item__header"">
    Hp EliteBook 840 G11 ultra7 16/512
</h1>",Neuf,HP,750 000 ,Médina,https://i.roamcdn.net/hz/ed/listing-thumb-543w/63bf96f62a6a7238b931dd242bbb594d/-/horizon-files-prod/ed/picture/qenvjkvd/8a46257b3368085a336b2da4cbecfc67f0c94fc6.jpg
1550,"<h1 class=""listing-item__header"">
    HP  PROBOOK
</h1>",Neuf,HP,95 000 ,Médina,https://i.roamcdn.net/hz/ed/listing-thumb-543w/64aa20c99b3a2fd9f021f1f3f9f6022f/-/horizon-files-prod/ed/picture/qngpz790/f9f0604f2af5326cc432ffdd6f8c4129b2aa27e3.jpg
1551,"<h1 class=""listing-item__header"">
    HP ELITEBOOK 840
</h1>",Neuf,HP,140 000 ,Médina,https://i.roamcdn.net/hz/ed/listing-thumb-543w/f2245bec04d6b739ccd3f15966d7f6e3/-/horizon-files-prod/ed/picture/qxjpzk5m/d84d8b218595fdb423539f3178d55e4fa304f8d3.jpg
1552,"<h1 class=""listing-item__header"">
    Magic Keyboard De 13 Pouces IPad Pro M4
</h1>",Neuf,Apple,200 000 ,Cambérène,https://i.roamcdn.net/hz/ed/listing-thumb-543w/38b92071acf4263ba7e1c4df4f847c07/-/horizon-files-prod/ed/picture/q56d8kx7/d824e43dded4d2df80cf30ec7ad099fb6743aec4.jpg
1553,"<h1 class=""listing-item__header"">
    Lenovo Thinkpad T14 Gen 4 Corei7 Ram32 13Th Gen
</h1>",Neuf,Lenovo,700 000 ,Médina,https://i.roamcdn.net/hz/ed/listing-thumb-543w/c1384e87d900507730d7c812bd333d40/-/horizon-files-prod/ed/picture/qgqwj69r/bcc0d41a49079f087c50da24a044b39219b98936.jpg
1554,"<h1 class=""listing-item__header"">
    Razer Blade Gamer Corei7 Ram32 Gtx 8Giga dédié
</h1>",Neuf,Autre,400 000 ,Médina,https://i.roamcdn.net/hz/ed/listing-thumb-543w/66813e80a5020e266733e989a01b7218/-/horizon-files-prod/ed/picture/q8v4x75n/aad6ed4a03bd68fb93a7681be120cbdc933407c3.jpg
1555,"<h1 class=""listing-item__header"">
    Dell core i7 ssd 256g ram 16g hdmi
</h1>",Venant,Dell,95 000 ,Yoff,https://i.roamcdn.net/hz/ed/listing-thumb-543w/8b83b4342dbf6fb1ff53e6322db3c36c/-/horizon-files-prod/ed/picture/q6xd4jk6/73012aa79c920521053f3d00e95550f0ffb6acb0.jpg
1556,"<h1 class=""listing-item__header"">
    Promo☄️Hp EliteBook 1030x360 Corei7 512/16
</h1>",Neuf,HP,250 000 ,Médina,https://i.roamcdn.net/hz/ed/listing-thumb-543w/cac94553dd24ae5f2d083176a2baac97/-/horizon-files-prod/ed/picture/qj4q70je/26d8dcceef01aff07caee8639be67e10321aff43.jpg
1557,"<h1 class=""listing-item__header"">
    Promo☄️ Hp EliteBook 840 Corei5
</h1>",Neuf,HP,150 000 ,Médina,https://i.roamcdn.net/hz/ed/listing-thumb-543w/60cb09509eb770ddc52a511c8c742ed2/-/horizon-files-prod/ed/picture/qm5g9wrq/23548cacdd743f2c56dc585c0ce26e6c3c73e203.jpg
1558,"<h1 class=""listing-item__header"">
    Macbook Pro Cor i7 13 Pouces
</h1>",Venant,Apple,165 000 ,Médina,https://i.roamcdn.net/hz/ed/listing-thumb-543w/37b185301348b2c6fb97f54ce936a475/-/horizon-files-prod/ed/picture/q6xd4m7z/8c87d1253c2f6cae176f90a55c78253ce4e58f23.jpg
1559,"<h1 class=""listing-item__header"">
    Lonovo 370 yoga i5
</h1>",Venant,Lenovo,200 000 ,Plateau,https://i.roamcdn.net/hz/ed/listing-thumb-543w/4b77536c30b0d9378e0b75433f4be141/-/horizon-files-prod/ed/picture/qrz84q72/8771863dbc0116b92b6883757b6d0fb9f44527ab.jpg
1560,"<h1 class=""listing-item__header"">
    Mac Pro Retina i5/256G/8G/2014
</h1>",Venant,Apple,225 000 ,Plateau,https://i.roamcdn.net/hz/ed/listing-thumb-543w/69023809c5f6479076fcc94cc7547e85/-/horizon-files-prod/ed/picture/qq42vwdk/7c26a14e090f3c19fb13361d4452af2bf83b9179.png
1561,"<h1 class=""listing-item__header"">
    Hp zbook i7
</h1>",Venant,HP,250 000 ,Médina,https://i.roamcdn.net/hz/ed/listing-thumb-543w/ed0fa16cb3e63119a510a90d505255ff/-/horizon-files-prod/ed/picture/qrz84wg2/9a3470afab19470b23500bfb0691e4ba1b9d54ed.jpg
1562,"<h1 class=""listing-item__header"">
    HP ELITEBOOK 630 G11 ULTRA 7 16GEN/16GO/512SSD
</h1>",Neuf,HP,700 000 ,Médina,https://i.roamcdn.net/hz/ed/listing-thumb-543w/8d912a0863b78ad278449eff40d2ef2c/-/horizon-files-prod/ed/picture/qq42w2pe/08c43c31453e84a5b671e4620218987f30bf4c56.png
1563,"<h1 class=""listing-item__header"">
    LENOVO LOQ 2023
</h1>",Neuf,Lenovo,850 000 ,Cité keur gorgui,https://i.roamcdn.net/hz/ed/listing-thumb-543w/6e8af6e2949aed4d01f0a4c54e615a97/-/horizon-files-prod/ed/picture/q44nq9ze/2273026a328ded1f654a8ccae50a586e29d99834.jpg
1564,"<h1 class=""listing-item__header"">
    PC Gamer Fixe Full Intel !
</h1>",Neuf,Autre,750 000 ,Plateau,https://i.roamcdn.net/hz/ed/listing-thumb-543w/38de5fc18c4094626446dae925f80720/-/horizon-files-prod/ed/picture/q78wp2xd/2baa5328bf63128f3c4badca9dda37c74d5b8fe6.jpg
1565,"<h1 class=""listing-item__header"">
    ORDINATEUR HP X360 G1
</h1>",D'occasion,HP,45 000 ,Yoff,https://i.roamcdn.net/hz/ed/listing-thumb-543w/fb7a861ca25f168802770bc3d8cdc865/-/horizon-files-prod/ed/picture/q6xd4wqg/d79851d24aea2501149e5e9115adcb00db9c8b51.jpg
1566,"<h1 class=""listing-item__header"">
    Macbook pro 2018 4Go graphique
</h1>",Venant,Apple,375 000 ,Yoff,https://i.roamcdn.net/hz/ed/listing-thumb-543w/f182a4d034a84ea1207a76310c659e29/-/horizon-files-prod/ed/picture/qv4w5rgm/478044d83913341c2e7b6174abf6dec97e70a4ce.jpg
1567,"<h1 class=""listing-item__header"">
    Macbook air 2017 13.3 pouce
</h1>",Venant,Apple,175 000 ,Yoff,https://i.roamcdn.net/hz/ed/listing-thumb-543w/60d2a6e0233a1706d0d0f3af436ff595/-/horizon-files-prod/ed/picture/q78wrqjn/998d3c837074e669188b21ee198918e253713309.jpg
1568,"<h1 class=""listing-item__header"">
    💻 Dell Latitude 5440 13eme génération 🗽
</h1>",Neuf,Dell,375 000 ,Plateau,https://i.roamcdn.net/hz/ed/listing-thumb-543w/8f3a1ef4a942599ba39c13a917b72d21/-/horizon-files-prod/ed/picture/q78wrqwn/526d58194db85278b50de6fd07e1ea1ca9f794ba.jpg
1569,"<h1 class=""listing-item__header"">
    Mac Book Pro M1 ssd 2 Tera Ram 16 Gb
</h1>",Neuf,Apple,625 000 ,Cambérène,https://i.roamcdn.net/hz/ed/listing-thumb-543w/62c9c6bc1573e89462efb9e3b086f4f2/-/horizon-files-prod/ed/picture/qq428vv6/6cb78cd83fd4ce3c34b76a80d40596ed75bb6cfe.jpg
1570,"<h1 class=""listing-item__header"">
    💻 Dell Precision 3541 – Puissance et Performance
</h1>",Venant,Dell,275 000 ,Plateau,https://i.roamcdn.net/hz/ed/listing-thumb-543w/ff024e99c9f754dad8acc6e307017824/-/horizon-files-prod/ed/picture/qkr8vk8m/0603945497ccf95a44e72f8c394ac375a2262cde.jpg
1571,"<h1 class=""listing-item__header"">
    Dell XPS 16 - I7 9th | 16GB RAM | 512 |
</h1>",Venant,Dell,355 000 ,Point-e,https://i.roamcdn.net/hz/ed/listing-thumb-543w/25ee15551b02585c48daf36b270ba0ea/-/horizon-files-prod/ed/picture/qv4wxj8v/ee44f47225cea2134a2d9538ce4379a5ba85a9b0.jpg
1572,"<h1 class=""listing-item__header"">
    DELL L’ATITUDE 5400 2-in-1
</h1>",Neuf,Dell,1 ,Cité keur gorgui,https://i.roamcdn.net/hz/ed/listing-thumb-543w/633d34f9576a41c2e195e7dcd44b0427/-/horizon-files-prod/ed/picture/qpdmqrvq/92cfd960456446913acca94affb350f95fc06328.jpg
1573,"<h1 class=""listing-item__header"">
    DELL PRÉCISION 7540 2021
</h1>",Neuf,Dell,1 ,Cité keur gorgui,https://i.roamcdn.net/hz/ed/listing-thumb-543w/9fb3dc4e68e35931b4c3be74118ffd8f/-/horizon-files-prod/ed/picture/qm5g9q2j/59f737348f5f52d5e8efa4e9308e178d7cdacb34.jpg
1574,"<h1 class=""listing-item__header"">
    LONOVO THINKPAD X13 GEN 2
</h1>",Neuf,Lenovo,1 ,Cité keur gorgui,https://i.roamcdn.net/hz/ed/listing-thumb-543w/305c3da424da58352c77411a5f3f08c9/-/horizon-files-prod/ed/picture/qrz84mex/9ab0aac5048a7d6b33e1ea52bdd213abdafe183b.jpg
1575,"<h1 class=""listing-item__header"">
    LONOVO THINKPAD L14 GEN 3 2022
</h1>",Neuf,Lenovo,350 000 ,Cité keur gorgui,https://i.roamcdn.net/hz/ed/listing-thumb-543w/68e74a13f079e458bf2a75d18e524bb5/-/horizon-files-prod/ed/picture/qzvp5w98/c14d473e09383b632ddfa3a6228c5c023d80b7e6.jpg
1576,"<h1 class=""listing-item__header"">
    Hp 840 g4 i5 tactile neuf
</h1>",Neuf,HP,160 000 ,Amitié,https://i.roamcdn.net/hz/ed/listing-thumb-543w/07bc26097ae7ac3b880bbc11eba72db6/-/horizon-files-prod/ed/picture/qxjpz260/120a3dd50378b0adef602543b23d156cc3d6a3fb.jpg
1577,"<h1 class=""listing-item__header"">
    Lenovo t470 i5 neuf
</h1>",Neuf,Lenovo,170 000 ,Amitié,https://i.roamcdn.net/hz/ed/listing-thumb-543w/3cde119461333682a59d0ff8b99aa7fd/-/horizon-files-prod/ed/picture/qm5g905g/f4de72a5e20839997b3744829e45b8d12724c390.jpg
1578,"<h1 class=""listing-item__header"">
    💻 HP ProBook X360 11 G5 – Compact et Polyvalent ! 🌟
</h1>",Venant,HP,90 000 ,Plateau,https://i.roamcdn.net/hz/ed/listing-thumb-543w/6deb2c0d143395fae4e412f429ee6887/-/horizon-files-prod/ed/picture/qenvjz8v/0b92943247e1f1ae4cd6b082da408ebeb00c81f6.jpg
1579,"<h1 class=""listing-item__header"">
    🔥 HOT DEAL – Lenovo ThinkPad L13 Yoga ! 💻
</h1>",Venant,HP,225 000 ,Plateau,https://i.roamcdn.net/hz/ed/listing-thumb-543w/9f03e3e8c6414e072dcbf276aa202ac2/-/horizon-files-prod/ed/picture/q56d8q82/61fdeb96f9a9c62f8672b59f2a59e8278b6b5ed3.jpg
1580,"<h1 class=""listing-item__header"">
    HP folio 1040 core i7 ram 16
</h1>",Venant,HP,149 900 ,Point-e,https://i.roamcdn.net/hz/ed/listing-thumb-543w/fb900b222c523f2b39b86f51d49f691a/-/horizon-files-prod/ed/picture/qxjpe9e8/c183ba9c9aaab396e5bb4b614b7c42b9c4561315.jpg
1581,"<h1 class=""listing-item__header"">
    💥 PROMO SPÉCIALE – HP ProBook 640 G2 ! 💻
</h1>",Venant,HP,175 000 ,Plateau,https://i.roamcdn.net/hz/ed/listing-thumb-543w/60562662ed032df90aefb7fb4d6ebb5e/-/horizon-files-prod/ed/picture/q9mj6xdp/df79cd3f20d3d1aa26ea0b0ac6223690f3e52da4.jpg
1582,"<h1 class=""listing-item__header"">
    Lenovo IdeaPad 3
</h1>",Venant,Lenovo,160 000 ,Plateau,https://i.roamcdn.net/hz/ed/listing-thumb-543w/836a105c1c6cf8e443b5b905bf1cd8bd/-/horizon-files-prod/ed/picture/qj4q228v/cee894d04861f0bd9650d0ad45ea04b8f22ef9f7.jpg
1583,"<h1 class=""listing-item__header"">
    Hp probook 430 G6
</h1>",Venant,HP,140 000 ,Plateau,https://i.roamcdn.net/hz/ed/listing-thumb-543w/44f1110a3c19b86a0836c650ded54141/-/horizon-files-prod/ed/picture/q6xd4mn7/bce7d51a1bbe3e4bf0e13751a4005d6c991c47ba.jpg
1584,"<h1 class=""listing-item__header"">
    Lenovo thinkbook core i5 11th gen
</h1>",Venant,Lenovo,199 000 ,Point-e,https://i.roamcdn.net/hz/ed/listing-thumb-543w/f2f47c9aa9bcd091df8f5220291a3d26/-/horizon-files-prod/ed/picture/q44nq502/66ac56853b189c3986def505f864e97f6cc5b87b.jpg
1585,"<h1 class=""listing-item__header"">
    Hp EliteBook 1030x360 Corei7 512ssd Ram16
</h1>",Neuf,HP,250 000 ,Médina,https://i.roamcdn.net/hz/ed/listing-thumb-543w/ab2ad7c1f30f6c8b89ad495dbf0c4406/-/horizon-files-prod/ed/picture/qngpn80w/be55c83a3af3af9708999fdfecdf09caefff411f.jpg
1586,"<h1 class=""listing-item__header"">
    Dell Inspiron 16 plus 7620 Intel core i7 12th Gen (20Cpu)
</h1>",Neuf,Dell,550 000 ,Parcelles Assainies,https://i.roamcdn.net/hz/ed/listing-thumb-543w/c908b1f2f17e5916450e8ff20e0f5b64/-/horizon-files-prod/ed/picture/qv4w5v9g/a419271c8f433e1450580c76517a9f8b1e0b5e60.jpg
1587,"<h1 class=""listing-item__header"">
    Hp EliteBook 840 Corei5 256ssd Ram8
</h1>",Neuf,HP,200 000 ,Médina,https://i.roamcdn.net/hz/ed/listing-thumb-543w/47138a19204f78b2beb3c07a2157f22f/-/horizon-files-prod/ed/picture/q6xd48rd/d9bf6e55ea3a3d1922d2f194a4f01ac97c0a6f21.jpg
1588,"<h1 class=""listing-item__header"">
    Promo ☄️Hp EliteBook 840 Corei5
</h1>",Neuf,HP,150 000 ,Médina,https://i.roamcdn.net/hz/ed/listing-thumb-543w/c0fc36db0829e3eaa4ec0cb71c1a2814/-/horizon-files-prod/ed/picture/qde7jmdr/e7e5ab1818434b80f0c0b74774da6914d39bfa58.jpg
1589,"<h1 class=""listing-item__header"">
    Microsoft Surface Go 128GB
</h1>",Venant,Microsoft Surface,85 000 ,Sicap foire,https://i.roamcdn.net/hz/ed/listing-thumb-543w/0879b8c42bbbfa237d53b7db18c40cc3/-/horizon-files-prod/ed/picture/qzvp8zkq/4a04b19283d5c08e9a50ad045293f45b9478061f.jpg
1590,"<h1 class=""listing-item__header"">
    Asus Vivobook 15 i5 12GB 512GB SSD
</h1>",Venant,ASUS,120 000 ,Sicap foire,https://i.roamcdn.net/hz/ed/listing-thumb-543w/1a80cdba03ade48853ea0c57d7e34266/-/horizon-files-prod/ed/picture/qwepkm5z/ebf9d86c4cc0b2f7970736c2f2d785f204534390.jpg
1591,"<h1 class=""listing-item__header"">
    MacBook Pro Touchbar i7 2017 15 pouces
</h1>",Venant,Apple,375 000 ,Médina,https://i.roamcdn.net/hz/ed/listing-thumb-543w/e9dc68f1ebe1d20fb2f3b227f92eb771/-/horizon-files-prod/ed/picture/qzvp486r/5d99fe246f6dff0e61ba70b8d87ce96a66291f92.jpg
1592,"<h1 class=""listing-item__header"">
    Hp Zbook FireFly 14 G9 i5 12th 512 SSD ram 16Go
</h1>",Neuf,HP,330 000 ,Médina,https://i.roamcdn.net/hz/ed/listing-thumb-543w/25a74b3e915362775420727331e25cfb/-/horizon-files-prod/ed/picture/q6xdzgkn/2243c55d8a0c6378d3eea75d11bc8bdca2cfcfb9.jpg
1593,"<h1 class=""listing-item__header"">
    HP Probook 650 G4 i5 16GB 500GB
</h1>",Venant,HP,160 000 ,Sicap foire,https://i.roamcdn.net/hz/ed/listing-thumb-543w/be25636dbd049dada824b476424e8ca4/-/horizon-files-prod/ed/picture/q0g79pzd/c938a79caa3173ecfbd9ce8501e1187882a149f0.jpg
1594,"<h1 class=""listing-item__header"">
    Acer Nitro 5 GAMER Core i5 16GB 1000Gb Ssd
</h1>",Venant,Acer,380 000 ,Sicap foire,https://i.roamcdn.net/hz/ed/listing-thumb-543w/31a6f3072edbd0b8dc86ffbb87f2f854/-/horizon-files-prod/ed/picture/q0g7940m/abd77e1dcf44655487d0b1237b75111603a2ad87.jpg
1595,"<h1 class=""listing-item__header"">
    Écrans pc dell 24 pouces full HD
</h1>",Venant,Dell,60 000 ,Yoff,https://i.roamcdn.net/hz/ed/listing-thumb-543w/a4943414a39cac2a88ac23b921967c89/-/horizon-files-prod/ed/picture/q78wr47q/080a1f86deb01f6d8b2bf92fc65b61d9752ed672.jpg
1596,"<h1 class=""listing-item__header"">
    HP Elitebook 655 G9 Rayzen 7 Pro (2023)
</h1>",Neuf,HP,525 000 ,Médina,https://i.roamcdn.net/hz/ed/listing-thumb-543w/9cc72a17a795bb4bdadbd4c58d4c3b08/-/horizon-files-prod/ed/picture/qm5gd5dw/ab551db8cb7e9b562b46ccb5525e8b677009930e.jpg
1597,"<h1 class=""listing-item__header"">
    Dell latitude 5400
</h1>",D'occasion,Dell,190 000 ,Gueule-Tapée,https://i.roamcdn.net/hz/ed/listing-thumb-543w/6eb2e91e3f39426cdc7de1f74157c287/-/horizon-files-prod/ed/picture/q56dr0r5/692521f466ba1031fb85129d9c5a503690b67275.jpg
1598,"<h1 class=""listing-item__header"">
    Hp ProDesk i7-7700 @ 3.6Ghz
</h1>",Venant,HP,90 000 ,Keur Massar,https://i.roamcdn.net/hz/ed/listing-thumb-543w/db47c54c35f67a8648fa369566ec43aa/-/horizon-files-prod/ed/picture/qzvpj6wk/5f14c3a24a428fb0f01ac38a40835360bd1a6fbf.jpg
1599,"<h1 class=""listing-item__header"">
    Lenovo T14  Gen 5 ( fin 2024 )  Ultra 5
</h1>",Neuf,Lenovo,750 000 ,Zone de captage,https://i.roamcdn.net/hz/ed/listing-thumb-543w/5011c552c43c72cfc278117626d7aa34/-/horizon-files-prod/ed/picture/qj4qz6wz/17650066fb0e6a9b9388aca75683b969c9ddc2c5.jpg
1600,"<h1 class=""listing-item__header"">
    Hp elitebook 1030 G2
</h1>",Venant,HP,225 000 ,Plateau,https://i.roamcdn.net/hz/ed/listing-thumb-543w/9177b5099df6052719714f6b766f768b/-/horizon-files-prod/ed/picture/qpdmqqkr/6d5174c1861d753eb7fd486d7370c1cf0697d434.jpg
1601,"<h1 class=""listing-item__header"">
    Promo! Arrivage MacBook Air 2015
</h1>",Venant,Apple,175 000 ,Plateau,https://i.roamcdn.net/hz/ed/listing-thumb-543w/8bacb6a8505f1d21722770fb93f54f4d/-/horizon-files-prod/ed/picture/qj4q77vd/75a1fd1daecd47be6ae9391c32b7f87013d06441.jpg
1602,"<h1 class=""listing-item__header"">
    💻 Dell Latitude 7280 – Puissance compacte
</h1>",Venant,Dell,155 000 ,Plateau,https://i.roamcdn.net/hz/ed/listing-thumb-543w/007b8e11e7e5f469d8648b9d306f0b90/-/horizon-files-prod/ed/picture/qkr8vv9v/e775af114217b90bd12c22244d1bca99091341cf.jpg
1603,"<h1 class=""listing-item__header"">
    HP 820 G45
</h1>",Neuf,HP,150 000 ,Gueule-Tapée,https://i.roamcdn.net/hz/ed/listing-thumb-543w/7f6a04b8d8f9ce2736a88f66a6ce4ad4/-/horizon-files-prod/ed/picture/q8v4xx74/97d60efef50fb350cf81f4ec4bffe8bb15c1869a.jpg
1604,"<h1 class=""listing-item__header"">
    Dell Latitude 5430 Core i7 12ème génération
</h1>",Neuf,Dell,450 000 ,Gueule-Tapée,https://i.roamcdn.net/hz/ed/listing-thumb-543w/643b4867a245182a735531fc4a5c28b8/-/horizon-files-prod/ed/picture/q44nqqvv/7ee8e3c1cdffbd9a668b59f7a919abf01653f494.jpg
1605,"<h1 class=""listing-item__header"">
    HP EliteBook 840 G9 Core i5 12ème Gen
</h1>",Venant,HP,400 000 ,Gueule-Tapée,https://i.roamcdn.net/hz/ed/listing-thumb-543w/a3a5cb3db51cc34c1495e35175e775df/-/horizon-files-prod/ed/picture/qq4288en/d40714ed929cde1327b97bdeef76cad11d3ce1c6.jpg
1606,"<h1 class=""listing-item__header"">
    Lenovo Thinkpad E16 Gen1 Core i7 13ème Gen
</h1>",Neuf,Lenovo,575 000 ,Gueule-Tapée,https://i.roamcdn.net/hz/ed/listing-thumb-543w/7b678922ef717679381d023b1d97c4e4/-/horizon-files-prod/ed/picture/qngpnnek/29056d2c2109826e0a7ad97a07aa943fbc2ab9f8.jpg
1607,"<h1 class=""listing-item__header"">
    Dell Latitude 5340 Core i7 13ème génération
</h1>",Neuf,Dell,550 000 ,Gueule-Tapée,https://i.roamcdn.net/hz/ed/listing-thumb-543w/62e9e9c5af510490bd53bc49c8de3f29/-/horizon-files-prod/ed/picture/q9mj66q6/3710b4a7408dd513d04680cd5b295a0899139dc6.jpg
1608,"<h1 class=""listing-item__header"">
    HP elitbook 840 g6 i7 ram 32go
</h1>",Venant,HP,260 000 ,Derkle,https://i.roamcdn.net/hz/ed/listing-thumb-543w/a1e35bcc16c8d8a81d61a5c2a03413a3/-/horizon-files-prod/ed/picture/qzvp6p0k/c1af26425611e0394ccc87729f0465e167e7f97d.jpg
1609,"<h1 class=""listing-item__header"">
    ORDINATEUR HP ELIBOOK TACTILE RAM 4 192GB
</h1>",Venant,HP,125 000 ,Plateau,https://i.roamcdn.net/hz/ed/listing-thumb-543w/2dd17d1f44626672f59beef76ee1ade4/-/horizon-files-prod/ed/picture/qrz8440x/be930d10053901de29d6a543824fd0da77ba7161.jpg
1610,"<h1 class=""listing-item__header"">
    ORDINATEUR HP PRO X2 INTEL CORE I5 256GB RAM 8
</h1>",Neuf,HP,225 000 ,Plateau,https://i.roamcdn.net/hz/ed/listing-thumb-543w/6d76e6ded27376c9675a04570e729f66/-/horizon-files-prod/ed/picture/q9mj66dw/de415a5a3b60c7c320f8550854a79a1c2165075b.jpg
1611,"<h1 class=""listing-item__header"">
    HP Pro Mini i5  9è  16Go/512Go SSD  Ecran LED HP 24
</h1>",Venant,HP,250 000 ,Grand-Yoff,https://i.roamcdn.net/hz/ed/listing-thumb-543w/70ab5ef3033fefd5a657b7b21cf72d21/-/horizon-files-prod/ed/picture/q8v4xxkr/3b115bfd4ecb72e6d253005ee81f4e8b8c063131.jpg
1612,"<h1 class=""listing-item__header"">
    Acer nitro 5 RTX 3060
</h1>",Neuf,Acer,590 000 ,Médina,https://i.roamcdn.net/hz/ed/listing-thumb-543w/fe9d2868ece78469b4c3b6966f35e0c4/-/horizon-files-prod/ed/picture/qde7jj2w/caa1c056870dc8aa6f40015095a39083c1af7c5c.jpg
1613,"<h1 class=""listing-item__header"">
    Asus Rog Zephyrus G16""
</h1>",Neuf,ASUS,850 000 ,Sicap Sacré-cœur,https://i.roamcdn.net/hz/ed/listing-thumb-543w/e79e44c463b17dacbe7910dec77a1336/-/horizon-files-prod/ed/picture/qwep55n5/f937e625bc1a1c708243b8454f01160c9f56b8b9.jpg
1614,"<h1 class=""listing-item__header"">
    Msi GS66"" RTX 2070 Super
</h1>",Venant,MSI,550 000 ,Sicap Sacré-cœur,https://i.roamcdn.net/hz/ed/listing-thumb-543w/5b095a18e7a69c36b3f92e0cb92204d9/-/horizon-files-prod/ed/picture/qenvjj9z/f9deb2d906e207ddbe33a6a446f25069a345537f.jpg
1615,"<h1 class=""listing-item__header"">
    Pc Gaming RTX 4080 Super
</h1>",Neuf,ASUS,1 950 000 ,Sicap Sacré-cœur,https://i.roamcdn.net/hz/ed/listing-thumb-543w/04adc8ca4dcae9dea140d7944f37ee99/-/horizon-files-prod/ed/picture/qq428894/51129834865ab666602990882df5ba8148cc254f.jpg
1616,"<h1 class=""listing-item__header"">
    HP EliteBook 840 G6 i5 16Go 512Go
</h1>",Neuf,HP,230 000 ,Dieuppeul,https://i.roamcdn.net/hz/ed/listing-thumb-543w/7de5bbbe8c6090a663c20fd3e39190cd/-/horizon-files-prod/ed/picture/qwepgzkg/75ada6d360230f3b30ddf5a66ee181f0edf5f81f.jpg
1617,"<h1 class=""listing-item__header"">
    MacBook Pro m1pro 2021 16 pouce
</h1>",Venant,Apple,750 000 ,Liberte 6 extension,https://i.roamcdn.net/hz/ed/listing-thumb-543w/1a36849a21a18d9d85d26973f20c3189/-/horizon-files-prod/ed/picture/qngpnnpr/f6f10586f4d6749f371e53b15a0063b736e863ad.jpg
1618,"<h1 class=""listing-item__header"">
    Razer Blade Gamer Corei7 Ram32 Gtx 8giga dédié
</h1>",Neuf,Autre,400 000 ,Médina,https://i.roamcdn.net/hz/ed/listing-thumb-543w/9ec28e906a2508ff8e6213ee1da2f9ba/-/horizon-files-prod/ed/picture/q8v4xx4z/833b76ed5ca584240b142b8ae4bbafe81b99f8d5.jpg
1619,"<h1 class=""listing-item__header"">
    Msi Gamer Corei7 Ram32 Gtx 8Giga dédié
</h1>",Venant,MSI,400 000 ,Médina,https://i.roamcdn.net/hz/ed/listing-thumb-543w/bb0e28e02387e364b8670c9a13999378/-/horizon-files-prod/ed/picture/qq428824/cd8100f3263bdf23324a4d26a187260e57145067.jpg
1620,"<h1 class=""listing-item__header"">
    Promo☄️ Hp EliteBook 840 Corei5
</h1>",Neuf,HP,150 000 ,Médina,https://i.roamcdn.net/hz/ed/listing-thumb-543w/f3c8ebf2a1a90b6a694567bbe39ce794/-/horizon-files-prod/ed/picture/q9mj669p/b694955a3bdb95d1111abc00c9bdb886e703454e.jpg
1621,"<h1 class=""listing-item__header"">
    MacBook Pro M2 Max Ram 64Go 1To 16 pouces 2023
</h1>",Neuf,Apple,1 350 000 ,Derkle,https://i.roamcdn.net/hz/ed/listing-thumb-543w/b3457c6814c6515855225132016ea6f0/-/horizon-files-prod/ed/picture/qv4w5p0w/9c528b536a2cf19ba7e1c7706e596ae7ff5507b4.jpg
1622,"<h1 class=""listing-item__header"">
    MacBook Air M3 Scellé 13.3 Pouces 2024
</h1>",Neuf,Apple,750 000 ,Médina,https://i.roamcdn.net/hz/ed/listing-thumb-543w/dc60542fdfffc2616290858d19c775f7/-/horizon-files-prod/ed/picture/q56d86pn/5fc4fcc891405e6661e0522aec08dc5711cf21ab.jpg
1623,"<h1 class=""listing-item__header"">
    MACBOOK PRO M2 PRO 2023 16 POUCES
</h1>",Neuf,Apple,1 300 000 ,Médina,https://i.roamcdn.net/hz/ed/listing-thumb-543w/0b42af314575dc60a2683cd9d3280c13/-/horizon-files-prod/ed/picture/qngpnggz/af01ef62aac503d43d8bcb2b073ccdad4ceb3763.jpg
1624,"<h1 class=""listing-item__header"">
    MacBook Pro with Apple Chip M3 Pro 16 Pouces 2023
</h1>",Neuf,Apple,1 350 000 ,Médina,https://i.roamcdn.net/hz/ed/listing-thumb-543w/ad5c7a3cccbb77d9d7f7be3a17b5a05a/-/horizon-files-prod/ed/picture/qngp2w6e/b1e8c417550a5962ec2f32526d5e4121c414227e.jpg
1625,"<h1 class=""listing-item__header"">
    Dell Latitude 7440 i7 13th Gen Écran tactile
</h1>",Neuf,Dell,650 000 ,Médina,https://i.roamcdn.net/hz/ed/listing-thumb-543w/ffe7fba7875091286f3d4d2b2be50114/-/horizon-files-prod/ed/picture/qde7jn5j/76efe029755638c3d6ca68d278e96fceaf5a84e9.jpg
1626,"<h1 class=""listing-item__header"">
    Hp elitebook 745 G6 32Go ram
</h1>",Venant,HP,225 000 ,Yoff,https://i.roamcdn.net/hz/ed/listing-thumb-543w/2e715cead1abb03dd9ac29c21f1212cc/-/horizon-files-prod/ed/picture/q78wrmq5/1ca42539507351b27a4568d2637d3f3eb114c6a9.jpg
1627,"<h1 class=""listing-item__header"">
    Hp elitebook 840 G3
</h1>",Venant,HP,120 000 ,Yoff,https://i.roamcdn.net/hz/ed/listing-thumb-543w/572ee54d959761142a0811b33986f34c/-/horizon-files-prod/ed/picture/q56d85q7/6bcb5524881837cbd2ad9d9da8d3d54351da6ff2.jpg
1628,"<h1 class=""listing-item__header"">
    Serveur Dell T410
</h1>",Venant,Dell,250 000 ,Pikine,https://i.roamcdn.net/hz/ed/listing-thumb-543w/2777eb46cc97fd4742fb3b2db286962e/-/horizon-files-prod/ed/picture/q44nqmwm/98d75bfc8445ce1660c5849c1bdcbc2e26b29eaa.jpg
1629,"<h1 class=""listing-item__header"">
    Gamer/Architect Dell T7910 56 coeurs
</h1>",Venant,Dell,490 000 ,Pikine,https://i.roamcdn.net/hz/ed/listing-thumb-543w/110b94777e16e251b8108402da9b0fdc/-/horizon-files-prod/ed/picture/q8v4xdrn/c4a48007a0c5d9619a2bcd06a555f11137c55a61.jpg
1630,"<h1 class=""listing-item__header"">
    Gamer HP z4 i7-7800X
</h1>",Venant,HP,375 000 ,Pikine,https://i.roamcdn.net/hz/ed/listing-thumb-543w/9b2da2d9d92391bab056a132c44b8234/-/horizon-files-prod/ed/picture/q6xd4m86/9e2b6fb3db71cf194bf3c671c09a23cd676d1d52.jpg
1631,"<h1 class=""listing-item__header"">
    MacBook Air m2 2022
</h1>",Venant,Apple,460 000 ,Sicap Liberté,https://i.roamcdn.net/hz/ed/listing-thumb-543w/ca82c1379fc77d03b628c3650a4dd63d/-/horizon-files-prod/ed/picture/qzvp56qv/229012f75cc11ec02e93db07c3e078ddf79c391d.jpg
1632,"<h1 class=""listing-item__header"">
    Clavier Apple Magic Keyboard avec Pavé Numérique
</h1>",D'occasion,Apple,110 000 ,Golf,https://i.roamcdn.net/hz/ed/listing-thumb-543w/eec6ae872ee7559cc1ae94b9522984d5/-/horizon-files-prod/ed/picture/qwep5jz5/4a0299632756463b8b61d61c5da92631872a2931.jpg
1633,"<h1 class=""listing-item__header"">
    MSI Gamer GTX 1650 i5
</h1>",Venant,MSI,400 000 ,Médina,https://i.roamcdn.net/hz/ed/listing-thumb-543w/af90a3bc6c6d19abc41975efea063b4d/-/horizon-files-prod/ed/picture/q8v4xdxn/8ed5583e6cd8c5bb0d12e25f39ba4820532c6c5c.jpg
1634,"<h1 class=""listing-item__header"">
    MSI KATANA i7 RTX
</h1>",Venant,MSI,600 000 ,Médina,https://i.roamcdn.net/hz/ed/listing-thumb-543w/1509711e2353f0bd372a992d31c0717e/-/horizon-files-prod/ed/picture/q9mj6d65/3fee61054885ddac158bc6f88c52f454eaaf035e.jpg
1635,"<h1 class=""listing-item__header"">
    Hp elitebook 840 G7
</h1>",Venant,HP,200 000 ,Yoff,https://i.roamcdn.net/hz/ed/listing-thumb-543w/999092f5000e0e31bc9de4cfd5726783/-/horizon-files-prod/ed/picture/q0g70z0k/3c9b62acbf0954cf0a7c6827c962338ef8abb271.jpg
1636,"<h1 class=""listing-item__header"">
    Mac Book Pro M2 ssd 512 Gb Ram 8 Gb
</h1>",Neuf,Apple,575 000 ,Cambérène,https://i.roamcdn.net/hz/ed/listing-thumb-543w/55ef1c9d00e497f392989be5d4582f85/-/horizon-files-prod/ed/picture/qxjpqrr2/ffce2010a9891759f25323a05b4d10e09eda6832.png
1637,"<h1 class=""listing-item__header"">
    Mac Book Air Puce M2
</h1>",Neuf,Apple,480 000 ,Cambérène,https://i.roamcdn.net/hz/ed/listing-thumb-543w/4b984bec0c0c3bea9f098c13800f793d/-/horizon-files-prod/ed/picture/qm5g4xd9/1ee5b71360f62be1bb2f3fe03ad94fbc25f18c78.png
1638,"<h1 class=""listing-item__header"">
    Mac Book M1 Pro de 16 Pouces
</h1>",Neuf,Apple,775 000 ,Cambérène,https://i.roamcdn.net/hz/ed/listing-thumb-543w/8e45dc5c85192d17d26e295174ceebd1/-/horizon-files-prod/ed/picture/qm5gdzvj/209da296b2b198c1c002095a007268ca5f1ecb44.jpg
1639,"<h1 class=""listing-item__header"">
    DELL 3189
</h1>",Neuf,Dell,85 000 ,Médina,https://i.roamcdn.net/hz/ed/listing-thumb-543w/f769dbcb9a77da7bc1be8a47c0a7077b/-/horizon-files-prod/ed/picture/qm5g4z8j/0b703f1c06bd2adb3adc5c512b92dc600e62df29.jpg
1640,"<h1 class=""listing-item__header"">
    Hp EliteBook 840 Corei5 256ssd Ram8
</h1>",Neuf,HP,200 000 ,Médina,https://i.roamcdn.net/hz/ed/listing-thumb-543w/881e640c4422c843aefda3f35b686ba5/-/horizon-files-prod/ed/picture/qrz840n5/bf70fb3d385807ef873590e1c64b36fb3e1c14df.jpg
1641,"<h1 class=""listing-item__header"">
    Promo☄️Hp EliteBook 840 Corei5 256 Ram8
</h1>",Neuf,HP,150 000 ,Médina,https://i.roamcdn.net/hz/ed/listing-thumb-543w/7dd4472d3b6b6bf6eb698d183a4fdc94/-/horizon-files-prod/ed/picture/q0g70znw/88e8ad05c3827501333efef3f1cd2cdcbf3f6fc5.jpg
1642,"<h1 class=""listing-item__header"">
    ✅ HP 14- i3-12th- 8go ram- 256go ssd
</h1>",Venant,HP,175 000 ,Hlm,https://i.roamcdn.net/hz/ed/listing-thumb-543w/e205bbb3c27e6e2023cf03e8cff1ac6d/-/horizon-files-prod/ed/picture/qpdmq7g4/e27a690397b2252744f65e9a697b4e0ad2b317b2.jpg
1643,"<h1 class=""listing-item__header"">
    Dell 5400 core i78th gen ram 16
</h1>",Venant,Dell,179 900 ,Point-e,https://i.roamcdn.net/hz/ed/listing-thumb-543w/b346e73d4ee7f97b072c75787a64cd7b/-/horizon-files-prod/ed/picture/qj4q7w6g/efdb55222ee440f08daf386c875d7e8ccc464c3b.jpg
1644,"<h1 class=""listing-item__header"">
    Microsoft Surface Pro 8
</h1>",Venant,Microsoft Surface,365 000 ,Plateau,https://i.roamcdn.net/hz/ed/listing-thumb-543w/12e73f373f8ccb4811e06b9c54f92600/-/horizon-files-prod/ed/picture/qm5g94g9/2e124e52190781274218fc2fce80629909f2e6ed.jpg
1645,"<h1 class=""listing-item__header"">
    DELL E3310.14
</h1>",Réconditionné,Dell,185 000 ,Gueule-Tapée,https://i.roamcdn.net/hz/ed/listing-thumb-543w/2a98298c1aa1e6206638867a0d59f06c/-/horizon-files-prod/ed/picture/q0g705mx/2d6cc0385b18290fbc024c849e8139e8245c1eb0.jpg
1646,"<h1 class=""listing-item__header"">
    HP pro 310 x360.14
</h1>",Réconditionné,HP,75 000 ,Gueule-Tapée,https://i.roamcdn.net/hz/ed/listing-thumb-543w/061926f4b533d00c3df4570c64b3323e/-/horizon-files-prod/ed/picture/q0g705qx/69a691a436db0dd39410ce71baffc8c5257daad6.jpg
1647,"<h1 class=""listing-item__header"">
    Acer Aspire 3 Core i3 8GB 256GB
</h1>",Venant,Acer,130 000 ,Sicap foire,https://i.roamcdn.net/hz/ed/listing-thumb-543w/5c37e60f68772d6efe6a09180d2c0523/-/horizon-files-prod/ed/picture/q8v4xn6p/c6092f75c8ad019edbdb324b56fed54bd4b513fd.jpg
1648,"<h1 class=""listing-item__header"">
    Macbook Air 13 2015 8GB 256GB
</h1>",Venant,Apple,135 000 ,Sicap foire,https://i.roamcdn.net/hz/ed/listing-thumb-543w/4ee46f2adc90c0db96f38ac9366e0580/-/horizon-files-prod/ed/picture/q56d8v00/fb264afef2fd8baeba212f1fe6ff868c3f271a07.jpg
1649,"<h1 class=""listing-item__header"">
    DELL Latitude 7410 Cor i7 10ème Gén
</h1>",Venant,Dell,200 000 ,Médina,https://i.roamcdn.net/hz/ed/listing-thumb-543w/8d4985a5c7792eb76e2e12a2e36c734b/-/horizon-files-prod/ed/picture/q0g705zz/84183d8d1ada4a49b83507ce729143186cc56369.jpg
1650,"<h1 class=""listing-item__header"">
    HP ZBook 14u Workstation ips screen
</h1>",Venant,HP,485 000 ,Grand-Yoff,https://i.roamcdn.net/hz/ed/listing-thumb-543w/3d901ccb5a84aa96aa9835dc67ebedf5/-/horizon-files-prod/ed/picture/qwep5w6j/b07766ae866e1c8977916b991339b78da415c0d4.jpg
1651,"<h1 class=""listing-item__header"">
    Surface Laptop 3
</h1>",Neuf,Microsoft Surface,480 000 ,Gueule-Tapée,https://i.roamcdn.net/hz/ed/listing-thumb-543w/ade8b96adda5a6ff893ecdc5e08d5ade/-eyJvciI6MH0%3D/horizon-files-prod/ed/picture/qwep5mqm/e699a0e49e0376295f69d666f695c7705c8a164f.jpg
1652,"<h1 class=""listing-item__header"">
    Dell 7490
</h1>",Réconditionné,Dell,195 000 ,Gueule-Tapée,https://i.roamcdn.net/hz/ed/listing-thumb-543w/47439640d2b2082290111353d869ff16/-/horizon-files-prod/ed/picture/qzvp5e88/18219d78dc014118ff051de1e10fcdf0b1cf5e54.jpg
1653,"<h1 class=""listing-item__header"">
    Microsoft Surface Laptop 3
</h1>",Venant,Microsoft Surface,280 000 ,Hlm grand-yoff,https://i.roamcdn.net/hz/ed/listing-thumb-543w/4f0de849d73d44a31a6afd655c08b169/-/horizon-files-prod/ed/picture/q6xd45jd/81a969ca5e6b0a41b511c56a5333aa8e507c5e8c.jpg
1654,"<h1 class=""listing-item__header"">
    Lenovo T14
</h1>",Venant,Lenovo,200 000 ,Yoff,https://i.roamcdn.net/hz/ed/listing-thumb-543w/0d8cb2f22f157f887b57c27610b48f65/-/horizon-files-prod/ed/picture/qj4q7zvz/c7d01f5cf207711f0287bef39b1563dca9fa8fd1.jpg
1655,"<h1 class=""listing-item__header"">
    Dell xps 15 9500 (Gamer)i7 10th gén 15.6 Pouces
</h1>",Neuf,Dell,580 000 ,Médina,https://i.roamcdn.net/hz/ed/listing-thumb-543w/5c7ef0e63ccfac67121e66a86c1171ff/-/horizon-files-prod/ed/picture/qngpzmz9/b7e30a30a1537d3c98f26ef3356eba03e496f095.jpg
1656,"<h1 class=""listing-item__header"">
    Hp elitebook 845 G8
</h1>",Venant,HP,250 000 ,Yoff,https://i.roamcdn.net/hz/ed/listing-thumb-543w/9998ba23a987ee0a158a8b7a1b4667e1/-/horizon-files-prod/ed/picture/qngpnwmr/00bff7c0f6a763ed638b3025d054312b8a4863b5.jpg
1657,"<h1 class=""listing-item__header"">
    MacBook Pro TouchBar M1 2020 13.3 Pouces
</h1>",Neuf,Apple,500 000 ,Médina,https://i.roamcdn.net/hz/ed/listing-thumb-543w/a86982a0c216230fb6842e16d9a10a04/-/horizon-files-prod/ed/picture/q78wrgez/88a10f94b856b256fae6138e796690a0d7a5f72d.jpg
1658,"<h1 class=""listing-item__header"">
    Lenovo thinkpad p14s
</h1>",Venant,Lenovo,430 000 ,Plateau,https://i.roamcdn.net/hz/ed/listing-thumb-543w/0e3adbdc93f1c2efba0ede752eaf2d9c/-/horizon-files-prod/ed/picture/q78wrg2z/4de8a5bb7d2bf8c8d74e3e4fc69fba5d85cbe5f5.jpg
1659,"<h1 class=""listing-item__header"">
    Lenovo thinkpad X13 yoga
</h1>",Venant,Lenovo,390 000 ,Plateau,https://i.roamcdn.net/hz/ed/listing-thumb-543w/301bd7c44f63fb587c7c37310ad47f46/-/horizon-files-prod/ed/picture/q6xd45pj/337045528412c7fc4f0fe8b1823fb4efca84d6ba.jpg
1660,"<h1 class=""listing-item__header"">
    Lenovo thinkpad X1 carbon
</h1>",Venant,Lenovo,450 000 ,Plateau,https://i.roamcdn.net/hz/ed/listing-thumb-543w/98bba75d908965999a7738967ab63f53/-/horizon-files-prod/ed/picture/q44nqpk2/26c8489f4500d36cd59fc5ded7528f7fb9785382.jpg
1661,"<h1 class=""listing-item__header"">
    Lenovo thinkpad X1 carbon
</h1>",Venant,Lenovo,650 000 ,Plateau,https://i.roamcdn.net/hz/ed/listing-thumb-543w/3bee712981c2f3587a23cd0c6a9dac26/-/horizon-files-prod/ed/picture/q8v4xg6x/392a11cefe669eb91742eec333368bd14e3900fe.jpg
1662,"<h1 class=""listing-item__header"">
    Apple MacBook Pro 14” 2023 M2 Pro
</h1>",Venant,Apple,900 000 ,Gueule-Tapée,https://i.roamcdn.net/hz/ed/listing-thumb-543w/65a4d7601c7f411c31a4d4db01b6edd4/-eyJvciI6OTB9/horizon-files-prod/ed/picture/qzvp5xmd/dcfed74446868ce74639fcf6b15801eb54e3e929.jpg
1663,"<h1 class=""listing-item__header"">
    Asus rog strix
</h1>",Venant,ASUS,450 000 ,Plateau,https://i.roamcdn.net/hz/ed/listing-thumb-543w/9867452df5f5016d1be935743dfac02a/-/horizon-files-prod/ed/picture/qwep5w0j/03c60de0460d851664318e47f55259c1af9af2a4.jpg
1664,"<h1 class=""listing-item__header"">
    MSI GL75 RTX 8go
</h1>",Venant,MSI,600 000 ,Plateau,https://i.roamcdn.net/hz/ed/listing-thumb-543w/f0ae57d895dd2fa4cf912141265ac952/-/horizon-files-prod/ed/picture/qrz847mq/5c813cdb2f110b86344a58153594f9ebc78a5fb9.jpg
1665,"<h1 class=""listing-item__header"">
    HP x360 G5
</h1>",Venant,HP,99 000 ,Médina,https://i.roamcdn.net/hz/ed/listing-thumb-543w/c24e7e542f4e99cc1687a554f1a3be9f/-/horizon-files-prod/ed/picture/qkr8v0dp/971aa5f31c648887b2765ca2ff4a24c5b1700c97.jpg
1666,"<h1 class=""listing-item__header"">
    MacBook Air M2 2022
</h1>",Venant,Apple,525 000 ,Plateau,https://i.roamcdn.net/hz/ed/listing-thumb-543w/27ea12df41c217250355dd5cddd0c7dc/-/horizon-files-prod/ed/picture/qgqwj8zm/bef93922a33878c90376da10178df52041ed3aa7.jpg
1667,"<h1 class=""listing-item__header"">
    Dell XPS 15
</h1>",Venant,Dell,550 000 ,Plateau,https://i.roamcdn.net/hz/ed/listing-thumb-543w/fcb0161dda41c784fdabdcf9f574ba0b/-/horizon-files-prod/ed/picture/qngpnwwm/3bc2f2e8d4c651b363c24444647474ebdcaf3d99.jpg
1668,"<h1 class=""listing-item__header"">
    Dell XPS 15
</h1>",Venant,Dell,600 000 ,Plateau,https://i.roamcdn.net/hz/ed/listing-thumb-543w/4f3227e34c8e8cb5ea05de7cc18ba6bc/-/horizon-files-prod/ed/picture/q6xd4558/83f4f4a284e0984b95323ea46c442578ae39d133.jpg
1669,"<h1 class=""listing-item__header"">
    MSI Raider Ge66 RTX 3060
</h1>",Venant,MSI,760 000 ,Plateau,https://i.roamcdn.net/hz/ed/listing-thumb-543w/57fad94366a721db3e3171ad195717d9/-/horizon-files-prod/ed/picture/qq428666/d6c0db7a311fcf15623d77ffe6c9283360bc10b8.png
1670,"<h1 class=""listing-item__header"">
    HP Zbook G9
</h1>",Venant,HP,580 000 ,Plateau,https://i.roamcdn.net/hz/ed/listing-thumb-543w/ad41045604284fb493ce27700561b493/-/horizon-files-prod/ed/picture/qenvjwwd/8572b7e033626952432b2f8464aa778e3c60e22f.jpg
1671,"<h1 class=""listing-item__header"">
    HP Zbook G8
</h1>",Venant,HP,520 000 ,Plateau,https://i.roamcdn.net/hz/ed/listing-thumb-543w/a5477d21dbc9dde60cfbcf98919dc7a6/-/horizon-files-prod/ed/picture/qm5g9njq/c0d1dd9efb45691edede3b75ef3b677ea6325da4.jpg
1672,"<h1 class=""listing-item__header"">
    HP Spectre x360
</h1>",Neuf,HP,690 000 ,Plateau,https://i.roamcdn.net/hz/ed/listing-thumb-543w/02d7866e869e39a88de2a9ca55e5ca98/-/horizon-files-prod/ed/picture/qenvjwxd/b5e8a1571690f1ce4330af2054d077737bc06fcb.jpg
1673,"<h1 class=""listing-item__header"">
    Lenovo Thinkpad 11e 11.6 pouce
</h1>",Venant,Lenovo,60 000 ,Yoff,https://i.roamcdn.net/hz/ed/listing-thumb-543w/fa952566364c1f9680f290db18708d19/-/horizon-files-prod/ed/picture/qm5g9n6q/dd0154275a09dd370ba7839aefbf8e14184dd4f6.jpg
1674,"<h1 class=""listing-item__header"">
    HP Envy 15 i5 12Go SSD 256Go + 1To x360 Tactile
</h1>",Neuf,HP,300 000 ,Dieuppeul,https://i.roamcdn.net/hz/ed/listing-thumb-543w/1c0b795ba5d1eaf2672772245f1153b3/-/horizon-files-prod/ed/picture/qzvp5xp6/81c49bc58b6e5aa4c37da210e5b2db6252287628.jpg
1675,"<h1 class=""listing-item__header"">
    HP zbook 14u G6 tactile
</h1>",Venant,HP,250 000 ,Médina,https://i.roamcdn.net/hz/ed/listing-thumb-543w/aea9e6b7d90c182f4955aa088338c02c/-/horizon-files-prod/ed/picture/qv4w5z9w/a60da786e3d15c4056ffdacbb8b3a494b5907ed1.jpg
1676,"<h1 class=""listing-item__header"">
    Lenovo thinkpad P1 G5 gamer
</h1>",Venant,Lenovo,780 000 ,Plateau,https://i.roamcdn.net/hz/ed/listing-thumb-543w/3e73c1cf611fbc2a8ee92346a70afcd3/-/horizon-files-prod/ed/picture/qngpnw70/e6ed39ad17c57a1a3cfa7cfc0581630e3a0bc289.jpg
1677,"<h1 class=""listing-item__header"">
    MacBook Pro M2 2022
</h1>",Venant,Apple,600 000 ,Plateau,https://i.roamcdn.net/hz/ed/listing-thumb-543w/8c76aee1082a9e631786b52f38d39c0d/-/horizon-files-prod/ed/picture/qde7jn95/3a46366b7d9390a0b073bd38d4a14975083ab2b6.jpg
1678,"<h1 class=""listing-item__header"">
    MacBook Air M3 2024
</h1>",Venant,Apple,620 000 ,Plateau,https://i.roamcdn.net/hz/ed/listing-thumb-543w/1a290c1657d192b1309964f240744c57/-/horizon-files-prod/ed/picture/qkr8v07z/f179722d8e3e5785c2a1a206491c0e82a2e2840c.jpg
1679,"<h1 class=""listing-item__header"">
    MacBook Pro 2017 Touch bar
</h1>",Venant,Apple,340 000 ,Médina,https://i.roamcdn.net/hz/ed/listing-thumb-543w/9545d00c7b9f3488fce6c9842c5f13ec/-/horizon-files-prod/ed/picture/qxjpeq8n/bdfea294c27631af45d0e23eadef451d03c65641.jpg
1680,"<h1 class=""listing-item__header"">
    Surface Laptop Studio - I5 11th | 16GB RAM | 256
</h1>",Venant,Microsoft Surface,360 000 ,Point-e,https://i.roamcdn.net/hz/ed/listing-thumb-543w/a2e4c19727d3662e52c83ff9000d3fc7/-/horizon-files-prod/ed/picture/qgqwz6e9/36a9541dfacf84e5414865fd973ab5f03e6086af.jpg
1681,"<h1 class=""listing-item__header"">
    Lenevo Think Pad T14s Gen 4 i7 13th Gen 14 Pouces
</h1>",Neuf,Lenovo,600 000 ,Médina,https://i.roamcdn.net/hz/ed/listing-thumb-543w/b86f24d201f7cf75b8c7af08cdf236b1/-/horizon-files-prod/ed/picture/qwep5w24/c04ff385b20c393036e7164646e3e8447ad2b79a.jpg
1682,"<h1 class=""listing-item__header"">
    MacBook Pro M3 Pro 16"" 36Go 1To Azerty 2024
</h1>",Neuf,Apple,1 500 000 ,Derkle,https://i.roamcdn.net/hz/ed/listing-thumb-543w/ea836307b1971f2ec441ede5daf372d9/-/horizon-files-prod/ed/picture/qwep5k06/14c5a83eeb80ed347a7413322c9701e109d0ce62.jpg
1683,"<h1 class=""listing-item__header"">
    HP i7 disc ssd 256g ram 16g wifi
</h1>",Venant,HP,95 000 ,Yoff,https://i.roamcdn.net/hz/ed/listing-thumb-543w/423a0211420c89e1d271ea0d129913ed/-/horizon-files-prod/ed/picture/qenvjxzx/5ad4b8ac74dd588df70f9009a031312ecc3ea592.jpg
1684,"<h1 class=""listing-item__header"">
    Promo☄️ Hp EliteBook 840 Corei5 Ram8 256ssd
</h1>",Neuf,HP,150 000 ,Médina,https://i.roamcdn.net/hz/ed/listing-thumb-543w/d109133e9c34d47ed0794c36e9535a5c/-/horizon-files-prod/ed/picture/q9mj6n2x/2be57301dd89afbd7a183e4466f68b2d799f0030.jpg
1685,"<h1 class=""listing-item__header"">
    Lenovo IdeaPad 3 Ryzen 5 /8GO/512SSD
</h1>",Neuf,Lenovo,250 000 ,Médina,https://i.roamcdn.net/hz/ed/listing-thumb-543w/c112bd49d6adda767898c0ce8d93e72b/-/horizon-files-prod/ed/picture/qv4wkd5m/e216a46a5f0d9d5b0444fa76c1f52f209fcd415a.jpg
1686,"<h1 class=""listing-item__header"">
    DELL LATITUDE 5531 I7-12Th/16GO/512
</h1>",Neuf,Dell,550 000 ,Médina,https://i.roamcdn.net/hz/ed/listing-thumb-543w/c7f2f3e6de3f6c07d99d230e0e89a30e/-/horizon-files-prod/ed/picture/q9mj6nw8/0d21085bed4f1045770c6f6670e23140ed09c3eb.jpg
1687,"<h1 class=""listing-item__header"">
    Ordinateur portable Acer one 10
</h1>",Venant,Acer,50 000 ,Médina,https://i.roamcdn.net/hz/ed/listing-thumb-543w/71609e649c41fabedbb6c0e8b27a77ab/-/horizon-files-prod/ed/picture/qwep820g/236d80e2a25fcae809c1d799246194ba8920a5f6.jpg
1688,"<h1 class=""listing-item__header"">
    Ordinateur portable fujitsu stylistic q736 core i5
</h1>",Réconditionné,Fujitsu,99 000 ,Médina,https://i.roamcdn.net/hz/ed/listing-thumb-543w/0e02bb2ec5561304e78499a99aa5bac3/-/horizon-files-prod/ed/picture/qngpzx89/0b665261d38e1fd67a52ab05a14db4b5d31123ba.jpg
1689,"<h1 class=""listing-item__header"">
    Ordinateur Dell Optiplex 7010 Mt - i3
</h1>",Venant,Dell,35 001 ,Médina,https://i.roamcdn.net/hz/ed/listing-thumb-543w/fa1a007e317514d49e7ebcf663fb356c/-/horizon-files-prod/ed/picture/qwepkk7d/0b64cdd4c75dda141841cb8de36322af10b26e8b.jpg
1690,"<h1 class=""listing-item__header"">
    Hp zbook 14U-G5 Mobile Workstation
</h1>",D'occasion,HP,210 000 ,Gueule-Tapée,https://i.roamcdn.net/hz/ed/listing-thumb-543w/c595b67b998eea195acc5abe54683ffa/-/horizon-files-prod/ed/picture/qv4wz66m/f6d36ab3c3b567a007bbaf66b0cf73b4773ce554.jpg
1691,"<h1 class=""listing-item__header"">
    Asus Tuf Gaming F15 de 13 éme Gen  Rtx 4070 de 8 Gb dedie
</h1>",Neuf,ASUS,950 000 ,Cambérène,https://i.roamcdn.net/hz/ed/listing-thumb-543w/40cba43c8ab3d9271892c61a3c9175b0/-/horizon-files-prod/ed/picture/qxjpewvv/6ab01038b583c5c73a940e6946b0097264129262.png
1692,"<h1 class=""listing-item__header"">
    Lenovo IdeaPad 3 GAMER
</h1>",Venant,Lenovo,180 000 ,Plateau,https://i.roamcdn.net/hz/ed/listing-thumb-543w/c32acd7ad3e250633db3be27cd37efe2/-/horizon-files-prod/ed/picture/qenv7409/8f257859a4b716ec4caa3e67d276cfd863e69b91.jpg
1693,"<h1 class=""listing-item__header"">
    MINI HP PROBOOK X360 G1
</h1>",Venant,HP,65 000 ,Médina,https://i.roamcdn.net/hz/ed/listing-thumb-543w/1e84218d247ccb68e96cd642e064fb50/-/horizon-files-prod/ed/picture/qxj2v0ej/3f9ec9ad13bee8ac82e33b738dd127e11f411589.jpg
1694,"<h1 class=""listing-item__header"">
    Macbook pro 16pouces i7
</h1>",Venant,Apple,550 000 ,Plateau,https://i.roamcdn.net/hz/ed/listing-thumb-543w/a7661cabebb06f5d83d8d12e1f49a2da/-/horizon-files-prod/ed/picture/q9mj6rwn/f8454f92a9d32a2cdbde31dd0a7290d4790fb8fb.jpg
1695,"<h1 class=""listing-item__header"">
    Asus Vivobook X515-Ea i7 2023
</h1>",Venant,ASUS,280 000 ,Plateau,https://i.roamcdn.net/hz/ed/listing-thumb-543w/72f66bbcc589cc2ce0fe1530b634b4d9/-/horizon-files-prod/ed/picture/qenvjp25/7e1be4de7a6462f0de14ebc14cf081b375db6a81.jpg
1696,"<h1 class=""listing-item__header"">
    Macbook Pro Touchbar
</h1>",Venant,Apple,360 000 ,Plateau,https://i.roamcdn.net/hz/ed/listing-thumb-543w/2b0d231a640f05bd886331b8565abd62/-/horizon-files-prod/ed/picture/qde7jd4r/7e05eff78c072a86fc207e0763b490ff78853a74.jpg
1697,"<h1 class=""listing-item__header"">
    DELL PRÉCISION 5560
</h1>",Venant,Dell,580 000 ,Yoff,https://i.roamcdn.net/hz/ed/listing-thumb-543w/f0a2eacd0e0ae7e5607a9ad47e993f01/-/horizon-files-prod/ed/picture/qrz846rq/c9aaae09edd8f8764e2d63232ee22f76cb8a6414.jpg
1698,"<h1 class=""listing-item__header"">
    LENOVO THINKPAD T14 Rizen 7 pro
</h1>",Venant,Lenovo,280 000 ,Hann maristes,https://i.roamcdn.net/hz/ed/listing-thumb-543w/4dfe9ddf3c8d55cc3927f9e607615f48/-/horizon-files-prod/ed/picture/q8v4xpej/e94ac9fb3b37e20287ee0d7f1894b824c429a0ae.jpg
1699,"<h1 class=""listing-item__header"">
    MSi katana Gf66 /32G/ 512G
</h1>",Neuf,MSI,550 000 ,Plateau,https://i.roamcdn.net/hz/ed/listing-thumb-543w/096ef499b74a3346bda79a68b1f0e4bf/-/horizon-files-prod/ed/picture/q9mj65ev/ab5b22265c966f2f2db9f117af73bf117875658d.png
1700,"<h1 class=""listing-item__header"">
    Promo☄️Hp EliteBook 840 Corei5 Ram8 ssd 256
</h1>",Neuf,HP,150 000 ,Médina,https://i.roamcdn.net/hz/ed/listing-thumb-543w/145faa8bb659039ebb967fba761a5d7c/-/horizon-files-prod/ed/picture/q0g70nr6/6d3d1c6c2dd8866587685aaed84bf97f75a2cf0b.jpg
1701,"<h1 class=""listing-item__header"">
    HP Probook 450 G5 Cor i7
</h1>",Venant,HP,190 000 ,Médina,https://i.roamcdn.net/hz/ed/listing-thumb-543w/0eca2e044d3e8961118e15f2c1951dc2/-/horizon-files-prod/ed/picture/q8v49kjp/2334efcfa8992af7d35edec52d47fbe9c72b55d6.jpg
1702,"<h1 class=""listing-item__header"">
    MacBook PRO TOUCH BAR 2018
</h1>",Venant,Apple,400 000 ,Yoff,https://i.roamcdn.net/hz/ed/listing-thumb-543w/af3f91777ace75ffa2a7fb448d775e03/-/horizon-files-prod/ed/picture/qv4w5g9m/40728461bc92578c8cabb2df7ee966a997e44817.jpg
1703,"<h1 class=""listing-item__header"">
    MacBook PRO RETINA 2015
</h1>",Venant,Apple,195 000 ,Yoff,https://i.roamcdn.net/hz/ed/listing-thumb-543w/1d93ca62b25e535e535291d0a8f93789/-/horizon-files-prod/ed/picture/qenvj994/397792fec9e1980b31d258a3d7b4497cec17f8e9.jpg
1704,"<h1 class=""listing-item__header"">
    MacBook AIR M2 2022
</h1>",Venant,Apple,450 000 ,Yoff,https://i.roamcdn.net/hz/ed/listing-thumb-543w/41d30f8915d2d8da336f9f501d74b537/-/horizon-files-prod/ed/picture/qm5g966d/2218b92922c6407a5917f5ea2c032a7aacea5f41.jpg
1705,"<h1 class=""listing-item__header"">
    HP Envy x360 Intel Core Ultra 7 15e génération
</h1>",Venant,HP,700 000 ,Médina,https://i.roamcdn.net/hz/ed/listing-thumb-543w/7474283c5b6e6bf92311b4578c8af50a/-/horizon-files-prod/ed/picture/qzvpezw9/629d0bf5d0c63f59573feb05f253639939cf3966.jpg
1706,"<h1 class=""listing-item__header"">
    HP EliteBook 840 G9 i7
</h1>",Venant,HP,550 000 ,Médina,https://i.roamcdn.net/hz/ed/listing-thumb-543w/d42ccf610adfd3c1ded385d41a59dd73/-/horizon-files-prod/ed/picture/q44n70vv/04ffd02d804533bc1d8cb9045a54ca124114668c.jpg
1707,"<h1 class=""listing-item__header"">
    Dell Latitude Tactile pliable 3190 2-in-1
</h1>",Neuf,Dell,105 000 ,Médina,https://i.roamcdn.net/hz/ed/listing-thumb-543w/bd2875b6ec7b9c3be99de9a103760b1b/-/horizon-files-prod/ed/picture/q78wrjee/06433984105f1a1d5796075c14f2993f8ab1d02b.jpg
1708,"<h1 class=""listing-item__header"">
    GAMER MSI Prestige blanc
</h1>",Venant,MSI,435 000 ,Hlm,https://i.roamcdn.net/hz/ed/listing-thumb-543w/c7103d2ab9cc769c3fd5c18f812ffd0e/-/horizon-files-prod/ed/picture/qgqwjmjn/092cf7a86a698dbe6424de69cfcc89e91719f549.jpg
1709,"<h1 class=""listing-item__header"">
    promo Mac book air rose gold M1 
ssd 256go 
Ram 8go
</h1>",Venant,Apple,315 000 ,Hlm,https://i.roamcdn.net/hz/ed/listing-thumb-543w/ea7b6b2f450d53aea4f553b50b0445b4/-/horizon-files-prod/ed/picture/q78wrjrx/58613751702a654d928dde7aaff3e55c7f12b677.jpg
1710,"<h1 class=""listing-item__header"">
    HP spectre x360 convertible
</h1>",Venant,HP,290 000 ,Hann maristes,https://i.roamcdn.net/hz/ed/listing-thumb-543w/99553b14d6b2316315a338c8852135ae/-/horizon-files-prod/ed/picture/q2j0nk5d/0c8bf4e881b88f79d3d8944ed53629363cd323cf.jpg
1711,"<h1 class=""listing-item__header"">
    lenovo thinkpad core i5 8th
</h1>",Neuf,Lenovo,150 000 ,Médina,https://i.roamcdn.net/hz/ed/listing-thumb-543w/6d9c7cf80ffdb3a9a2b6e728872eecb2/-/horizon-files-prod/ed/picture/q78w94zq/27f8a31b61aa21d92de5da6eb4909c236fac231e.jpg
1712,"<h1 class=""listing-item__header"">
    HP ELITEBOOK
</h1>",Venant,HP,240 000 ,Plateau,https://i.roamcdn.net/hz/ed/listing-thumb-543w/f698152621993ae7c6298507462036df/-/horizon-files-prod/ed/picture/qwep5r8m/2b932ec8c5f35d3eb9e7676c449e089102ede7ef.jpg
1713,"<h1 class=""listing-item__header"">
    Hp Probook 450 G8 scelle
</h1>",Neuf,HP,350 000 ,Cambérène,https://i.roamcdn.net/hz/ed/listing-thumb-543w/c133690d99cd375cc72180953353d125/-/horizon-files-prod/ed/picture/qxjpzmm2/371ed454af161d53f2311c95bdd9a4b5146e0492.jpg
1714,"<h1 class=""listing-item__header"">
    MacBook pro m1 16go /1to
</h1>",Neuf,Apple,690 000 ,Derkle,https://i.roamcdn.net/hz/ed/listing-thumb-543w/a64929d2c0bd6acbf97fca0068291039/-/horizon-files-prod/ed/picture/qenvx7ev/ab735661d02b51520ba3493051b9252404226967.jpg
1715,"<h1 class=""listing-item__header"">
    Macbook Pro M1/16Go/256 GO
</h1>",Venant,Apple,480 000 ,Hann maristes,https://i.roamcdn.net/hz/ed/listing-thumb-543w/1df6c61001d8390604851ccb6843e7d8/-/horizon-files-prod/ed/picture/qde762g4/61eb81f4e8bdc960eb73ca53dca8837fc8db1b77.jpg
1716,"<h1 class=""listing-item__header"">
    Macbook Pro m1/8GO/512Go
</h1>",Venant,Apple,500 000 ,Hann maristes,https://i.roamcdn.net/hz/ed/listing-thumb-543w/b4d3e53fe1a510976a4750a9764f3d92/-/horizon-files-prod/ed/picture/qgqw0d6m/d649e7de0950b360a349898d7d7795f688f70500.jpg
1717,"<h1 class=""listing-item__header"">
    Dell core i5 8th ssd 512g ram 16g
</h1>",Venant,Dell,165 000 ,Yoff,https://i.roamcdn.net/hz/ed/listing-thumb-543w/0a261f2204c3b11e69eeb1da1df7d1e3/-/horizon-files-prod/ed/picture/qenvjved/ba1d2364317a153584a2d9ce8749e777fd9e210d.jpg
1718,"<h1 class=""listing-item__header"">
    Unité centrale de bureau HP 290 G4 MT i5-10500/8GB/512GB SSD
</h1>",Neuf,HP,349 999 ,Médina,https://i.roamcdn.net/hz/ed/listing-thumb-543w/9568799eeea9bae89f9e88302fc2e1dd/-/horizon-files-prod/ed/picture/qv4w5wvv/d0863cda1e2fc7082e3bf5ade115f489f74ca973.jpg
1719,"<h1 class=""listing-item__header"">
    Lenovo Ideapad 3 RYZEN 5/16GO
</h1>",Neuf,Lenovo,500 000 ,Médina,https://i.roamcdn.net/hz/ed/listing-thumb-543w/a3419b7cd6a9310c0cc0856f1aefb878/-/horizon-files-prod/ed/picture/qdek86d5/777efe9e9044d61474f61e11128b329c0db2ec44.jpg
1720,"<h1 class=""listing-item__header"">
    HP i7 ssd 128g hdd 500g ram 16g
</h1>",Venant,HP,95 000 ,Yoff,https://i.roamcdn.net/hz/ed/listing-thumb-543w/ec1be9ce3ad6b6f2585d7eac5f405b32/-/horizon-files-prod/ed/picture/qxjpepej/bb84ccd39a40855bc2fa7df101d102c7ccf49621.jpg
1721,"<h1 class=""listing-item__header"">
    DELL LATITUDE 5440 I7-13GEN/32GO/512SSD
</h1>",Neuf,Dell,600 000 ,Médina,https://i.roamcdn.net/hz/ed/listing-thumb-543w/0b78bec484579965962d96bd6ef74ee3/-/horizon-files-prod/ed/picture/q9mj6jwv/8c311414fb66df748f644ba59eaa855ff3012c94.png
1722,"<h1 class=""listing-item__header"">
    SURFACE PRO 9
</h1>",Neuf,Grisi,650 000 ,Plateau,https://i.roamcdn.net/hz/ed/listing-thumb-543w/48c15c3e261456ae9198ac61af468e94/-/horizon-files-prod/ed/picture/qm5g9pv2/4079cb40f1b481e3e3c19b8e7293e88ce713f8a2.jpg
1723,"<h1 class=""listing-item__header"">
    MacBook Pro 2015
</h1>",Venant,Apple,195 000 ,Yoff,https://i.roamcdn.net/hz/ed/listing-thumb-543w/96c2b1bdd16d42be19d7757313f2c0ac/-/horizon-files-prod/ed/picture/q44nq4mv/603952d331a3d9d2cd30a7c1dbf53b01fb43ffd7.jpg
1724,"<h1 class=""listing-item__header"">
    Hp EliteBook G3 820
</h1>",Venant,HP,105 000 ,Almadies 2,https://i.roamcdn.net/hz/ed/listing-thumb-543w/e8e0d5fddb51b244e477e186ed1bf1c8/-/horizon-files-prod/ed/picture/qrzzgpv2/cd2237b7ac894d66db85b253a09681309adc48b6.jpg
1725,"<h1 class=""listing-item__header"">
    All in on Dell OptiPlex 7440  core i5
</h1>",Neuf,Dell,180 000 ,Médina,https://i.roamcdn.net/hz/ed/listing-thumb-543w/7b2149c3bc4b4846e43ed964fd1ec9fb/-/horizon-files-prod/ed/picture/qpdmq6w2/59deba76648a9cefad00baedd3b5fdf7304f54c0.jpg
1726,"<h1 class=""listing-item__header"">
    MacBook pro m1 2020
</h1>",Neuf,Apple,490 000 ,Derkle,https://i.roamcdn.net/hz/ed/listing-thumb-543w/c6b3ca517f00941cae0054679a50b4af/-/horizon-files-prod/ed/picture/q8v4gvvz/261d3e4e2fadf3902433d37e5d59f18db51e6698.jpg
1727,"<h1 class=""listing-item__header"">
    SAMSUNG GALAXY BOOK3 X360 I7-13GEN/16GO/512SSD
</h1>",Neuf,Samsung,550 000 ,Médina,https://i.roamcdn.net/hz/ed/listing-thumb-543w/c1d6246f6e0592bc24997e3591835350/-/horizon-files-prod/ed/picture/q9mj684n/d91d6ca4f338da8dbbd30d9d390e5404873d4458.jpg
1728,"<h1 class=""listing-item__header"">
    Dell 5430 rugged /11Gen
</h1>",Neuf,Dell,800 000 ,Plateau,https://i.roamcdn.net/hz/ed/listing-thumb-543w/fe30f28e10238c71807068d96f6eeb2f/-/horizon-files-prod/ed/picture/qxjpe64m/605a77f5f34fc374b758de76aeccd7346b350a03.jpg
1729,"<h1 class=""listing-item__header"">
    HP pavillon gamer core i7 10th NVIDIA 4 giga tactile
</h1>",Venant,HP,259 900 ,Point-e,https://i.roamcdn.net/hz/ed/listing-thumb-543w/0df725b55a0cf4c7b4a540e6bd339a87/-/horizon-files-prod/ed/picture/qpdm75wv/c667836a489f3bc0588ab226f269ef8cb5b71e5e.jpg
1730,"<h1 class=""listing-item__header"">
    Lenovo X1 carbon i5 8th gen
</h1>",Venant,Lenovo,159 900 ,Point-e,https://i.roamcdn.net/hz/ed/listing-thumb-543w/1de74bf1c0e7cd1aff0bba48e47cb6d3/-/horizon-files-prod/ed/picture/qenv7254/e66375753f0372d563387d2f642edb89e6c2cc2e.jpg
1731,"<h1 class=""listing-item__header"">
    Hp Elitebook 1030 G2
</h1>",Neuf,HP,220 000 ,Plateau,https://i.roamcdn.net/hz/ed/listing-thumb-543w/1298dc2aeb2dcddb11d37123dd655188/-/horizon-files-prod/ed/picture/qj4q7j7e/b15ef1dacf1a490f24825d49659b00c0b71c7d20.jpg
1732,"<h1 class=""listing-item__header"">
    MacBook Air 2019
</h1>",Venant,Apple,400 000 ,Point-e,https://i.roamcdn.net/hz/ed/listing-thumb-543w/8ec670a1f0dc944bd0559cea50345efb/-/horizon-files-prod/ed/picture/qq42zzez/6bac1dc6984c20cefad3435c13588060953256a0.jpg
1733,"<h1 class=""listing-item__header"">
    Surface laptop
</h1>",Venant,Microsoft Surface,280 000 ,Plateau,https://i.roamcdn.net/hz/ed/listing-thumb-543w/6cb117ef9a4a509fc25b7124a4d01fc3/-/horizon-files-prod/ed/picture/qkr8v5x8/9975c9f3b832270c41c462112aebae2d31c8f1a8.jpg
1734,"<h1 class=""listing-item__header"">
    Promo☄️Hp EliteBook 840 Corei5 Ram8 256ssd
</h1>",Neuf,HP,150 000 ,Médina,https://i.roamcdn.net/hz/ed/listing-thumb-543w/fc61a12eb7f2949828d881d544a67fa2/-/horizon-files-prod/ed/picture/qpdmqw00/d6c84be355b64f524c5c9732ccbb560dfbe30910.jpg
1735,"<h1 class=""listing-item__header"">
    ✨ SURFACE LAPTOP 3 : 🌟 Garantie - Prix Imbattable✨
</h1>",Venant,Microsoft Surface,240 000 ,Gibraltar,https://i.roamcdn.net/hz/ed/listing-thumb-543w/053a9ae16240f1368f97e127c1b21e9a/-/horizon-files-prod/ed/picture/qde7n4ej/bdbc651824fc6a3ee2ef70a7e297913154623654.jpg
1736,"<h1 class=""listing-item__header"">
    Surface pro 7 core i3 128giga neuf scellé
</h1>",Neuf,Microsoft Surface,300 000 ,Almadies,https://i.roamcdn.net/hz/ed/listing-thumb-543w/d8c1d901f28d7d9d988da71279355d56/-/horizon-files-prod/ed/picture/qngpndp9/62d4cbb6d8829a400c7c558a153ce40b2505950b.jpg
1737,"<h1 class=""listing-item__header"">
    HP zbook 14u G6 i5
</h1>",Venant,HP,250 000 ,Médina,https://i.roamcdn.net/hz/ed/listing-thumb-543w/2b4d4a407b49984a4c9198c6e894afaa/-/horizon-files-prod/ed/picture/qv4w5pmp/0016c6b66e1ab3e5fc5b95f9fc2f16790b186f57.jpg
1738,"<h1 class=""listing-item__header"">
    Ensemble Hp Prodesk 400 G4 SFF i7-7700
</h1>",Venant,Autre,140 000 ,Keur Massar,https://i.roamcdn.net/hz/ed/listing-thumb-543w/0322dc666846adae7b7a0b6222ece6a3/-/horizon-files-prod/ed/picture/q8v4d4qr/d9b3e90df9b9432b5de5a732a492882b12eb86fc.jpg
1739,"<h1 class=""listing-item__header"">
    HP ELITEBOOK 845 G7 PUISSANCE ET ÉLÉGANCE
</h1>",Neuf,HP,10 ,Médina,https://i.roamcdn.net/hz/ed/listing-thumb-543w/d9c2577bf53ff390b20093678b14840d/-/horizon-files-prod/ed/picture/q9mj6m50/f70fa80d3e0edc002c48be27e2993d34f8efe831.jpg
1740,"<h1 class=""listing-item__header"">
    Acer aspire 5 11th Génération
</h1>",Venant,Acer,300 000 ,Plateau,https://i.roamcdn.net/hz/ed/listing-thumb-543w/ad34097fc10992a6a986cade53d3d47a/-/horizon-files-prod/ed/picture/q9mj90kv/11fd24928c2f25d11c7190328daf87de56e133d7.jpg
1741,"<h1 class=""listing-item__header"">
    Dell 7490
</h1>",Neuf,Dell,200 000 ,Gueule-Tapée,https://i.roamcdn.net/hz/ed/listing-thumb-543w/f67271201ca9d82f58986c122d5abe0a/-/horizon-files-prod/ed/picture/qde7jrvj/d996759db6e81f9ced0c3311076fe46d6d7fa5a1.jpg
1742,"<h1 class=""listing-item__header"">
    Ordinateur portable Hp
</h1>",Réconditionné,HP,229 900 ,Médina,https://i.roamcdn.net/hz/ed/listing-thumb-543w/91a4a06d5c31927321d6faad2fa4f010/-/horizon-files-prod/ed/picture/q9mj60vn/e62a521d9c3c658f5d94a8b6347891d48d9ca523.jpg
1743,"<h1 class=""listing-item__header"">
    Ordinateur portable Hp tactile
</h1>",Venant,HP,89 900 ,Gibraltar,https://i.roamcdn.net/hz/ed/listing-thumb-543w/b96f67eff1f43fa2e5ffe535f0778954/-/horizon-files-prod/ed/picture/qv4w5mjg/8348e531522e79b46c51ab577f61bb77d29cedb9.jpg
1744,"<h1 class=""listing-item__header"">
    Ordinateur portable Hp Core i5
</h1>",Venant,HP,145 000 ,Gibraltar,https://i.roamcdn.net/hz/ed/listing-thumb-543w/f35f0d611b3d0c11d12b2ee0bc2d32f4/-/horizon-files-prod/ed/picture/q6xd47jd/80cddaacfec13afc1daa4e8818fd98b97bb9512b.jpg
1745,"<h1 class=""listing-item__header"">
    Ordinateur Hp moyen
</h1>",Venant,HP,89 900 ,Médina,https://i.roamcdn.net/hz/ed/listing-thumb-543w/145cf2b3554d3692a46f941fa62a4827/-/horizon-files-prod/ed/picture/qenvjdk5/067d8e926444a70f69d58a5f3f7191ef68881a5b.jpg
1746,"<h1 class=""listing-item__header"">
    HP EliteBook 830 G9 X360 - I5 12th | 16GB RAM | 512
</h1>",Venant,HP,360 000 ,Point-e,https://i.roamcdn.net/hz/ed/listing-thumb-543w/44ba134093613e831f913f7a0790000a/-/horizon-files-prod/ed/picture/qzvp6vpx/9af71f89fe375c61cd5ac7caf185a5fa89db515f.jpg
1747,"<h1 class=""listing-item__header"">
    Dell Latitude 5540 - I5 13th | 16GB RAM | 512
</h1>",Venant,Dell,350 000 ,Point-e,https://i.roamcdn.net/hz/ed/listing-thumb-543w/588fe5cac451dd2af807221e7d79c2d4/-/horizon-files-prod/ed/picture/qde760j4/727bb00e7b0c4b105d12802f12243c91d0dfdaf0.jpg
1748,"<h1 class=""listing-item__header"">
    surface pro x 11eme editions snapdragon
</h1>",Neuf,Microsoft Surface,1 400 000 ,Plateau,https://i.roamcdn.net/hz/ed/listing-thumb-543w/4631b853219f08fea5bbb588db0a13da/-/horizon-files-prod/ed/picture/qv4w5mkj/eda14b9dc2844b46c570e6531349f8bb23da2f02.jpg
1749,"<h1 class=""listing-item__header"">
    Lenovo ThinkPad X1 G3 Core i5 8th tactile
</h1>",Neuf,Lenovo,230 000 ,Médina,https://i.roamcdn.net/hz/ed/listing-thumb-543w/b960aa0213d0bd58254c9c5646f4fc28/-/horizon-files-prod/ed/picture/q6xdvq2g/7f005b25bd2d0319f82ad38da4e57f5d77041e41.jpg
1750,"<h1 class=""listing-item__header"">
    HP Elite x2 1013 G3 core i5 tactile
</h1>",Neuf,HP,200 000 ,Médina,https://i.roamcdn.net/hz/ed/listing-thumb-543w/a676049afe7231959eb55b9277024630/-/horizon-files-prod/ed/picture/q8v5j6k4/78f02bd87cc763e4b8241506bc58efa8b37325c8.jpg
1751,"<h1 class=""listing-item__header"">
    Hp EliteBook 840 g6 i5 TACTILE
</h1>",Neuf,HP,235 000 ,Médina,https://i.roamcdn.net/hz/ed/listing-thumb-543w/9049f89902b80fc1347f5c40a3dd0ca0/-/horizon-files-prod/ed/picture/qgq96ezn/8235f65308f42ee4b7f8b855fc8d9c2a756532bb.jpg
1752,"<h1 class=""listing-item__header"">
    Promo☄️Hp EliteBook 1030x360 Corei7 512 Ram16
</h1>",Neuf,HP,250 000 ,Médina,https://i.roamcdn.net/hz/ed/listing-thumb-543w/493dd69fb415338cead025144e28c21f/-/horizon-files-prod/ed/picture/qngpn55e/15d7539a4a2cfce6820cb56efe6936476b5bd769.jpg
1753,"<h1 class=""listing-item__header"">
    Samsung i7 12th
</h1>",Neuf,Samsung,395 000 ,Hlm,https://i.roamcdn.net/hz/ed/listing-thumb-543w/c87f00008dc79783335e67e0a07e4b6f/-/horizon-files-prod/ed/picture/q9mj600v/7c94f60c6c8cdef2db4a4f61291c35824f25df10.jpg
1754,"<h1 class=""listing-item__header"">
    Hp EliteBook 840 G6 Corei5 256sse Ram8 8Th Gen
</h1>",Neuf,HP,200 000 ,Médina,https://i.roamcdn.net/hz/ed/listing-thumb-543w/5a6f84944dc8038eed693accdca1cf6a/-/horizon-files-prod/ed/picture/qzvp5226/fa3e17f49f9753faabb6139bf7c3f551677bea88.jpg
1755,"<h1 class=""listing-item__header"">
    Promo☄️Hp EliteBook 840 Corei5 256ssd Ram8
</h1>",Neuf,HP,150 000 ,Médina,https://i.roamcdn.net/hz/ed/listing-thumb-543w/a4e07b7e58ca6cd0d5db340f9cdca2f0/-/horizon-files-prod/ed/picture/qde7jrr2/2d1350513537b04c52bfb6fc2fd9e7b45449dee6.jpg
1756,"<h1 class=""listing-item__header"">
    MacBook Air 2014 i5
</h1>",Venant,Apple,180 000 ,Plateau,https://i.roamcdn.net/hz/ed/listing-thumb-543w/f81dcc0457a2fc0f683a5afd352c335c/-/horizon-files-prod/ed/picture/q56dx69x/c2847df7f658f06bab60e0d897465e6ac24e649b.jpg
1757,"<h1 class=""listing-item__header"">
    Imac 27"" 2019 5K core i5 1tb/8gb / 4gb dédié
</h1>",Neuf,Apple,500 000 ,Plateau,https://i.roamcdn.net/hz/ed/listing-thumb-543w/e25a3b633989d1485999a6420a9fade3/-/horizon-files-prod/ed/picture/q78wmnxn/6f249c00ed30517e3954ec509a591315abaa43d9.jpg
1758,"<h1 class=""listing-item__header"">
    HP elitebook 840 G3
</h1>",Venant,HP,155 000 ,Médina,https://i.roamcdn.net/hz/ed/listing-thumb-543w/5b7a348d1755d7a2b4034bc69204de12/-/horizon-files-prod/ed/picture/qq42vp47/b16d2dd36da6fc8efaaf8c5ef3603d8c21d382b5.jpg
1759,"<h1 class=""listing-item__header"">
    Promo☄️Hp EliteBook 840 Corei5 256ssdRam8
</h1>",Neuf,HP,150 000 ,Médina,https://i.roamcdn.net/hz/ed/listing-thumb-543w/a979879704737cfd00db1c07887a6396/-/horizon-files-prod/ed/picture/q6xdmgen/f846904089d2e8f6f6c8bf64dec913d775a0112b.jpg
1760,"<h1 class=""listing-item__header"">
    Surface laptop 3
Core i5 de 10th génération 
Disque ssd 256g
</h1>",Neuf,Microsoft Surface,235 000 ,Hlm,https://i.roamcdn.net/hz/ed/listing-thumb-543w/a2dc202a4038e346f7076b4e45aa06c1/-/horizon-files-prod/ed/picture/q9mjdpqw/3a4b3295cbe2390c7fda6a6e6c18057386b94071.jpg
1761,"<h1 class=""listing-item__header"">
    SURFACE PRO 5 
Core i5 de 7th generation processeur 2.7GHz
</h1>",Neuf,Microsoft Surface,195 000 ,Hlm,https://i.roamcdn.net/hz/ed/listing-thumb-543w/38665f83248c0f728f49f159cbdc83a6/-/horizon-files-prod/ed/picture/q78wmkdz/ae01e9e9e9abd9e1419c32d8b04286132b07c58b.jpg
1762,"<h1 class=""listing-item__header"">
    HP PROBOOK 440 G10 CORE I5 13TH 512/32GB
</h1>",Neuf,HP,335 000 ,Plateau,https://i.roamcdn.net/hz/ed/listing-thumb-543w/c84fdf637cef66485489064ae9bcd93a/-/horizon-files-prod/ed/picture/q6xdmg4j/fe10b3fa1421154e669078327ff2c2c5f4532b46.jpg
1763,"<h1 class=""listing-item__header"">
    HP ZBOOK 14"" Core I7 tactile 512gb ssd / 16gb
</h1>",Venant,HP,250 000 ,Plateau,https://i.roamcdn.net/hz/ed/listing-thumb-543w/ff0daa003790db6c1606af163a145985/-/horizon-files-prod/ed/picture/q2j0d4nd/9cb7f61770202b0689f86f528f71455831ffb5ee.jpg
1764,"<h1 class=""listing-item__header"">
    DISQUE DUR
</h1>",Neuf,SEAGATE,15 000 ,Hann maristes,https://i.roamcdn.net/hz/ed/listing-thumb-543w/e8de45d71b9eac3a3027356849372031/-/horizon-files-prod/ed/picture/qkrgjkk8/28189a7bf02a4e8b2fcaa6027ca6f82681acfe9d.png
1765,"<h1 class=""listing-item__header"">
    Dell Inspiron 13 5310 intel core i5-11320H 11th Gen 3.20Ghz
</h1>",Venant,Dell,380 000 ,Parcelles Assainies,https://i.roamcdn.net/hz/ed/listing-thumb-543w/01a0612a2a3c77bbca6842bbbd233022/-/horizon-files-prod/ed/picture/q78wmk0j/9ef2364dec8ba30f0d5e3ade65c2cd2814d8aab5.jpg
1766,"<h1 class=""listing-item__header"">
    Razer Blade 15 Intel core i7-8750H 2.20Ghz (12 Cœurs)
</h1>",Venant,Autre,485 000 ,Parcelles Assainies,https://i.roamcdn.net/hz/ed/listing-thumb-543w/9d1425990de483a98ba0f4ef9a3fd2be/-/horizon-files-prod/ed/picture/qngpz4jw/997e2ac26d9b7c9898ebacc5cdf895ef93ae1575.jpg
1767,"<h1 class=""listing-item__header"">
    Acer b118 11.6
</h1>",Venant,Acer,75 000 ,Médina,https://i.roamcdn.net/hz/ed/listing-thumb-543w/835600159e0d2aa98f13cf7bd6180e11/-/horizon-files-prod/ed/picture/qenv76p5/af4de15bda51c643587c89a757c08f40cc8f2007.jpg
1768,"<h1 class=""listing-item__header"">
    Hp 450 g7 i5 10e gen 16/512
</h1>",Venant,HP,195 000 ,Médina,https://i.roamcdn.net/hz/ed/listing-thumb-543w/4ceb4449d8b24b504a26d349f9e9603d/-/horizon-files-prod/ed/picture/qngppjvr/48e61dc1ab10e8fc19d980a958b8941cedec6e73.jpg
1769,"<h1 class=""listing-item__header"">
    HP x360 écran tactile
</h1>",Venant,HP,89 000 ,Médina,https://i.roamcdn.net/hz/ed/listing-thumb-543w/d24b766e78cf9542d8e16809b036ab1f/-/horizon-files-prod/ed/picture/qkr8q4vn/a7c903224ca954ad088390398ff6954612dd8021.jpg
1770,"<h1 class=""listing-item__header"">
    HP zbook 14u G6
</h1>",Venant,HP,250 000 ,Médina,https://i.roamcdn.net/hz/ed/listing-thumb-543w/d7c0c591364f0bbd581c51742d9a6a0d/-/horizon-files-prod/ed/picture/qrz80p45/d600b87a5fb4d10dc05c311c785363e02f0e6844.jpg
1771,"<h1 class=""listing-item__header"">
    HP elitebook 840 G6 i5
</h1>",Venant,HP,280 000 ,Médina,https://i.roamcdn.net/hz/ed/listing-thumb-543w/ec4272af6d42a9f28a62cdcbcf6e9bb8/-/horizon-files-prod/ed/picture/qde76v48/863d378e7f45835bbe6625f1dba231070ae293b4.jpg
1772,"<h1 class=""listing-item__header"">
    T480s i7
</h1>",Venant,Lenovo,220 000 ,Médina,https://i.roamcdn.net/hz/ed/listing-thumb-543w/7facae5a206868d178e105dd05aafe34/-/horizon-files-prod/ed/picture/qrz80pk5/066045f26887e290a33c42b2caffa2b6bb4112f4.jpg
1773,"<h1 class=""listing-item__header"">
    MacBook Pro 2017
</h1>",Venant,Apple,400 000 ,Colobane,https://i.roamcdn.net/hz/ed/listing-thumb-543w/ec776912bdd32f13f73b1bec988ceacf/-/horizon-files-prod/ed/picture/q8v4dep6/32880308cf0283c537cea2145f79ced4d932a879.jpg
1774,"<h1 class=""listing-item__header"">
    2024 Mac Book Air Puce M3 ssd 256 Gb Ram 16 Gb
</h1>",Venant,Apple,690 000 ,Cambérène,https://i.roamcdn.net/hz/ed/listing-thumb-543w/46a8096f9ffab2f7954e53d5fa7b50bd/-/horizon-files-prod/ed/picture/qgqw0nzk/33dc6907c9b0cd17f5c18a92a69649bd96411d08.jpg
1775,"<h1 class=""listing-item__header"">
    Surface Laptop 3
</h1>",Neuf,Microsoft Surface,245 000 ,Plateau,https://i.roamcdn.net/hz/ed/listing-thumb-543w/57bbe06fbbeafaec1dc240f910cf0a98/-/horizon-files-prod/ed/picture/qgqw0ndq/e750a634b1733e515b4826f8c0f3cac85f70ba96.jpg
1776,"<h1 class=""listing-item__header"">
    Dell précision 5540 i7 4k 1to/32go tactile
</h1>",Neuf,Dell,390 000 ,Derkle,https://i.roamcdn.net/hz/ed/listing-thumb-543w/a86731bda84e435edb9bcf04d82966e6/-/horizon-files-prod/ed/picture/q44nmzjv/e120612642381aa23885f1d224cdf9b17aa934b6.jpg
1777,"<h1 class=""listing-item__header"">
    Dell latitude 7390 2-in-1 
Core i5 de 8th
</h1>",Neuf,Dell,185 000 ,Hlm,https://i.roamcdn.net/hz/ed/listing-thumb-543w/2d16298d007f6223d25ed50ff23332e8/-/horizon-files-prod/ed/picture/qenv70d9/969befe2db426f5fc1270befe4aca0102be65f6b.jpg
1778,"<h1 class=""listing-item__header"">
    Hp ZBook Gamer Corei7 1To Ram32 giga Nvidia 4Giga dédié
</h1>",Neuf,HP,450 000 ,Médina,https://i.roamcdn.net/hz/ed/listing-thumb-543w/324dfedc13b4876ce41c6e09ca0aa7b1/-/horizon-files-prod/ed/picture/qzvp6mk9/0c175af6c7120d99d87e0f90462be57dbad0afe3.jpg
1779,"<h1 class=""listing-item__header"">
    MacBook Pro 2019
</h1>",Neuf,Apple,480 000 ,Plateau,https://i.roamcdn.net/hz/ed/listing-thumb-543w/bb02a26930892919cc3131541ec44f17/-/horizon-files-prod/ed/picture/qpdm7v9q/0d8a310ea91f71c378340c2ac46dea975ae1cd6b.jpg
1780,"<h1 class=""listing-item__header"">
    Hp EliteBook 840 G11 Ultra7 512ssd Ram16 14Th Gen
</h1>",Neuf,HP,750 000 ,Médina,https://i.roamcdn.net/hz/ed/listing-thumb-543w/bfa5f64606c04725166414fa35378eb8/-/horizon-files-prod/ed/picture/qkr8qjk2/7733ba3a4a24c788fc672e7c358b335c58583051.jpg
1781,"<h1 class=""listing-item__header"">
    Hp probook x360
</h1>",Venant,HP,100 000 ,Plateau,https://i.roamcdn.net/hz/ed/listing-thumb-543w/b18da23604dac14b8645a2423b16b20e/-/horizon-files-prod/ed/picture/qrz809wn/ee6ce5de9e902d870f1f4577fa8396ebe8d222bf.jpg
1782,"<h1 class=""listing-item__header"">
    Hp ÉLITE X2 1013 G3 
Core i7 de 8th processeur 2.11GHz 8CPUS
</h1>",Venant,HP,235 000 ,Hlm,https://i.roamcdn.net/hz/ed/listing-thumb-543w/b6f9eff642d5dd9e3cb46e869941fa57/-/horizon-files-prod/ed/picture/qm5g42qj/03cceb935d683f0aefa3d8a127f76d880ba9a48f.jpg
1783,"<h1 class=""listing-item__header"">
    Hp EliteBook 840 G6 Corei5 256ssd Ram8 8Th Gen
</h1>",Neuf,HP,200 000 ,Médina,https://i.roamcdn.net/hz/ed/listing-thumb-543w/3ff8cd105a47b590fdd2a547c56fa0f2/-/horizon-files-prod/ed/picture/qj4qwk7v/d204176fb94ad6a759721d80db5b753276853033.jpg
1784,"<h1 class=""listing-item__header"">
    Lenovo Thinkpad T14 Gen4 Corei7 Ram32 13Th Gen
</h1>",Neuf,Lenovo,700 000 ,Médina,https://i.roamcdn.net/hz/ed/listing-thumb-543w/c0affc785e3949e6ce93293c6629553a/-/horizon-files-prod/ed/picture/q8v4d6pz/9539fe5ac1bf1e930adbfdee037700857eff73df.jpg
1785,"<h1 class=""listing-item__header"">
    MacBook Air M1 2020
</h1>",Venant,Apple,290 000 ,Dieuppeul,https://i.roamcdn.net/hz/ed/listing-thumb-543w/de8f7ba946fe6b01739a0b3b4c5bca48/-/horizon-files-prod/ed/picture/q44nmvdz/42c64b78d8db18d261bac6aa0f9a0d55da6ee1b7.jpg
1786,"<h1 class=""listing-item__header"">
    Promo☄️Hp EliteBook 840 Corei5 256ssd Ram8
</h1>",Neuf,HP,150 000 ,Médina,https://i.roamcdn.net/hz/ed/listing-thumb-543w/0941f5324167c784131a8cd2b03cbca5/-/horizon-files-prod/ed/picture/qq42v094/af7891fea837794be1267893af0356132fcad5ba.jpg
1787,"<h1 class=""listing-item__header"">
    Hp Tactile✅i5.10th Gen - 256Go Ssd+500Go HDD-
</h1>",Venant,HP,230 000 ,Hlm,https://i.roamcdn.net/hz/ed/listing-thumb-543w/7432c43bf4c2308a409b8f0336fbfed8/-/horizon-files-prod/ed/picture/qpdm7vg2/5c49eeda61786e2254d133f78802dba5cd9f7eda.png
1788,"<h1 class=""listing-item__header"">
    Ordinateur de bureau HP Z2  G9
</h1>",Neuf,HP,800 000 ,Liberte 6,https://i.roamcdn.net/hz/ed/listing-thumb-543w/84216e0a814dfb393fb171c46c157ff1/-/horizon-files-prod/ed/picture/qkr8qe08/ea5e92f518c30ff72c2e4ddc30338af43d378e29.jpg
1789,"<h1 class=""listing-item__header"">
    Chargeur MacBook Pro, 61W Chargeur USB C
</h1>",Neuf,Apple,30 000 ,Dieuppeul,https://i.roamcdn.net/hz/ed/listing-thumb-543w/db648a3afdcee5d1dc2c5857ab8960aa/-/horizon-files-prod/ed/picture/qw7ggz4/920b629586e447bbc1cbfea5137e3086610071bf.jpg
1790,"<h1 class=""listing-item__header"">
    3 hp elitedesk 800 G5 + 1 Lenovo Thinkpad T490s I5
</h1>",D'occasion,Lenovo,1 000 000 ,Mermoz,https://i.roamcdn.net/hz/ed/listing-thumb-543w/e301ce4d0311cf226567ab2f41844e25/-/horizon-files-prod/ed/picture/qngpzej9/23d4f9bfe0bfd371d5f4fe7bcf6272b695363f52.jpg
1791,"<h1 class=""listing-item__header"">
    Dell precision 3550 i7 Nvidia
</h1>",Venant,Dell,250 000 ,Yoff,https://i.roamcdn.net/hz/ed/listing-thumb-543w/12ae50d423b6a9dfb4ed1e1656b5e659/-/horizon-files-prod/ed/picture/qq42ve5w/eec4d99ae115c2e6b9c5f40031bbfbd3331ed80e.jpg
1792,"<h1 class=""listing-item__header"">
    Hp elitebook Mt45 Mobile think client
</h1>",Venant,HP,160 000 ,Gueule-Tapée,https://i.roamcdn.net/hz/ed/listing-thumb-543w/f630ba0aa3ce9603d1a0ed4d8130f93b/-/horizon-files-prod/ed/picture/qgqw0402/962b6e1ae1280de40de5e27ad6e61968331974bd.jpg
1793,"<h1 class=""listing-item__header"">
    Surface Go pro 2
</h1>",Neuf,Microsoft Surface,140 000 ,Hlm,https://i.roamcdn.net/hz/ed/listing-thumb-543w/769181a237df266244a6194bf33331a0/-/horizon-files-prod/ed/picture/qngpze79/b5cb4e8b17e93c65d47ba242fe125f0c6d323334.jpg
1794,"<h1 class=""listing-item__header"">
    HP 1012 X2 X360 TACTILE
</h1>",Réconditionné,HP,180 000 ,Colobane,https://i.roamcdn.net/hz/ed/listing-thumb-543w/af6425f2efb7f041b005c08a6c9c0fa0/-/horizon-files-prod/ed/picture/qxj258rj/2b7ee8c3dc00b8fbe41e6c90796733420aeaebe5.jpg
1795,"<h1 class=""listing-item__header"">
    LENOVO X360 TACTILE CORE I5
</h1>",Réconditionné,Lenovo,140 000 ,Colobane,https://i.roamcdn.net/hz/ed/listing-thumb-543w/33032dfda2712950b2aa35b23d74d831/-/horizon-files-prod/ed/picture/q6xk0gwd/2162b0589000c0539ab29749f758e9b810debd23.jpg
1796,"<h1 class=""listing-item__header"">
    LENOVO 380 X360 TACTILE CORE I5
</h1>",Réconditionné,Lenovo,150 000 ,Colobane,https://i.roamcdn.net/hz/ed/listing-thumb-543w/dc6e3c8099828a575df2555c3a9b0e15/-/horizon-files-prod/ed/picture/qrz82ppn/ea07608a7ee636544b3ce438814f4d0d6a6b0ec1.jpg
1797,"<h1 class=""listing-item__header"">
    PROMO🔥 HP ELITEBOOK 840 G8 14” 11éme Gén
</h1>",Réconditionné,HP,300 000 ,Colobane,https://i.roamcdn.net/hz/ed/listing-thumb-543w/77f50e28b5ac4245a3a6536ef1fc3404/-/horizon-files-prod/ed/picture/q56xn0nr/a3ca0663d1128df69cac215b8e9707af4235e5f7.jpg
1798,"<h1 class=""listing-item__header"">
    GAMER HP ZBOOK 14U G6  (PROMO 🔥🔥🔥)
</h1>",Réconditionné,HP,280 000 ,Colobane,https://i.roamcdn.net/hz/ed/listing-thumb-543w/986fb5834e3e37b340e5090cb6a0af59/-/horizon-files-prod/ed/picture/q9m9zmm0/fc834fa98990051f421e2da380c8b8b453456b00.jpg
1799,"<h1 class=""listing-item__header"">
    Dell 3470 Ram 8Go I5
</h1>",Venant,Dell,140 000 ,Parcelles Assainies,https://i.roamcdn.net/hz/ed/listing-thumb-543w/0da78332609278036eec1e70690685ef/-/horizon-files-prod/ed/picture/qv4wp9kk/ae647f2ca14c03d09e99d4917c48ae39d793d9b8.jpg
1800,"<h1 class=""listing-item__header"">
    HP ZBOOK POWER G10  DE 13 eme Génération i7
</h1>",Neuf,HP,850 000 ,Cambérène,https://i.roamcdn.net/hz/ed/listing-thumb-543w/e9628c8a497c359d6e3097566d15012c/-/horizon-files-prod/ed/picture/qv4w9de5/780dd9a86d06b7d779fac519aeb06d96fd8a3504.png
1801,"<h1 class=""listing-item__header"">
    ASUS F512J GAMER
</h1>",Venant,ASUS,190 000 ,Plateau,https://i.roamcdn.net/hz/ed/listing-thumb-543w/e0b8c92eb28222bcd39c1bcad10c2fb3/-/horizon-files-prod/ed/picture/qkr8qxnz/dc3051c85b23a6af5be2e6217efd22805286c038.jpg
1802,"<h1 class=""listing-item__header"">
    Promo Dell Latitude 7280
</h1>",Neuf,Dell,135 000 ,Hlm,https://i.roamcdn.net/hz/ed/listing-thumb-543w/cea477cdc9effb70af8f9eae7989d3d0/-/horizon-files-prod/ed/picture/q56d5krx/0049f103e4032e8ef9e0ffdf0be4006b940a5f25.jpg
1803,"<h1 class=""listing-item__header"">
    Hp EliteBook 1040 G8 i7 x 360 yoga 11th génération
</h1>",Neuf,HP,430 000 ,Médina,https://i.roamcdn.net/hz/ed/listing-thumb-543w/1cf487dabc6d2ac95254870350181fef/-/horizon-files-prod/ed/picture/q6xdmdzd/bc707c53f5c2a317ccd825a0808fde8291f4e3ed.jpg
1804,"<h1 class=""listing-item__header"">
    MacBook Pro Touchbar i5 2018 13 pouces
</h1>",Venant,Apple,370 000 ,Médina,https://i.roamcdn.net/hz/ed/listing-thumb-543w/4b1aacababe16454a0c4da7863852768/-/horizon-files-prod/ed/picture/qde76z75/515974a9c4ba100876278db1446d42fd930b2998.jpg
1805,"<h1 class=""listing-item__header"">
    Dell XPS 9320 i7 /512G/16G
</h1>",Venant,Dell,680 000 ,Dieuppeul,https://i.roamcdn.net/hz/ed/listing-thumb-543w/9b05538162758b075d67175b277dd6cd/-/horizon-files-prod/ed/picture/qzvp6wmx/3b253ffa208d44e1b77291601722520d89611cc9.jpg
1806,"<h1 class=""listing-item__header"">
    Dell core i5 8th ssd 512g ram 16g
</h1>",Venant,Dell,175 000 ,Yoff,https://i.roamcdn.net/hz/ed/listing-thumb-543w/49948d2980cded7068ef8f3446516da9/-/horizon-files-prod/ed/picture/q6xdmj6j/1c0807a9fffae2b4e22e8474323bf549b8e5c91e.jpg
1807,"<h1 class=""listing-item__header"">
    DELL 5430
</h1>",Neuf,Dell,350 000 ,Colobane,https://i.roamcdn.net/hz/ed/listing-thumb-543w/ed92a1490ffcf973deaf80703a61bce3/-/horizon-files-prod/ed/picture/qj4qxwp8/7895031e1dfd5ba766e5506321efb8acd7dc725e.jpg
1808,"<h1 class=""listing-item__header"">
    Hp EliteBook 1030x360 I5
</h1>",Venant,HP,230 000 ,Plateau,https://i.roamcdn.net/hz/ed/listing-thumb-543w/51694048d1034d3760f99b96bbd30032/-/horizon-files-prod/ed/picture/qj4rg8z4/181001c44e84f8b955c67ce5a49c50409e9507ea.jpg
1809,"<h1 class=""listing-item__header"">
    PC GAMER - ARCHITECTE TRÈS PUISSANT 👑
</h1>",Neuf,MSI,3 300 000 ,Liberte 5,https://i.roamcdn.net/hz/ed/listing-thumb-543w/ddb26de2574c9de782fd0d82421f48eb/-/horizon-files-prod/ed/picture/q9mjdz4p/7ba7967c1bbcb9e900f3bf7a85daacfbcdb5f227.jpg
1810,"<h1 class=""listing-item__header"">
    Hp Elitbook 840 g3 * 6eme génération
</h1>",Venant,HP,150 000 ,Plateau,https://i.roamcdn.net/hz/ed/listing-thumb-543w/16dbf0e4a8510009d2b8788168e655c2/-/horizon-files-prod/ed/picture/qxjpzm7m/69b98a0196be7436f588dc96e3eb7f97658b980a.jpg
1811,"<h1 class=""listing-item__header"">
    Asus Tuf Gaming F15 De 13 eme Génération Rtx 4060
</h1>",Neuf,ASUS,575 000 ,Cambérène,https://i.roamcdn.net/hz/ed/listing-thumb-543w/9aadbe250321324a654c4d7215df06c3/-/horizon-files-prod/ed/picture/qde76qq4/2c945ac992a6033d569ab41da0ec39df1f0e6aba.png
1812,"<h1 class=""listing-item__header"">
    Hp Probook X360 11 G5
</h1>",Venant,HP,95 000 ,Plateau,https://i.roamcdn.net/hz/ed/listing-thumb-543w/190cafd80d97c988351ec013efdf1ae9/-/horizon-files-prod/ed/picture/q0g7z6xj/7a217234f7470fa2dcaf179eafaab1d6a46be83e.jpg
1813,"<h1 class=""listing-item__header"">
    Mac Book Pro de 16 Inch Intel Core i9 ssd 2 To Ram 32 Gb de
</h1>",Neuf,Apple,575 000 ,Cambérène,https://i.roamcdn.net/hz/ed/listing-thumb-543w/071e00625e62dcc2f60c560d268574d0/-/horizon-files-prod/ed/picture/qwep80qg/c68da939a269b418294d4e99bb7205e672cd6764.png
1814,"<h1 class=""listing-item__header"">
    Dell OptiPlex 3020 Micro PC
</h1>",Venant,Dell,1 ,Médina,https://i.roamcdn.net/hz/ed/listing-thumb-543w/e5f2d71573331a93c77509ca361b0fcf/-/horizon-files-prod/ed/picture/qj4qwg75/8822c08746db89b24f85de7ed09746ad47443aaa.jpg
1815,"<h1 class=""listing-item__header"">
    Hp mini
</h1>",Neuf,HP,100 000 ,Plateau,https://i.roamcdn.net/hz/ed/listing-thumb-543w/8046c4b55dfa05df864f229d16686aad/-/horizon-files-prod/ed/picture/qxjpz904/76e2037b2f237296b8da9b804573284f579b1d53.jpg
1816,"<h1 class=""listing-item__header"">
    Ordinateur
</h1>",Venant,HP,230 000 ,Plateau,https://i.roamcdn.net/hz/ed/listing-thumb-543w/a7fab6dba30b4226953338fa9f997659/-/horizon-files-prod/ed/picture/qwep80v6/0bd0820484bdf171bfec9bc82b0b33d6eb568445.jpg
1817,"<h1 class=""listing-item__header"">
    Dell latitude 7420
</h1>",Venant,Dell,380 000 ,Plateau,https://i.roamcdn.net/hz/ed/listing-thumb-543w/e7543c0e75ac3cf526db64c3a9ffa6f3/-/horizon-files-prod/ed/picture/q0g7zvdz/99f298cb4585d65bf8c5a10cae575cff3efce9a9.jpg
1818,"<h1 class=""listing-item__header"">
    Imac 2014 500giga 8giga core i5
</h1>",Venant,Apple,185 000 ,Point-e,https://i.roamcdn.net/hz/ed/listing-thumb-543w/e5ab18c848f867b9c922a9bf1973f79e/-/horizon-files-prod/ed/picture/q8v4d8kn/82b54c07a450824bda5beee010f462b36484b620.jpg
1819,"<h1 class=""listing-item__header"">
    Acer nitro 5 rtx 3050Ti 24Go ram
</h1>",Venant,Acer,450 000 ,Yoff,https://i.roamcdn.net/hz/ed/listing-thumb-543w/19a2c2061045ec7c2e2a6b4b79bce6ae/-/horizon-files-prod/ed/picture/qv4wqv85/8e13bda2117725e16b8ba52a63afdf2d39484976.jpg
1820,"<h1 class=""listing-item__header"">
    ✅HP G9 - i7 ❇ 16Go Ram- 15 Pouces
</h1>",Venant,HP,215 000 ,Hlm,https://i.roamcdn.net/hz/ed/listing-thumb-543w/c4ecdafb6a2b8940a75023b9e73c1c68/-/horizon-files-prod/ed/picture/q44nmwvz/a6d75238e67d8ba9102901fc151af720eb456f93.jpg
1821,"<h1 class=""listing-item__header"">
    ❇Mac Pro TouchBar ✅ i5- 256Go SSD ✅
</h1>",Venant,Apple,375 000 ,Hlm,https://i.roamcdn.net/hz/ed/listing-thumb-543w/dc62a57ee0f53396963c3345950b50bd/-/horizon-files-prod/ed/picture/qv4wxrg8/346758252b30517da89a9d038476fbfbb87f77a4.jpg
1822,"<h1 class=""listing-item__header"">
    Apple MacBook Pro TB 2020 Core i5 16/512Go
</h1>",Venant,Apple,450 000 ,Gueule-Tapée,https://i.roamcdn.net/hz/ed/listing-thumb-543w/c13341b672827b75fa8c9b77a8797c77/-/horizon-files-prod/ed/picture/qj4qw9er/a7c996433d403b8dd683867721106ca998642191.jpg
1823,"<h1 class=""listing-item__header"">
    Lenovo ThinkPad yoga 370 
Core i5 7th 
Ram 8go 
Ssd 256go
</h1>",Neuf,Lenovo,175 000 ,Hlm,https://i.roamcdn.net/hz/ed/listing-thumb-543w/d3a53b72850e0df3bf1cf7bc96f8d814/-/horizon-files-prod/ed/picture/q8v4dr97/9050382c0d351232f281a2c4b5ccb6fda05e1d19.jpg
1824,"<h1 class=""listing-item__header"">
    HP ELITEBOOK 1030 G4 I5/8GO/256SSD
</h1>",Neuf,HP,240 000 ,Médina,https://i.roamcdn.net/hz/ed/listing-thumb-543w/f5cd44ffba077f78f15e4c4614b8ab9e/-/horizon-files-prod/ed/picture/q78wmdnx/60164a344f9a1a9d493ebe14cdb442561e2fb335.jpg
1825,"<h1 class=""listing-item__header"">
    Lenovo L340 Cor i5 ""GAMER""
</h1>",Venant,Lenovo,320 000 ,Médina,https://i.roamcdn.net/hz/ed/listing-thumb-543w/65a472d5f761cf0e23df9062ae7ed08b/-/horizon-files-prod/ed/picture/q8v4d5qn/19080c25a204d1fc33fdf247c2bed1485f729107.jpg
1826,"<h1 class=""listing-item__header"">
    DELL Latitude 3500 Cor i7 ""GAMER""
</h1>",Neuf,Dell,250 000 ,Médina,https://i.roamcdn.net/hz/ed/listing-thumb-543w/d9e6e9b9fd8e82dcd82d5c5b2558e73d/-/horizon-files-prod/ed/picture/qpdm0dzr/978fbed03437c4c5e87960a733ac95b529a180f6.jpg
1827,"<h1 class=""listing-item__header"">
    HP core i5 8th ssd 256g ram 8g
</h1>",Venant,HP,95 000 ,Yoff,https://i.roamcdn.net/hz/ed/listing-thumb-543w/284919f31347dc7252aae2622c4e7892/-/horizon-files-prod/ed/picture/qm5g49mz/8f6631aa4d7c38dd3da4d55fdba3a63ad87ca47a.png
1828,"<h1 class=""listing-item__header"">
    Dell i7 10e génération
</h1>",Venant,Dell,275 000 ,Liberte 6 extension,https://i.roamcdn.net/hz/ed/listing-thumb-543w/aefbe10db8e77f90a928c950db86d792/-/horizon-files-prod/ed/picture/q78wmdzz/2c7a4b96e5709712e406dc5b30d65664e58b51c7.jpg
1829,"<h1 class=""listing-item__header"">
    HP EliteBook 1030 G2 core i7
</h1>",Neuf,HP,299 000 ,Gueule-Tapée,https://i.roamcdn.net/hz/ed/listing-thumb-543w/9523b134bcd6664eaddb956bc4706809/-/horizon-files-prod/ed/picture/qj4q2k4w/ebc8918fbd44f715913967fff3cf6e4e0fddb8fe.jpg
1830,"<h1 class=""listing-item__header"">
    Lenovo thinkpad T14 core i7
</h1>",Neuf,Lenovo,780 000 ,Gueule-Tapée,https://i.roamcdn.net/hz/ed/listing-thumb-543w/0bbca554d381f49844382aec42f92367/-/horizon-files-prod/ed/picture/qj4qwdre/014761c6e06e1569da1f38c1a535c3683f4f8e05.jpg
1831,"<h1 class=""listing-item__header"">
    Macbook pro touch bar 2018
</h1>",Venant,Apple,450 000 ,Plateau,https://i.roamcdn.net/hz/ed/listing-thumb-543w/ca4a328220f8f002232ea2a0a97ca794/-/horizon-files-prod/ed/picture/qenv7mrd/f4c4078e5f4d29956ef4ad1f2bc65d1263d40665.jpg
1832,"<h1 class=""listing-item__header"">
    Samsung galaxy book3 360
</h1>",Venant,Samsung,350 000 ,Plateau,https://i.roamcdn.net/hz/ed/listing-thumb-543w/a7d374fa71d32341005e620ede5911ef/-/horizon-files-prod/ed/picture/q56d52d7/be082fdc42e1d9f24e7c563d1eba48a013f67b7c.jpg
1833,"<h1 class=""listing-item__header"">
    DELL XPS 15 i7
</h1>",Venant,Dell,290 000 ,Liberte 6 extension,https://i.roamcdn.net/hz/ed/listing-thumb-543w/5a0c2840e03f9e98ffb6fe3ee248136d/-/horizon-files-prod/ed/picture/qm5gmpk2/8aa1c192db4fbfcdac79a3d1c33d5678546a3fee.jpg
1834,"<h1 class=""listing-item__header"">
    Surface Laptop 5 , 12éme génération i7
</h1>",Venant,Microsoft Surface,495 000 ,Médina,https://i.roamcdn.net/hz/ed/listing-thumb-543w/479c7648bdf5b52ffba6169c6379480b/-/horizon-files-prod/ed/picture/q6xdm4p4/1af76604ff9b38ab81c08dfab933f33468045905.jpg
1835,"<h1 class=""listing-item__header"">
    MacBook Air 2015
</h1>",Venant,Apple,125 000 ,Médina,https://i.roamcdn.net/hz/ed/listing-thumb-543w/e962d22f654dfe299637be4a2b3c85f3/-/horizon-files-prod/ed/picture/qxjp8w70/26414e9a479ab93d78d4f2763d4cb3b8731957c6.jpg
1836,"<h1 class=""listing-item__header"">
    MacBook Pro M2 Max 32Go 1To 16 pouces 2023
</h1>",Neuf,Apple,1 300 000 ,Derkle,https://i.roamcdn.net/hz/ed/listing-thumb-543w/ee84c7bf76649768641ef9807450fd1b/-/horizon-files-prod/ed/picture/qwepj79m/fe164b198de52b178e8cd176dffd8a1f62753c39.jpg
1837,"<h1 class=""listing-item__header"">
    Dell xps 15 ( 9530 ). i7 13th / 16Gb / 512 ssd
</h1>",Neuf,Dell,980 000 ,Zone de captage,https://i.roamcdn.net/hz/ed/listing-thumb-543w/145ed8c73b840f6a95ab01f3f6792f53/-/horizon-files-prod/ed/picture/qngpg4mx/a5797a6f9ad0068e4020ca4cdaca0205709fbc05.jpg
1838,"<h1 class=""listing-item__header"">
    Promo☄️Hp EliteBook 840 Corei5 256ssd Ram8
</h1>",Neuf,HP,150 000 ,Médina,https://i.roamcdn.net/hz/ed/listing-thumb-543w/4b4be6b5d7eca9c5551a937e02781fa3/-/horizon-files-prod/ed/picture/qxjpzewq/69373b345e16b0c0eef346c126401dc18a538cc5.jpg
1839,"<h1 class=""listing-item__header"">
    ASUS VIVOBOOK I7/24GO/512SSD
</h1>",Neuf,ASUS,450 000 ,Médina,https://i.roamcdn.net/hz/ed/listing-thumb-543w/9c1d606ada20711fce34cddff5b0806f/-/horizon-files-prod/ed/picture/qxjpzej0/d8f40a96006ed1b276a6528cb357564046b5a88c.jpg
1840,"<h1 class=""listing-item__header"">
    Écran pc HP 27 pouces neuf scellé
</h1>",Venant,HP,165 000 ,Yoff,https://i.roamcdn.net/hz/ed/listing-thumb-543w/fd8bc48eeda821b1f5b18d6a6ca0cb24/-/horizon-files-prod/ed/picture/qwep85m0/b839e56f7ed990182d5d4d2b4742fa1d87e1b042.jpg
1841,"<h1 class=""listing-item__header"">
    Pc gamer Hp Oment Gtx 1070
</h1>",Venant,HP,500 000 ,Yoff,https://i.roamcdn.net/hz/ed/listing-thumb-543w/067a9b6d398259e3cbae1eaae0cdf924/-/horizon-files-prod/ed/picture/q2j0dd8p/b2bd75753761e8d97e57d5a21285b040854fdc0b.jpg
1842,"<h1 class=""listing-item__header"">
    MacBook Pro M1 14 Pouces 2021 512/16
</h1>",Neuf,Apple,800 000 ,Médina,https://i.roamcdn.net/hz/ed/listing-thumb-543w/583b84ff83da00ef1814b9114740f21a/-/horizon-files-prod/ed/picture/qngpzx2v/dc915704282b57452bd92164cb3452a2b7c9e1e6.jpg
1843,"<h1 class=""listing-item__header"">
    Ecran PC 24,5 pouces FHD 100Hz  Dalle IPS 1ms ACER
</h1>",Neuf,Acer,100 000 ,Golf,https://i.roamcdn.net/hz/ed/listing-thumb-543w/f11a61101851c62559f3da167c7edb9d/-/horizon-files-prod/ed/picture/qj8redg/1f8510335516cc10e46cf7f40ca4a7d2782b2a85.jpg
1844,"<h1 class=""listing-item__header"">
    Hp 840 g6 i7 tactile neuf
</h1>",Neuf,HP,270 000 ,Amitié,https://i.roamcdn.net/hz/ed/listing-thumb-543w/7188c3816cb4cf3f780237a78c98b7a1/-/horizon-files-prod/ed/picture/qq42v77z/8d2e5b339e41f8193895635f4e3ac5a840f3943e.jpg
1845,"<h1 class=""listing-item__header"">
    MacBook Air M2 ( 2022 )
</h1>",Neuf,Apple,650 000 ,Zone de captage,https://i.roamcdn.net/hz/ed/listing-thumb-543w/de79002b7d2a4ad02b6a013ffc1bc539/-/horizon-files-prod/ed/picture/q6xdmz47/c0271992bc2356665d1ad6b14762ed7b96cdad22.jpg
1846,"<h1 class=""listing-item__header"">
    Mac Book M3 Max ssd 1 To Ram 36 Gb sceller
</h1>",Neuf,Apple,1 600 000 ,Cambérène,https://i.roamcdn.net/hz/ed/listing-thumb-543w/70f1bb011359b1956e92e8964029be2a/-/horizon-files-prod/ed/picture/q56dvz82/6c69cc1fe5e9286fd2840e793115743b6bc67c40.jpg
1847,"<h1 class=""listing-item__header"">
    Macbook Pro 2019 Touch Bar
</h1>",Venant,Apple,480 000 ,Parcelles Assainies,https://i.roamcdn.net/hz/ed/listing-thumb-543w/9e64fe9ea0293886c1203c80638bef92/-/horizon-files-prod/ed/picture/qzvp6epx/43bbf87f9ae51934174448e897207a880f918f8d.jpg
1848,"<h1 class=""listing-item__header"">
    MacBook Pro M2 Pro 16 pouces 2023 16Go 512Go
</h1>",Neuf,Apple,950 000 ,Dieuppeul,https://i.roamcdn.net/hz/ed/listing-thumb-543w/de08cc539ceee0e632f3f028685c4b9d/-/horizon-files-prod/ed/picture/q0g7z52g/56608bdf83642084e5f4ee80a71e11ac8fb3ffa5.jpg
1849,"<h1 class=""listing-item__header"">
    Lenovo Thinkpad T14 Gen 4 Corei7 Ram32 13ém Gen
</h1>",Neuf,Lenovo,700 000 ,Médina,https://i.roamcdn.net/hz/ed/listing-thumb-543w/0b654156d6eeb4022f5732c85efd2410/-/horizon-files-prod/ed/picture/q44nm74r/11e4c2a6ce02869088f15cd14d993b93706f028a.jpg
1850,"<h1 class=""listing-item__header"">
    Promo☄️Hp EliteBook 840 Corei5 256ssd  Ram8
</h1>",Neuf,HP,150 000 ,Médina,https://i.roamcdn.net/hz/ed/listing-thumb-543w/5c1f613a0db97403ba9bcc1deb5512af/-/horizon-files-prod/ed/picture/q0g7z5gg/8ed91a79fa2ef8aa84eea53ba3f15cde29f4935f.jpg
1851,"<h1 class=""listing-item__header"">
    2012 MacBook Pro core i7, 8g, 500g disque dure
</h1>",Venant,Apple,125 000 ,Parcelles Assainies,https://i.roamcdn.net/hz/ed/listing-thumb-543w/4898fde0bdfc67a7efd672b416a57034/-/horizon-files-prod/ed/picture/qm5g4n8d/c7c5545eb88f1d599a100093452028e34cd31e53.jpg
1852,"<h1 class=""listing-item__header"">
    LENOVO IDEAPAD 3 SLIM I7-12GEN/16GO/512SSD
</h1>",Neuf,Lenovo,425 000 ,Médina,https://i.roamcdn.net/hz/ed/listing-thumb-543w/80932bc7eddaee6c5f6374579aeaecb2/-/horizon-files-prod/ed/picture/qq42v6mn/7ca2b1927a1f8210ff6918e4228716ff00ee486b.jpg
1853,"<h1 class=""listing-item__header"">
    Hp probook x360 G2
</h1>",D'occasion,HP,90 000 ,Gueule-Tapée,https://i.roamcdn.net/hz/ed/listing-thumb-543w/234d66ecabc9ad192d3380cf5ff90af5/-/horizon-files-prod/ed/picture/qenvxnpx/64acd364fa1988ae1b3820c71038418d4f4bf07e.jpg
1854,"<h1 class=""listing-item__header"">
    ✅HP G8 - i7 ❇ 16Go Ram- 15 Pouces
</h1>",Venant,HP,215 000 ,Hlm,https://i.roamcdn.net/hz/ed/listing-thumb-543w/e61878e957b18a85324c2b0f2e74dd44/-/horizon-files-prod/ed/picture/q0g7567e/c3ee89d236a530637d6db920ef69f1a188321c52.jpg
1855,"<h1 class=""listing-item__header"">
    ✅Dell Tactile- i5- 16Go Ram ✅
</h1>",Venant,Dell,220 000 ,Hlm,https://i.roamcdn.net/hz/ed/listing-thumb-543w/006f81128f614bb6ac558198e80e5b27/-/horizon-files-prod/ed/picture/qq425mk4/e8ade6af080dcc741d4cfc89cb4cab25b6a9fbee.jpg
1856,"<h1 class=""listing-item__header"">
    MacBook Pro  M2 Max Chip 14'' pouce, 32GB RAM, 1TB SSD
</h1>",Venant,Apple,1 250 000 ,Point-e,https://i.roamcdn.net/hz/ed/listing-thumb-543w/d1e6c7ada612c85ad00a9b3ac3f2d9b4/-/horizon-files-prod/ed/picture/qzvpenqd/61ec4dc3bdde4205e2aa2c7464fcdd2ae435a57e.jpg
1857,"<h1 class=""listing-item__header"">
    Lenovo Thinkpad P14s
</h1>",Venant,Lenovo,420 000 ,Plateau,https://i.roamcdn.net/hz/ed/listing-thumb-543w/0c5a8a74c50e8eeb0585fbe5ae52045c/-/horizon-files-prod/ed/picture/q6xdmvgd/79720515ab87ab9265eb786ce5c74071c36f8841.jpg
1858,"<h1 class=""listing-item__header"">
    Dell latitude 7340 ( 2024 )   i5/ 8GB / 256 SSD
</h1>",Neuf,Dell,495 000 ,Zone de captage,https://i.roamcdn.net/hz/ed/listing-thumb-543w/537bcf9f55886394902426e8f5ca1dca/-/horizon-files-prod/ed/picture/qngxenqe/0df97ca4d60c66bbdfa12dd6ab27029b7b226103.jpg
1859,"<h1 class=""listing-item__header"">
    Dell latitude 7440 core i7 13th Gen ( 2024 )
</h1>",Neuf,Dell,600 000 ,Zone de captage,https://i.roamcdn.net/hz/ed/listing-thumb-543w/c3719fca32a9dc3aa82231acfb94ce69/-/horizon-files-prod/ed/picture/qpd692zm/cc425bf3fefbf68e59acac2c0f5ed723448fe6a8.jpg
1860,"<h1 class=""listing-item__header"">
    HP Pavillon All-in-One cor i7 de 12th
</h1>",Neuf,HP,780 000 ,Médina,https://i.roamcdn.net/hz/ed/listing-thumb-543w/c1dac01b8ef71b81ddba063a77cd6f79/-/horizon-files-prod/ed/picture/q0g75jkj/5cac8492237eed2bf80db4a750a92f237de7c257.jpg
1861,"<h1 class=""listing-item__header"">
    Lenovo X1 Yoga cor i5 de 8th gen
</h1>",Venant,Lenovo,250 000 ,Médina,https://i.roamcdn.net/hz/ed/listing-thumb-543w/ec27580b0beb0c0de61fb05b430739b0/-/horizon-files-prod/ed/picture/q44nm0pm/0992940aabd1ce9b8d7ee6e5310e15ad9874d808.jpg
1862,"<h1 class=""listing-item__header"">
    HP Elitebook 840 G6 cor i5 de 8th
</h1>",Venant,HP,210 000 ,Médina,https://i.roamcdn.net/hz/ed/listing-thumb-543w/75f69230b00d78e720ec19500059d82a/-/horizon-files-prod/ed/picture/qv4wqgzw/102610fcc34e7783d5c2dd55f37c06f91c86fa6a.jpg
1863,"<h1 class=""listing-item__header"">
    HP Elitebook 840 G6 cor i7 de 8th gen
</h1>",Venant,HP,240 000 ,Médina,https://i.roamcdn.net/hz/ed/listing-thumb-543w/0585afb9991da6ea807e4969064d61ee/-/horizon-files-prod/ed/picture/qngpz7j0/116de18a48a6aaeec60d312a295bfe7c2f337bad.jpg
1864,"<h1 class=""listing-item__header"">
    MacBook Pro core i7 année 2011
</h1>",Venant,Apple,125 000 ,Parcelles Assainies,https://i.roamcdn.net/hz/ed/listing-thumb-543w/4120b62cdcba0061fabb53023251950b/-/horizon-files-prod/ed/picture/qgqw0dkr/f4f47c39b36544deb2972056b27f2c96ca0a054e.jpg
1865,"<h1 class=""listing-item__header"">
    Macbook Pro M1/8GO/256GO
</h1>",Venant,Apple,450 000 ,Hann maristes,https://i.roamcdn.net/hz/ed/listing-thumb-543w/98e5533a5067e833ade06a2e6639ea70/-/horizon-files-prod/ed/picture/qpdm2x5r/5d45b6a16883850948020ede553f369a2a16bde6.jpg
1866,"<h1 class=""listing-item__header"">
    HP ENVY X360 RYZEN 5 /8GO/256SSD
</h1>",Venant,HP,250 000 ,Médina,https://i.roamcdn.net/hz/ed/listing-thumb-543w/8ac75d323fc47d8607bf27740deea83d/-/horizon-files-prod/ed/picture/q0g7z9zk/729b5c044a55d7ed71e4f7ec457237577925424e.jpg
1867,"<h1 class=""listing-item__header"">
    MacBook Pro 2020 i5 Touchbar 13.3 inch
</h1>",Venant,Apple,450 000 ,Médina,https://i.roamcdn.net/hz/ed/listing-thumb-543w/367fb04772b50ba6768bce70d58bacf4/-/horizon-files-prod/ed/picture/qxjpd7rm/933b1aecb0762ddff21dd4693f015c274752a591.jpg
1868,"<h1 class=""listing-item__header"">
    Promo☄️Hp EliteBook 840 Corei5 256ssd Ram8Giga
</h1>",Neuf,HP,150 000 ,Médina,https://i.roamcdn.net/hz/ed/listing-thumb-543w/10c0cfe51ab3b0f684ca0d5119068955/-/horizon-files-prod/ed/picture/q78wm09d/f5f24b163449378584a65b606986cb414de929e9.jpg
1869,"<h1 class=""listing-item__header"">
    Macbook air 2020
</h1>",Venant,Apple,270 000 ,Plateau,https://i.roamcdn.net/hz/ed/listing-thumb-543w/262b822f02e79c803fca31898e642f55/-/horizon-files-prod/ed/picture/qxjpzwmq/e5b7f8d3e6126c75820c37aef1cd26586b4cb60a.jpg
1870,"<h1 class=""listing-item__header"">
    Acer swift I5/8GO/256SSD
</h1>",Neuf,Acer,250 000 ,Médina,https://i.roamcdn.net/hz/ed/listing-thumb-543w/0f2cc2663dfb4638db14508f99e158e3/-/horizon-files-prod/ed/picture/qpdm7jn0/0bc1d62a288d80238b2de64bec7f24f225850002.jpg
1871,"<h1 class=""listing-item__header"">
    Promo Hp 1040 G8 core i7 de 11th génératio
</h1>",Neuf,HP,395 000 ,Hlm,https://i.roamcdn.net/hz/ed/listing-thumb-543w/622ee6bad8b35473a86196fe2cd25805/-/horizon-files-prod/ed/picture/q44nm60e/30805de848f3cd4f1ae1eaa9ee0f5795aa6de350.jpg
1872,"<h1 class=""listing-item__header"">
    HP 15-DW1197NIA Core i3
</h1>",Neuf,HP,2 750 000 ,Médina,https://i.roamcdn.net/hz/ed/listing-thumb-543w/5195531249e822bbc765e2b6965a35de/-/horizon-files-prod/ed/picture/qzvp6j8g/b1e69b0cb9cda1a42242832e14abdd1090d5534d.jpg
1873,"<h1 class=""listing-item__header"">
    Hp probook G3 duo core CPU-Pen
</h1>",Neuf,HP,97 000 ,Hlm,https://i.roamcdn.net/hz/ed/listing-thumb-543w/447c19b80d0500a6b6a8360715a09b3a/-/horizon-files-prod/ed/picture/q56d5zde/56bbaa9ee13e8de0de1466b326cdf64e5e554308.jpg
1874,"<h1 class=""listing-item__header"">
    Lenovo legion gamer gtx 1050 4go
</h1>",Venant,Lenovo,250 000 ,Guediawaye,https://i.roamcdn.net/hz/ed/listing-thumb-543w/f93bcacca8b0715742deb327d15fd1ee/-/horizon-files-prod/ed/picture/qgqw0dgk/902ecf6f33068721e1c873afc2557183dc6ddac5.jpg
1875,"<h1 class=""listing-item__header"">
    HP Elitebook 840 G5 Cor i5
</h1>",Venant,HP,180 000 ,Médina,https://i.roamcdn.net/hz/ed/listing-thumb-543w/fa763781a1391382814a1501c2d2c5c4/-/horizon-files-prod/ed/picture/q0g7dv7j/9360d0ddfd09c1606eac09f9802df68d5fee8390.jpg
1876,"<h1 class=""listing-item__header"">
    Dell Latitude Tactile pliable 3190 2-in-1
</h1>",Neuf,Dell,105 000 ,Médina,https://i.roamcdn.net/hz/ed/listing-thumb-543w/261d66d81b2d89b31b554b822464a7e1/-/horizon-files-prod/ed/picture/qq42vw8n/8b70174599d72ba7e133e197e5071dccc9ac0906.jpg
1877,"<h1 class=""listing-item__header"">
    ✅ Hp i5- Ram 8Go- NEUF
</h1>",Neuf,HP,200 000 ,Hlm,https://i.roamcdn.net/hz/ed/listing-thumb-543w/673aa3c2cff2d13df53d6315217cb29e/-/horizon-files-prod/ed/picture/qv4wk0zj/9abce3f474869020eb1ed8876c0172090a55a3ee.jpg
1878,"<h1 class=""listing-item__header"">
    Ordinateur HP 15-DY2703DX i5
</h1>",Neuf,HP,370 000 ,Médina,https://i.roamcdn.net/hz/ed/listing-thumb-543w/288b9765ac7dd076fad01021efb1aa91/-/horizon-files-prod/ed/picture/qpdm7nnq/dd0663d91a60cbf4a7bfdf559d80599115af440c.jpg
1879,"<h1 class=""listing-item__header"">
    Hp Laptop 15S Intel Core I3
</h1>",Neuf,HP,285 000 ,Médina,https://i.roamcdn.net/hz/ed/listing-thumb-543w/c75cb6773513661a612f9a3b75fc09bb/-/horizon-files-prod/ed/picture/qgqw04p8/a84a7e8c84d9c9c1bc9c2152fd26cfbed605f7f5.jpg
1880,"<h1 class=""listing-item__header"">
    Lenovo P1 gen 3
</h1>",Venant,Lenovo,410 000 ,Plateau,https://i.roamcdn.net/hz/ed/listing-thumb-543w/ca6a6c04f813bcf317c13c30de16cab2/-/horizon-files-prod/ed/picture/qv4wq9dk/8b7ff166b8d3b8408034dd0aa5573cda9e5f73d6.jpg
1881,"<h1 class=""listing-item__header"">
    Dell latitude 7320
</h1>",Venant,Dell,160 000 ,Plateau,https://i.roamcdn.net/hz/ed/listing-thumb-543w/e089426407a668680097c7e75e866a14/-/horizon-files-prod/ed/picture/qwepjve4/c24a2bab061d810a8e6b4c6abaa937dda464cc2b.jpg
1882,"<h1 class=""listing-item__header"">
    Lenovo X1 Carbon gen 8
</h1>",Venant,Lenovo,340 000 ,Plateau,https://i.roamcdn.net/hz/ed/listing-thumb-543w/311eba6e1777c2c92b97c444b5c7e4be/-/horizon-files-prod/ed/picture/q0g7znme/6a00d257bb11de82fb7eba88914892e51acaddfe.jpg
1883,"<h1 class=""listing-item__header"">
    Lenovo thinkbook 14s yoga
</h1>",Venant,Lenovo,470 000 ,Plateau,https://i.roamcdn.net/hz/ed/listing-thumb-543w/011f3e44ff41bde7c319f2896a19a6fc/-/horizon-files-prod/ed/picture/q78wmpkz/7b035160439cf69f7c86edecb8b1edee0021284c.jpg
1884,"<h1 class=""listing-item__header"">
    Dell XPS 15
</h1>",Venant,Dell,350 000 ,Plateau,https://i.roamcdn.net/hz/ed/listing-thumb-543w/7bfb955dc74cc8686c1f5c233cb66b57/-/horizon-files-prod/ed/picture/q0g7znee/7a061b2e0c956b910d71d2b756dd938b821bea28.jpg
1885,"<h1 class=""listing-item__header"">
    HP probook 500 giga ram 4
</h1>",Venant,HP,89 900 ,Point-e,https://i.roamcdn.net/hz/ed/listing-thumb-543w/7139b4a2b40cd89993cc894a963ccfad/-/horizon-files-prod/ed/picture/q56d59e2/e16d7a8fcdd43cf94f0a0a7bd3d43721091275c8.jpg
1886,"<h1 class=""listing-item__header"">
    Hp ZBook Gamer Corei7 1To Ram32 Rtx 4Giga dédié
</h1>",Neuf,HP,480 000 ,Médina,https://i.roamcdn.net/hz/ed/listing-thumb-543w/19d9e6b671bec60a6a979f17c1fac3f9/-/horizon-files-prod/ed/picture/qrz80n9m/a9baa4d5955746c41eab75bfc9db3a991336e299.jpg
1887,"<h1 class=""listing-item__header"">
    Promo☄️Hp EliteBook 840 Corei5 256ssd Ram8
</h1>",Neuf,HP,150 000 ,Médina,https://i.roamcdn.net/hz/ed/listing-thumb-543w/8666e3aa146fdebc916fefe4b52768ca/-/horizon-files-prod/ed/picture/q0g7znr8/10adaab538e9df0f223c1d35f5597c26dd14e8bc.jpg
1888,"<h1 class=""listing-item__header"">
    Dell precision 7520 tactile gamer 4go dédier
</h1>",Venant,Dell,250 000 ,Guediawaye,https://i.roamcdn.net/hz/ed/listing-thumb-543w/8a421056a6071b5d56889a2044043f4f/-/horizon-files-prod/ed/picture/q8v4dpwx/2508a2a9846718d13d794b42e3655225f20d2d08.jpg
1889,"<h1 class=""listing-item__header"">
    HP ELITEBOOK 840 G4 I7 TACTILE
</h1>",Réconditionné,HP,160 000 ,Colobane,https://i.roamcdn.net/hz/ed/listing-thumb-543w/f28d34990908e7b9b621e04f1a601935/-/horizon-files-prod/ed/picture/qkr80vqw/d347fe69d700035336a77b53bc33930fcb1e674a.jpg
1890,"<h1 class=""listing-item__header"">
    DELL LATITUDE E5550 I5 15.6"" TACTILE +PAVE
</h1>",Réconditionné,Dell,125 000 ,Colobane,https://i.roamcdn.net/hz/ed/listing-thumb-543w/8f16f8d86c76a38733cb26a4fdc8e7e2/-/horizon-files-prod/ed/picture/qgqw4p9e/c66c233a94daf67901e06fa93452c805b962c5a2.jpg
1891,"<h1 class=""listing-item__header"">
    Lenovo yoga 11e 4go 128go 11,6''
</h1>",D'occasion,Lenovo,60 000 ,Colobane,https://i.roamcdn.net/hz/ed/listing-thumb-543w/08c47ffe61a507bc3300e2f54d78b478/-/horizon-files-prod/ed/picture/qv4wddd2/5fc4a7c9503fe97f3728f8aa64e72bfa4f95c597.jpg
1892,"<h1 class=""listing-item__header"">
    ORDINATEURS PORTABLE HP ELITEBOOK 840 G3 (PROMO🔥🔥🔥)
</h1>",Neuf,HP,150 000 ,Gueule-Tapée,https://i.roamcdn.net/hz/ed/listing-thumb-543w/00a050b93f5b793aeb2b54623bf4b5fc/-/horizon-files-prod/ed/picture/qzvpxpmv/fc7d705825f57b32da1e882eb497fb9fb0e2ea3c.jpg
1893,"<h1 class=""listing-item__header"">
    DELL ONE LINE
</h1>",Neuf,Dell,1 ,Keur Massar,https://i.roamcdn.net/hz/ed/listing-thumb-543w/3d84ba6995809825ba0d681201bfeaf5/-/horizon-files-prod/ed/picture/qm5g46pr/c3fc4892163666e136c783ab7afe658b302501c0.jpg
1894,"<h1 class=""listing-item__header"">
    Hp elitebook 840 g3
</h1>",D'occasion,HP,130 000 ,Gueule-Tapée,https://i.roamcdn.net/hz/ed/listing-thumb-543w/7579ed752fe26a09bcd6b200dc0a18d1/-/horizon-files-prod/ed/picture/q78wp98z/bb4915d81eded0b11d5df8d345e797d65bf94ee2.jpg
1895,"<h1 class=""listing-item__header"">
    Lenovo T16 gen 2 R5 PRO 16GB SSD 1TB
</h1>",Neuf,Lenovo,749 000 ,Fenêtre mermoz,https://i.roamcdn.net/hz/ed/listing-thumb-543w/5ed583bd40c19f9f3d1867267e5f08d7/-/horizon-files-prod/ed/picture/qpdmmrzv/0ca4d96c9c033eb40921fc8f7193b47ec0ed337a.png
1896,"<h1 class=""listing-item__header"">
    Razer Blade 16” i9 32GB
</h1>",Neuf,Autre,1 649 000 ,Fenêtre mermoz,https://i.roamcdn.net/hz/ed/listing-thumb-543w/80dca4463c23288add7579c5352ff158/-/horizon-files-prod/ed/picture/qj4qmevd/62a31bb6ef0f92b1b39dc806623e552600d9ea32.jpg
1897,"<h1 class=""listing-item__header"">
    Mac Studio M2 ULTRA
</h1>",Neuf,Apple,2 799 000 ,Fenêtre mermoz,https://i.roamcdn.net/hz/ed/listing-thumb-543w/111eec1bb3c58d0953038e22cf40396a/-/horizon-files-prod/ed/picture/qdek0pj7/c95d6978e79f16a833020596e5bb16fac02331f2.jpg
1898,"<h1 class=""listing-item__header"">
    Mac Book Air M1 ssd 256 Gb Ram 16 Gb
</h1>",Neuf,Apple,425 000 ,Cambérène,https://i.roamcdn.net/hz/ed/listing-thumb-543w/a609d474c20f75e15edb1e6413ea954e/-/horizon-files-prod/ed/picture/q0g7drjj/9f903d35474952b669b9a41d8f8162bb45ec3a90.jpg
1899,"<h1 class=""listing-item__header"">
    Mac Book Pro Puce M1 Touch Bar
</h1>",Neuf,Apple,475 000 ,Cambérène,https://i.roamcdn.net/hz/ed/listing-thumb-543w/efa4aff179f74fc222063a9be0751fe6/-/horizon-files-prod/ed/picture/q8v4nk46/ca24f7f85f74f27c8a00bd04fe3fd21697fc956a.jpg
1900,"<h1 class=""listing-item__header"">
    Dell Latitude 3189 x 360 Yoga Tactile
</h1>",Neuf,Lenovo,105 000 ,Médina,https://i.roamcdn.net/hz/ed/listing-thumb-543w/23d2f5e9beb9c742647d65f15c635c63/-/horizon-files-prod/ed/picture/q6xdmq2z/10d366f6575cc1bf682801495708d954adf62aff.jpg
1901,"<h1 class=""listing-item__header"">
    HP probook 650 g2 i5 ram 8
</h1>",Venant,HP,135 000 ,Médina,https://i.roamcdn.net/hz/ed/listing-thumb-543w/6b15810e18eeba06d73956688b2c6988/-/horizon-files-prod/ed/picture/qneq4d9/84ccd70497c2824bb1a0786ce76eba3bf12ff4e5.jpg
1902,"<h1 class=""listing-item__header"">
    MacBook 2015 I5
</h1>",Venant,Apple,1 ,Médina,https://i.roamcdn.net/hz/ed/listing-thumb-543w/fc4ba91169d207f04405feddebca21ea/-/horizon-files-prod/ed/picture/qwep8r9p/35568c19cb12b1af23672b58ebddf2c6c11e2939.jpg
1903,"<h1 class=""listing-item__header"">
    HP Probook 6460b core i3 en liquidation
</h1>",Venant,HP,30 000 ,Parcelles Assainies,https://i.roamcdn.net/hz/ed/listing-thumb-543w/703e605547b8c0bc1dd4be9cd016e74e/-/horizon-files-prod/ed/picture/qq42vzvz/3a7bdc8e95c15ff0f17f213e6e33f442989eb735.jpg
1904,"<h1 class=""listing-item__header"">
    ❇Mac Pro TouchBar ✅ i5- 256Go SSD ✅
</h1>",Venant,Apple,400 000 ,Hlm,https://i.roamcdn.net/hz/ed/listing-thumb-543w/bf2aaf82d03eeda5e5f203f7267a20d6/-/horizon-files-prod/ed/picture/qq42vzzn/551dd1914de899df3e47d478f236ecbfd76ab47f.jpg
1905,"<h1 class=""listing-item__header"">
    Lenovo t14s i7 13th gen 4
</h1>",Neuf,Lenovo,550 000 ,Derkle,https://i.roamcdn.net/hz/ed/listing-thumb-543w/2b8d7ff1d63ae82de35c031fa738642c/-/horizon-files-prod/ed/picture/qenv7rqk/96042ce766dfcb8c0554597722af0ca238de0ebd.jpg
1906,"<h1 class=""listing-item__header"">
    PC GAMER TRÈS PUISSANT 🏅
</h1>",Neuf,Autre,2 900 000 ,Liberte 5,https://i.roamcdn.net/hz/ed/listing-thumb-543w/20f5b14e7a2747b1f88b653c9719b5ab/-/horizon-files-prod/ed/picture/qv4wqdm2/071267cdbf06304f0bb5eae16b853332cb3d9749.jpg
1907,"<h1 class=""listing-item__header"">
    Dell optiplex 3050/3060 i3/i5 6th/7th 3.40GHz
</h1>",Venant,Dell,1 ,Keur Massar,https://i.roamcdn.net/hz/ed/listing-thumb-543w/93d16384b5edaae84e7b9925e8e000c6/-/horizon-files-prod/ed/picture/qxjpx5e0/8808a52f3fcddafccfe1727e2b9cd3dfc955be08.jpg
1908,"<h1 class=""listing-item__header"">
    Hp EliteBook 840 G6 Corei5 256ssd Ram8
</h1>",Neuf,HP,200 000 ,Médina,https://i.roamcdn.net/hz/ed/listing-thumb-543w/9b66cecc67fd25e4494fc4162f3008d6/-/horizon-files-prod/ed/picture/qxjpzpv8/7728e879071d156595b392d70bee22837699b767.jpg
1909,"<h1 class=""listing-item__header"">
    GAMER MSI GS66 STEALTH CORE I7 VRAM 8Go
</h1>",Venant,MSI,595 000 ,Médina,https://i.roamcdn.net/hz/ed/listing-thumb-543w/b04b445b9c178fdfb3be952ea1797341/-/horizon-files-prod/ed/picture/q56dzxke/6f1532b7d81e958532897cfa4164c0a70823124d.jpg
1910,"<h1 class=""listing-item__header"">
    Hp EliteBook 1030x360 Corei7 512ssd Ram16
</h1>",Neuf,HP,250 000 ,Médina,https://i.roamcdn.net/hz/ed/listing-thumb-543w/de1dfd846e4cf170adf9cad25c1358c0/-/horizon-files-prod/ed/picture/q0g7z74e/9161518b0a621438030765aadf7c7fd708f0e24d.jpg
1911,"<h1 class=""listing-item__header"">
    Promo☄️Hp EliteBook 840 Corei5 256ssd Ram8
</h1>",Neuf,HP,150 000 ,Médina,https://i.roamcdn.net/hz/ed/listing-thumb-543w/60e19afd9b7acbaa8a02079462b9a243/-/horizon-files-prod/ed/picture/qkr8q8zx/b3832fc42e2f3766eeee06739636b1ad80624fe2.jpg
1912,"<h1 class=""listing-item__header"">
    HP i5 6eme gen disc 500g ram 8g
</h1>",Venant,Dell,70 000 ,Yoff,https://i.roamcdn.net/hz/ed/listing-thumb-543w/ab55498cf07f1e38c54315f7fae6056d/-/horizon-files-prod/ed/picture/qgqw0wk4/fad9be2ed22998d90a9e6c5b187e00e6c091f92b.jpg
1913,"<h1 class=""listing-item__header"">
    MacBook M1 Pro 16 pouces
</h1>",Venant,Apple,900 000 ,Médina,https://i.roamcdn.net/hz/ed/listing-thumb-543w/68ed0676ecb41479e6b7536267d3448b/-/horizon-files-prod/ed/picture/q9mjke06/921059b2ddded67cbe3c388d150d7ac717abc1fa.jpg
1914,"<h1 class=""listing-item__header"">
    Hp EliteBook 850 G8 i7 11th Génération
</h1>",Neuf,HP,490 000 ,Médina,https://i.roamcdn.net/hz/ed/listing-thumb-543w/6e04b68b22440f2f4aa20426dfb485fb/-/horizon-files-prod/ed/picture/q9mj54dp/94c4a81eaf7d2db44b9eacfd84819f8952fcac3f.jpg
1915,"<h1 class=""listing-item__header"">
    MacBook Air M2 13.3 pouces 512 ram 8Go
</h1>",Neuf,Apple,600 000 ,Médina,https://i.roamcdn.net/hz/ed/listing-thumb-543w/ba5c73cd408593d6487c18b8fd840bdd/-/horizon-files-prod/ed/picture/qrz85j78/15affee906be3f770368417944b4a0c299391525.jpg
1916,"<h1 class=""listing-item__header"">
    Dell latitude core i3 6ieme génération
</h1>",Venant,Dell,110 000 ,Guediawaye,https://i.roamcdn.net/hz/ed/listing-thumb-543w/b58e6db7ca77b16171269bc902f42fd2/-/horizon-files-prod/ed/picture/q0g7z77j/281749aa7951b54ec19381521edf2a8821f44fce.jpg
1917,"<h1 class=""listing-item__header"">
    HP ELITEBOOK 840 G7 I5
</h1>",D'occasion,HP,1 ,Médina,https://i.roamcdn.net/hz/ed/listing-thumb-543w/923ecf1929f5bb02f7f32235b3bf4710/-/horizon-files-prod/ed/picture/qkr8q85z/c31f6c93e02290b7375dc8ed57bed42c8ee66e7a.jpg
1918,"<h1 class=""listing-item__header"">
    Écran Ordinateur HP 27fw Full
</h1>",Venant,HP,1 ,Médina,https://i.roamcdn.net/hz/ed/listing-thumb-543w/17055cf7d7657e18e44a1764d2798ec4/-/horizon-files-prod/ed/picture/q8v4d4zn/bd951bf3a412cd479ec71984754ff917714d0422.jpg
1919,"<h1 class=""listing-item__header"">
    DELL Latitiude 7300  Cor i5
</h1>",Venant,Dell,180 000 ,Médina,https://i.roamcdn.net/hz/ed/listing-thumb-543w/2c00a83bc2c0fae0fa27d235727704b6/-/horizon-files-prod/ed/picture/q44nn2j2/30d5ae74c03b01542f19be11a975d68c548ccfbe.jpg
1920,"<h1 class=""listing-item__header"">
    HP ProBook 650 G2 Intel i5 6th Gen
</h1>",Venant,HP,135 000 ,Yoff,https://i.roamcdn.net/hz/ed/listing-thumb-543w/b6e0a17c6b2a0ab1919bd0e60a8529e5/-/horizon-files-prod/ed/picture/qv4wqez5/fcd6fc66a84b5db96ca1cf7154986ddb1c7419bf.jpg
1921,"<h1 class=""listing-item__header"">
    Lenovo Thinkpad E14 AMD Ryzen 5 Pro
</h1>",Neuf,Lenovo,225 000 ,Médina,https://i.roamcdn.net/hz/ed/listing-thumb-543w/82fec142b8454bd37fd7d04a9b68e42d/-/horizon-files-prod/ed/picture/q78w96d8/97615debb42aa385d66932d4c02a8d7cb9e4be57.jpg
1922,"<h1 class=""listing-item__header"">
    Pc gamer 64Go ram Rtx 3070
</h1>",Venant,HP,1 150 000 ,Yoff,https://i.roamcdn.net/hz/ed/listing-thumb-543w/132059060c33fc9f7ecf0dded45c6a03/-/horizon-files-prod/ed/picture/qngpzxee/3daabd47bc9f65286012ab8acc8d239676713866.jpg
1923,"<h1 class=""listing-item__header"">
    MacBook Pro with Apple M3 Max 16 Pouces 2023
</h1>",Neuf,Apple,2 100 000 ,Médina,https://i.roamcdn.net/hz/ed/listing-thumb-543w/fbb05b8492ca8cbad9bc903ea6b4e008/-/horizon-files-prod/ed/picture/qrz85795/e52212904ed8eec973918d64499253699b6439f3.jpg
1924,"<h1 class=""listing-item__header"">
    HP Zbook Firefly 16 inch G10 Mobile Workstation
</h1>",Neuf,HP,650 000 ,Médina,https://i.roamcdn.net/hz/ed/listing-thumb-543w/babf004fca6aa4bcf89f07399dcb6b19/-/horizon-files-prod/ed/picture/qpdm29zw/4f5d96e59740af68aec444627a6a4834b7ccbaeb.jpg
1925,"<h1 class=""listing-item__header"">
    MacBook Pro Touch Bar 2020 Puce M1
</h1>",Venant,Apple,450 000 ,Médina,https://i.roamcdn.net/hz/ed/listing-thumb-543w/2070fc9744587cf8e295848194ee7888/-/horizon-files-prod/ed/picture/qrz85np9/d29270258f562b10ccf4e40567dfe455ae477c75.jpg
1926,"<h1 class=""listing-item__header"">
    Dell Précision 3590 Ultra 7 de 14 eme Génération
</h1>",Neuf,Dell,650 000 ,Cambérène,https://i.roamcdn.net/hz/ed/listing-thumb-543w/016d31103c64e32590776c128d5907f1/-/horizon-files-prod/ed/picture/qq422rxw/6e819473a7e6dfb4ab846e3c3d29d9e4d14f2135.jpg
1927,"<h1 class=""listing-item__header"">
    Samsung Galaxy Book 4 X360 15 Pouces  - I7 12th | 16GB RAM
</h1>",Venant,Samsung,470 000 ,Point-e,https://i.roamcdn.net/hz/ed/listing-thumb-543w/de1a2b53de524223dc5d3e77febfebc3/-/horizon-files-prod/ed/picture/qrz80zqg/a800cb8d520c01e7d191fc967aed5420894361f1.jpg
1928,"<h1 class=""listing-item__header"">
    Dell Latitude 5520 - I5 11th | 16GB RAM | 512
</h1>",Venant,Dell,255 000 ,Point-e,https://i.roamcdn.net/hz/ed/listing-thumb-543w/8ceffcf4201a4aa75004b2a6bb2be626/-/horizon-files-prod/ed/picture/q8v4dv56/7c4d16bd069cb89e853357a15828dc85181c8761.jpg
1929,"<h1 class=""listing-item__header"">
    LG Gram 13Z990 - I7 8th | 16GB Ram | 256 - Tactile
</h1>",Venant,Autre,310 000 ,Point-e,https://i.roamcdn.net/hz/ed/listing-thumb-543w/d5c2d4b32c1e522218ed31c8ca15fc45/-/horizon-files-prod/ed/picture/qde76e70/8a8f3d23c86da90cbdca34de971ff112598dee6b.jpg
1930,"<h1 class=""listing-item__header"">
    Dell Latitude 7430 X360 - I7 12th | 32GB RAM | 512
</h1>",Venant,Dell,370 000 ,Point-e,https://i.roamcdn.net/hz/ed/listing-thumb-543w/d7f2c81eb6063d4e2c675cb4b237ec6a/-/horizon-files-prod/ed/picture/qv4wq4w5/a2e412a8acc154877c08663774c48d065ce49a18.jpg
1931,"<h1 class=""listing-item__header"">
    dell latitude 3470 corei5 6E
</h1>",Venant,Dell,175 000 ,Golf,https://i.roamcdn.net/hz/ed/listing-thumb-543w/98cbfe93dd76955893ee66373ab08999/-/horizon-files-prod/ed/picture/q78wmvge/74545a013d572704c90d08d02eea4c71f845b2aa.jpg
1932,"<h1 class=""listing-item__header"">
    Dell latitude 7420
</h1>",Neuf,Dell,335 000 ,Plateau,https://i.roamcdn.net/hz/ed/listing-thumb-543w/d19b44c3e51e0192f955140d9f845722/-/horizon-files-prod/ed/picture/q9mjgxk7/fde1b95d0c4b9aae1c4e8a725cf72dd685973785.jpg
1933,"<h1 class=""listing-item__header"">
    Ecran PC - ACER - 24,5 pouces FHD - Dalle IPS - 100Hz - 1ms
</h1>",Neuf,Acer,100 000 ,Parcelles Assainies,https://i.roamcdn.net/hz/ed/listing-thumb-543w/74c871431c1785366d73c3c7b34b5b29/-/horizon-files-prod/ed/picture/q7rqrqq/45eaebfe9b4b14d82b0fa7b3d1fd2e672f3ef9c2.jpg
1934,"<h1 class=""listing-item__header"">
    Lenovo Thinkpad E16 i7 2024
</h1>",Neuf,Lenovo,600 000 ,Plateau,https://i.roamcdn.net/hz/ed/listing-thumb-543w/e2bba167fdb0868053f9e487fd5dd1af/-/horizon-files-prod/ed/picture/q56dvmwx/fb9e91918caae5801cfde4b01a0995eec5a0bd1d.jpg
1935,"<h1 class=""listing-item__header"">
    Imac M1 24 Pouce 4k
</h1>",Venant,Apple,650 000 ,Yoff,https://i.roamcdn.net/hz/ed/listing-thumb-543w/310833912f0e40481fa3712e1c8b993f/-/horizon-files-prod/ed/picture/qv4wx7nk/649069f38b19046bfee658b3ab73ee6f5df87bfd.jpg
1936,"<h1 class=""listing-item__header"">
    HP probook 440 g9 core i7 12th gen
</h1>",Venant,HP,275 000 ,Point-e,https://i.roamcdn.net/hz/ed/listing-thumb-543w/74917cf669630974507d73838bb11433/-/horizon-files-prod/ed/picture/qgqwzjjm/b839e5b40b1ea9046e5b6ca727753bd6d674497f.jpg
1937,"<h1 class=""listing-item__header"">
    MACBOOK AIR 15"" 2023 M2
</h1>",D'occasion,Apple,650 000 ,Plateau,https://i.roamcdn.net/hz/ed/listing-thumb-543w/0e1bb5a25572ff8c0aa712facc8bbf32/-/horizon-files-prod/ed/picture/qv4wxr7x/02c768c04d7e698c7358acc9b536bbc1f69deb72.jpg
1938,"<h1 class=""listing-item__header"">
    Macbook air 2015 13.3 pouce
</h1>",Venant,Apple,150 000 ,Yoff,https://i.roamcdn.net/hz/ed/listing-thumb-543w/4c3cb54fdbce0a9f6a091ad82efadfdf/-/horizon-files-prod/ed/picture/qgqwzrn2/d89e46f5db565c6e22a2029bbcdbc88e9e01ba90.jpg
1939,"<h1 class=""listing-item__header"">
    Dell XPS 15 9510 i9 Gamer/Work Station 11th Gen
</h1>",Neuf,Dell,800 000 ,Médina,https://i.roamcdn.net/hz/ed/listing-thumb-543w/10a3f85111426be8f6debb99a9e12b5b/-/horizon-files-prod/ed/picture/q6xdzw2n/09f69c0dfa3e9ba6f492b5bee16c6c23ae92dba4.jpg
1940,"<h1 class=""listing-item__header"">
    DELL LATITUDE 7390 2-IN-1 CORE I5
</h1>",Venant,Dell,199 000 ,Médina,https://i.roamcdn.net/hz/ed/listing-thumb-543w/a71a9a009fb7432924afc86a3741fcee/-/horizon-files-prod/ed/picture/qenvqvwx/42dadd46a1c9086807477deda7766712de0cd901.jpg
1941,"<h1 class=""listing-item__header"">
    Microsoft surface pro4 i7
</h1>",Venant,Microsoft Surface,185 000 ,Parcelles Assainies,https://i.roamcdn.net/hz/ed/listing-thumb-543w/28954947931052bb77cd2df4987b9b4a/-/horizon-files-prod/ed/picture/qwepj960/81a1839e8339e3afc6ebf77ebfda0deb4bb0ab3a.jpg
1942,"<h1 class=""listing-item__header"">
    MacBook Pro  M1 Max 16'', 64GB RAM, 2TB SSD
</h1>",Venant,Apple,1 100 000 ,Point-e,https://i.roamcdn.net/hz/ed/listing-thumb-543w/42c753a30ed68fee96af6e82e46c7730/-/horizon-files-prod/ed/picture/qwepn850/084c5e1e0cc1b44b9a65777a4436268441507b5f.jpg
1943,"<h1 class=""listing-item__header"">
    Dell Latitude 7410 - I7 10th VPro | 16GB RAM | 256
</h1>",Venant,Dell,310 000 ,Point-e,https://i.roamcdn.net/hz/ed/listing-thumb-543w/1bf6c87fef61e07fe2b729e8704a459e/-/horizon-files-prod/ed/picture/q9mjw0dx/ce75117989a8d0cf27722d695917ead0022ac80d.jpg
1944,"<h1 class=""listing-item__header"">
    HP Pavilion 14 X360 - I3 8th | 8GB RAM | 512
</h1>",Venant,HP,180 000 ,Point-e,https://i.roamcdn.net/hz/ed/listing-thumb-543w/171662b53a953653f28be3c367035270/-/horizon-files-prod/ed/picture/qv4wxkz8/53d5a0b27d25ad149178bb9c8ad6c0a86d8b2f06.jpg
1945,"<h1 class=""listing-item__header"">
    Lenovo ThinkPad E15 Gen 2 - I5 11th | 16GB RAM | 512
</h1>",Venant,Lenovo,250 000 ,Point-e,https://i.roamcdn.net/hz/ed/listing-thumb-543w/efadb84b1bb5e819e0daaf7c458685fe/-/horizon-files-prod/ed/picture/qwepjnep/ecb83ba23ede3fe89a192ee5c280b571380e6c22.jpg
1946,"<h1 class=""listing-item__header"">
    MacBook Pro 2020 - I7 | 32GB RAM | 512
</h1>",Venant,Apple,550 000 ,Point-e,https://i.roamcdn.net/hz/ed/listing-thumb-543w/e7b277ebcb4da656bb16c7691ae07991/-/horizon-files-prod/ed/picture/qq42gqrw/d34bced26d2a5f641b1d35e290f7c4a4934a8a1d.jpg
1947,"<h1 class=""listing-item__header"">
    MacBook Pro M3 Pro 16-pouce, 36GB RAM, 512GB SSD
</h1>",Venant,Apple,1 350 000 ,Point-e,https://i.roamcdn.net/hz/ed/listing-thumb-543w/83da3620d814bb79ed63622bafec85a0/-/horizon-files-prod/ed/picture/q44n5mv9/82d8aeebc0db716dec88f7574998b387b900495c.jpg
1948,"<h1 class=""listing-item__header"">
    Microsoft surface 3
</h1>",Venant,Microsoft Surface,125 000 ,Parcelles Assainies,https://i.roamcdn.net/hz/ed/listing-thumb-543w/e95df2dc6f583f26f8a4617eefb53e7b/-/horizon-files-prod/ed/picture/q0g75x4z/6cc8964b9b1b5a30c8f94256d4a0a12cd010a143.jpg
1949,"<h1 class=""listing-item__header"">
    Ordinateur portable fujitsu stylistic q736 core i5
</h1>",Venant,Fujitsu,99 000 ,Médina,https://i.roamcdn.net/hz/ed/listing-thumb-543w/51b33f981a0426b169ccab3ed6744245/-/horizon-files-prod/ed/picture/q8v4gpjj/cbb96b89a32bdab254f5cd8a534db2d45717ab1e.jpg
1950,"<h1 class=""listing-item__header"">
    Hp elitebook 1030 g2
</h1>",Neuf,HP,250 000 ,Plateau,https://i.roamcdn.net/hz/ed/listing-thumb-543w/95ab9dcef7ce410bb6c6e2cf8fec0f88/-/horizon-files-prod/ed/picture/q56dvpvg/4b19443c4ec1feaa153a7bb5d91a30b2e11e0c4b.jpg
1951,"<h1 class=""listing-item__header"">
    ✅Hp Pro i7- 16Go Ram - 15 Pouces
</h1>",D'occasion,HP,185 000 ,Hlm,https://i.roamcdn.net/hz/ed/listing-thumb-543w/1351c8bdfbb2d9fac5a95ec5d9482753/-/horizon-files-prod/ed/picture/qxjpg5qz/09fda6e42bde1b56a03944ad3a41f73530cdb54e.jpg
1952,"<h1 class=""listing-item__header"">
    ✅ Hp i5 - Ram 8Go - NEUF✅ 💥
</h1>",Neuf,HP,200 000 ,Hlm,https://i.roamcdn.net/hz/ed/listing-thumb-543w/eff2dfb3d538c546c5715dcadc619378/-/horizon-files-prod/ed/picture/qgqwdnn9/680f3712bcfdeb32f7bbceb3e74058ef3567c6f6.jpg
1953,"<h1 class=""listing-item__header"">
    HP PRODESK 400 G1 CORE I3
</h1>",Neuf,HP,225 000 ,Médina,https://i.roamcdn.net/hz/ed/listing-thumb-543w/5336b4643558b9ed7fdd9922c8bb48e8/-/horizon-files-prod/ed/picture/qm5p8egd/bd3d6e2d246cbb18ee68222762fb390337e54dfa.jpg
1954,"<h1 class=""listing-item__header"">
    Mac book Air M3 2024 256SSD Ram8
</h1>",Neuf,Apple,680 000 ,Médina,https://i.roamcdn.net/hz/ed/listing-thumb-543w/b0b84a3e1a231f6e46b5008b779ba8d1/-/horizon-files-prod/ed/picture/qpdm2894/14052337eb9183a1466159b3c2f8146e5b2eb693.jpg
1955,"<h1 class=""listing-item__header"">
    Microsoft Surface Pro 7+
</h1>",Neuf,Microsoft Surface,375 000 ,Gueule-Tapée,https://i.roamcdn.net/hz/ed/listing-thumb-543w/14d5a9e3988dd1e4d69d86af0e2237f3/-/horizon-files-prod/ed/picture/qq47jdnj/30ce483c374eee73cb12fbb5c07dc36ffb8273c5.jpg
1956,"<h1 class=""listing-item__header"">
    Lenovo IdeaPad 5i 15 Pouces - I7 12th | 8GB RAM | 512
</h1>",Venant,Lenovo,370 000 ,Point-e,https://i.roamcdn.net/hz/ed/listing-thumb-543w/a146dbefcdadf70ac4ea2f45c9d70f6d/-/horizon-files-prod/ed/picture/q6xdzr7g/256277682dc5b5fa0ed13ebef23e82116f9a79c4.jpg
1957,"<h1 class=""listing-item__header"">
    Lenovo ThinkPad L13 Gen 2 - I5 11th | 8GB RAM | 512v
</h1>",Venant,Lenovo,250 000 ,Point-e,https://i.roamcdn.net/hz/ed/listing-thumb-543w/64e65f4172089c7bbe2f683de45d11a2/-/horizon-files-prod/ed/picture/q44n7r4r/f86722c4477f4702b0a1569507e2283b640967bf.jpg
1958,"<h1 class=""listing-item__header"">
    DELL G15 +5 autres ordinateur gaming systeme
</h1>",Neuf,Dell,600 000 ,Nord foire,https://i.roamcdn.net/hz/ed/listing-thumb-543w/2fd2de11347ce65f263371ea891f3a63/-/horizon-files-prod/ed/picture/q9mjwrkx/1144fca51023ef288338f255b53224bc4f9e4803.jpg
1959,"<h1 class=""listing-item__header"">
    MacBook Pro lot de 3
</h1>",Neuf,Apple,700 000 ,Nord foire,https://i.roamcdn.net/hz/ed/listing-thumb-543w/fc5845ca4cd9e3e6a270d7ae70bf8368/-/horizon-files-prod/ed/picture/q0g758nx/2a4110239d48b3fc50a71efe0d1ed92fe218cac7.jpg
1960,"<h1 class=""listing-item__header"">
    MacBook Air M2 (2022)
</h1>",Venant,Apple,600 000 ,Médina,https://i.roamcdn.net/hz/ed/listing-thumb-543w/4a378094ef84825bb5a07a9638588388/-/horizon-files-prod/ed/picture/qde740nw/8a972389556ee2e9e3f225fccd85f01750758383.jpg
1961,"<h1 class=""listing-item__header"">
    ASUS GAMING G732L
</h1>",Neuf,ASUS,800 000 ,Nord foire,https://i.roamcdn.net/hz/ed/listing-thumb-543w/037a34f14044ebe64260c94b6a983bad/-/horizon-files-prod/ed/picture/qv4wxd7j/db6b4cbb5a7036732237c95914fe73c2474b92b4.jpg
1962,"<h1 class=""listing-item__header"">
    Macbook pro 2015 13.3 pouce
</h1>",Venant,Apple,200 000 ,Yoff,https://i.roamcdn.net/hz/ed/listing-thumb-543w/6e5a661ae549c712ee292c8f746c17e9/-/horizon-files-prod/ed/picture/qzvpe8mq/827a8c2178c3672dded245b052da045397c02e17.jpg
1963,"<h1 class=""listing-item__header"">
    Écran tactile interactif 4K Dell 75""
</h1>",Neuf,Dell,1 450 000 ,Grand-Dakar,https://i.roamcdn.net/hz/ed/listing-thumb-543w/08c0502c19d65499b79607c99b63cd82/-/horizon-files-prod/ed/picture/q6xdzq7z/72e9628bdd3813c2d259e196b246bac6f019ab12.png
1964,"<h1 class=""listing-item__header"">
    Lenovo IdeaPad 3
</h1>",Venant,Lenovo,160 000 ,Plateau,https://i.roamcdn.net/hz/ed/listing-thumb-543w/5c85ebaafcbb25ad7d624e58151f8bfc/-/horizon-files-prod/ed/picture/q78w9j8m/89c7cfba21f0c5f07b7293503f7d34d560cf0d2f.jpg
1965,"<h1 class=""listing-item__header"">
    HP EliteBook 835 G8 - AMD Ryzen 7 Pro | 16GB RAM | 512
</h1>",Venant,HP,300 000 ,Point-e,https://i.roamcdn.net/hz/ed/listing-thumb-543w/4abc66bc7665127128e6adef55298c68/-/horizon-files-prod/ed/picture/qj4q2r5e/21104f5c9e88900b5e46c0356ee6e76b033d7a28.jpg
1966,"<h1 class=""listing-item__header"">
    Macbook pro 2017 15 2Go graphique
</h1>",Venant,Apple,325 000 ,Yoff,https://i.roamcdn.net/hz/ed/listing-thumb-543w/ccf58a14037e443392c5fd9315b813d0/-/horizon-files-prod/ed/picture/qj4q2r08/8b02b80554b96d01a7a48914dce96c2acdd9340a.jpg
1967,"<h1 class=""listing-item__header"">
    Macbook pro 2017 15 4Go graphique
</h1>",Venant,Apple,350 000 ,Yoff,https://i.roamcdn.net/hz/ed/listing-thumb-543w/8064be3dc53d094ca504a33bdea9e883/-/horizon-files-prod/ed/picture/qkr82gzj/5c70bc65a4f83985d989994dd3298f75a0039c60.jpg
1968,"<h1 class=""listing-item__header"">
    HP Pavilion 14 X360 - I7 12th | 16GB RAM | 1 Téra
</h1>",Venant,HP,310 000 ,Point-e,https://i.roamcdn.net/hz/ed/listing-thumb-543w/80a909bcda90155c214ee0f26e0f4a8e/-/horizon-files-prod/ed/picture/qwepj2nk/0b20c55303081f14e92028bf82c2c52576a909de.jpg
1969,"<h1 class=""listing-item__header"">
    HP EliteBook 840 G7 - I7 10th | 32GB RAM | 256
</h1>",Venant,HP,320 000 ,Point-e,https://i.roamcdn.net/hz/ed/listing-thumb-543w/31522e39bb22fc199a35d1983c1f7e85/-/horizon-files-prod/ed/picture/qgqwz94r/20d32abccad15e0edfced9c017a8742290432ee7.jpg
1970,"<h1 class=""listing-item__header"">
    Lenovo IdeaPad 5 Pro - AMD Ryzen 5
</h1>",Venant,Lenovo,300 000 ,Point-e,https://i.roamcdn.net/hz/ed/listing-thumb-543w/cfe9e15613b0478d73c9f694f064b99c/-/horizon-files-prod/ed/picture/q6xdz747/fa94df91723ebd9f9e9674c640aa57c5b8d1acfe.jpg
1971,"<h1 class=""listing-item__header"">
    Hp elite x2 2in1 g2
</h1>",Venant,HP,185 000 ,Parcelles Assainies,https://i.roamcdn.net/hz/ed/listing-thumb-543w/1e3bd952b238a6edfedd1d9b5869960a/-/horizon-files-prod/ed/picture/qgqw82kn/1dd086014bb088e990edc5659f7630591406632e.jpg
1972,"<h1 class=""listing-item__header"">
    Toshiba Z30-B i5
</h1>",Venant,Toshiba,110 000 ,Médina,https://i.roamcdn.net/hz/ed/listing-thumb-543w/b14412f71a450d56746c1acdcc155f3c/-/horizon-files-prod/ed/picture/qngpwr5m/4cb502483bf6615940cbb0b0c05b6cb5551edaa8.jpg
1973,"<h1 class=""listing-item__header"">
    iMac 21 et 27 pouce cor i5 (2017)
</h1>",Venant,Apple,380 000 ,Médina,https://i.roamcdn.net/hz/ed/listing-thumb-543w/b795f5aa8edab7d135962b1fa3bb4943/-/horizon-files-prod/ed/picture/qde7wxn7/3a44bc2e377e6f3967555b9d9dd364b265128027.jpg
1974,"<h1 class=""listing-item__header"">
    Hp probook x360 g1 EE
</h1>",D'occasion,HP,75 000 ,Gueule-Tapée,https://i.roamcdn.net/hz/ed/listing-thumb-543w/ec11ffb654bc46d521631ebcbb348240/-/horizon-files-prod/ed/picture/qwepn5n4/8cb1af3b9d8eb4ce514bc5964820034b4deddf3d.jpg
1975,"<h1 class=""listing-item__header"">
    Macbook pro 2020 Core i7
</h1>",Venant,Apple,400 000 ,Yoff,https://i.roamcdn.net/hz/ed/listing-thumb-543w/d28fba7ceac7bf179e38cfb12f592929/-/horizon-files-prod/ed/picture/qj4qz804/991c82d4d92b7ac81ba451c81622ef7faf03611c.jpg
1976,"<h1 class=""listing-item__header"">
    Hp victus 2024 Rtx 4050
</h1>",Venant,HP,550 000 ,Yoff,https://i.roamcdn.net/hz/ed/listing-thumb-543w/b36c90b2b583b2c1c55923b1cfebee65/-/horizon-files-prod/ed/picture/q0g7de6z/adca9cf23ebc0b5c8123c3006df753985f5d1874.jpg
1977,"<h1 class=""listing-item__header"">
    Lenovo thinkpad X395
</h1>",Venant,Lenovo,255 000 ,Plateau,https://i.roamcdn.net/hz/ed/listing-thumb-543w/bb261d5acd3fde43fa84111a2f1f702e/-/horizon-files-prod/ed/picture/qq4260v6/033f801fc55a5e7fac3da97245a0557ffb32a5e3.jpg
1978,"<h1 class=""listing-item__header"">
    Hp elitebook 840g8
</h1>",Neuf,HP,365 000 ,Plateau,https://i.roamcdn.net/hz/ed/listing-thumb-543w/7869b04ebef1258eabae01c664ad6f52/-/horizon-files-prod/ed/picture/q0g7djpd/0d55e9b5ff4e193118e604f91b929c74d52b61ce.jpg
1979,"<h1 class=""listing-item__header"">
    Surface laptop 5  i7 12th
</h1>",Venant,Microsoft Surface,380 000 ,Liberte 6,https://i.roamcdn.net/hz/ed/listing-thumb-543w/fb4309e353ef7359f609f6d91ae638db/-/horizon-files-prod/ed/picture/qxjpqmxq/618a1d6aa4f45d969a4158d846bfdf4bd0efc153.jpg
1980,"<h1 class=""listing-item__header"">
    Surface pro 7
</h1>",Venant,Microsoft Surface,220 000 ,Sicap Liberté,https://i.roamcdn.net/hz/ed/listing-thumb-543w/fa4f679f5096b6944275ac54ed08e0b5/-/horizon-files-prod/ed/picture/q2j08rp6/5583fedb55dacf4d9ec734795b7ee005f485f7c5.jpg
1981,"<h1 class=""listing-item__header"">
    PC GAMER ASUS ROG PUISSANT🏅
</h1>",Venant,ASUS,1 500 000 ,Liberte 5,https://i.roamcdn.net/hz/ed/listing-thumb-543w/0447f30e262cd6fe373f773b8479ee10/-/horizon-files-prod/ed/picture/qwepw5mj/cb31e0109fa3dc37225c7b3bf22af00a6896e9fa.jpg
1982,"<h1 class=""listing-item__header"">
    MacBook Air M3 2024 13.3 Pouces
</h1>",Neuf,Apple,900 000 ,Médina,https://i.roamcdn.net/hz/ed/listing-thumb-543w/7507719e0dd43cc0ca1d258ec1d01790/-/horizon-files-prod/ed/picture/qenvw7ed/f4f3e99079bc61e882c9c23d809a27d4e2907854.jpg
1983,"<h1 class=""listing-item__header"">
    Puissant Gamer HP Z840/56threads
</h1>",Venant,HP,650 000 ,Pikine,https://i.roamcdn.net/hz/ed/listing-thumb-543w/cf6b5b663a8bb687ad495ea078de49e4/-/horizon-files-prod/ed/picture/qj4qzw5g/49f3dce42b60984d99b9d5cecdf782f4baa2dcff.jpg
1984,"<h1 class=""listing-item__header"">
    Gamer HP xeon 28theads/ 8 go graphique
</h1>",Venant,HP,350 000 ,Pikine,https://i.roamcdn.net/hz/ed/listing-thumb-543w/71a8057dbcbb4dd4dc7cf1122de9d67a/-/horizon-files-prod/ed/picture/qwepw8ng/be7b71893ac29851cae14bdd009d4076c2a32c6b.jpg
1985,"<h1 class=""listing-item__header"">
    Ecran 19 pouces
</h1>",D'occasion,Autre,46 000 ,Almadies,https://i.roamcdn.net/hz/ed/listing-thumb-543w/3024f38c38449283b747773d28207275/-/horizon-files-prod/ed/picture/q9mjgw4x/26c427fbfe9f9b69c0229ba1302b2e5e54a3da8b.jpg
1986,"<h1 class=""listing-item__header"">
    DELL LATITUDE 3190 DUAL CORE
</h1>",Venant,Dell,84 900 ,Médina,https://i.roamcdn.net/hz/ed/listing-thumb-543w/814a762ddc45290267d98c5f95e843cf/-/horizon-files-prod/ed/picture/qgqw44kk/7537f2f0a5906914739a48e58b0e9818f5cb17d9.jpg
1987,"<h1 class=""listing-item__header"">
    Hp Omen i9 64Go 2TO RTX4060
</h1>",Neuf,HP,1 250 000 ,Plateau,https://i.roamcdn.net/hz/ed/listing-thumb-543w/5bcdb872f258182af39a65fe2c3eaf02/-/horizon-files-prod/ed/picture/qm5gjq8m/cf0e58c23dc9b9d4a0ba5737740e7dca2cbbc9c3.png
1988,"<h1 class=""listing-item__header"">
    2024 Mac Book Air M3 ssd 512 Gb Ram 8 Gb
</h1>",Neuf,Apple,680 000 ,Cambérène,https://i.roamcdn.net/hz/ed/listing-thumb-543w/243187b653b30cdb66581eb4a4fcd4a6/-/horizon-files-prod/ed/picture/q2j0w76p/5558ba971da26bae33d24091755ac33fb213694c.jpg
1989,"<h1 class=""listing-item__header"">
    Mac Book M3 Pro ssd 1 Tera Ram 36 Gb
</h1>",Neuf,Apple,1 ,Cambérène,https://i.roamcdn.net/hz/ed/listing-thumb-543w/0b15eb1f3a87c5d2b577fb0db8cfc2a0/-/horizon-files-prod/ed/picture/qxjpqw78/383c15294687f7f652cb94159157edcc78ce9761.jpg
1990,"<h1 class=""listing-item__header"">
    Hp zbook firefly 14 G7
</h1>",Venant,HP,225 000 ,Yoff,https://i.roamcdn.net/hz/ed/listing-thumb-543w/7e9044de53b2d499357280b8af24e5e6/-/horizon-files-prod/ed/picture/q78wgj4x/ce266b80017570a408321b9e8a48a71373c1b9dd.jpg
1991,"<h1 class=""listing-item__header"">
    Hp elitebook x360 1030 G2
</h1>",Venant,HP,185 000 ,Yoff,https://i.roamcdn.net/hz/ed/listing-thumb-543w/41d83c0544e31836c2a3ebbb5c11d651/-/horizon-files-prod/ed/picture/q6xd5q8n/d8f272df74fe9541396de15805ae6dc4f64ae89a.jpg
1992,"<h1 class=""listing-item__header"">
    ASUS Zenbook 14 OLED I7-12GEN/16GO/512SSD
</h1>",Neuf,ASUS,550 000 ,Médina,https://i.roamcdn.net/hz/ed/listing-thumb-543w/d595a761fef57b5dafad587b973cf4c4/-/horizon-files-prod/ed/picture/q8v4gm2r/c33e3fb979fdef77808738765440db8792ad4b7b.jpg
1993,"<h1 class=""listing-item__header"">
    Lenovo T14 gen 2
</h1>",Neuf,Lenovo,350 000 ,Plateau,https://i.roamcdn.net/hz/ed/listing-thumb-543w/8de2d13aa542f7e91308c9d61a16601f/-/horizon-files-prod/ed/picture/q6xd5de6/c77e7b2180faba2ae0ae4e9cb3cce94c14c795f4.jpg
1994,"<h1 class=""listing-item__header"">
    LENOVO Thinkpad T480
</h1>",Réconditionné,Lenovo,160 000 ,Parcelles Assainies,https://i.roamcdn.net/hz/ed/listing-thumb-543w/2ebf9a8a32b7163515c4143504a26b8a/-/horizon-files-prod/ed/picture/qv4wzpep/77decafe06e03ba6d25ae78529d7c6a8cfb9b2b8.jpg
1995,"<h1 class=""listing-item__header"">
    Ordinateur HP Tactil core i5 Neuf
</h1>",Neuf,HP,200 000 ,Médina,https://i.roamcdn.net/hz/ed/listing-thumb-543w/cf71c5efd5bc43bff3ff272dc5ec7874/-/horizon-files-prod/ed/picture/q0g79mgm/b7228310f269c7ee2350adfa920bc6cf8e1c4edf.jpg
1996,"<h1 class=""listing-item__header"">
    Mac book Air M3 2024 256SSD Ram8 13 pouce neuf
</h1>",Neuf,Apple,745 000 ,Médina,https://i.roamcdn.net/hz/ed/listing-thumb-543w/b43c13f2469d19d02b3c26dd0cd45742/-/horizon-files-prod/ed/picture/q78w0n8e/831d13f7778c7b924d8a8e46802dc5f18a166fdd.jpg
1997,"<h1 class=""listing-item__header"">
    Ordinateur HP venant core i5
</h1>",Venant,HP,215 000 ,Médina,https://i.roamcdn.net/hz/ed/listing-thumb-543w/525f589e161490069cd262bb12fa99a7/-/horizon-files-prod/ed/picture/qenvxgnk/aa018e0ef2fe07f1535b399624629387261c9ab0.jpg
1998,"<h1 class=""listing-item__header"">
    Mac book Air 2017 256SSD Ram8 13 pouces
</h1>",Venant,Apple,245 000 ,Médina,https://i.roamcdn.net/hz/ed/listing-thumb-543w/5b797b90c328f989029736a5cc386fcd/-/horizon-files-prod/ed/picture/qpdmjkdq/18f6cb73ab13bd26a1992bf91ff7a2cf70be8095.jpg
1999,"<h1 class=""listing-item__header"">
    Ordinateur HP Neuf core i5
</h1>",Neuf,HP,250 000 ,Médina,https://i.roamcdn.net/hz/ed/listing-thumb-543w/6d52d37010c43841d7c2fdaa422661e4/-/horizon-files-prod/ed/picture/qde72xem/6703e9af133c2f1789711e950287c49a98274220.jpg
2000,"<h1 class=""listing-item__header"">
    Asus vivobook 1terra/ +128ssd /17.3
</h1>",Neuf,ASUS,200 000 ,Plateau,https://i.roamcdn.net/hz/ed/listing-thumb-543w/ad2b31d8aff5e934d49197af66dac75e/-/horizon-files-prod/ed/picture/qrz8jd2n/cf6bd943af1e3cdd734a68b863d6f6c29dc97867.jpg
2001,"<h1 class=""listing-item__header"">
    MACBOOK PRO 2017 512GO RAM 16GO
</h1>",Venant,Apple,350 000 ,Plateau,https://i.roamcdn.net/hz/ed/listing-thumb-543w/c0baf97654ee800391e472f3ce525298/-/horizon-files-prod/ed/picture/qgqwdnrk/74945e7d1a2f2b99938f0cc742cb6c19d0f6cca4.jpg
2002,"<h1 class=""listing-item__header"">
    Dell Latitude 7480
</h1>",Réconditionné,Dell,170 000 ,Parcelles Assainies,https://i.roamcdn.net/hz/ed/listing-thumb-543w/de10d751541320009b70f31ac2af1c2d/-/horizon-files-prod/ed/picture/q9mjngz0/9b1882723ae20e28080823a6981bba4d31df69af.jpg
2003,"<h1 class=""listing-item__header"">
    Imac 2017 core i5 processeur 3.00Ghz RAM 8go
</h1>",Venant,Apple,315 000 ,Hlm,https://i.roamcdn.net/hz/ed/listing-thumb-543w/a0072eb17a66a1747bc33197e92a2158/-/horizon-files-prod/ed/picture/qde728pm/8ca27c2a79d5a05cee19005c7b966895c6c0f1d8.jpg
2004,"<h1 class=""listing-item__header"">
    Imac Retina 2020
Écran 27pouces
</h1>",Venant,Apple,550 000 ,Hlm,https://i.roamcdn.net/hz/ed/listing-thumb-543w/36716c2a9917c84a5ca0e6d9575ebc9a/-/horizon-files-prod/ed/picture/qrz8j9en/9f90d5078afa6551d9b4989a9f3792fbbe1ed70c.jpg
2005,"<h1 class=""listing-item__header"">
    PC Msi Gaming (2023)
</h1>",Neuf,MSI,1 650 000 ,Sicap Sacré-cœur,https://i.roamcdn.net/hz/ed/listing-thumb-543w/5e4d6467ae319231dcce8eb24a08fe7f/-/horizon-files-prod/ed/picture/q6xdnp46/4cf9ee58bf53b5bb9e25ddafc26f7701eeb3a2a3.jpg
2006,"<h1 class=""listing-item__header"">
    HP ELITEBOOK 840 G10
</h1>",Neuf,HP,650 000 ,Cité keur gorgui,https://i.roamcdn.net/hz/ed/listing-thumb-543w/920efc3354e03cb1a9add8c579da34a4/-/horizon-files-prod/ed/picture/qdekqm0j/c81143e5f41e5ab7c59cba4e5731acb53b4531bb.jpg
2007,"<h1 class=""listing-item__header"">
    MacBook Pro Retina 13’’ 2017
</h1>",Neuf,Apple,330 000 ,Plateau,https://i.roamcdn.net/hz/ed/listing-thumb-543w/b97e116a2606bb66623f4ec1c000a029/-/horizon-files-prod/ed/picture/qngpjew9/a006d354e41f4ba6ce4c5d852a163d8c780491de.jpg
2008,"<h1 class=""listing-item__header"">
    Ordinateur
</h1>",Neuf,HP,350 000 ,Médina,https://i.roamcdn.net/hz/ed/listing-thumb-543w/e16aa8cbf4e4a2410498cdc11fe22ea5/-/horizon-files-prod/ed/picture/q2jq4vze/fcb44ead2c45bb86a824ef52b2ef7d443bac7747.jpg
2009,"<h1 class=""listing-item__header"">
    Dell 5590 i5 8th ram 8
</h1>",Venant,Dell,160 000 ,Médina,https://i.roamcdn.net/hz/ed/listing-thumb-543w/7ba584be1ec4328d482cc63dc1246a0a/-/horizon-files-prod/ed/picture/qq47gw4e/f54fd013d63e27b84db9265747e3c9eff75b6349.jpg
2010,"<h1 class=""listing-item__header"">
    DELL 3189 tactile RAM 8Go
</h1>",Venant,Dell,90 000 ,Médina,https://i.roamcdn.net/hz/ed/listing-thumb-543w/42563184ad249b699e4f0eeabf1b7e28/-/horizon-files-prod/ed/picture/qngpj84v/0419aca436291900c4832d0b3d78e0a4c470cd31.jpg
2011,"<h1 class=""listing-item__header"">
    MICROSOFT SURFACE PRO 9 CORE I5
</h1>",Neuf,HP,845 000 ,Médina,https://i.roamcdn.net/hz/ed/listing-thumb-543w/52cf3fa6a67875e632bad5e5cf83b93b/-/horizon-files-prod/ed/picture/qj4qx7v6/73b3e0cd3b52ed679f7ce3cccb8a4c2570749101.jpg
2012,"<h1 class=""listing-item__header"">
    Ordinateur HP Neuf Core i5
</h1>",Neuf,HP,299 900 ,Médina,https://i.roamcdn.net/hz/ed/listing-thumb-543w/6cd5fbc5599ca4c4457cc97868dd7e72/-/horizon-files-prod/ed/picture/q6xdv4ng/dc56c9284784a3d425b60de6b5d07ad04f0146ef.jpg
2013,"<h1 class=""listing-item__header"">
    Ecran PC 24,5 pouces 100Hz FHD IPS 1ms Acer
</h1>",Neuf,Acer,100 000 ,Parcelles Assainies,https://i.roamcdn.net/hz/ed/listing-thumb-543w/4adee72f4843227fa5efdbd98c041808/-/horizon-files-prod/ed/picture/q64jv44/a1407c99a98933d4a3544db89eeca6c648258177.jpg
2014,"<h1 class=""listing-item__header"">
    Support ordinateur avec refroidissement par ventilateur
</h1>",Neuf,Autre,25 000 ,Grand-Dakar,https://i.roamcdn.net/hz/ed/listing-thumb-543w/d50ceda7ab46b19b4a7311d7e858b88b/-/horizon-files-prod/ed/picture/q9m9j6q7/555b88b0ba7b0df12061889b99bbee0f056e4301.jpg
2015,"<h1 class=""listing-item__header"">
    Hp Probook X360 11 G5 hybride 2in 1
</h1>",Venant,HP,95 000 ,Plateau,https://i.roamcdn.net/hz/ed/listing-thumb-543w/ed99ef4ae55ad05bc86f0a98198fd1aa/-/horizon-files-prod/ed/picture/qm5gj40g/3f378d847f04b381fff3b6313d63de79b002d39b.jpg
2016,"<h1 class=""listing-item__header"">
    Hp pro X2
</h1>",Venant,HP,190 000 ,Plateau,https://i.roamcdn.net/hz/ed/listing-thumb-543w/6f29924d5936445d8e40c95f7c56baed/-/horizon-files-prod/ed/picture/qgqwdz0k/4d06d4ed98178449213b3f1ee5c75dd942ecfdea.jpg
2017,"<h1 class=""listing-item__header"">
    HP PRODESK 400 G1 CORE I5
</h1>",Neuf,HP,249 900 ,Médina,https://i.roamcdn.net/hz/ed/listing-thumb-543w/e57272e643541c6f54f17125ff724aff/-/horizon-files-prod/ed/picture/q0gwmjkg/53c62e2992a2ddd37d991adb3a1075553a28b47d.jpg
2018,"<h1 class=""listing-item__header"">
    Dell dual core
</h1>",Venant,Dell,100 000 ,Médina,https://i.roamcdn.net/hz/ed/listing-thumb-543w/6a50106932e940ccdfb9654d18041f8d/-/horizon-files-prod/ed/picture/q9mjn5en/7d6d72660fbf1314f98f01e0c51578eca0b97138.jpg
2019,"<h1 class=""listing-item__header"">
    HP ELITEBOOK 1030 X 360 G2 CORE I5
</h1>",Venant,HP,214 900 ,Médina,https://i.roamcdn.net/hz/ed/listing-thumb-543w/bfe29e9b47c2ae9c6bdf6cd77b4361d4/-/horizon-files-prod/ed/picture/qwepexmk/9d0a07ef6f2db6193adfd193339d0f13d509989a.jpg
2020,"<h1 class=""listing-item__header"">
    Ordinateur portable HP neuf
</h1>",Neuf,HP,275 000 ,Médina,https://i.roamcdn.net/hz/ed/listing-thumb-543w/0a622d078dec6442702a5bc1ca9afc53/-/horizon-files-prod/ed/picture/q44n68pz/79477c13307ee88f0fd836289c450d6757f33093.jpg
2021,"<h1 class=""listing-item__header"">
    HP EliteBook x360 1030 G2 core i5
</h1>",Neuf,HP,200 000 ,Médina,https://i.roamcdn.net/hz/ed/listing-thumb-543w/4bffb001e382fae03631a4306066a501/-/horizon-files-prod/ed/picture/qzvd7mz9/9295dcd30435642fbceca53f24f9b0d0064298a1.jpg
2022,"<h1 class=""listing-item__header"">
    Dell Inspiron 5620 i7 12th GEN
</h1>",Neuf,Dell,300 000 ,Médina,https://i.roamcdn.net/hz/ed/listing-thumb-543w/2c1c57b41f548d1a399d6b4a0c494e3a/-/horizon-files-prod/ed/picture/q8v4keqz/bff2a42e9ab5adeb0f7fd284fdbe2f8958f605f9.jpg
2023,"<h1 class=""listing-item__header"">
    Dell Inspiron 16 5620
</h1>",Venant,Dell,300 000 ,Médina,https://i.roamcdn.net/hz/ed/listing-thumb-543w/8806baf6767609e185503af268a1cf77/-/horizon-files-prod/ed/picture/qwepnv7j/55a252828363ec55506e1ffd0a54573bc847ba6b.jpg
2024,"<h1 class=""listing-item__header"">
    MAC STUDIO M2 ULTRA NEUF SCELLER
</h1>",Neuf,Apple,2 900 000 ,Almadies,https://i.roamcdn.net/hz/ed/listing-thumb-543w/71db13f2b9352cafebd042103d669c72/-/horizon-files-prod/ed/picture/qwepr9gk/c2cfbbff80bf0ca560d8844d8c487fe6bcd9c33a.jpg
2025,"<h1 class=""listing-item__header"">
    Sac à dos ordinateur - cuire
</h1>",Neuf,cuire,17 000 ,Grand-Dakar,https://i.roamcdn.net/hz/ed/listing-thumb-543w/6cb56ae444a1ef95ae7717bc5208de06/-/horizon-files-prod/ed/picture/qm55km69/40cb745ebdd38cf54f7cba4701777a9f6f0958e8.jpg
2026,"<h1 class=""listing-item__header"">
    MacBook Pro i5 / 8 Go / 256 Go
</h1>",Venant,Apple,350 000 ,Hann maristes,https://i.roamcdn.net/hz/ed/listing-thumb-543w/50784cd5a07199333c5ed844884e753c/-/horizon-files-prod/ed/picture/qxjpjn88/67f6210cdca2e5e73f46150124ac820c18f76d7b.jpg
2027,"<h1 class=""listing-item__header"">
    Hp omen i9 4060
</h1>",Neuf,HP,1 150 000 ,Plateau,https://i.roamcdn.net/hz/ed/listing-thumb-543w/4ccbb971225aad79521b7bd02e009e83/-/horizon-files-prod/ed/picture/qenvpw06/e1ef0b213691452ddec07e0202219243d80f743d.jpg
2028,"<h1 class=""listing-item__header"">
    ALL IN ONE HP NEUF 27""
</h1>",Neuf,HP,850 000 ,Colobane,https://i.roamcdn.net/hz/ed/listing-thumb-543w/659078c9ac03ca30f7633a61ae2a1320/-/horizon-files-prod/ed/picture/qxj24p2j/75109bad3787de526bf39ab1d22e86fade95a49b.jpg
2029,"<h1 class=""listing-item__header"">
    Hp X360 core i7 13 ème tactile
</h1>",Neuf,HP,650 000 ,Colobane,https://i.roamcdn.net/hz/ed/listing-thumb-543w/5e112e811e24e7ab0d1f78e8bb34b6e6/-/horizon-files-prod/ed/picture/q9m9p4vv/79e2da6ce69df5645d9649dcb0e82d8457b9c4eb.jpg
2030,"<h1 class=""listing-item__header"">
    Macbook Pro M3
</h1>",Neuf,Apple,1 000 000 ,Plateau,https://i.roamcdn.net/hz/ed/listing-thumb-543w/9afca25a44fbf6c0766ed2e0326ff2c7/-/horizon-files-prod/ed/picture/qxj25zew/a96694669e4c2920c2e5e554f218afb003b45de2.jpg
2031,"<h1 class=""listing-item__header"">
    Ecran HP M27f Full HD Argent
</h1>",Neuf,HP,159 999 ,Médina,https://i.roamcdn.net/hz/ed/listing-thumb-543w/c81ae10ce8b8e2b054caf3e42395c0d7/-/horizon-files-prod/ed/picture/qqrpzrj/29ad076c6674e5909525c16858124e8ae6f27e4b.png
2032,"<h1 class=""listing-item__header"">
    MACBOOK PRO M2 PRO  2023 16 POUCES
</h1>",Neuf,Apple,1 350 000 ,Médina,https://i.roamcdn.net/hz/ed/listing-thumb-543w/b88220797da5decfce98f294fb724a9d/-/horizon-files-prod/ed/picture/qgqwp48m/bd489206d9df5b441755afbd5a8d5334cd41fe77.jpg
2033,"<h1 class=""listing-item__header"">
    HP 290 G1 MT Core i3 7th Generation
</h1>",D'occasion,HP,55 000 ,Keur Massar,https://i.roamcdn.net/hz/ed/listing-thumb-543w/017e964517741f0b4ee32e19978ebda6/-/horizon-files-prod/ed/picture/qpdmg6qm/97c4d4c7324d1a1812dd1f2028f2e54607a1733c.jpg
2034,"<h1 class=""listing-item__header"">
    Hp elitbook  840g7 i5 10eme
</h1>",Neuf,HP,275 000 ,Médina,https://i.roamcdn.net/hz/ed/listing-thumb-543w/44e1d6f860b47a82714ce108322f1dfd/-/horizon-files-prod/ed/picture/qm5g02d6/5ca9f842bc562d9e3f1846d43eb2b487560cde9a.jpg
2035,"<h1 class=""listing-item__header"">
    Dell latitude 5530 i5 12eme
</h1>",Neuf,HP,250 000 ,Médina,https://i.roamcdn.net/hz/ed/listing-thumb-543w/5ad7115565a23d98457ed6e7fc47cb47/-/horizon-files-prod/ed/picture/q8v4m6nz/cda7fa0be2078f2af24be3bc585d3e71f6003872.jpg
2036,"<h1 class=""listing-item__header"">
    HP 6300 i5 neuf
</h1>",Neuf,HP,244 900 ,Médina,https://i.roamcdn.net/hz/ed/listing-thumb-543w/8d6c9ab3cfa6559a9b6070df72083d1b/-/horizon-files-prod/ed/picture/qkrg599n/8b90411248655473233b36e828d04aed6e40adae.jpg
2037,"<h1 class=""listing-item__header"">
    All in One DELL i7 7th 24Pouce
</h1>",Venant,Dell,240 000 ,Médina,https://i.roamcdn.net/hz/ed/listing-thumb-543w/ed04d927204ddb0640b031affc27744b/-/horizon-files-prod/ed/picture/q44n5ger/2ecc2bc9f7037734a046bbb74b58849102f88c57.jpg
2038,"<h1 class=""listing-item__header"">
    Lenovo V15-IGL Dual Core
</h1>",Neuf,Lenovo,150 000 ,Colobane,https://i.roamcdn.net/hz/ed/listing-thumb-543w/62e332c22dab39d2ac117b258527190b/-/horizon-files-prod/ed/picture/q9mjkdqw/675d76f7e5e97bfd0bebb46548061ba7e822ff56.jpg
2039,"<h1 class=""listing-item__header"">
    MACBOOK PRO M3 16 POUCES
</h1>",Neuf,Apple,1 700 000 ,Cité keur gorgui,https://i.roamcdn.net/hz/ed/listing-thumb-543w/16dbd6075716057c203ef8076ca0bae9/-/horizon-files-prod/ed/picture/qv4wedej/fa94079e9bd61c0d861c73a0d580ff683f253c3c.jpg
2040,"<h1 class=""listing-item__header"">
    MACBOOK AIR M3 15 POUCES
</h1>",Neuf,Apple,1 200 000 ,Cité keur gorgui,https://i.roamcdn.net/hz/ed/listing-thumb-543w/c7ce3db76e9f5ea859a91c78bd79ca3e/-/horizon-files-prod/ed/picture/qrzv9d28/edf9fd1f90bcf4eb81d5ba164c9c536e050b3c46.jpg
2041,"<h1 class=""listing-item__header"">
    ALL IN ONE I5 24 POUCES TACTILE
</h1>",Réconditionné,HP,300 000 ,Colobane,https://i.roamcdn.net/hz/ed/listing-thumb-543w/f08a8ed97c9a9d231917237eb389b15a/-/horizon-files-prod/ed/picture/q56dp547/75b8df3c0193ab6c3a4f04756151abd60f8ba81c.jpg
2042,"<h1 class=""listing-item__header"">
    DELL  E5530 CORE I7 15'' PAVE
</h1>",D'occasion,Dell,150 000 ,Colobane,https://i.roamcdn.net/hz/ed/listing-thumb-543w/6e9ff3a624dd6fb29bdf81261c7c652e/-/horizon-files-prod/ed/picture/qpdmg7pv/4b2c1c071d74c98f20c166de0f4e3af9332f1718.jpg
2043,"<h1 class=""listing-item__header"">
    MacBook Air m3 2024
</h1>",Venant,Apple,985 000 ,Médina,https://i.roamcdn.net/hz/ed/listing-thumb-543w/be6d79cd220014afeb5c3eef9894d06f/-/horizon-files-prod/ed/picture/qngp9w6g/75ef938825cc34517f781ae4c23abc4e70ea6d28.jpg
2044,"<h1 class=""listing-item__header"">
    Dell Latitude 5410
</h1>",Venant,Dell,160 000 ,Plateau,https://i.roamcdn.net/hz/ed/listing-thumb-543w/73b64673d72d1a058b67d53e6688900a/-/horizon-files-prod/ed/picture/qpdmgg5r/d694a7682ee3012491a4aad5f49c58781d29eec7.jpg
2045,"<h1 class=""listing-item__header"">
    PROMO ORDINATEUR HP PRO X2 G2 2-IN-1 12.3 INTEL
</h1>",Neuf,HP,249 000 ,Plateau,https://i.roamcdn.net/hz/ed/listing-thumb-543w/7021a6c4e2d8f2074b4cefdf999a45e5/-/horizon-files-prod/ed/picture/q9mjkkmw/fb8f51058b5f6409033ff44b7defbe4b9ab2c70c.jpg
2046,"<h1 class=""listing-item__header"">
    SERVEUR ML 30
</h1>",Neuf,HP,798 000 ,Médina,https://i.roamcdn.net/hz/ed/listing-thumb-543w/56d91cf08772d8675a58b5db59f2e1cd/-/horizon-files-prod/ed/picture/qq4q0jpj/0eac146da9f7920bfa8e586248581292a37a4ef5.jpg
2047,"<h1 class=""listing-item__header"">
    ORDINATEUR ZBOOK GAMER
</h1>",Venant,HP,400 000 ,Derkle,https://i.roamcdn.net/hz/ed/listing-thumb-543w/7f6fd825dec59a9717c564316adca690/-/horizon-files-prod/ed/picture/q0g770kw/ec5915f98a89a51c3b48dfc3955f620fae57936d.jpg
2048,"<h1 class=""listing-item__header"">
    HP ORDINATEUR ALL IN ONE AIO 200 G4 22 CORE I3 4GB/1TB 22
</h1>",Neuf,HP,349 999 ,Médina,https://i.roamcdn.net/hz/ed/listing-thumb-543w/69aa99eeb5e6994522e90c266aca3b6a/-/horizon-files-prod/ed/picture/qjgwv8z/08518af1e9dfea9a8c02c86483aa9799e47163c2.jpg
2049,"<h1 class=""listing-item__header"">
    Ecran HP 24f – 23.8 pouces
</h1>",Neuf,HP,139 998 ,Médina,https://i.roamcdn.net/hz/ed/listing-thumb-543w/7a4b62e68e957e4eb908cdf19f245e24/-/horizon-files-prod/ed/picture/qx94mk8/48a47aac6b07aabd98069c05d0624baa981b9ba2.jpg
2050,"<h1 class=""listing-item__header"">
    DELL LATITUDE 7390 2 EN 1 CORE  i5
</h1>",Venant,Dell,199 900 ,Médina,https://i.roamcdn.net/hz/ed/listing-thumb-543w/c259a38da411c186fcf19d6f58027f8e/-/horizon-files-prod/ed/picture/qenq4xv4/7d735a2e21791349011daeccbd3a4cce6c392428.jpg
2051,"<h1 class=""listing-item__header"">
    Hp x360 G1 duo ram 4/ 128 go
</h1>",Venant,Lenovo,75 000 ,Médina,https://i.roamcdn.net/hz/ed/listing-thumb-543w/dfbbf4bbff7f4cc68cdd880eef467391/-/horizon-files-prod/ed/picture/qg22x5e/1afcb422bdf4ef5e37915c62e2ac448846867572.jpg
2052,"<h1 class=""listing-item__header"">
    DELL LATITUDE 5490 CORE I5 8TH GENERATION
</h1>",Venant,Dell,149 900 ,Médina,https://i.roamcdn.net/hz/ed/listing-thumb-543w/475d0f199827eaafdd6889d1e134f28f/-/horizon-files-prod/ed/picture/q0g7w2jk/6c3b64ea65f726cbbbb5490dae1f2d16ff307467.jpg
2053,"<h1 class=""listing-item__header"">
    HP 290 G9 CORE I5
</h1>",Neuf,HP,449 000 ,Médina,https://i.roamcdn.net/hz/ed/listing-thumb-543w/70b0b4a27561ef631a769f2e3c61cadc/-/horizon-files-prod/ed/picture/qngx8rv9/858589c787be7e9b597ea5f3f44ea08695c09e5a.jpg
2054,"<h1 class=""listing-item__header"">
    MacBook Pro M3 Max
</h1>",Neuf,Apple,2 350 000 ,Médina,https://i.roamcdn.net/hz/ed/listing-thumb-543w/66fcfa09c60c4c7cec425964faef039e/-/horizon-files-prod/ed/picture/qj4rvg5g/63080ff24d69a0113cd71d1d2f017db34a9d75f1.jpg
2055,"<h1 class=""listing-item__header"">
    Dell latitude 12e generation
</h1>",Venant,Dell,240 000 ,Hlm grand-yoff,https://i.roamcdn.net/hz/ed/listing-thumb-543w/9da227818cd28e95265486e85fc8ea87/-/horizon-files-prod/ed/picture/qwepzdnk/a9afaddfd00883ecc8e285ce10d8e5ab1d244437.jpg
2056,"<h1 class=""listing-item__header"">
    dell latitude 5410
</h1>",D'occasion,Dell,120 000 ,Hlm grand-yoff,https://i.roamcdn.net/hz/ed/listing-thumb-543w/3a271ff3145539089f8b109f0632a9ca/-/horizon-files-prod/ed/picture/qq42dmw6/cca1565402d67d82855bc4af1a67f2998eb12656.jpg
2057,"<h1 class=""listing-item__header"">
    LONOVO  THINKPAD E16 GEN1 CORE I7 13 TH GENERATION
</h1>",Neuf,Lenovo,699 000 ,Médina,https://i.roamcdn.net/hz/ed/listing-thumb-543w/3169be78b941e3eb7e05702ae7cb4fd8/-/horizon-files-prod/ed/picture/q2j0qw4k/753e34603cfc60db6fba2b321d852a6a28425d2b.jpg
2058,"<h1 class=""listing-item__header"">
    Unité Centrale Mini HP 800 G3
</h1>",Réconditionné,HP,150 000 ,Plateau,https://i.roamcdn.net/hz/ed/listing-thumb-543w/8aaca7cb1ed501c7a28d05cb12509010/-/horizon-files-prod/ed/picture/qkr8gxrw/1d6f09a5bc04e110dd0e4fc1664e244b8950836b.png
2059,"<h1 class=""listing-item__header"">
    HP ZBOOK I5 8éme 4Go graphique
</h1>",Réconditionné,HP,250 000 ,Colobane,https://i.roamcdn.net/hz/ed/listing-thumb-543w/66c58facf2e548aaeace845cd675b1a5/-/horizon-files-prod/ed/picture/qzvp4996/b1a3f7f1d9c54e9663b36ba72e23de7fade997a1.jpg
2060,"<h1 class=""listing-item__header"">
    ALL IN ONE HP NEUF 23.8"" I3 12éme
</h1>",Neuf,HP,450 000 ,Colobane,https://i.roamcdn.net/hz/ed/listing-thumb-543w/afec48905b842c6f0f93b6640fb0ed47/-/horizon-files-prod/ed/picture/q0g72jj6/6b32c58cd5893a4da603eebf0397fe2865db6dd3.jpg
2061,"<h1 class=""listing-item__header"">
    DELL LATITUDE E5490 I5 8éme
</h1>",Réconditionné,Dell,125 000 ,Colobane,https://i.roamcdn.net/hz/ed/listing-thumb-543w/5166ed5725589d008f0204bea1a2e3c9/-/horizon-files-prod/ed/picture/q8v45z2j/a1bb69e73f027d40989dab387f333d66a2ac3e3a.jpg
2062,"<h1 class=""listing-item__header"">
    MACBOOK PRO M2 PRO 2023
</h1>",Neuf,Apple,950 000 ,Plateau,https://i.roamcdn.net/hz/ed/listing-thumb-543w/2c2258a9312bafc0d4bde3b3734ca66f/-/horizon-files-prod/ed/picture/qenq8dgv/bb88691b4104c399fd989bac27057923ed6e2c3b.png
2063,"<h1 class=""listing-item__header"">
    Oridnateur gamer Rx6800 16gb-ryzen 7 5800x3d-Ram 64gb
</h1>",Neuf,Autre,1 300 000 ,Médina,https://i.roamcdn.net/hz/ed/listing-thumb-543w/4662cbd9e80d2b68a9a756250aae3ac3/-/horizon-files-prod/ed/picture/qxjp2djz/cbe5393d02c1111cab715284834166eb8840da96.jpg
2064,"<h1 class=""listing-item__header"">
    SERVEUR DELL RACKABLE POWEREDGE R620
</h1>",Venant,Dell,300 000 ,Plateau,https://i.roamcdn.net/hz/ed/listing-thumb-543w/72b9be7034e317042842b6eeb05bf4d7/-/horizon-files-prod/ed/picture/qrz8qgr4/d565099ec257693f8449e4d74a929cc7ad1eb60a.jpg
2065,"<h1 class=""listing-item__header"">
    DELL latitude 5420
</h1>",Venant,Dell,180 000 ,Hlm grand-yoff,https://i.roamcdn.net/hz/ed/listing-thumb-543w/6cbc2dac0b60917c3b78ddd84db31795/-/horizon-files-prod/ed/picture/qngpd400/6f6053a9e29315aec773433099cf281cbc90e27c.jpg
2066,"<h1 class=""listing-item__header"">
    apple mac mini M1
</h1>",Neuf,Apple,300 000 ,Hlm grand-yoff,https://i.roamcdn.net/hz/ed/listing-thumb-543w/04e518475de5345aa5ba906fa857914b/-/horizon-files-prod/ed/picture/q78w7kx5/6aea1650354872ab09263bbc6aef6f98068f0630.jpg
2067,"<h1 class=""listing-item__header"">
    HP ZBOOK I5 8éme 4Go graphique
</h1>",Réconditionné,HP,250 000 ,Colobane,https://i.roamcdn.net/hz/ed/listing-thumb-543w/573d4c491f66e9030dc6274bf7155c77/-/horizon-files-prod/ed/picture/q44ndvpz/02761839a2d15fec983f21745ad1542995c6ecc0.jpg
2068,"<h1 class=""listing-item__header"">
    HP Elitebook 840 G3 – 8Go ram- 500Go HDD
</h1>",Venant,HP,130 000 ,Grand-Dakar,https://i.roamcdn.net/hz/ed/listing-thumb-543w/ccdebc7c7bfca7226025903dfc53b001/-/horizon-files-prod/ed/picture/q2jq5x8k/bb8c125e188bdc954c900d199dc807c164c432fa.jpg
2069,"<h1 class=""listing-item__header"">
    DELL Latitude 7480 core i5
</h1>",Venant,Dell,160 000 ,Médina,https://i.roamcdn.net/hz/ed/listing-thumb-543w/a3c548adae3b31f85f1c32f4ca70cff9/-/horizon-files-prod/ed/picture/q2j0jej6/b04c49aa688934d93aaed10e606d82f539eb5eca.jpg
2070,"<h1 class=""listing-item__header"">
    HP ELITEBOOK X360 1040 G6 CORE I7
</h1>",D'occasion,HP,349 900 ,Médina,https://i.roamcdn.net/hz/ed/listing-thumb-543w/fdf3eb312128e01f91b41268cf662985/-/horizon-files-prod/ed/picture/q8v5j549/0811e96e0b68e6cdf1bd2f165a342b01b5f94f6d.jpg
2071,"<h1 class=""listing-item__header"">
    Hp Elitebook 830 G8 core i7 11th gen
</h1>",Neuf,HP,525 000 ,Zone de captage,https://i.roamcdn.net/hz/ed/listing-thumb-543w/883dcdae1c22c3f9b52a1810ddc5e808/-/horizon-files-prod/ed/picture/q785q4jz/80e52aa9a0d6090ef3c23a9bed9fb43b19c09ac0.jpg
2072,"<h1 class=""listing-item__header"">
    Ordinateur HP neuf core i5
</h1>",Neuf,HP,175 000 ,Médina,https://i.roamcdn.net/hz/ed/listing-thumb-543w/d56efc99148101b3e37f1948b5b26e35/-/horizon-files-prod/ed/picture/qm5g5j26/4af7897d01e91e7063e5c479348003ebf66b9e94.jpg
2073,"<h1 class=""listing-item__header"">
    Hp  Probook 6570b core i5, 4g ram
</h1>",Venant,HP,30 000 ,Parcelles Assainies,https://i.roamcdn.net/hz/ed/listing-thumb-543w/0d5a69bbc9bc5c305e161e0fd2670e20/-/horizon-files-prod/ed/picture/q6xdxdwp/a2f0865d82165fafabc37ff321f120e9563a44f4.jpg
2074,"<h1 class=""listing-item__header"">
    Des écran de 23 pouce Dell et HP
</h1>",Venant,Dell,30 000 ,Parcelles Assainies,https://i.roamcdn.net/hz/ed/listing-thumb-543w/3077c00f8144c6acad5e6c5339ffacbb/-/horizon-files-prod/ed/picture/q8v4v484/35a17df395cdd76c56be22fa0802d8687f5d2f30.jpg
2075,"<h1 class=""listing-item__header"">
    Lenovo UC core i5
</h1>",Venant,Lenovo,35 000 ,Parcelles Assainies,https://i.roamcdn.net/hz/ed/listing-thumb-543w/2dd2d1cc984c5a633b7c10cf318d2465/-/horizon-files-prod/ed/picture/qde7ewrj/e455ac4fd4b2ff6257f2b91408a273f9b47bcf7a.jpg
2076,"<h1 class=""listing-item__header"">
    Surface Pro 9 Core i7 16Go 512
</h1>",Neuf,Microsoft Surface,1 200 000 ,Plateau,https://i.roamcdn.net/hz/ed/listing-thumb-543w/35c639f6fbca440343e070f512e7c0aa/-/horizon-files-prod/ed/picture/qxj2042n/6b844544444461b167524c9fb418b6b9ef65df69.jpg
2077,"<h1 class=""listing-item__header"">
    DELL 5440
</h1>",Neuf,Dell,450 000 ,Médina,https://i.roamcdn.net/hz/ed/listing-thumb-543w/18d0e28766a945c3afc3fd568601886f/-/horizon-files-prod/ed/picture/qrz82dz4/fd87e1b71dcc760364bba84271ed88864497138d.jpg
2078,"<h1 class=""listing-item__header"">
    Dell 5500 i5 8th ram 8
</h1>",Venant,Dell,175 000 ,Médina,https://i.roamcdn.net/hz/ed/listing-thumb-543w/2ee72e9a3104b5b0c4ac5ff387000969/-/horizon-files-prod/ed/picture/qm5pdvrm/201e9b67641f327a2e86faf3e751403f32903e8c.jpg
2079,"<h1 class=""listing-item__header"">
    Lenovo E14 ThinkPad 11Th Generation
</h1>",Venant,Lenovo,350 000 ,Hann maristes,https://i.roamcdn.net/hz/ed/listing-thumb-543w/131d457ea38b79d8350a5ec2e2d2f493/-/horizon-files-prod/ed/picture/qrz824nq/7cf81f6c34ca21b4efc4626a3bc0603976ba5290.jpg
2080,"<h1 class=""listing-item__header"">
    lenovo t480 i7 ram 16, 8th
</h1>",Venant,Lenovo,220 000 ,Médina,https://i.roamcdn.net/hz/ed/listing-thumb-543w/0a839bb23032ae99bf307b03b0382b50/-/horizon-files-prod/ed/picture/q6xkzq0d/fda4806bb37ee2bb82a401dc4a7f14cc23111903.jpg
2081,"<h1 class=""listing-item__header"">
    ALL IN ONE LENOVO V130-20IGM DUAL CORE 19''
</h1>",Neuf,Lenovo,260 000 ,Médina,https://i.roamcdn.net/hz/ed/listing-thumb-543w/601044236140fbec42bc0716df9761d2/-/horizon-files-prod/ed/picture/q688vjg/ae1a3b30a5a69c7c84a6fdffbe08889e3d02b828.jpg
2082,"<h1 class=""listing-item__header"">
    MacBook Pro Touch Bar 2018
</h1>",Venant,Apple,350 000 ,Hann maristes,https://i.roamcdn.net/hz/ed/listing-thumb-543w/ef821bb0a9a8b99027a019cf7e65a2b4/-/horizon-files-prod/ed/picture/qv4e7ezg/2c3e7c6084983480af6a38578493c9bea8a47141.jpg
2083,"<h1 class=""listing-item__header"">
    HP ELITEBOOK 840  CORE I7 8 TH GENERATION
</h1>",Venant,HP,249 999 ,Médina,https://i.roamcdn.net/hz/ed/listing-thumb-543w/d73c2d0ae44d754d62b42d6f5060ae26/-/horizon-files-prod/ed/picture/qngxm08m/08083ab7b927cadfdeda7d3cb5f8328b2eb1b412.jpg
2084,"<h1 class=""listing-item__header"">
    Ordinateur hp core i7+24 pouces
</h1>",Réconditionné,HP,100 000 ,Colobane,https://i.roamcdn.net/hz/ed/listing-thumb-543w/a6d956c60ff2cfa2bf82e8254e4d5010/-/horizon-files-prod/ed/picture/qgq9e76k/95b917881b867b7d1292fd43b5e8a815c3ee8fca.jpg
2085,"<h1 class=""listing-item__header"">
    Lenovo t410 i7 ram 4
</h1>",Venant,Lenovo,115 000 ,Médina,https://i.roamcdn.net/hz/ed/listing-thumb-543w/caf71ff1f56a3798a34312c290880dae/-/horizon-files-prod/ed/picture/qq44rj2v/5912cce49d7b6693760f80fca43ac9efdc872efb.jpg
2086,"<h1 class=""listing-item__header"">
    Mac Book Air M1
</h1>",Neuf,Apple,425 000 ,Cambérène,https://i.roamcdn.net/hz/ed/listing-thumb-543w/3855c51ea60a25a4433c723a6f32b124/-/horizon-files-prod/ed/picture/qngxrppe/ad21908c862eb55d77ec783c36ea48b8e240a7b2.jpg
2087,"<h1 class=""listing-item__header"">
    Ecran PC ACER 24,5 pouces 100hz FHD Dalle IPS 1ms
</h1>",Neuf,Acer,100 000 ,Golf,https://i.roamcdn.net/hz/ed/listing-thumb-543w/ad63e6f15de53487ff9226991730761b/-/horizon-files-prod/ed/picture/q940vxp/535a3325e8645cd4ba45e962b1deb6583746bcfd.jpg
2088,"<h1 class=""listing-item__header"">
    DELL LATITUDE  CORE I5 5440
</h1>",Réconditionné,Dell,85 000 ,Colobane,https://i.roamcdn.net/hz/ed/listing-thumb-543w/0628c3f18e9b77fcf1a2651f4fbe4927/-/horizon-files-prod/ed/picture/qenq6vg9/89616e82bde9a6416bba07d56e787f24b5b439a8.jpg
2089,"<h1 class=""listing-item__header"">
    LICENCE MICROSOFT OFFICE 2021 PRO PLUS &amp; WINDOWS 11 PRO
</h1>",Neuf,Autre,25 000 ,Point-e,https://i.roamcdn.net/hz/ed/listing-thumb-543w/10982cb15b95199335d850e9158c9aac/-/horizon-files-prod/ed/picture/qgq974xq/4f1765920cf0c830fef002e33021cb4d17e2adce.jpg
2090,"<h1 class=""listing-item__header"">
    HP EliteBook 840 G4 core i7
</h1>",Neuf,HP,190 000 ,Médina,https://i.roamcdn.net/hz/ed/listing-thumb-543w/2aea9de5442aa0aac1c3c3622abd244d/-/horizon-files-prod/ed/picture/qm5p8mk2/47cead1346a2a18b363584f88d89a358e825b8de.jpg
2091,"<h1 class=""listing-item__header"">
    HP ProBook 440 G6 i5 8th
</h1>",Neuf,HP,170 000 ,Médina,https://i.roamcdn.net/hz/ed/listing-thumb-543w/e80f01de0d1e2c02051893b14cf23789/-/horizon-files-prod/ed/picture/q0gwqqqz/1a84ab34b21501cfa5bdf8d00b654ec73870af4d.jpg
2092,"<h1 class=""listing-item__header"">
    DELL INSPIRON 5482 core i7 tactile Rotatif
</h1>",Neuf,Dell,280 000 ,Médina,https://i.roamcdn.net/hz/ed/listing-thumb-543w/cc5262487335508a800a4559f3ef2710/-/horizon-files-prod/ed/picture/qpd6xxxw/bb1288af19b96cc652435e67497382a35721e36f.jpg
2093,"<h1 class=""listing-item__header"">
    HP EliteBook 830 G6 core i5
</h1>",Neuf,HP,190 000 ,Médina,https://i.roamcdn.net/hz/ed/listing-thumb-543w/6a2ebc01de9c6eb9482c5fc8ae32deb5/-/horizon-files-prod/ed/picture/q2jq4mw2/793d40dd6a6d54db737ac6a7a3925b2b370b4b3e.jpg
2094,"<h1 class=""listing-item__header"">
    HP EliteBook X360 1040  i7 tactile
</h1>",Neuf,HP,300 000 ,Médina,https://i.roamcdn.net/hz/ed/listing-thumb-543w/dfc98c1204b9e12d3fb5ae3b4fb32193/-/horizon-files-prod/ed/picture/q6xkgpkn/146760bdc31b005e097d3e17269bdf5b3b40cacf.jpg
2095,"<h1 class=""listing-item__header"">
    Redresseur de Tension EFORE MRC110V 1600W -
</h1>",Neuf,Autre,5 778 000 ,Nord foire,https://i.roamcdn.net/hz/ed/listing-thumb-543w/f1e0a3e621c43ff98f9c5c81d6519160/-/horizon-files-prod/ed/picture/q8v5wxm6/fc9368934ed3d2d7d5c3dfafb144b3e0d401c0eb.jpg
2096,"<h1 class=""listing-item__header"">
    HP ELITEBOOK 860 G10 core i7- 32Go ram 512Go ssd
</h1>",Neuf,HP,925 000 ,Plateau,https://i.roamcdn.net/hz/ed/listing-thumb-543w/b3ddbfb02c9460f76a393c6dcda43183/-/horizon-files-prod/ed/picture/qpd6x5dj/794838f3ebef646e0f76ab3eb9127d2c10157f19.jpg
2097,"<h1 class=""listing-item__header"">
    FortiGate-100D (FG-100D) FIREWALL
</h1>",Venant,FortiGate-100D,350 000 ,Nord foire,https://i.roamcdn.net/hz/ed/listing-thumb-543w/49da62ef4d79f6f834607ab0d91f492d/-/horizon-files-prod/ed/picture/qj4rn7pg/9a62acc10d0fd3648821a4d71d6b7da3465a5389.jpg
2098,"<h1 class=""listing-item__header"">
    Ecran HP 27f 27 Pouces FHD
</h1>",Neuf,HP,159 997 ,Médina,https://i.roamcdn.net/hz/ed/listing-thumb-543w/f19f0393fdd2d986d3b4e5e87a45c9a3/-/horizon-files-prod/ed/picture/qg66mk8/f21c6f15952b44b3fa328ad44907c4f024117c41.jpg
2099,"<h1 class=""listing-item__header"">
    HP élitebook 840 g3 /500g/8g/core i5 6th gen
</h1>",Venant,HP,120 000 ,Parcelles Assainies,https://i.roamcdn.net/hz/ed/listing-thumb-543w/4360bdc1a1a910c11401877b4076adb1/-/horizon-files-prod/ed/picture/qdek5n0m/de4556fc45249b7b68298bee52b853eae35d8f80.jpg
2100,"<h1 class=""listing-item__header"">
    Samsung Qx411 core i5/500g/6g ram
</h1>",Venant,Samsung,80 000 ,Parcelles Assainies,https://i.roamcdn.net/hz/ed/listing-thumb-543w/00574fafeec0655b5d5b13220a7964ec/-/horizon-files-prod/ed/picture/qwe2dkkd/0fc038113c032e10c9ded6ce0385b21ecb56dd30.jpg
2101,"<h1 class=""listing-item__header"">
    DELL 5400 TACTILE I5 NEUF
</h1>",Neuf,Dell,180 000 ,Colobane,https://i.roamcdn.net/hz/ed/listing-thumb-543w/1266da03a0b976638706da74e126bef9/-/horizon-files-prod/ed/picture/q56xmpe7/0ad5c6e88f51c3f5f440449adf457faff54ae411.jpg
2102,"<h1 class=""listing-item__header"">
    HP PROBOOK 440 TACTILE I5
</h1>",Neuf,HP,130 000 ,Colobane,https://i.roamcdn.net/hz/ed/listing-thumb-543w/7caa86a39ee8aaf49990565cb15c9bbd/-/horizon-files-prod/ed/picture/qkrgw89m/30bd7121d4d4671deb0ff489e7846abf46b6886d.jpg
2103,"<h1 class=""listing-item__header"">
    DELL 7390 X360 TACTILE
</h1>",Neuf,Dell,190 000 ,Colobane,https://i.roamcdn.net/hz/ed/listing-thumb-543w/24cf3738bbad96ee66d9ebcf59289955/-/horizon-files-prod/ed/picture/q9m9pjp6/5275dd11a8ed8850611a01c90cee12177d3855e0.jpg
2104,"<h1 class=""listing-item__header"">
    Ordinateur portable Acer one 10
</h1>",Venant,Acer,50 000 ,Médina,https://i.roamcdn.net/hz/ed/listing-thumb-543w/e0b017b6d45a6bdd5accb1fb8881ffed/-/horizon-files-prod/ed/picture/qq47emdv/a9198a02e679a77f0ad787f0cd668c61577949b5.jpg
2105,"<h1 class=""listing-item__header"">
    Mini PC 6 Go 128 Go Windows 11
</h1>",Neuf,Autre,125 000 ,Grand-Yoff,https://i.roamcdn.net/hz/ed/listing-thumb-543w/23be4b3f44939e93ae5ca52ff70b5c57/-/horizon-files-prod/ed/picture/qrzvp5pn/7787695dc7b1c9e6396739a03911630098411881.jpg
2106,"<h1 class=""listing-item__header"">
    Chargeur MacBook Pro, 61W Chargeur USB C pour MacBook Pro
</h1>",Neuf,Apple,30 000 ,Dieuppeul,https://i.roamcdn.net/hz/ed/listing-thumb-543w/30d228e85406f6d929bad782af576bbe/-/horizon-files-prod/ed/picture/qj440mk5/e0af33eb89ba4593409e8722d5b2c3752d6177ad.jpg
2107,"<h1 class=""listing-item__header"">
    Dell inspiron 3521 core i3/6ram/500gb
</h1>",Venant,Dell,60 000 ,Parcelles Assainies,https://i.roamcdn.net/hz/ed/listing-thumb-543w/9b2d322276c942ca53d5de2537e030d0/-/horizon-files-prod/ed/picture/q9m9e50w/9d8b72a1e46dda84efedb3cf474b60082b151d6a.jpg
2108,"<h1 class=""listing-item__header"">
    DELL LATITUDE 5520 I7 11 ème 15 pouces
</h1>",Neuf,Dell,325 000 ,Colobane,https://i.roamcdn.net/hz/ed/listing-thumb-543w/250230a5f9c3573a74799bc51bf82592/-/horizon-files-prod/ed/picture/q7852epg/d59f21272051d1162814ed8f2c8100506af044a1.jpg
2109,"<h1 class=""listing-item__header"">
    DELL LATITUDE 7420 11éme 14"" Tactile
</h1>",Neuf,Dell,325 000 ,Colobane,https://i.roamcdn.net/hz/ed/listing-thumb-543w/011ea11c5cfcd9d0ace06698157708e8/-/horizon-files-prod/ed/picture/qngx6m7g/17ebf37e3b79c83c219d9c72c66ce4a5ef5e34af.jpg
2110,"<h1 class=""listing-item__header"">
    DELL 5320 X360 CORE I7 11ème 13.3""
</h1>",Neuf,Dell,325 000 ,Colobane,https://i.roamcdn.net/hz/ed/listing-thumb-543w/aaa32be96abe3242751ffa549c8fd7d3/-/horizon-files-prod/ed/picture/q8v56em4/d46b8dcd7e29f15e2f32c801a2a36d34cba1303d.jpg
2111,"<h1 class=""listing-item__header"">
    DELL 5310 X360 CORE I7 10ème 13.3""
</h1>",Neuf,Dell,300 000 ,Colobane,https://i.roamcdn.net/hz/ed/listing-thumb-543w/6e6e1cc4b7a3a82b0a149e56d8110493/-/horizon-files-prod/ed/picture/q0gwrewm/4cf23b69ea4e826f8790caa23caa8a2162153117.jpg
2112,"<h1 class=""listing-item__header"">
    Lenovo n23 tactile duo ram 4
</h1>",Venant,Lenovo,75 000 ,Médina,https://i.roamcdn.net/hz/ed/listing-thumb-543w/8d5318a64f8082d6ef318e33added37f/-/horizon-files-prod/ed/picture/qv72qex/ac8a9fd8e23114638d9f5742b13179aa22c8dcd2.jpg
2113,"<h1 class=""listing-item__header"">
    PC Gaming GTX1650
</h1>",Neuf,HP,375 000 ,Plateau,https://i.roamcdn.net/hz/ed/listing-thumb-543w/dd5c251047a4d47bfd83aa7a1a270700/-/horizon-files-prod/ed/picture/qenq4ez6/18dd4ea7085e2e498968ab725f8d93bd9d6bab28.jpg
2114,"<h1 class=""listing-item__header"">
    iMac classique core 2
</h1>",Venant,Apple,60 000 ,Parcelles Assainies,https://i.roamcdn.net/hz/ed/listing-thumb-543w/3094e9747e537fc957f0032864e1e6c7/-/horizon-files-prod/ed/picture/q6xkp5n8/242dda40e1050decc7626646c51d017d6bd2224e.jpg
2115,"<h1 class=""listing-item__header"">
    All in one HP pavilion 23 écran tactile
</h1>",Venant,HP,90 000 ,Parcelles Assainies,https://i.roamcdn.net/hz/ed/listing-thumb-543w/2025bdba2707b4466210d140e167097b/-/horizon-files-prod/ed/picture/qxj2rkj0/7c5163a1562467a67f4b91b29df7ceda6bb057a3.jpg
2116,"<h1 class=""listing-item__header"">
    LENOVO X360 TACTILLE 11 Core I3 6éme gén
</h1>",Réconditionné,Lenovo,85 000 ,Colobane,https://i.roamcdn.net/hz/ed/listing-thumb-543w/b33e7ecc13ec576000428cd04da25962/-/horizon-files-prod/ed/picture/qj4jv8xd/b9dd5d92bbdf81cb04b7afd169945ced15f8d1ee.jpg
2117,"<h1 class=""listing-item__header"">
    PROMO🔥 HP ELITEBOOK G3, 14”  6éme Gén
</h1>",Venant,HP,125 000 ,Colobane,https://i.roamcdn.net/hz/ed/listing-thumb-543w/59cc71940588793dabf27a748ce71774/-/horizon-files-prod/ed/picture/q2jqv2pg/8f40c0348ba0a02bee2f6aa6d6e294ab4cd3c25c.jpg
2118,"<h1 class=""listing-item__header"">
    PROMO 🔥 HP ELITEBOOK 840 G3, G5 &amp; G6 TACTILE 14” (SOLDE)
</h1>",Venant,HP,125 000 ,Colobane,https://i.roamcdn.net/hz/ed/listing-thumb-543w/9803050900261bd4c137cf26fa1acf2a/-/horizon-files-prod/ed/picture/qv4ervg8/194aa8cffa2591791111fc88d5b36e8e4152a563.jpg
2119,"<h1 class=""listing-item__header"">
    Gamer/ Serveur Dell precision  T5810
</h1>",Venant,Dell,350 000 ,Parcelles Assainies,https://i.roamcdn.net/hz/ed/listing-thumb-543w/656197057dc904f3845b0d0778dfe5cd/-/horizon-files-prod/ed/picture/q0gwr248/4db22efa69b0d32b0fca68f0c608a8809cbb93da.jpg
2120,"<h1 class=""listing-item__header"">
    hp probook 6470 i5 ram 8
</h1>",Venant,HP,100 000 ,Médina,https://i.roamcdn.net/hz/ed/listing-thumb-543w/051b0c884f505cfed5afef6c0ebc2e7a/-/horizon-files-prod/ed/picture/qkrg0g9v/8c9b919401d4467c3b78aad140cd93ba59d0c044.jpg
2121,"<h1 class=""listing-item__header"">
    Dell displaylink
</h1>",Venant,Dell,17 500 ,Parcelles Assainies,https://i.roamcdn.net/hz/ed/listing-thumb-543w/fd454ad7751bd7b6b963b25d31fc92f5/-/horizon-files-prod/ed/picture/qngxez2z/b74442a11a7d24fe1d6182c54a95461725f6c98f.jpg
2122,"<h1 class=""listing-item__header"">
    Targus Displaylinks
</h1>",Venant,Autre,15 000 ,Parcelles Assainies,https://i.roamcdn.net/hz/ed/listing-thumb-543w/93917d089cd5ffbd0cb22c78c27bdf58/-/horizon-files-prod/ed/picture/q785zm9x/64c9fdc17049890cac33b1f72a525701180a02a6.jpg
2123,"<h1 class=""listing-item__header"">
    Hp display link avec type c
</h1>",Venant,HP,15 000 ,Parcelles Assainies,https://i.roamcdn.net/hz/ed/listing-thumb-543w/d4b1d25ca5e2dda44a42f4f7e5932418/-/horizon-files-prod/ed/picture/qzvd96e8/926390781577b204db05f067ea6360353edb9b2b.jpg
2124,"<h1 class=""listing-item__header"">
    Serveur/Gameur Dell precision T5810
</h1>",Venant,Dell,315 000 ,Parcelles Assainies,https://i.roamcdn.net/hz/ed/listing-thumb-543w/545b4035906a5cec082a32bf29bf2a3b/-/horizon-files-prod/ed/picture/qngxejwm/1a83f5b683bebea8d0a39c5aa5ee4202c59b7806.jpg
2125,"<h1 class=""listing-item__header"">
    HP ELITEBOOK 840 G5 &amp; G6 TACTILE 14” PROMO RAMADAN -18%🔥
</h1>",Venant,HP,150 000 ,Colobane,https://i.roamcdn.net/hz/ed/listing-thumb-543w/cb9d809432eb4645c5bce23dc7968b0c/-/horizon-files-prod/ed/picture/qzvdkwzk/885cf83f864227e0708dbf49ecf7c8c2c1a89b0e.jpg
2126,"<h1 class=""listing-item__header"">
    Dell 5580 i5 6th ram 8 15"" pavé numérique
</h1>",Venant,Dell,150 000 ,Médina,https://i.roamcdn.net/hz/ed/listing-thumb-543w/81a3f8f436f237b89f26b0b40f632b0d/-/horizon-files-prod/ed/picture/qvr5zpk/a6a4ed1f5395a3e8a8de30da9c1525849a0a4c61.jpg
2127,"<h1 class=""listing-item__header"">
    lenovo t460s i5 ram 8 Slim
</h1>",Venant,Lenovo,145 000 ,Médina,https://i.roamcdn.net/hz/ed/listing-thumb-543w/65b228efa9d40e39122c80d375cd402b/-/horizon-files-prod/ed/picture/q56xvv86/5d8eae1f098c7c0166d8ecc170de72c285d22c36.jpg
2128,"<h1 class=""listing-item__header"">
    Impression numérique
</h1>",Neuf,Apple,5 000 ,Grand-Yoff,https://i.roamcdn.net/hz/ed/listing-thumb-543w/af35e859dbb2555ce10799b0461eec1d/-/horizon-files-prod/ed/picture/qngxqjzz/8802e6a63d21ca6b0150bce2200b554b6792c8b2.jpg
2129,"<h1 class=""listing-item__header"">
    HP 15-DW1540NIA DUAL CORE 4/1 TO
</h1>",Neuf,HP,190 000 ,Médina,https://i.roamcdn.net/hz/ed/listing-thumb-543w/56442755809ea6d6f7c870f122827728/-/horizon-files-prod/ed/picture/qj4rpx8r/027263979281b73d96417800cefa39da714750fe.jpg
2130,"<h1 class=""listing-item__header"">
    HP ELITEBOOK 820, 830, 840, 850 core i7
</h1>",Venant,HP,235 000 ,Colobane,https://i.roamcdn.net/hz/ed/listing-thumb-543w/a8aac1518a7a4ab60812f3ead57be975/-/horizon-files-prod/ed/picture/qpd69e44/a03c04bf1906dc04ac257858b468a497e367fc2d.jpg
2131,"<h1 class=""listing-item__header"">
    HP PROBOOK 430 G1 i5 ram 8
</h1>",Venant,HP,120 000 ,Médina,https://i.roamcdn.net/hz/ed/listing-thumb-543w/3419655c5a9b2fd03a2febd7baf4c471/-/horizon-files-prod/ed/picture/qrzv49p8/722717ebb52cda1d1f48d86fc77a85ad6773ae73.png
2132,"<h1 class=""listing-item__header"">
    HP SPECTRE X360 2-in-1 Laptop i7 13Th GEN
</h1>",Neuf,HP,800 000 ,Médina,https://i.roamcdn.net/hz/ed/listing-thumb-543w/fcba529dc0ef25399a09f99ed2fcc727/-/horizon-files-prod/ed/picture/qrzvxm4q/de5f8f4ade963e94e8a88096320937f946606c05.jpg
2133,"<h1 class=""listing-item__header"">
    All INE One HP 200 G4 core I3 4GO 1Téra BLANC écran 22
</h1>",Neuf,HP,390 000 ,Médina,https://i.roamcdn.net/hz/ed/listing-thumb-543w/1c5e0a22ea03a472a19e699d1088c61b/-/horizon-files-prod/ed/picture/qendrrp4/f2e75d730e94f0c3b7c08063194d0d8ffb53c4d8.jpg
2134,"<h1 class=""listing-item__header"">
    Lenovo T410 i5 ram 4/500 go
</h1>",Venant,Lenovo,95 000 ,Médina,https://i.roamcdn.net/hz/ed/listing-thumb-543w/5c21c68b3b708a7afc643332df511efa/-/horizon-files-prod/ed/picture/qder58q0/138e40969f0bcea577771b57419de06ecf9f0c84.jpg
2135,"<h1 class=""listing-item__header"">
    HP ELITE PRO X2 CORE I5 7ème
</h1>",Neuf,HP,180 000 ,Colobane,https://i.roamcdn.net/hz/ed/listing-thumb-543w/92bc11d44acaf1140329f45cd96ddfff/-/horizon-files-prod/ed/picture/q2jq9gd2/38234711321a6052d920d08646ed5f80f1b623b0.jpg
2136,"<h1 class=""listing-item__header"">
    HP ELITEBOOK 840 G3 G5 G6 TACTILE
</h1>",Réconditionné,HP,125 000 ,Colobane,https://i.roamcdn.net/hz/ed/listing-thumb-543w/695d3d6d97ecf50a37fba5704d809f81/-/horizon-files-prod/ed/picture/q8v58r00/3df5df37db8d1b022a1f0d63f7f5a52b83ddee46.jpg
2137,"<h1 class=""listing-item__header"">
    Lenovo T460 i5 6th ram 8 SLIM
</h1>",Venant,Lenovo,135 000 ,Médina,https://i.roamcdn.net/hz/ed/listing-thumb-543w/d028990f9991486bb402752b87f18391/-/horizon-files-prod/ed/picture/qdq058m/2805e818b404eb4c1b98d5a6f0af86de4185bc56.jpg
2138,"<h1 class=""listing-item__header"">
    DELL X360 TACTILE 11.6""
</h1>",Réconditionné,Dell,80 000 ,Colobane,https://i.roamcdn.net/hz/ed/listing-thumb-543w/3617010bd30e85a79f9a2276e7eb9924/-/horizon-files-prod/ed/picture/q6xkwn44/2c392ddb497011961b7777083e56f1efc2f5b5dd.jpg
2139,"<h1 class=""listing-item__header"">
    baffle ordinater pc
</h1>",Neuf,Dell,10 000 ,Dieuppeul,https://i.roamcdn.net/hz/ed/listing-thumb-543w/00b4b312e96813e26f67dc5c12d4ede5/-/horizon-files-prod/ed/picture/q8v0w0m7/5a9ad65974e1c4f73c8cb84bb87f6f9e4e242512.jpg
2140,"<h1 class=""listing-item__header"">
    Hp mini 1104 ram 2/160 go
</h1>",Venant,HP,60 000 ,Médina,https://i.roamcdn.net/hz/ed/listing-thumb-543w/608cca0e3b161aaed299d8c44eb281f2/-/horizon-files-prod/ed/picture/q448me6r/830162788f14063e67d522c68fa0a9a7f816c4d3.jpg
2141,"<h1 class=""listing-item__header"">
    GAMER LENOVO P52 CORE I7
</h1>",Réconditionné,Lenovo,300 000 ,Colobane,https://i.roamcdn.net/hz/ed/listing-thumb-543w/1fa16713b4b237f6f8afb3a4cf13ff8b/-/horizon-files-prod/ed/picture/q9m9z04w/c3d414c86a547a6c55ca008abc26ec7ee5156722.jpg
2142,"<h1 class=""listing-item__header"">
    Lenovo ThinkPad P53 Gamer I7
</h1>",Réconditionné,Lenovo,350 000 ,Colobane,https://i.roamcdn.net/hz/ed/listing-thumb-543w/f912ff039a83389c32848afb2da4f9c2/-/horizon-files-prod/ed/picture/qq47nqmk/1cb1436abc0050e85f25acbd67763728ed5368d0.jpg
2143,"<h1 class=""listing-item__header"">
    HP Notebook 14
</h1>",Neuf,HP,520 000 ,Médina,https://i.roamcdn.net/hz/ed/listing-thumb-543w/5093e6a98eb46f6dbc193e4dc0a9b321/-/horizon-files-prod/ed/picture/q788dgg8/03ad8259e62183d7cca10e323fb6c9fafb549a14.jpg
2144,"<h1 class=""listing-item__header"">
    HP Elitebook 860 G10 i7 13th Gen 16 Pouces 2023
</h1>",Neuf,HP,875 000 ,Plateau,https://i.roamcdn.net/hz/ed/listing-thumb-543w/bf1a1bfbbeb42ed898746ad092e91f78/-/horizon-files-prod/ed/picture/qv4ev5g5/290947f2b231de709338cab659a984c2a71729c2.jpg
2145,"<h1 class=""listing-item__header"">
    HP ELITEBOOK 840G3 I5
</h1>",Réconditionné,HP,120 000 ,Colobane,https://i.roamcdn.net/hz/ed/listing-thumb-543w/b11a9b6e8738657753a096abb3d93b9f/-/horizon-files-prod/ed/picture/q787nmmj/31fb0e8e0885f549ded64fd0f444659f7d2fa29b.jpg
2146,"<h1 class=""listing-item__header"">
    HP core 2 duo + 19 pouces
</h1>",D'occasion,HP,35 000 ,Gueule-Tapée,https://i.roamcdn.net/hz/ed/listing-thumb-543w/ae2f051a99a72916a72d21308640a02f/-/horizon-files-prod/ed/picture/migrated/q6nv9dv/eb877eae68193f43468c3003abd0e8f9e121875f.jpg
2147,"<h1 class=""listing-item__header"">
    HP ELITEBOOK 830G5 G6 I5
</h1>",Réconditionné,HP,165 000 ,Colobane,https://i.roamcdn.net/hz/ed/listing-thumb-543w/9281940efdc66826e731421408eadc8f/-/horizon-files-prod/ed/picture/qkr59p8n/e451520797e6d0391dbecf7baf1af9aa448934b5.jpg
2148,"<h1 class=""listing-item__header"">
    HP ELITEBOOK 830 840 G6 I7 16Go/512SSD
</h1>",Réconditionné,HP,225 000 ,Colobane,https://i.roamcdn.net/hz/ed/listing-thumb-543w/1c91242705d26625018f16900f4d10ec/-/horizon-files-prod/ed/picture/q9m8455v/499cf4efb1d688c4d6f433de81e28ac61af72609.jpg
2149,"<h1 class=""listing-item__header"">
    HP X360 DELL TACTILE
</h1>",Réconditionné,Dell,75 000 ,Colobane,https://i.roamcdn.net/hz/ed/listing-thumb-543w/13e6d4265230411e95dba48f2c66ff72/-/horizon-files-prod/ed/picture/q44dvvq4/75d658816d72e39637333271203956f0effe8be2.jpg
2150,"<h1 class=""listing-item__header"">
    Unité central hp core i5, 4g ram, 1 terra disque
</h1>",Venant,HP,40 000 ,Parcelles Assainies,https://i.roamcdn.net/hz/ed/listing-thumb-543w/063a5b745e06d64e4ee75a731213038b/-/horizon-files-prod/ed/picture/qq47xddv/7f085313bb8ce163be966596c7f4adcdf4ef812f.jpg
2151,"<h1 class=""listing-item__header"">
    HP core 2 Tour 4g Ram  sans disque dure
</h1>",Venant,HP,20 000 ,Parcelles Assainies,https://i.roamcdn.net/hz/ed/listing-thumb-543w/46c8dc8ca66e70a495e466f0735559cd/-/horizon-files-prod/ed/picture/qv4evppg/5dd39128b0ca414c2cb1d0b31ee8edd51249a883.jpg
2152,"<h1 class=""listing-item__header"">
    ORDINQTEURS FIXE HP CORE I7.8GO  , 22” POUCES
</h1>",D'occasion,HP,90 000 ,Colobane,https://i.roamcdn.net/hz/ed/listing-thumb-543w/1e3187e0fb9f16504533e7964f6b523f/-/horizon-files-prod/ed/picture/q56xgdk7/79f6fbec1b416c7e3eb900630988a80e195bb9f6.jpg
2153,"<h1 class=""listing-item__header"">
    Core i5
</h1>",D'occasion,Acer,55 000 ,Gueule-Tapée,https://i.roamcdn.net/hz/ed/listing-thumb-543w/40287810191bef8c289256a411aaa56d/-/horizon-files-prod/ed/picture/qnzvm8w/ec4b0e8affc1ab3e8362b4912be7c8015a1a00bd.jpg
2154,"<h1 class=""listing-item__header"">
    Ordinateur Core2
</h1>",D'occasion,HP,35 000 ,Gueule-Tapée,https://i.roamcdn.net/hz/ed/listing-thumb-543w/642d451d4c52ce4f680e0a24fe465dd3/-/horizon-files-prod/ed/picture/migrated/qgpp8pq/79e34c52b6278e0ed23141fde8c5663d5836cd0a.jpg
2155,"<h1 class=""listing-item__header"">
    HP ELITEBOOK 850G6 I7
</h1>",Réconditionné,HP,225 000 ,Colobane,https://i.roamcdn.net/hz/ed/listing-thumb-543w/c1e311b6a2f314b93ce9e6f56c421ed0/-/horizon-files-prod/ed/picture/q44dxgpr/82680493e2c757b3d04c67dc8af43773ffe29949.jpg
2156,"<h1 class=""listing-item__header"">
    DELL LATITUDE E 5440
</h1>",Réconditionné,Dell,75 000 ,Colobane,https://i.roamcdn.net/hz/ed/listing-thumb-543w/3701025124fb08dbaee5fae208b1acf4/-/horizon-files-prod/ed/picture/qxj2q86m/fc2da04bbabdb575274fb0daffb32542b922018f.jpg
2157,"<h1 class=""listing-item__header"">
    DELL LATITUDE E 3460 I3
</h1>",Réconditionné,Dell,75 000 ,Colobane,https://i.roamcdn.net/hz/ed/listing-thumb-543w/3a653e1425d835b84862f0cdd06812e5/-/horizon-files-prod/ed/picture/qxj2q82m/d94a794e776e01801937e92d244bbcc74caf258c.jpg
2158,"<h1 class=""listing-item__header"">
    DELL.3340.3350.I5.13 .3"" TACTILE
</h1>",Réconditionné,Dell,90 000 ,Colobane,https://i.roamcdn.net/hz/ed/listing-thumb-543w/c2de2099c42873f4e40761e5ebaab0d7/-/horizon-files-prod/ed/picture/q2jqdrpq/4b02ad6308b8c6d7dbb40e0556018476ae02fe85.jpg
2159,"<h1 class=""listing-item__header"">
    Hp 650 g1 i5 ram 8
</h1>",Venant,HP,135 000 ,Médina,https://i.roamcdn.net/hz/ed/listing-thumb-543w/501f1839ead2862023c990cf11d1e397/-/horizon-files-prod/ed/picture/qngxn27g/d63a065d4fab74bf2496c39a82cec57e5af4b7d2.jpg
2160,"<h1 class=""listing-item__header"">
    HP ELITEBOOK 830G6 i7
</h1>",Réconditionné,HP,225 000 ,Colobane,https://i.roamcdn.net/hz/ed/listing-thumb-543w/2bf3c5fcf0a1a08a0830233aeefba4f8/-/horizon-files-prod/ed/picture/q0g2m9rk/2b54877503ececbbda5c9256438b3d31df79225b.jpg
2161,"<h1 class=""listing-item__header"">
    GAMER HP ZBOOK 14U G6 I5
</h1>",Réconditionné,HP,25 000 ,Colobane,https://i.roamcdn.net/hz/ed/listing-thumb-543w/5a455248207cbfa7198c1bba14fa75af/-/horizon-files-prod/ed/picture/q9m90jwx/542c08b6e446f0a41dc7f53e98136f97f6a0a17f.jpg
2162,"<h1 class=""listing-item__header"">
    GAMER LENOVO P52 CORE I7
</h1>",Réconditionné,Lenovo,300 000 ,Colobane,https://i.roamcdn.net/hz/ed/listing-thumb-543w/bee53c5bf027e772e21a27dd89cb8696/-/horizon-files-prod/ed/picture/q785v2x8/70ebdd9e76b4344e75a119d5d26420e6acfaf25a.jpg
2163,"<h1 class=""listing-item__header"">
    DELL 3190 DUO CORE RAM 4
</h1>",Venant,Dell,75 000 ,Médina,https://i.roamcdn.net/hz/ed/listing-thumb-543w/9c1cbf8c18f788804f8a05dccfd47b66/-/horizon-files-prod/ed/picture/qgq9dd49/9e935e0b45a3ec7ae07dd3979920f9e7f1692ae8.jpg
2164,"<h1 class=""listing-item__header"">
    Lenovo t470 i5 ram 16 go
</h1>",Venant,Lenovo,185 000 ,Médina,https://i.roamcdn.net/hz/ed/listing-thumb-543w/41be62ecd4be09127aa58f7cc8e1339e/-eyJvciI6MH0%3D/horizon-files-prod/ed/picture/qng5xedg/5665d0f61cb985cce1d93430d6d693e2e204a94c.jpg
2165,"<h1 class=""listing-item__header"">
    Lenovo t480 i5 8th ram 16
</h1>",Venant,Lenovo,220 000 ,Médina,https://i.roamcdn.net/hz/ed/listing-thumb-543w/61d6e82e5d2d938cb34cb0983e5ee297/-/horizon-files-prod/ed/picture/q8vzgv44/dd3ee505c88e5adb50688cfd9e601eb1e519553c.jpg
2166,"<h1 class=""listing-item__header"">
    Hp probook 650 g1 i5 ram 8
</h1>",Venant,HP,130 000 ,Médina,https://i.roamcdn.net/hz/ed/listing-thumb-543w/8764d33bea5132b9ae025b3d380e493e/-/horizon-files-prod/ed/picture/qj4j5k2r/2ff8723484e6e926b58f2e929010cacfe2c58ddd.jpg
2167,"<h1 class=""listing-item__header"">
    Lenovo t420/t430 i5 ram 4
</h1>",Venant,Lenovo,90 000 ,Médina,https://i.roamcdn.net/hz/ed/listing-thumb-543w/1c06b53b2af9f20a28099bd9a9489d71/-/horizon-files-prod/ed/picture/qrz2gxd4/8f257a4b08d5e8c8e08c76fa5729410366ae5b66.jpg
2168,"<h1 class=""listing-item__header"">
    Hp probook 645 g1 AMD A10(i5) ram 8
</h1>",Venant,HP,115 000 ,Médina,https://i.roamcdn.net/hz/ed/listing-thumb-543w/9035354ac4b3476cafe4552bfbee4459/-/horizon-files-prod/ed/picture/qv4ezenm/a9ef463cbd60f5180dce05a3e637e8e8e979ff1c.jpg
2169,"<h1 class=""listing-item__header"">
    hub USB c type c adaptateur
</h1>",Neuf,HP,15 000 ,Dieuppeul,https://i.roamcdn.net/hz/ed/listing-thumb-543w/9522c8723d5dc1c0520b1ff84b820dc4/-/horizon-files-prod/ed/picture/qgq9drne/b5bd9782cc485eabb80543197bc3d9a708b517e9.jpg
2170,"<h1 class=""listing-item__header"">
    LENOVO.CORE I3.X360.11.6""TACTILE
</h1>",Réconditionné,Lenovo,95 000 ,Colobane,https://i.roamcdn.net/hz/ed/listing-thumb-543w/c8674e20bf4d2615e175879be49259b5/-/horizon-files-prod/ed/picture/qxj2zq28/1515c3b3d51230bf8f66618b428d358be450d786.jpg
2171,"<h1 class=""listing-item__header"">
    macbook pro 16pouces i7 1000g
</h1>",Venant,Apple,650 000 ,Hlm grand-yoff,https://i.roamcdn.net/hz/ed/listing-thumb-543w/51f6143af7acd4aaac957a1091668bb7/-/horizon-files-prod/ed/picture/qgq90g22/5cbe39b4f58daffcd56becb9b93bef5649805595.jpg
2172,"<h1 class=""listing-item__header"">
    PC HP all in one 27 pouces Core i7
</h1>",Neuf,HP,995 000 ,Plateau,https://i.roamcdn.net/hz/ed/listing-thumb-543w/cc6cc239a51cc7c97da44e7079abd446/-/horizon-files-prod/ed/picture/q8v5nwrr/5e055544c2abc9e51ed41eed8e508b755bde318d.png
2173,"<h1 class=""listing-item__header"">
    HP 3500 CORE I3
</h1>",Neuf,HP,150 000 ,Médina,https://i.roamcdn.net/hz/ed/listing-thumb-543w/53b71225bf409f84e565a47d9a8a6bb4/-/horizon-files-prod/ed/picture/qendjqp9/853794ad48526928098d6e829f5ba4511e55c9ec.jpg
2174,"<h1 class=""listing-item__header"">
    X360 TACTILE  DELL, LENOVO 11.6""
</h1>",Réconditionné,Lenovo,80 000 ,Colobane,https://i.roamcdn.net/hz/ed/listing-thumb-543w/7576040eac230d8198a05175247bf023/-/horizon-files-prod/ed/picture/qkrggwz8/fcac565fb0a093320de5c09b926612f212c3f48f.jpg
2175,"<h1 class=""listing-item__header"">
    LENOVO IDEAPAD CORE I3 13TH GEN
</h1>",Neuf,Lenovo,290 000 ,Médina,https://i.roamcdn.net/hz/ed/listing-thumb-543w/90e229a255582af5e8f83f6306203754/-/horizon-files-prod/ed/picture/qngxjp7m/db25c994f97d0f19ca23b51dc5864b19cfa597e6.jpg
2176,"<h1 class=""listing-item__header"">
    Serveur DELL PowerEdge 2950
</h1>",Venant,Dell,75 000 ,Plateau,https://i.roamcdn.net/hz/ed/listing-thumb-543w/251995497649bc03a3cd50e3ea532216/-/horizon-files-prod/ed/picture/q6xkznwv/dbef8929ec243c067d4f9829c027613b6c4eb35d.jpg
2177,"<h1 class=""listing-item__header"">
    LENOVO IDEAPAD SLIM CORE I5 15 '' 11th GEN
</h1>",Neuf,Lenovo,399 000 ,Médina,https://i.roamcdn.net/hz/ed/listing-thumb-543w/adf07fac9ecd6a2e51b8b7e4ec20f5bd/-/horizon-files-prod/ed/picture/qngx0k8k/28af2dda554d8f4cda2aead6f57b5c09d78795b8.jpg
2178,"<h1 class=""listing-item__header"">
    Dell latitude 7480 core i5
</h1>",Neuf,Dell,160 000 ,Médina,https://i.roamcdn.net/hz/ed/listing-thumb-543w/efc1a3e9a70610100ac96c7ba1bb23aa/-/horizon-files-prod/ed/picture/qdeknm9r/5fa683d72f7cb8cae764cb3cdc91f3e910206678.jpg
2179,"<h1 class=""listing-item__header"">
    All IN ON DELL 7460 i5 24Pouces
</h1>",Venant,Dell,180 000 ,Médina,https://i.roamcdn.net/hz/ed/listing-thumb-543w/12bd0f060ef7d773edd592b69a702b76/-/horizon-files-prod/ed/picture/qpd6g8wx/d5e9bfb7ef9a5e7560a0ac6ed1a922c185c7e78c.jpg
2180,"<h1 class=""listing-item__header"">
    Lenovo e555 AMD a6 7th(i5) ram 8
</h1>",Venant,Lenovo,125 000 ,Médina,https://i.roamcdn.net/hz/ed/listing-thumb-543w/15109eb4fe427115e33e1f7b7e30cbf9/-/horizon-files-prod/ed/picture/q4g2rg9/a79a6f319bf83f9d97e5e89c2063320c5917a849.jpg
2181,"<h1 class=""listing-item__header"">
    Dell 4310 i5 ram 4
</h1>",Venant,Dell,90 000 ,Médina,https://i.roamcdn.net/hz/ed/listing-thumb-543w/98da852e7ed22ff6287e49e9390d4c9d/-/horizon-files-prod/ed/picture/q56x6626/9dd0c53433f9da93d27d0898e9b2accaf3006fe9.jpg
2182,"<h1 class=""listing-item__header"">
    Ordinateur 6420 i5 ram 8
</h1>",Venant,Dell,110 000 ,Médina,https://i.roamcdn.net/hz/ed/listing-thumb-543w/95452b62d3119e85ecd64df8ddd39b07/-/horizon-files-prod/ed/picture/qwxez2g/20b4951984c59e4ce0397e9db64353d434229635.jpg
2183,"<h1 class=""listing-item__header"">
    ORDINATEURS FIXE 19” Pouces Complets
</h1>",D'occasion,Dell,40 000 ,Colobane,https://i.roamcdn.net/hz/ed/listing-thumb-543w/3007ae8ed4356ffa69b8faa86bda3a0e/-/horizon-files-prod/ed/picture/qq476206/aa50ccac7c600a01f25c57becdb4dd2c7240e75b.jpg
2184,"<h1 class=""listing-item__header"">
    ORDINATEURS FIXE CORE i3 , 19” Pouces
</h1>",D'occasion,HP,45 000 ,Colobane,https://i.roamcdn.net/hz/ed/listing-thumb-543w/4c168fa04b4b6da0d7737f69320ebebe/-/horizon-files-prod/ed/picture/qenqwv4d/ec2d12994e475c627bfe42b7424ae8ad7d8c1cf2.jpg
2185,"<h1 class=""listing-item__header"">
    ORDINATEURS FIXE HP CORE 17 , 22” POUCES
</h1>",D'occasion,HP,90 000 ,Colobane,https://i.roamcdn.net/hz/ed/listing-thumb-543w/d4f54d7d9177eec521f7674db2b8f4fd/-/horizon-files-prod/ed/picture/q448pnvm/8c92b8557959226fd0857af18b5a386270812b8d.jpg
2186,"<h1 class=""listing-item__header"">
    ECRAN HP M24FW 24″ FULL HD IPS 75HZ
</h1>",Neuf,HP,144 998 ,Médina,https://i.roamcdn.net/hz/ed/listing-thumb-543w/7692d0b28c4a0b282ee5bb41deead59a/-/horizon-files-prod/ed/picture/qrzq5g7j/b3603e974d28d961b9b542ce9e690e4bf17f9b0c.jpg
2187,"<h1 class=""listing-item__header"">
    Ecran PC 24,5 pouces 100Hz Dalle IPS 1ms ACER
</h1>",Neuf,Acer,100 000 ,Patte d‘oie,https://i.roamcdn.net/hz/ed/listing-thumb-543w/3be58c5415ec1d1233b8cfeb5b457be5/-/horizon-files-prod/ed/picture/qdek284w/5ca107f7c5f9d64275dc0e623e4548a0990e0020.jpg
2188,"<h1 class=""listing-item__header"">
    Mini Dell 2100 ram 2 disque 160 go
</h1>",Venant,Dell,60 000 ,Médina,https://i.roamcdn.net/hz/ed/listing-thumb-543w/bb7ff507454b214b1db0ec06455759b7/-/horizon-files-prod/ed/picture/qpd6nvjr/2549ba3006b45b3b2af8cfe8cae5d49f620fec40.jpg
2189,"<h1 class=""listing-item__header"">
    Dell 6440 i5 4th ram 8 disque 500 go hdd 14''
</h1>",Venant,Dell,115 000 ,Médina,https://i.roamcdn.net/hz/ed/listing-thumb-543w/8f64aa2c6de67d219e8d194f039e97e8/-/horizon-files-prod/ed/picture/qx59new/0f2ca513b05ad26f165d99b23e8cc39d8dc2d6a5.jpg
2190,"<h1 class=""listing-item__header"">
    Hp probook 650 g2 i5 6th ram 8 disk 256 go ssd 15''
</h1>",Venant,HP,160 000 ,Médina,https://i.roamcdn.net/hz/ed/listing-thumb-543w/2376273ca5b519e41ec84bb1d0ec0721/-/horizon-files-prod/ed/picture/qzv27e26/12c8b84b184f47aba5a9695aead2d02d0cfc7f77.jpg
2191,"<h1 class=""listing-item__header"">
    Gamer Lenovo t440p i7 4th ram 8
</h1>",Venant,Lenovo,150 000 ,Médina,https://i.roamcdn.net/hz/ed/listing-thumb-543w/1562ba8b8f938ee91f28d2c5f7e1d339/-/horizon-files-prod/ed/picture/qkr5z6vz/17e013e3858ce9844673b759945b9926c540899a.jpg
2192,"<h1 class=""listing-item__header"">
    Dell 6540 i7 4th ram 8
</h1>",Venant,Dell,150 000 ,Médina,https://i.roamcdn.net/hz/ed/listing-thumb-543w/f2651a9fcaf9f0882977cbba6e7c0544/-/horizon-files-prod/ed/picture/q9m8vgmx/e515f5288275087c5a733a3d1c8ee82b7bdcd0dd.jpg
2193,"<h1 class=""listing-item__header"">
    LENOVO IDEAPAD SLIM  I5 12TH GEN 14''
</h1>",Neuf,Lenovo,445 000 ,Médina,https://i.roamcdn.net/hz/ed/listing-thumb-543w/f5ec49fab24f7db14ceec2ce60e07603/-/horizon-files-prod/ed/picture/qdek02v0/a6fa8b0f17280f740252f679ed5f346473f425ff.jpg
2194,"<h1 class=""listing-item__header"">
    HP ELITEBOOK 840G6 I7
</h1>",Réconditionné,HP,225 000 ,Colobane,https://i.roamcdn.net/hz/ed/listing-thumb-543w/33d4b6006c113385e204d4265098f706/-/horizon-files-prod/ed/picture/q2jrpe8v/4ca31222b31536251f449e9195cfbe550611409e.jpg
2195,"<h1 class=""listing-item__header"">
    LENOVO DUAL CORE /512 SSD/4 GO
</h1>",Neuf,Lenovo,180 000 ,Médina,https://i.roamcdn.net/hz/ed/listing-thumb-543w/26d3daa284001e4d9c45a8fcde05b69f/-/horizon-files-prod/ed/picture/qj4rq0wr/31497f69deb763e991c047dce4d27c240f633f8f.jpg
2196,"<h1 class=""listing-item__header"">
    Ordinateur de Bureau Dell OptiPlex 7050
</h1>",Neuf,Dell,150 000 ,Hann maristes,https://i.roamcdn.net/hz/ed/listing-thumb-543w/8b9b7151d39a685517428dea166ba6d6/-/horizon-files-prod/ed/picture/q9m9545n/5590e0954eca97d43f5a6bc7b18d63b1debfa226.jpg
2197,"<h1 class=""listing-item__header"">
    GAMING ASUS TUF RYZEN 5 3550
</h1>",D'occasion,ASUS,600 000 ,Thiaroye,https://i.roamcdn.net/hz/ed/listing-thumb-543w/a750c81b86232947ccd15372d5f1b9e1/-/horizon-files-prod/ed/picture/qm5p6kd9/b5b03e1e21e06a6a1c7cc86ebf9fbfbe37cbd825.jpg
2198,"<h1 class=""listing-item__header"">
    HP 14-DQ2078WM CORE I5 11TH 8GB/256GB SSD 14 POUCE
</h1>",Neuf,HP,365 000 ,Médina,https://i.roamcdn.net/hz/ed/listing-thumb-543w/0208027db803b83ff0e57e836038cdf6/-/horizon-files-prod/ed/picture/qngx7wd9/968167ba429eb5933d8489b7b0f5d6633db67f08.jpg
2199,"<h1 class=""listing-item__header"">
    HP 14-DQ2038MS Core i3 11th gen
</h1>",Neuf,HP,295 000 ,Médina,https://i.roamcdn.net/hz/ed/listing-thumb-543w/68a3a018cf7358c8b50459c842e3513b/-/horizon-files-prod/ed/picture/q6xxex4p/02aa5166fd91c41e8d3c5281123d13be56a008ab.png
2200,"<h1 class=""listing-item__header"">
    Hp probook 640 g2 i5 6th ram 8
</h1>",Venant,HP,120 000 ,Médina,https://i.roamcdn.net/hz/ed/listing-thumb-543w/5bac400055eed5b1ad5efb03a48680bd/-/horizon-files-prod/ed/picture/q2jjx29k/ffc938e8c7760c56a627d5fbdfc7441448c8fc72.jpg
2201,"<h1 class=""listing-item__header"">
    HP SPECTRE X360 14-EF2013DX Core I7 13th gen Ram 16Go
</h1>",Neuf,HP,860 000 ,Médina,https://i.roamcdn.net/hz/ed/listing-thumb-543w/416954e839d93ccbdf9da8a70b1204c9/-/horizon-files-prod/ed/picture/qv6xrzm/908028b3f1aac6dd36e54f0debbc46817863a2c0.png
2202,"<h1 class=""listing-item__header"">
    Gamer Lenovo w540 i7 ram 8
</h1>",D'occasion,Lenovo,185 000 ,Médina,https://i.roamcdn.net/hz/ed/listing-thumb-543w/4d1954e75c9c00e749950a651b019547/-/horizon-files-prod/ed/picture/q787002j/40a8b11f553d5c7e0b97b412b4da857eb5b8f84c.jpg
2203,"<h1 class=""listing-item__header"">
    HP 15s-FQ2006NK Core I3 11th gen Ram 8Go
</h1>",Neuf,HP,295 000 ,Médina,https://i.roamcdn.net/hz/ed/listing-thumb-543w/f540348ab9dd5858cd2ac8179c6e202e/-/horizon-files-prod/ed/picture/qnmxr9z/442f813bf2e4834cd1ee78dac2364f9e47b6895d.png
2204,"<h1 class=""listing-item__header"">
    Lenovo x1 carbone i7 8th ram 8
</h1>",Venant,Lenovo,250 000 ,Médina,https://i.roamcdn.net/hz/ed/listing-thumb-543w/62f28d46f1699d2c7a8be5d1316a43a2/-/horizon-files-prod/ed/picture/q787gmpd/ea8ca2784dcb2ba5d19057353ed75a4de24b5fec.jpg
2205,"<h1 class=""listing-item__header"">
    Hp 840 g5 i5 8th ram 8 disque 256 go ssd
</h1>",Venant,HP,230 000 ,Médina,https://i.roamcdn.net/hz/ed/listing-thumb-543w/d09d9b05f110e5d9bc60ddd8b975e975/-/horizon-files-prod/ed/picture/qv44659p/62ebc5bdc68e67c234bd358d0ca3d662099865e5.jpg
2206,"<h1 class=""listing-item__header"">
    Dell 7280 tactile i5 7th ram 8
</h1>",Venant,Dell,155 000 ,Médina,https://i.roamcdn.net/hz/ed/listing-thumb-543w/9f2d01377e8ae6b9f0a544da80c4ba99/-/horizon-files-prod/ed/picture/q0g240md/e2d020074fb8b2d6425abbd7d99b84e2f2323bae.jpg
2207,"<h1 class=""listing-item__header"">
    Lenovo IdeaPad 3 dual core Ram 4Go Rom 1To
</h1>",Neuf,Lenovo,180 000 ,Médina,https://i.roamcdn.net/hz/ed/listing-thumb-543w/2a35720a7501f76a6d04710e95d81dce/-/horizon-files-prod/ed/picture/q2jrpkkj/38513ac5e65857c3dc8268c7ccbff4868e5d7569.jpg
2208,"<h1 class=""listing-item__header"">
    HP ENVY X360 14-ES0013DX core i5 13th gen Rom 512Go SSD
</h1>",Neuf,HP,550 000 ,Médina,https://i.roamcdn.net/hz/ed/listing-thumb-543w/fd751867e3f39f9e62e86f7226e5585d/-/horizon-files-prod/ed/picture/qkr5zvww/4205a8d34cb0c590255ecae8d5b3c13c5646f689.png
2209,"<h1 class=""listing-item__header"">
    HP PAVILION X360 14-EK0013DX Core i3 12th gen
</h1>",Neuf,HP,370 000 ,Médina,https://i.roamcdn.net/hz/ed/listing-thumb-543w/946176f78f83a8b363ac0aa7c9add9bf/-/horizon-files-prod/ed/picture/qwezme90/75649b7120e75c60ba13433d7ea6291976f3bbc9.jpg
2210,"<h1 class=""listing-item__header"">
    Dell 5470 Tactile i7 ram 8
</h1>",Venant,Dell,170 000 ,Médina,https://i.roamcdn.net/hz/ed/listing-thumb-543w/a0128033abe6022fe3810a90930f0f92/-/horizon-files-prod/ed/picture/q8vz7204/b60774c4a4425893c65543824376efa21ae2a592.jpg
2211,"<h1 class=""listing-item__header"">
    Lenovo L470 i5 7th ram 8
</h1>",Venant,Lenovo,160 000 ,Médina,https://i.roamcdn.net/hz/ed/listing-thumb-543w/b84d7051eae1031f5b1c082fc71c6d22/-/horizon-files-prod/ed/picture/qj4j05g5/b5274cdc666f7948af4025cca9a520a6cb07c8e7.jpg
2212,"<h1 class=""listing-item__header"">
    TOSHIBA TECRA CORE I5
</h1>",Venant,Toshiba,190 000 ,Médina,https://i.roamcdn.net/hz/ed/listing-thumb-543w/5f85ebd9b36c79a11bac91da81bad9c4/-/horizon-files-prod/ed/picture/qv4p76gk/f357f5cb00b64b84f1df5ee872238047795c073f.jpg
2213,"<h1 class=""listing-item__header"">
    HP DUAL CORE 15 POUCES
</h1>",Neuf,HP,199 899 ,Médina,https://i.roamcdn.net/hz/ed/listing-thumb-543w/b10ee4e891c6c3e55014ef0ef19ac154/-/horizon-files-prod/ed/picture/qgq9w6jk/50297f03df26d1ba5842663591b22b8412fa8a15.jpg
2214,"<h1 class=""listing-item__header"">
    HP PAVILLON X360 14-DY2050WM CORE I5 12th gen
</h1>",Neuf,HP,500 000 ,Médina,https://i.roamcdn.net/hz/ed/listing-thumb-543w/edca55d9e641bb93cd84992243e80efd/-/horizon-files-prod/ed/picture/qv4pjxmj/4ed27e788aed8588ac5f36ee1137932da66dab79.png
2215,"<h1 class=""listing-item__header"">
    HP ENVY X360 15T-FE000 Core i7 13th gen Ram 16Go + Stylet
</h1>",Neuf,HP,1 150 000 ,Médina,https://i.roamcdn.net/hz/ed/listing-thumb-543w/8957e4b5572336258544508bf52a3067/-/horizon-files-prod/ed/picture/qkrrjw4x/e46ff17fef9fa625654504e8e01fcaeb036feb9d.png
2216,"<h1 class=""listing-item__header"">
    Lenovo t520 i5 ram 8
</h1>",Venant,Lenovo,110 000 ,Médina,https://i.roamcdn.net/hz/ed/listing-thumb-543w/a98910c094f71b9683f537b7f0dd945f/-/horizon-files-prod/ed/picture/qrz2q9g9/8e1cc1a30a2f6b7b46bcee5bac7b76cb50e483ba.jpg
2217,"<h1 class=""listing-item__header"">
    Hp elitebook 8570p i7 3.0 ghz ram 8
</h1>",Venant,HP,130 000 ,Médina,https://i.roamcdn.net/hz/ed/listing-thumb-543w/4c4e4c069f78db637c3495e1326ca95c/-/horizon-files-prod/ed/picture/q6xx9xd4/30a324976c5926db463d0e6e315eff8c9e320821.jpg
2218,"<h1 class=""listing-item__header"">
    HP ENVY X360 14-ES0033DX Core i7 13th gen Ram 16Go
</h1>",Neuf,HP,720 000 ,Médina,https://i.roamcdn.net/hz/ed/listing-thumb-543w/f65434bd1dbb5af2ea2f8e2369ebe91c/-/horizon-files-prod/ed/picture/qkr5dm75/955e3691dc99faabec371412b485c56f25df8b57.png
2219,"<h1 class=""listing-item__header"">
    HP ENVY X360 15-ES2003CA Core I7 12th gen Ram 16Go
</h1>",Neuf,HP,760 000 ,Médina,https://i.roamcdn.net/hz/ed/listing-thumb-543w/af17231ff3453ae32695fabf610899d4/-/horizon-files-prod/ed/picture/qjgxr0z/e2af8ffc2817b874e5ba58eee40326e8eb02bfcc.png
2220,"<h1 class=""listing-item__header"">
    iMac Retina 2013 A1418  Core i5 /21.5 pouces
</h1>",Venant,Apple,150 000 ,Parcelles Assainies,https://i.roamcdn.net/hz/ed/listing-thumb-543w/6daaff043232e94c846d7b535e9d77b4/-/horizon-files-prod/ed/picture/qq477nwn/e19110052567e78320e152548e06544b1abc1ed2.jpg
2221,"<h1 class=""listing-item__header"">
    HP CORE I7 12 EME GEN
</h1>",Neuf,HP,550 000 ,Colobane,https://i.roamcdn.net/hz/ed/listing-thumb-543w/91e83fa28e60750e6f3e77abe4c4a4aa/-/horizon-files-prod/ed/picture/q5je8w2/623fa3353a86f58562427fb3701559a5ea656f80.jpg
2222,"<h1 class=""listing-item__header"">
    iMAC classic A1311 21” pouce /core i3
</h1>",Venant,Apple,75 000 ,Parcelles Assainies,https://i.roamcdn.net/hz/ed/listing-thumb-543w/5d84dfef7cd01a6e7ba97b3ef21ac279/-/horizon-files-prod/ed/picture/q0gw2m4x/01b51644a7252b38c9a6d7d77af853e50bdc2335.jpg
2223,"<h1 class=""listing-item__header"">
    HP elitbook 840g8 i7
</h1>",Neuf,HP,650 000 ,Médina,https://i.roamcdn.net/hz/ed/listing-thumb-543w/c1935fb0388cb893561759a39817aaa7/-/horizon-files-prod/ed/picture/q8v5v7qj/e97f271fdd688542689d3a808e6c05871a7394a6.jpg
2224,"<h1 class=""listing-item__header"">
    Hp probook 4540s i5 ram 8/320 go
</h1>",Venant,HP,110 000 ,Médina,https://i.roamcdn.net/hz/ed/listing-thumb-543w/883243c4eedc0ebad102c4c3a1d5dd38/-/horizon-files-prod/ed/picture/qj44g5gw/ed4bf8be1056318213df00e97573e35dbce0ae3f.jpg
2225,"<h1 class=""listing-item__header"">
    HP All-in-one  Celeron (R) 19.5” pouce
</h1>",Venant,HP,65 000 ,Parcelles Assainies,https://i.roamcdn.net/hz/ed/listing-thumb-543w/7d7ef3435200b5ebbabe087cb64c97fd/-/horizon-files-prod/ed/picture/q56x4m67/89a61ad93689f3a5497b9b379674f4e7d4d0accc.jpg
2226,"<h1 class=""listing-item__header"">
    Hp Elitebook 830 G5 i5 Tactile
</h1>",Réconditionné,HP,170 000 ,Médina,https://i.roamcdn.net/hz/ed/listing-thumb-543w/1da216ab943d4f2b0d634655a464d005/-/horizon-files-prod/ed/picture/q5640w7e/747c688a72628dd036955ccdbdd5b4bebd15dbd1.jpg
2227,"<h1 class=""listing-item__header"">
    HP PROBOOK 450 G8 I7
</h1>",Réconditionné,HP,249 999 ,Colobane,https://i.roamcdn.net/hz/ed/listing-thumb-543w/e10d1b435ab6537d5c6c930e93bce2d6/-/horizon-files-prod/ed/picture/qq47dd7p/2d878636486afba8a038fc2ab293686fa42f3973.jpg
2228,"<h1 class=""listing-item__header"">
    Box Android X96Q Pro 4/32
</h1>",Neuf,Autre,25 000 ,Sicap Liberté,https://i.roamcdn.net/hz/ed/listing-thumb-543w/41ddf26fac1b2ced539799b6d8b3769d/-/horizon-files-prod/ed/picture/qm5p589r/cff7581865dd312acba15bb00865a3657d9e6036.jpg
2229,"<h1 class=""listing-item__header"">
    Clé USB bluetooth V5.3 Dongle sans fil pour PC
</h1>",Neuf,Autre,4 000 ,Patte d‘oie,https://i.roamcdn.net/hz/ed/listing-thumb-543w/e5e24b9411e06b55b6e216804909bed9/-/horizon-files-prod/ed/picture/qv4p07zg/45532ecf14937f7315d8d43d45646eca2fed94a2.jpg
2230,"<h1 class=""listing-item__header"">
    Câble RJ45 toutes dimensions de 1m à  50m
</h1>",Neuf,Autre,2 500 ,Sicap Liberté,https://i.roamcdn.net/hz/ed/listing-thumb-543w/231c8590345c3438800c5f7da1ce7277/-/horizon-files-prod/ed/picture/qrzvzjpx/dbce86fed71fa4164dce5a2368f38105891c730c.jpg
2231,"<h1 class=""listing-item__header"">
    HP PROBOOK 650 G1 I5
</h1>",Réconditionné,HP,100 000 ,Colobane,https://i.roamcdn.net/hz/ed/listing-thumb-543w/3ce57af05688289d2f84bacb985ad8f7/-/horizon-files-prod/ed/picture/qngxg7nz/0a83f3349a2c24d824c2bdc2e7fc4cd485699d05.jpg
2232,"<h1 class=""listing-item__header"">
    HP 290 G4 CORE I7
</h1>",Neuf,HP,525 000 ,Médina,https://i.roamcdn.net/hz/ed/listing-thumb-543w/6f33ba52a4e3899bf9b9e57399482a99/-/horizon-files-prod/ed/picture/qgqgnemn/27b649b55bfbed374f7bfb732728aefcd940ff66.jpg
2233,"<h1 class=""listing-item__header"">
    GAMER LENOVO P53 CORE I7
</h1>",Réconditionné,Lenovo,325 000 ,Colobane,https://i.roamcdn.net/hz/ed/listing-thumb-543w/32759892d73b59be72ad32edd600b26b/-/horizon-files-prod/ed/picture/q448jk6p/bdddd4ec50487d48660211f95b367f9398c06bca.jpg
2234,"<h1 class=""listing-item__header"">
    Hp 840 g4 tactile i5 7th ram 8
</h1>",Venant,HP,190 000 ,Médina,https://i.roamcdn.net/hz/ed/listing-thumb-543w/3baedbaee5633c5e3769a9f8afa36852/-/horizon-files-prod/ed/picture/qkrmw2r8/62ed7db66e5d4f4acfd512f4f98fcaf6ee9641a5.jpg
2235,"<h1 class=""listing-item__header"">
    Gamer hp 8560w i7 ram 8
</h1>",Venant,HP,160 000 ,Médina,https://i.roamcdn.net/hz/ed/listing-thumb-543w/e512d38febcf0c86da70416e2f311561/-/horizon-files-prod/ed/picture/qv4pj90w/f68b33dcdf1a220eada41a2eebc543086ed263b9.jpg
2236,"<h1 class=""listing-item__header"">
    Lenovo E531 i5 ram 8, 15 pouces
</h1>",Venant,Lenovo,125 000 ,Médina,https://i.roamcdn.net/hz/ed/listing-thumb-543w/e232b04d6d5c5eaf0e6fd519c9e865bc/-/horizon-files-prod/ed/picture/q9m8vr27/cdd4531df5f9ece3f983ece16b195bfa191b9246.jpg
2237,"<h1 class=""listing-item__header"">
    DELL LATATUDE 7280 I5
</h1>",Réconditionné,Dell,125 000 ,Colobane,https://i.roamcdn.net/hz/ed/listing-thumb-543w/bddc63e1342f70f6decb04e3320e148b/-/horizon-files-prod/ed/picture/q0gwp75x/d7a7734bfd6b89debb3ebc174cee687401adf004.jpg
2238,"<h1 class=""listing-item__header"">
    DELL LATATUDE 7390 I5
</h1>",Réconditionné,Dell,175 000 ,Colobane,https://i.roamcdn.net/hz/ed/listing-thumb-543w/a5e9f08ed08b1db7c928a61d67e44fe3/-/horizon-files-prod/ed/picture/qv4emwx5/a3758608ed7be03af6e07786710bc7cb18e1d95e.jpg
2239,"<h1 class=""listing-item__header"">
    DELL LATATUDE 7390 I7
</h1>",Réconditionné,Dell,200 000 ,Colobane,https://i.roamcdn.net/hz/ed/listing-thumb-543w/ec1456275ca32fcce2313f296aa8ea5e/-/horizon-files-prod/ed/picture/q785vw9m/b558f56f6684432aa97b72f1fdfe56f1e210ce8a.jpg
2240,"<h1 class=""listing-item__header"">
    Graveur de DVD portable fin Lecture de disques DVD
</h1>",Neuf,HP,25 000 ,Dieuppeul,https://i.roamcdn.net/hz/ed/listing-thumb-543w/efc629fa3dca1684370245dabb7c6c0d/-/horizon-files-prod/ed/picture/qpdpk5e2/b2b5fb629a4ac3515a447b4f42a72e4db8e661b7.jpg
2241,"<h1 class=""listing-item__header"">
    HP PAVILLON CORE I5 14 POUCES
</h1>",Neuf,HP,399 000 ,Médina,https://i.roamcdn.net/hz/ed/listing-thumb-543w/4e48bfa68166a665d9b62b6dcebced9b/-/horizon-files-prod/ed/picture/qxj65nw8/aa096122697016098995fe0bb6da181334f15af1.jpg
2242,"<h1 class=""listing-item__header"">
    Hp 450 g2 i3 ram 8
</h1>",Venant,HP,145 000 ,Médina,https://i.roamcdn.net/hz/ed/listing-thumb-543w/fa7c2ca08cd7331806131b07d4dfc46a/-/horizon-files-prod/ed/picture/q564kvjn/3dc633f164206365ea1b6f725e9d50b2e549087c.jpg
2243,"<h1 class=""listing-item__header"">
    HP PROBOOK 640 G4 I5
</h1>",Réconditionné,HP,175 000 ,Colobane,https://i.roamcdn.net/hz/ed/listing-thumb-543w/4b44ec12ae37c7126d61c7f980733f74/-/horizon-files-prod/ed/picture/q787nn5e/37d369221bef294d98205a0156077ff78ee57a50.jpg
2244,"<h1 class=""listing-item__header"">
    HP ELITEBOOK 840G2 I7
</h1>",Réconditionné,HP,200 000 ,Colobane,https://i.roamcdn.net/hz/ed/listing-thumb-543w/4857158c8f2bec833fcd2902cd81d6be/-/horizon-files-prod/ed/picture/q787npxd/5b2585cfca1e6734dbc2387ce8a77083496c298f.jpg
2245,"<h1 class=""listing-item__header"">
    HP ELITEBOOK 830G6 I7
</h1>",Réconditionné,HP,225 000 ,Colobane,https://i.roamcdn.net/hz/ed/listing-thumb-543w/cc4f588b7e6a80a38766b97fd4dc9691/-/horizon-files-prod/ed/picture/qm5r86vr/845ac8c12ecf1da1182de6fc2e25f0af5bf002c1.jpg
2246,"<h1 class=""listing-item__header"">
    HP PROBOOK 640G4 I5
</h1>",Réconditionné,HP,150 000 ,Colobane,https://i.roamcdn.net/hz/ed/listing-thumb-543w/997a2e4210ac6765f50566953791ba80/-/horizon-files-prod/ed/picture/qv4pn7km/72bc5fb84e774a85a3352f0780fcf821560921fd.jpg
2247,"<h1 class=""listing-item__header"">
    HP ELITEBOOK 840G6 I5
</h1>",Réconditionné,HP,185 000 ,Colobane,https://i.roamcdn.net/hz/ed/listing-thumb-543w/9ec02539d817a49c3b56afcad188921f/-/horizon-files-prod/ed/picture/qen5g0p4/c6e3c883a6a80a0f80b38cc5e2d28a4298985b95.jpg
2248,"<h1 class=""listing-item__header"">
    Ordinateur portable HP, DELL, LENOVO
</h1>",Réconditionné,HP,85 000 ,Colobane,https://i.roamcdn.net/hz/ed/listing-thumb-543w/1d11529a7d6c2c19477114e7d52e96c9/-/horizon-files-prod/ed/picture/q0g2r0mx/a0383094fad72b22206b25a08a8bafd20f481d98.jpg
2249,"<h1 class=""listing-item__header"">
    CORE I7.8GO.500GO.19""
</h1>",D'occasion,Acer,80 000 ,Colobane,https://i.roamcdn.net/hz/ed/listing-thumb-543w/a7926224e56db0c8f656831fd7ef4705/-/horizon-files-prod/ed/picture/qwemw246/7f083ecf98cb44dbec4f29692ec3f3cff77f7b35.jpg
2250,"<h1 class=""listing-item__header"">
    Ordinateur Hp Pro X2 i7
</h1>",Réconditionné,HP,210 000 ,Médina,https://i.roamcdn.net/hz/ed/listing-thumb-543w/ccade0bb2e16641b089accbd94add2a1/-/horizon-files-prod/ed/picture/qq4drer7/3db70ecb248567713f40c944851b52156b38afcc.jpg
2251,"<h1 class=""listing-item__header"">
    Ordinateur Hp EliteBook 820 G3
</h1>",Venant,HP,165 000 ,Médina,https://i.roamcdn.net/hz/ed/listing-thumb-543w/26302d87f7a50907d0beff2fab548fe9/-/horizon-files-prod/ed/picture/qv7vvdp/6595d549513f932c8db7cf057997188bcc2fcfb7.jpg
2252,"<h1 class=""listing-item__header"">
    Dell 3300 duo core  ram 8 disque 256 go ssd 13 ""
</h1>",Venant,Dell,90 000 ,Médina,https://i.roamcdn.net/hz/ed/listing-thumb-543w/b04e67a38e5a5e494da1c919ce1ad1de/-/horizon-files-prod/ed/picture/q787n5rn/37c837d1c0bab28b58637e38bd0c3f07254181e4.jpg
2253,"<h1 class=""listing-item__header"">
    CORE I3 AVEC ECRAN 20 ET 22 POUCES
</h1>",D'occasion,HP,45 000 ,Colobane,https://i.roamcdn.net/hz/ed/listing-thumb-543w/6c5c7bcfdd1b11f80b6e965372e59214/-/horizon-files-prod/ed/picture/q2jr75w2/0e723cec34f13e3785ea841d18f0a2941a1be91e.jpg
2254,"<h1 class=""listing-item__header"">
    Core I5 Écran 22"" WIFI
</h1>",Réconditionné,Dell,65 000 ,Gueule-Tapée,https://i.roamcdn.net/hz/ed/listing-thumb-543w/efec4941298fb2643b8ad63f1b44e5cc/-/horizon-files-prod/ed/picture/migrated/qvg5drg/c3237bdca0ef2dece641974ee0399f6b961caae4.jpg
2255,"<h1 class=""listing-item__header"">
    CORE I5 AVEC 19 OU 22 POUCES
</h1>",D'occasion,HP,55 000 ,Colobane,https://i.roamcdn.net/hz/ed/listing-thumb-543w/018c15d1e370921f5cbe5ae14f21bc69/-/horizon-files-prod/ed/picture/q788256m/ff826b2a965bc7f26a102c6aedb2d392a9b8df66.jpg
2256,"<h1 class=""listing-item__header"">
    ALL IN ONE TACTILE 24""
</h1>",Réconditionné,Lenovo,175 000 ,Colobane,https://i.roamcdn.net/hz/ed/listing-thumb-543w/db9372bfc90a0389a71e19c4a6dbd37b/-/horizon-files-prod/ed/picture/q9m8ex0v/fdb06f0412238c4ee4fe852467999b5c5d66eb78.jpg
2257,"<h1 class=""listing-item__header"">
    HP ELITEBOOK 840G3  CORE I7 TACTILE 16GO/512GO
</h1>",Réconditionné,HP,175 000 ,Colobane,https://i.roamcdn.net/hz/ed/listing-thumb-543w/44c28fe17f4ca0b3cd2be732bfd857ab/-/horizon-files-prod/ed/picture/q9m8455j/324bcc44ae39a3e30aa9caf4374d1bf9a0634c1f.jpg
2258,"<h1 class=""listing-item__header"">
    HP ELITEBOOK 820G3 I5
</h1>",Réconditionné,HP,125 000 ,Colobane,https://i.roamcdn.net/hz/ed/listing-thumb-543w/821ec92a6d1e413c8fe7a8952a5836ca/-/horizon-files-prod/ed/picture/qdewx098/f75c2bef24bb64e0a150983637ca3390da096b04.jpg
2259,"<h1 class=""listing-item__header"">
    souris sans fil
</h1>",Neuf,Autre,3 500 ,Dieuppeul,https://i.roamcdn.net/hz/ed/listing-thumb-543w/5f8879972a8f4160f5a46759ea2a9df6/-/horizon-files-prod/ed/picture/q6x60qjg/ef6a5f5f55edfa7e461b2ef5ff2b30b5d765b93f.jpg
2260,"<h1 class=""listing-item__header"">
    slim clavier sans fil + souris sans fil
</h1>",Neuf,Autre,7 000 ,Dieuppeul,https://i.roamcdn.net/hz/ed/listing-thumb-543w/448f02d1f035bc383604a08a27d04fdc/-/horizon-files-prod/ed/picture/qj4jv6gd/39770050038c7e519ebf53b53ca1e4b394791403.jpg
2261,"<h1 class=""listing-item__header"">
    Gamer lenovo P50 i7 ram 16, 4 go dédié
</h1>",Venant,Lenovo,290 000 ,Médina,https://i.roamcdn.net/hz/ed/listing-thumb-543w/07fa57dc39ea87d0f147e57c4e990dd1/-/horizon-files-prod/ed/picture/q9m8vpg8/3f7c8951d58745d42856eea3c6b0079182fd0553.jpg
2262,"<h1 class=""listing-item__header"">
    Gamer Dell 6540 i5 4th
</h1>",Venant,Dell,145 000 ,Médina,https://i.roamcdn.net/hz/ed/listing-thumb-543w/d9097777a55d825c6d7f443c3ce8a4fc/-/horizon-files-prod/ed/picture/q8rr977/cdc8081a99d0780e95f9f57ac9a4b26772a5b7e4.jpg
2263,"<h1 class=""listing-item__header"">
    Lenovo E530 i7 ram 8, 15 pouces
</h1>",Venant,Lenovo,140 000 ,Médina,https://i.roamcdn.net/hz/ed/listing-thumb-543w/0e7b0bf584ce0df52a11d765d80be27e/-/horizon-files-prod/ed/picture/q6x6jr28/1f7a971fbf192f81b3293ee08c4f2805b8ef0c0b.jpg
2264,"<h1 class=""listing-item__header"">
    Hub USB C 3 in 1 ou 8 in 1
</h1>",Neuf,Autre,25 000 ,Liberte 6 extension,https://i.roamcdn.net/hz/ed/listing-thumb-543w/486714716a6baeeea1b845104892784b/-/horizon-files-prod/ed/picture/q94nvpj/0bac68c7c646ddc9b71913b57153a62007cabb90.jpg
2265,"<h1 class=""listing-item__header"">
    extender tp link n300 deux antenne
</h1>",Neuf,HP,25 000 ,Dieuppeul,https://i.roamcdn.net/hz/ed/listing-thumb-543w/75875e697880a152516b99804f16c093/-/horizon-files-prod/ed/picture/q0gp2q6d/6fa5f2cd359c71d0bac2098acd67ee58d0b1f023.jpg
2266,"<h1 class=""listing-item__header"">
    LENOVO T470
</h1>",Réconditionné,Lenovo,130 000 ,Colobane,https://i.roamcdn.net/hz/ed/listing-thumb-543w/b60cc88b3e00f8d200e3f78b99a51474/-/horizon-files-prod/ed/picture/qen50w96/c26129279f6f3355b0c0a293f4f48d6d59f192cd.jpg
2267,"<h1 class=""listing-item__header"">
    Clavier filaire + souris
</h1>",Neuf,Autre,5 000 ,Dieuppeul,https://i.roamcdn.net/hz/ed/listing-thumb-543w/deb5dbc31e168af2ed5deb7aae423994/-/horizon-files-prod/ed/picture/q2jrerv8/063a2db34d20e475b9c9d9f0fb226170b08026ee.jpg
2268,"<h1 class=""listing-item__header"">
    ALL IN ONE TACTILE 24""
</h1>",Réconditionné,Lenovo,175 000 ,Colobane,https://i.roamcdn.net/hz/ed/listing-thumb-543w/28c2d5e8b4a79d8f32815160c8952584/-/horizon-files-prod/ed/picture/qv4p8xgx/6c8c00b8bacfdf149245dea8838d09c777b5855c.jpg
2269,"<h1 class=""listing-item__header"">
    Lenovo T440P CORE I7 14""
</h1>",Réconditionné,Lenovo,150 000 ,Colobane,https://i.roamcdn.net/hz/ed/listing-thumb-543w/a8be6f8faaf32a34561251fa9846c0c4/-/horizon-files-prod/ed/picture/qj4jkzvw/ffbadca7e40f38f97182a1cb57c6de152c3f6692.jpg
2270,"<h1 class=""listing-item__header"">
    Disque dur SSD 512GB
</h1>",Neuf,noir,25 000 ,Dieuppeul,https://i.roamcdn.net/hz/ed/listing-thumb-543w/833a88b3432a5cdf718ce871c81ed0e8/-/horizon-files-prod/ed/picture/q8vz6m27/09e8ce9f973816165cf42e1fe567e3c4b4ec539e.jpg
2271,"<h1 class=""listing-item__header"">
    LENOVO THINKPAD E14 GEN 4
</h1>",Neuf,Lenovo,610 000 ,Médina,https://i.roamcdn.net/hz/ed/listing-thumb-543w/782a3d9a1b43fa1da614df86494d7ebb/-/horizon-files-prod/ed/picture/qngdq2mg/c1b3ac3ad175461a58827c6d3b2bea4fb6c105c4.jpg
2272,"<h1 class=""listing-item__header"">
    Ordinateur core i5
</h1>",D'occasion,HP,55 000 ,Colobane,https://i.roamcdn.net/hz/ed/listing-thumb-543w/0647189a1d64eb407a59a03cd6966e22/-/horizon-files-prod/ed/picture/migrated/q40pr0p/b1784d09f87abfd44fe78a613ef557f8f018cf26.jpg
2273,"<h1 class=""listing-item__header"">
    CORE I7.8GO.500GO.22""
</h1>",D'occasion,HP,100 000 ,Colobane,https://i.roamcdn.net/hz/ed/listing-thumb-543w/30cd47427d38fc60d1c9d3143bd34006/-/horizon-files-prod/ed/picture/q9m8jk9j/ac56018a7e5228eaebea09ac79326e2985615ef2.jpg
2274,"<h1 class=""listing-item__header"">
    CORE I5.8GO.500GO.20""
</h1>",D'occasion,HP,65 000 ,Colobane,https://i.roamcdn.net/hz/ed/listing-thumb-543w/db545c778d61009084e2d51d497c5490/-/horizon-files-prod/ed/picture/qpdwmv2r/b5c3591c7190b7f17f47e93ee07a0072d48853ed.jpg
2275,"<h1 class=""listing-item__header"">
    Ordinateur Hp elite X2 m7
</h1>",Venant,HP,210 000 ,Médina,https://i.roamcdn.net/hz/ed/listing-thumb-543w/de9edaef356b48d11396dd7de30d05dd/-/horizon-files-prod/ed/picture/qdewq8w5/f43cbb86abf949fc0d46ff8a42e9bba88d2fbc6c.jpg
2276,"<h1 class=""listing-item__header"">
    Ordinateur Portable Hp Elitebook 820 G3 i5 Tactile
</h1>",Réconditionné,HP,110 000 ,Médina,https://i.roamcdn.net/hz/ed/listing-thumb-543w/f5752dfb821b70378c47afb85556d718/-/horizon-files-prod/ed/picture/q8vz7jmp/eabe2cd6f9a9b94e51baa948203063c68637c128.jpg
2277,"<h1 class=""listing-item__header"">
    LENOVO THINKPAD E15 GEN 4 core I5 12th gen
</h1>",Neuf,Lenovo,610 000 ,Médina,https://i.roamcdn.net/hz/ed/listing-thumb-543w/d32e701d1b9a72614e7ae994ce015db6/-/horizon-files-prod/ed/picture/qrzqxx02/2f7f3a118ccabd4bffd3c7215f0676e674117757.jpg
2278,"<h1 class=""listing-item__header"">
    X360.11,6.Hp Dell lenovo
</h1>",Réconditionné,Lenovo,75 000 ,Colobane,https://i.roamcdn.net/hz/ed/listing-thumb-543w/e223902b63c17d4407c9e0d1a0ec6a26/-/horizon-files-prod/ed/picture/qrzqkg89/716199ca10f5c7f883a65cb24e7cbe3f84577b40.jpg
2279,"<h1 class=""listing-item__header"">
    Hp Probook 450 G9 core i5 12th gen
</h1>",Neuf,HP,535 000 ,Médina,https://i.roamcdn.net/hz/ed/listing-thumb-543w/16d9b3d6b83bad92b170090f3d8aa8fc/-/horizon-files-prod/ed/picture/qm5rwn69/b6eef3d7c94dd0d742fac8367392262555514e39.png
2280,"<h1 class=""listing-item__header"">
    Ordinateur Lenovo thinkcentre m700 mini
</h1>",Venant,Lenovo,60 000 ,Médina,https://i.roamcdn.net/hz/ed/listing-thumb-543w/fe841e39f2ff7ebf27e3922283f9c00f/-/horizon-files-prod/ed/picture/q44dgrx2/b725ef5fd217935c0f24c959255cb60c3ecde04c.jpg
2281,"<h1 class=""listing-item__header"">
    All in on Lenovo M910z i5 tactile
</h1>",Venant,Lenovo,200 000 ,Médina,https://i.roamcdn.net/hz/ed/listing-thumb-543w/7d2f2500e6a7fb6197f0d8fd62a1f104/-/horizon-files-prod/ed/picture/qq4drwnp/7aa596ea2b8ef60a9f395919b6dc45c46cfaa5e5.jpg
2282,"<h1 class=""listing-item__header"">
    Hp ProBook 450 G9 Core i7 12th gen
</h1>",Neuf,HP,610 000 ,Médina,https://i.roamcdn.net/hz/ed/listing-thumb-543w/12771a6151c26eae1975a20f920afc42/-/horizon-files-prod/ed/picture/qre0jj8/ea36f251bc6578cdad606a77947c1fc75e721770.png
2283,"<h1 class=""listing-item__header"">
    HP ProBook 440 G9 core i7 12th gen
</h1>",Neuf,HP,610 000 ,Médina,https://i.roamcdn.net/hz/ed/listing-thumb-543w/e8ce3e58aa391c52849c505519db54d7/-/horizon-files-prod/ed/picture/qkrmgzww/aba432b75f1552623016762d5577d80a8dd58f7a.png
2284,"<h1 class=""listing-item__header"">
    HP EliteBook 8470p i7 ram 8 3.0 GHZ
</h1>",Venant,HP,135 000 ,Médina,https://i.roamcdn.net/hz/ed/listing-thumb-543w/ca1d8c9e6433048fa88802bd2f0ddca5/-/horizon-files-prod/ed/picture/qv7w9gv/ddb69e0b2f4b712dbc81cf0c8d983725020966b7.jpg
2285,"<h1 class=""listing-item__header"">
    Boitier pc gamer
</h1>",Neuf,MSI,80 000 ,Médina,https://i.roamcdn.net/hz/ed/listing-thumb-543w/de7fd2cb4f7dcfc6dd58c10e8ffa137e/-/horizon-files-prod/ed/picture/q787q00m/d094e8824255e034c010903aed9d6ce919dd90f1.jpg
2286,"<h1 class=""listing-item__header"">
    Ordinateur Dell Wyse 3040 mini Pc
</h1>",Venant,Dell,40 000 ,Médina,https://i.roamcdn.net/hz/ed/listing-thumb-543w/95e32cea209877450525ec3392ac2751/-/horizon-files-prod/ed/picture/q564nzzr/d47a5661457cc6e88331e40831050c7eedd1d0c6.jpg
2287,"<h1 class=""listing-item__header"">
    Dell vostro 5490 Gamer 10eme Generation
</h1>",Venant,Dell,325 000 ,Sicap foire,https://i.roamcdn.net/hz/ed/listing-thumb-543w/dcedf30ca6506a8b4a34fe07f9f9b1dc/-/horizon-files-prod/ed/picture/qxj69284/2b0dce84208d5cc2a94f43e1ceaa66d858c3bc1b.jpg
2288,"<h1 class=""listing-item__header"">
    Puissante Laptop Gamer Victus Ryzen
</h1>",Neuf,HP,630 000 ,Sicap foire,https://i.roamcdn.net/hz/ed/listing-thumb-543w/68e6eadc276a620bdfeeb88da224c806/-/horizon-files-prod/ed/picture/qpdw5e4q/0af734c5f553d4913d128c1e367456212cb1fbb3.jpg
2289,"<h1 class=""listing-item__header"">
    Lenovo V15-IIL CORE I3 10TH
</h1>",Neuf,Lenovo,300 000 ,Médina,https://i.roamcdn.net/hz/ed/listing-thumb-543w/5ff2368d0cb0b511f9c656cd18ac3286/-/horizon-files-prod/ed/picture/qqn86gn/f2f74ebf4f9bc0386898d522ee7a68442ed11e2c.png
2290,"<h1 class=""listing-item__header"">
    hp folio 9470m i7 ram 8
</h1>",Venant,HP,185 000 ,Médina,https://i.roamcdn.net/hz/ed/listing-thumb-543w/2a5315139a8a519cf918b1923cd2af99/-/horizon-files-prod/ed/picture/q566p47p/6dfc0f27e6f6545fa8f5f4eb5389550f9119c1ec.jpg
2291,"<h1 class=""listing-item__header"">
    Dell 5540 i5 5th ram 8
</h1>",Venant,Dell,140 000 ,Médina,https://i.roamcdn.net/hz/ed/listing-thumb-543w/44df3e22365c9f5a03514bd0e801159b/-/horizon-files-prod/ed/picture/qpddzd5q/67da7d84e2cf674b7597ae3bb7ce96fe32fa1ec8.jpg
2292,"<h1 class=""listing-item__header"">
    Dell 5540 i7 ram 8 15 pouces
</h1>",Venant,Dell,160 000 ,Médina,https://i.roamcdn.net/hz/ed/listing-thumb-543w/1b6ca0f2c70d8f2a0475d8b2f1d3e209/-/horizon-files-prod/ed/picture/qzv4rm5x/d4deacc00c74ebda6201f83704af21f605d3a5a0.jpg
2293,"<h1 class=""listing-item__header"">
    CORE I3 AVEC ECRAN 19""
</h1>",D'occasion,HP,40 000 ,Colobane,https://i.roamcdn.net/hz/ed/listing-thumb-543w/28aa34b1aa30578f667c646d50f4241e/-/horizon-files-prod/ed/picture/q9m8nrv8/943f4ca4de3939073649839db923a11ccd08c472.jpg
2294,"<h1 class=""listing-item__header"">
    GAMER ASUS OU HP NVIDIA RTX 8GB
</h1>",Neuf,HP,1 000 000 ,Colobane,https://i.roamcdn.net/hz/ed/listing-thumb-543w/8110969bbc5a939371e0c11bd5ad2583/-/horizon-files-prod/ed/picture/qzv48xk9/649cdd9ad33fdcf0ea5dafd00cd9e72f0cec4b05.jpg
2295,"<h1 class=""listing-item__header"">
    HP X360 TACTILE 14"" I7 .12 eme gen
</h1>",Neuf,HP,649 998 ,Colobane,https://i.roamcdn.net/hz/ed/listing-thumb-543w/288456236118c643397415c005436cf6/-/horizon-files-prod/ed/picture/qgqgm878/54bc2bb1250e970bdd3bcc965d318e90d09846dd.jpg
2296,"<h1 class=""listing-item__header"">
    DELL 5550 i7 5TH RAM 16 GO
</h1>",Venant,Dell,190 000 ,Médina,https://i.roamcdn.net/hz/ed/listing-thumb-543w/9899f6418072aad528bd35c5734d1a11/-/horizon-files-prod/ed/picture/qee2k6v/130bd7cc68e03a063e567d33796eed2c1428edb8.jpg
2297,"<h1 class=""listing-item__header"">
    Lenovo T410 i5 ram 8
</h1>",Venant,Lenovo,110 000 ,Médina,https://i.roamcdn.net/hz/ed/listing-thumb-543w/c2f9a536311ea852905e5df0f72a23fb/-/horizon-files-prod/ed/picture/qzv422nd/f2300188fa93ac0a2b497cd0104df88e521cbbc1.jpg
2298,"<h1 class=""listing-item__header"">
    Lenovo ThinkPad L580 core i5 8th Gen
</h1>",Neuf,Lenovo,150 000 ,Médina,https://i.roamcdn.net/hz/ed/listing-thumb-543w/c6c4e2a0e9608bf4539424b95e93b4a9/-/horizon-files-prod/ed/picture/qv4mn99k/69264ae791f701394ef239ea95bdb3d5a3679653.jpg
2299,"<h1 class=""listing-item__header"">
    HP ALL IN ONE 24 POUCES CORE i5 512GB SSD
</h1>",Neuf,HP,700 000 ,Plateau,https://i.roamcdn.net/hz/ed/listing-thumb-543w/e08ddc614f0cfa796ec9645012122bc0/-/horizon-files-prod/ed/picture/qenn0906/273a6baaf8bfe2b8243af5ba248112445df48702.jpg
2300,"<h1 class=""listing-item__header"">
    TOSHIBA satellite core 2
</h1>",Venant,Toshiba,45 000 ,Parcelles Assainies,https://i.roamcdn.net/hz/ed/listing-thumb-543w/541f4a3f3c5276b3423fb689961def9d/-/horizon-files-prod/ed/picture/q566n0mg/8b58585314c40261ab61e6ddf9a257aa3f6b4054.jpg
2301,"<h1 class=""listing-item__header"">
    HP All in One 200 G4 i3 1TB 22 Pouces
</h1>",Neuf,HP,425 000 ,Plateau,https://i.roamcdn.net/hz/ed/listing-thumb-543w/7f2e285a985c097a8597a205b07b6607/-/horizon-files-prod/ed/picture/qm55x6nd/1632c296b38a411ba8fb0c08f70bfdc9f3ea726b.jpg
2302,"<h1 class=""listing-item__header"">
    Hp Probook 450 G8 i7 11TH
</h1>",Neuf,HP,675 000 ,Médina,https://i.roamcdn.net/hz/ed/listing-thumb-543w/e0c80bf749d9d661f3fa787e274df7ea/-eyJvciI6MH0%3D/horizon-files-prod/ed/picture/q0j5j2m/d4aec628fdf59fd12afd7c98a33fceef5e1d3d48.jpg
2303,"<h1 class=""listing-item__header"">
    HP 250 G8 i7 11TH
</h1>",Neuf,HP,510 000 ,Médina,https://i.roamcdn.net/hz/ed/listing-thumb-543w/f0a928975ede9d48e264731c340ce7e6/-/horizon-files-prod/ed/picture/q2xx2ne/9114c3b03309c3129682f7ca1a60598a3d90fb79.png
2304,"<h1 class=""listing-item__header"">
    Dell Vostro 3500 I7 11th gen
</h1>",Neuf,Dell,540 000 ,Médina,https://i.roamcdn.net/hz/ed/listing-thumb-543w/69e5ca911e35454e7556e3fd70bd16a2/-/horizon-files-prod/ed/picture/qm7wmn6/a7b909f2a5d3432dd45e28ffd3e067fac3c7bd9e.jpg
2305,"<h1 class=""listing-item__header"">
    Ordinateur Hp 15-DY2703DX  15.6"" TACTILE
</h1>",Neuf,HP,440 000 ,Médina,https://i.roamcdn.net/hz/ed/listing-thumb-543w/a00a3c6eb6d0c57a4d98e5fc2bb1ae97/-/horizon-files-prod/ed/picture/q9xngp5/9aa3ab992fe1cbfdc85c87ba831b5bac29769fee.jpg
2306,"<h1 class=""listing-item__header"">
    Lenovo IdeaPad Flex 5 i5 11t Tactile + Stylet
</h1>",Neuf,Lenovo,590 000 ,Médina,https://i.roamcdn.net/hz/ed/listing-thumb-543w/15f313b73587c692531a4fa746bd6800/-/horizon-files-prod/ed/picture/q2jj5kng/761b0955840c5e6d305fec545a98297122280963.jpg
2307,"<h1 class=""listing-item__header"">
    HP 840 G8 tactile i5 11th ram 32
</h1>",Neuf,HP,610 000 ,Médina,https://i.roamcdn.net/hz/ed/listing-thumb-543w/23f636716ff38d302feb19aaa97594fe/-/horizon-files-prod/ed/picture/q566qj2p/d24fc827b422d9c1f499781506d77e118395a300.jpg
2308,"<h1 class=""listing-item__header"">
    HP TACTILE 15-DY2703DX i5 11TH
</h1>",Neuf,HP,440 000 ,Médina,https://i.roamcdn.net/hz/ed/listing-thumb-543w/765bcf19d52b3bebc85c58f44002f826/-/horizon-files-prod/ed/picture/qq44gw0p/30a0e1258fc8fa6551f0f37acec6128936bf8de4.jpg
2309,"<h1 class=""listing-item__header"">
    GAMER NVIDIA GTX
</h1>",Réconditionné,Dell,350 000 ,Colobane,https://i.roamcdn.net/hz/ed/listing-thumb-543w/c93613e8e2fe2b03e619d8598a97ca0b/-eyJvciI6MjcwfQ%3D%3D/horizon-files-prod/ed/picture/qpdpdd4p/4623a0a1606121b10f1726b6d2cacc225b7bb32c.jpg
2310,"<h1 class=""listing-item__header"">
    GAMER DELL T7600. 7810 OU HP Z640
</h1>",Réconditionné,Dell,400 000 ,Colobane,https://i.roamcdn.net/hz/ed/listing-thumb-543w/804ea54653e18601d7e5f7d5f4db5f28/-/horizon-files-prod/ed/picture/q6x78pjg/f551666defc0412096e9c96406599c61a5bb3fba.jpg
2311,"<h1 class=""listing-item__header"">
    Dell  vostro 3500 i7 11th 4.7GHZ
</h1>",Neuf,Dell,540 000 ,Médina,https://i.roamcdn.net/hz/ed/listing-thumb-543w/b429b4ccb053a6b9855a3ba43f863211/-/horizon-files-prod/ed/picture/q0gpq5g6/d4d3341921d2fe6190ce694bdfb0ebd1d74c6b4f.jpg
2312,"<h1 class=""listing-item__header"">
    Housse de protection Ordinateur ou Antichoc
</h1>",Neuf,Autre,7 000 ,Médina,https://i.roamcdn.net/hz/ed/listing-thumb-543w/a5f12766210e8c7acb55a5ece3858a89/-/horizon-files-prod/ed/picture/qv6xrz5/fb588546e9aba0402a12a026b09676f6c02cbc1b.jpg
2313,"<h1 class=""listing-item__header"">
    LENOVO T470 i5 RAM 16 GO
</h1>",Venant,Lenovo,180 000 ,Médina,https://i.roamcdn.net/hz/ed/listing-thumb-543w/9f2edb1a7b8ed867e441a63e79447b7a/-/horizon-files-prod/ed/picture/q78vwzgz/9ac4de589572f787fbf658dc65ac724e0d69e712.jpg
2314,"<h1 class=""listing-item__header"">
    Licence D'activation À Vie, Windows 11 Pro 1 PC
</h1>",Neuf,Autre,20 000 ,Médina,https://i.roamcdn.net/hz/ed/listing-thumb-543w/54a8820037271e982160c9f09ee11a3b/-/horizon-files-prod/ed/picture/q0gg06pg/227f4b1b345094a671855eeda3f2b9ccbf3ee9f7.png
2315,"<h1 class=""listing-item__header"">
    Licence D'activation À Vie, Windows 10 Pro 1 PC
</h1>",Neuf,Autre,15 000 ,Médina,https://i.roamcdn.net/hz/ed/listing-thumb-543w/148ea982e46a9a5538460d5981ae816b/-/horizon-files-prod/ed/picture/qwee50qp/b41093c912bd0fadbc9f37658e3c3f080275de13.jpg
2316,"<h1 class=""listing-item__header"">
    All In One Hp Pro 440 G6 i5 Ram 8Go Rom 512GB SSD Ecran 24""
</h1>",Venant,HP,675 000 ,Médina,https://i.roamcdn.net/hz/ed/listing-thumb-543w/eb7b6065d6ffb810eaa9b986a587dc67/-/horizon-files-prod/ed/picture/qm5mrx5d/086a3b058b8ed37c972a7081c14376b60202abdc.png
2317,"<h1 class=""listing-item__header"">
    HP 15 DUAL CORE
</h1>",Neuf,HP,224 900 ,Médina,https://i.roamcdn.net/hz/ed/listing-thumb-543w/bcca0373d66699d5c28d197ba931034a/-/horizon-files-prod/ed/picture/qv44987v/1bd4bc5b7b26596b88df487b04fc11ae575b6408.jpg
2318,"<h1 class=""listing-item__header"">
    Hp All In One df1063ny i3 11th gen Ram 4Go Rom 1To Ecran 24""
</h1>",Neuf,HP,510 000 ,Médina,https://i.roamcdn.net/hz/ed/listing-thumb-543w/b2299f7db47e50d0029b43b9fed771b6/-/horizon-files-prod/ed/picture/qq4qdj4z/68b0424dde1237374849d3051fc6467d4894d6d3.jpg
2319,"<h1 class=""listing-item__header"">
    All In One Hp 200 G4
</h1>",Neuf,HP,485 000 ,Médina,https://i.roamcdn.net/hz/ed/listing-thumb-543w/0387fda58d94324b2617d648fa73f3d1/-/horizon-files-prod/ed/picture/q78vkqkg/e666d428ba8b9220d635549028861bb171aa7771.jpg
2320,"<h1 class=""listing-item__header"">
    Ordinateur Lenovo Ideapad 3 14ITL6
</h1>",Neuf,Lenovo,410 000 ,Médina,https://i.roamcdn.net/hz/ed/listing-thumb-543w/feec678143ce1abff4833f7f2cd2e044/-/horizon-files-prod/ed/picture/qxjdkj4m/dfeedb4bd8cc47ba950f225b600928f60e40c759.jpg
2321,"<h1 class=""listing-item__header"">
    HP 240 G8  CORE I5
</h1>",Neuf,HP,399 000 ,Médina,https://i.roamcdn.net/hz/ed/listing-thumb-543w/a452ea2c8b9425db4d30cd1d606d2554/-/horizon-files-prod/ed/picture/qq444z86/327d3f11f36967f5665b1f39def2568ca64a59e0.jpg
2322,"<h1 class=""listing-item__header"">
    Ordinateur de bureau Hp 400G1
</h1>",Venant,HP,90 000 ,Médina,https://i.roamcdn.net/hz/ed/listing-thumb-543w/92ad3c6ae4fea9b86c229dd6278e2463/-/horizon-files-prod/ed/picture/qrz2jdrj/ac400bb17c36496251dbf37bf47cac0fdaf39514.jpg
2323,"<h1 class=""listing-item__header"">
    All In One Hp DF1103D Rom 1To+256Go
</h1>",Neuf,HP,710 000 ,Médina,https://i.roamcdn.net/hz/ed/listing-thumb-543w/059297d917a96e47edf13ce5fe916e13/-/horizon-files-prod/ed/picture/qv4mv7ep/c4056b341e61fe2fc32f864c4018a3c5e8b8676c.jpg
2324,"<h1 class=""listing-item__header"">
    Dell Lattitude 5520 i5 11th Ram 16Go
</h1>",Neuf,Dell,525 000 ,Médina,https://i.roamcdn.net/hz/ed/listing-thumb-543w/5635c72411d85d919cfd515008febe15/-/horizon-files-prod/ed/picture/q8qkjpp/714b2c43e7039e9f254cfbee4b8e5054045c71b1.jpg
2325,"<h1 class=""listing-item__header"">
    Ordinateur Lenovo E15 G2 cor i3
</h1>",Neuf,Lenovo,310 000 ,Médina,https://i.roamcdn.net/hz/ed/listing-thumb-543w/4ca7802546798efeb764f5a2c4c9531e/-/horizon-files-prod/ed/picture/qrdkjej/2455f7799c3fab1684d2aadb9633f7e8d997bb69.jpg
2326,"<h1 class=""listing-item__header"">
    All In One Hp  200 G4  Ecran 22""
</h1>",Neuf,HP,550 000 ,Médina,https://i.roamcdn.net/hz/ed/listing-thumb-543w/302fd043f12f99333055646a53249259/-/horizon-files-prod/ed/picture/q0q8zr6/04c06429f319610bb32ff8e16bc7977c067dbc68.jpg
2327,"<h1 class=""listing-item__header"">
    Ordinateur Hp Pavilion CS3153CL Ecran 15.6'' Pouces tactile
</h1>",Neuf,HP,470 000 ,Médina,https://i.roamcdn.net/hz/ed/listing-thumb-543w/966fbfdcbcd6069f57ef13c487ed8b11/-/horizon-files-prod/ed/picture/qw65rm0/334a419784d736f46c0442ebd8dc836e4fdf2281.png
2328,"<h1 class=""listing-item__header"">
    ASUS X543U I3 10TH
</h1>",Neuf,ASUS,340 000 ,Médina,https://i.roamcdn.net/hz/ed/listing-thumb-543w/a92be53e2819c846ff934c4e8da88ca9/-/horizon-files-prod/ed/picture/qm5mjrg6/450a3453dbbacb7e1c72ff31f5e525662cab39ed.jpg
2329,"<h1 class=""listing-item__header"">
    HP PAVILLON X360 15T-ER000 i5 11th tactile
</h1>",Neuf,HP,575 000 ,Médina,https://i.roamcdn.net/hz/ed/listing-thumb-543w/74457e3b3e88bac20375755dfba30940/-/horizon-files-prod/ed/picture/q94re40/591684ae28310f27ebcfa2ce17ead9ddf81a1a80.png
2330,"<h1 class=""listing-item__header"">
    Lenovo V130 All In One Dual Core 4gb 1Tera
</h1>",Neuf,Lenovo,249 998 ,Médina,https://i.roamcdn.net/hz/ed/listing-thumb-543w/c7be94d245798f0a15b8cd3906c80035/-/horizon-files-prod/ed/picture/q4g7re5/99bd25de823ab7b5cb37380be1ea7b0e7fad29c7.jpg
2331,"<h1 class=""listing-item__header"">
    Ordinateur Lenovo V15-IIL
</h1>",Neuf,Lenovo,320 000 ,Médina,https://i.roamcdn.net/hz/ed/listing-thumb-543w/4fc5ff625f3016a3395814ce9d276dba/-/horizon-files-prod/ed/picture/qe0qd0k/427fe29c1d857911e0f1abc26a30866a1933f216.jpg
2332,"<h1 class=""listing-item__header"">
    Ordinateur de bureau HP PRODESK 400 G1 DUAL CORE
</h1>",Venant,HP,70 000 ,Médina,https://i.roamcdn.net/hz/ed/listing-thumb-543w/c956438d3c1b58e8cbf3f5f3a4d5f6e1/-/horizon-files-prod/ed/picture/qxjdgd78/ebd94f861192aeba3c92324e9db38a2255d3cd45.jpg
2333,"<h1 class=""listing-item__header"">
    Hp Clavier + Souris Sans Fil CS700
</h1>",Neuf,HP,12 000 ,Médina,https://i.roamcdn.net/hz/ed/listing-thumb-543w/8472f47f61ecee8cfaf1d8739912144a/-/horizon-files-prod/ed/picture/qendqekx/72770b101212dbec865edd7ab910b6b8ea9915b1.jpg
2334,"<h1 class=""listing-item__header"">
    HP 14-cf2222nia i7 10th Ram 12Go Rom 1To Ecran 14""
</h1>",Neuf,HP,500 000 ,Médina,https://i.roamcdn.net/hz/ed/listing-thumb-543w/0256392a0f746040d3db4a3617120ed8/-/horizon-files-prod/ed/picture/q0mmrw8/9c1360961deb94a1981d921a50cdcf5ca1e40daf.jpg
2335,"<h1 class=""listing-item__header"">
    ORDINATEUR COMPLET avec ONDULEUR+Wi-Fi
</h1>",D'occasion,HP,75 000 ,Colobane,https://i.roamcdn.net/hz/ed/listing-thumb-543w/9e9d0c9204341db12884db17ec9f2f3b/-/horizon-files-prod/ed/picture/qv4m44v8/bac514cf63fb22b40df2c1d4197acabc40228fd7.jpg
2336,"<h1 class=""listing-item__header"">
    Lenovo L430 i5
</h1>",Venant,Lenovo,125 000 ,Médina,https://i.roamcdn.net/hz/ed/listing-thumb-543w/a49d5320bca1c333aefcd0b830551970/-/horizon-files-prod/ed/picture/qzgr76x/f3478bee0d7b44c415d161606d7c7f5e39cd4257.jpg
2337,"<h1 class=""listing-item__header"">
    All In One HP 440 G6
</h1>",Neuf,HP,650 000 ,Médina,https://i.roamcdn.net/hz/ed/listing-thumb-543w/fe1e3b8be37feaea0f4825a5a930c4a6/-/horizon-files-prod/ed/picture/qx4vdkq/5eab6816b2f286801037544f50b882d66bf50a27.png
2338,"<h1 class=""listing-item__header"">
    CORE I5.4GO.500GO.19""
</h1>",D'occasion,Dell,50 000 ,Colobane,https://i.roamcdn.net/hz/ed/listing-thumb-543w/97812509dcf0192bdcf486bc5ad03ef7/-/horizon-files-prod/ed/picture/q2emv5g/35857295c8a364b03683767d22f103c671347509.jpg
2339,"<h1 class=""listing-item__header"">
    HP 15 Core i5.11eme
</h1>",Neuf,HP,390 000 ,Colobane,https://i.roamcdn.net/hz/ed/listing-thumb-543w/0fe4d5ba550123df3d9f1999c29efed5/-/horizon-files-prod/ed/picture/qnegpgk/86ba96971dac11450815668bbfc401ece4c19af8.jpg
2340,"<h1 class=""listing-item__header"">
    LENOVO AIO V50A Tactile
</h1>",Neuf,Lenovo,730 000 ,Médina,https://i.roamcdn.net/hz/ed/listing-thumb-543w/45a14411b5e5eb629aac8e82366add56/-/horizon-files-prod/ed/picture/qrd652q/ab149c94a9a81cdede6e8774ddfa69552c52affa.png
2341,"<h1 class=""listing-item__header"">
    All In One Hp dp1037nh 24'' pouces Tactile
</h1>",Neuf,HP,810 000 ,Médina,https://i.roamcdn.net/hz/ed/listing-thumb-543w/9413fac91b94550c6705db7c44abd0ff/-/horizon-files-prod/ed/picture/qwxv6xz/181c6e30163e007e4f5b3b389de4d12eb99ffaa2.jpg
2342,"<h1 class=""listing-item__header"">
    RAM DDR3 pc &amp; desktop
</h1>",Neuf,Toshiba,18 000 ,Dieuppeul,https://i.roamcdn.net/hz/ed/listing-thumb-543w/78044c80d5e25a4a09d147384ee80922/-/horizon-files-prod/ed/picture/q82gvnn/46f40552db1e05bc250f8671c82db927a0c0be23.jpg
2343,"<h1 class=""listing-item__header"">
    Ordinateur Hp X360 14T-DY000 Ecran 14""Tactile + stylet
</h1>",Neuf,HP,850 000 ,Médina,https://i.roamcdn.net/hz/ed/listing-thumb-543w/4f99193e2c756a3e240d56819690e260/-/horizon-files-prod/ed/picture/qd5gmgw/81581f6ab07b4bec1ee9fe02dd35445ab8a8841e.jpg
2344,"<h1 class=""listing-item__header"">
    Ordinateur de bureau ALL IN ONE hp aio df1063 i3 11TH
</h1>",Neuf,HP,510 000 ,Médina,https://i.roamcdn.net/hz/ed/listing-thumb-543w/0ebf7fb5d2372f9111059720c78dec6a/-/horizon-files-prod/ed/picture/q7njm7j/1009ed647a200e1228149d7f86525bc98d01a583.png
2345,"<h1 class=""listing-item__header"">
    Ordinateur de bureau HP PRO 300 G6 MT I5 10TH
</h1>",Neuf,HP,510 000 ,Médina,https://i.roamcdn.net/hz/ed/listing-thumb-543w/9e362333ad743b127392037c32874193/-/horizon-files-prod/ed/picture/q6g4qjg/2b8693969bccaf6c05489c1fab3e0972c0752f57.png
2346,"<h1 class=""listing-item__header"">
    HP 430 G8 I5 11Th
</h1>",Neuf,HP,550 000 ,Médina,https://i.roamcdn.net/hz/ed/listing-thumb-543w/2fc8123e26b67cf1d43405bf120ccf5a/-/horizon-files-prod/ed/picture/q8wxjnz/1a8de20f42add7934c76a70f980c335addf341a3.png
2347,"<h1 class=""listing-item__header"">
    All In One Hp 200 G4 Ecran 24'' pouces
</h1>",Neuf,HP,485 000 ,Médina,https://i.roamcdn.net/hz/ed/listing-thumb-543w/eddd5d1f38f92ccebad14f55043882e0/-/horizon-files-prod/ed/picture/q682jjp/e9d10530cf0522311489c6f464c13d744db4c73c.png
2348,"<h1 class=""listing-item__header"">
    HP ProBook 640 G2 core i5
</h1>",Neuf,HP,160 000 ,Médina,https://i.roamcdn.net/hz/ed/listing-thumb-543w/c9627c22a3326545e96174114b823e90/-/horizon-files-prod/ed/picture/qg2mv22/cb3b22224b40ee8f48cd989d24d719c35fb42cc9.jpg
2349,"<h1 class=""listing-item__header"">
    unité central Lenovo, DELL et HP core i5
</h1>",Venant,Lenovo,80 000 ,Médina,https://i.roamcdn.net/hz/ed/listing-thumb-543w/9bd01135d80d0b7c647420028ffa5228/-/horizon-files-prod/ed/picture/q8qmq7j/fbe1370ebaa3b6b623feea0000227a440947c804.jpg
2350,"<h1 class=""listing-item__header"">
    Unité Centrale 3500 Pro, Intel Core I3 Ram 4 Go, 500 Go
</h1>",Neuf,HP,140 000 ,Médina,https://i.roamcdn.net/hz/ed/listing-thumb-543w/6e5a4b9635511a5ba0b5f2c80eb771b4/-/horizon-files-prod/ed/picture/q4xxq24/7f51ef788c910634b9c3a448b32243b236f5fb40.jpg
2351,"<h1 class=""listing-item__header"">
    DELL latitude 7490 i5 8th Gen
</h1>",Venant,Dell,170 000 ,Médina,https://i.roamcdn.net/hz/ed/listing-thumb-543w/98d3c5940bb9fc493ba47baf9a422a71/-/horizon-files-prod/ed/picture/qdx96mm/3f1abee6d346927129353f627a2e3030fd019af3.jpg
2352,"<h1 class=""listing-item__header"">
    HP ELITEBOOK 830 G8 i5 11th Ram 16
</h1>",Neuf,HP,650 000 ,Médina,https://i.roamcdn.net/hz/ed/listing-thumb-543w/e41309bc4b678347b85aedffae63f546/-/horizon-files-prod/ed/picture/qrgkn5j/7531e22599072e0d31793858223806f2f4fb072a.jpg
2353,"<h1 class=""listing-item__header"">
    Core i7.8go.500go.23""
</h1>",D'occasion,HP,90 000 ,Gueule-Tapée,https://i.roamcdn.net/hz/ed/listing-thumb-543w/ebc507d31bec8eec3ff6d215af24b18e/-/horizon-files-prod/ed/picture/migrated/q8pxm4n/ff9f1b16b40296b95175a8d0e8b1e6a5d71a227f.jpg
2354,"<h1 class=""listing-item__header"">
    hp probook 450 G8 CORE I5 11TH
</h1>",Neuf,HP,625 000 ,Médina,https://i.roamcdn.net/hz/ed/listing-thumb-543w/01645a4d89027c141f29ba4893fe98b8/-/horizon-files-prod/ed/picture/q06zxnz/5265df9212ee307dc3bb6f5b8731d18d919025a9.png
2355,"<h1 class=""listing-item__header"">
    HP ELITEBOOK 840 G3 I5
</h1>",Réconditionné,HP,125 000 ,Colobane,https://i.roamcdn.net/hz/ed/listing-thumb-543w/665d68d152c2cdb0032a15069558b4ac/-/horizon-files-prod/ed/picture/qkwxwv2/f1e00dd51cb390fa9c96b990e57becff9df395ab.jpg
2356,"<h1 class=""listing-item__header"">
    Ordinateur Core i3
</h1>",D'occasion,Acer,45 000 ,Gueule-Tapée,https://i.roamcdn.net/hz/ed/listing-thumb-543w/b3a2926cd01f5b617e6f02b946ca34e0/-/horizon-files-prod/ed/picture/migrated/q956x8v/69a302fff043309d484f85b21931324a2becb3d3.jpg
2357,"<h1 class=""listing-item__header"">
    Hp 6300 core I5+19
</h1>",Neuf,HP,240 000 ,Gueule-Tapée,https://i.roamcdn.net/hz/ed/listing-thumb-543w/a98cf7de11d4113b108fc46f1a040a4b/-/horizon-files-prod/ed/picture/migrated/qm6p2mz/a3526d20a29a69dfcfd62616830059a5f7469be7.jpg
2358,"<h1 class=""listing-item__header"">
    LENOVO IP3 14ITL6 CORE I7 10TH
</h1>",Neuf,Lenovo,490 000 ,Médina,https://i.roamcdn.net/hz/ed/listing-thumb-543w/dae27886b22c8838945b47af4cabd097/-/horizon-files-prod/ed/picture/q505z0n/a6e8f194e1eff81774873dc2d88746d6a76ddf26.png
2359,"<h1 class=""listing-item__header"">
    Core i7.NVIDIA 730.24""
</h1>",D'occasion,Lenovo,195 000 ,Gueule-Tapée,https://i.roamcdn.net/hz/ed/listing-thumb-543w/84cfbddd9d12da8311bb89642ec1c0f5/-/horizon-files-prod/ed/picture/q8xm8j6/154953edb35915656c137abdf002bff6381bd50b.jpg
2360,"<h1 class=""listing-item__header"">
    ORDINATEUR COMPLET
</h1>",D'occasion,Dell,35 000 ,Gueule-Tapée,https://i.roamcdn.net/hz/ed/listing-thumb-543w/ed882f01e37521c373944a4f6f170ec6/-/horizon-files-prod/ed/picture/migrated/qxgn4ez/ac1b7aa24972eb701949dfbf83e926b57ac21beb.jpg
2361,"<h1 class=""listing-item__header"">
    ECRAN 22"" AVEC POSSIBILITE HDMI
</h1>",Réconditionné,HP,25 000 ,Colobane,https://i.roamcdn.net/hz/ed/listing-thumb-543w/9287b4dec19689aef71558c325dc8330/-/horizon-files-prod/ed/picture/q8j08zp/eeae97e93becc7214a4042a106249a8b74bec12f.jpg
2362,"<h1 class=""listing-item__header"">
    ORDINATEUR COMPLET ECRAN 19 POUCES
</h1>",D'occasion,HP,35 000 ,Colobane,https://i.roamcdn.net/hz/ed/listing-thumb-543w/6262b275cdf9acad62e33819195c5f90/-/horizon-files-prod/ed/picture/qz722pq/f957a05d0e6f2600bf781da54b233885be2ba40b.jpg
2363,"<h1 class=""listing-item__header"">
    Dell I7 16go 1to 15.6
</h1>",D'occasion,Dell,150 000 ,Gueule-Tapée,https://i.roamcdn.net/hz/ed/listing-thumb-543w/0faea3c6b8298258250a9c8c6ccd9441/-/horizon-files-prod/ed/picture/migrated/qwgj6rz/866052d04eb1c8586a25ab76d06eb93cbda2e50a.jpg
2364,"<h1 class=""listing-item__header"">
    DELL ALL IN ONE.I5.24""
</h1>",D'occasion,Dell,170 000 ,Colobane,https://i.roamcdn.net/hz/ed/listing-thumb-543w/da414648e7490477ffeb5e25b79f1eb6/-/horizon-files-prod/ed/picture/qke2wg5/e06a022b0af6dfab65a924c1d45f52a1a40b34d4.jpg
2365,"<h1 class=""listing-item__header"">
    Core I7.8GO.22""wifi
</h1>",Réconditionné,Lenovo,90 000 ,Colobane,https://i.roamcdn.net/hz/ed/listing-thumb-543w/04d5e1e416a3365b30589d4c7138e583/-/horizon-files-prod/ed/picture/qrxv9wx/a1c6e9ef209294880cfd55534552def94419eed5.jpg
2366,"<h1 class=""listing-item__header"">
    ALL IN ONE.Core I5.24""Tactile
</h1>",Neuf,HP,600 000 ,Colobane,https://i.roamcdn.net/hz/ed/listing-thumb-543w/845da9d753e8ee83b015d7c8223d963d/-/horizon-files-prod/ed/picture/qne2n2z/025adf075df3b84417b8e06624db7abf6625e263.jpg
2367,"<h1 class=""listing-item__header"">
    Core i3 + 19 pouces
</h1>",D'occasion,HP,45 000 ,Gueule-Tapée,https://i.roamcdn.net/hz/ed/listing-thumb-543w/1372c5a6e1e635e7ae83c568b24683eb/-/horizon-files-prod/ed/picture/qvqr2vm/a645d897d57152ff9055842139579f9e61fd3fbc.jpg
2368,"<h1 class=""listing-item__header"">
    Hp 6300 core i3+ 19""
</h1>",Neuf,HP,225 000 ,Gueule-Tapée,https://i.roamcdn.net/hz/ed/listing-thumb-543w/96d9bfa6f8e6522f30bc63b9abc71a08/-/horizon-files-prod/ed/picture/migrated/q2700ze/93fee403c83c5a80c8f8ffd6c06c24d4af362682.jpg
2369,"<h1 class=""listing-item__header"">
    HP 6300 CORE2+19
</h1>",Neuf,HP,200 000 ,Gueule-Tapée,https://i.roamcdn.net/hz/ed/listing-thumb-543w/cfcd0ad4e79efc088119e97913b49abb/-/horizon-files-prod/ed/picture/migrated/qxg2rd0/fc096d4b27c81a016e79807e5cef0bfef5079282.jpg
2370,"<h1 class=""listing-item__header"">
    Hp 6300 core i7+ 19""
</h1>",Neuf,HP,290 000 ,Gueule-Tapée,https://i.roamcdn.net/hz/ed/listing-thumb-543w/767e2bcce28ee6aa421b6ec6e9faf1ad/-/horizon-files-prod/ed/picture/migrated/qe9vqm6/412ef01ad6e93a52cd1d35cf3798c7eea965b5e2.jpg
2371,"<h1 class=""listing-item__header"">
    GAMER HP  Z420 +24"" Nvidia 4go+16go 256go
</h1>",D'occasion,HP,200 000 ,Colobane,https://i.roamcdn.net/hz/ed/listing-thumb-543w/95bbf0b5c8a5350c5f18cac2b8e43d68/-/horizon-files-prod/ed/picture/q06k2zx/f38f6236282a54811336335d4d73c84e20c61076.jpg
2372,"<h1 class=""listing-item__header"">
    GAMER Z620.640 GTX 1650
</h1>",Réconditionné,HP,350 000 ,Colobane,https://i.roamcdn.net/hz/ed/listing-thumb-543w/9a5a26d4505e7bc9801182270e6a1e21/-/horizon-files-prod/ed/picture/q7qw6vd/ce2e2375489fa566a588043ab79c9667f3a075cd.jpg
2373,"<h1 class=""listing-item__header"">
    Dell core i7
</h1>",D'occasion,Dell,150 000 ,Gueule-Tapée,https://i.roamcdn.net/hz/ed/listing-thumb-543w/580d7336bbec4a40b8bb029e2367a4ba/-/horizon-files-prod/ed/picture/migrated/qn7w449/14e7a2246da63ebff6b3efee49f4c7c575c71d4f.jpg
2374,"<h1 class=""listing-item__header"">
    Dell 6410 core i5
</h1>",D'occasion,Dell,75 000 ,Gueule-Tapée,https://i.roamcdn.net/hz/ed/listing-thumb-543w/3e6d8367a6ac3e4e924818194d357041/-/horizon-files-prod/ed/picture/migrated/qkppez2/17c126b7569f42aa426f609ae2ba8f9ba97d3a7a.jpg
2375,"<h1 class=""listing-item__header"">
    Core i5.wifi.8go.500go.19""
</h1>",D'occasion,Lenovo,65 000 ,Gueule-Tapée,https://i.roamcdn.net/hz/ed/listing-thumb-543w/ef6cdb8005aeac30b51d521892c85bcf/-/horizon-files-prod/ed/picture/migrated/qwgn9dz/5b2c9cc04fb914d66cc03eb40314c22887d289dd.jpg
2376,"<h1 class=""listing-item__header"">
    GAMER HP Z420.16GO.GTX1650
</h1>",D'occasion,HP,300 000 ,Colobane,https://i.roamcdn.net/hz/ed/listing-thumb-543w/cbe098b219004123e46efb16f7511393/-/horizon-files-prod/ed/picture/qpr7qwv/13f1c34a02b7b39d6ee7a7f3ebcb0f95746c878e.jpg
2377,"<h1 class=""listing-item__header"">
    Gamer Asus GTX I7
</h1>",D'occasion,ASUS,350 000 ,Gueule-Tapée,https://i.roamcdn.net/hz/ed/listing-thumb-543w/1c7c09213c2aa41c32588067fd7a7aff/-/horizon-files-prod/ed/picture/migrated/qwg8m65/5df5513025332578525465e4e125832965147478.jpg
2378,"<h1 class=""listing-item__header"">
    Core i7 23pouces
</h1>",D'occasion,HP,90 000 ,Gueule-Tapée,https://i.roamcdn.net/hz/ed/listing-thumb-543w/8b2ed6bbee43f2218fb531cd8cadba76/-/horizon-files-prod/ed/picture/migrated/qwg5nxd/c4fc2e09e042c79ae8ecb5703622969bb286c444.jpg
2379,"<h1 class=""listing-item__header"">
    Gaming I7.NVIDIA4Go.16GoRAM+.23""
</h1>",D'occasion,HP,180 000 ,Gueule-Tapée,https://i.roamcdn.net/hz/ed/listing-thumb-543w/7b6e00a0614caa9d4d3005bceac84c99/-/horizon-files-prod/ed/picture/migrated/qp0mz0m/614925e8b928afd77191a5c218fec916305d4b6c.jpg
2380,"<h1 class=""listing-item__header"">
    GAMING ASUS NVIDIA GTX  I7 3.33GHZ
</h1>",D'occasion,Autre,350 000 ,Gueule-Tapée,https://i.roamcdn.net/hz/ed/listing-thumb-543w/d905a4d9e65775d6fadcf24833c9b5fa/-/horizon-files-prod/ed/picture/migrated/qe92444/f1686c81b80cff0dce509c3c95458134b13db3c6.jpg
2381,"<h1 class=""listing-item__header"">
    Lenovo IDEAPAD 3 14ITL6 I5 10TH RAM 8 GO DISQUE 512 GO SSD
</h1>",Neuf,Lenovo,410 000 ,Médina,https://i.roamcdn.net/hz/ed/listing-thumb-543w/2f66826aef69c3c6ea49078f28e92bea/-/horizon-files-prod/ed/picture/q4vmrdz/65717159402714a1664dff4a2cef56e74e9d787d.png
2382,"<h1 class=""listing-item__header"">
    Portable Dell Core I7
</h1>",D'occasion,Dell,150 000 ,Gueule-Tapée,https://i.roamcdn.net/hz/ed/listing-thumb-543w/0fe7cedc305921fd9675291ec853b1d7/-/horizon-files-prod/ed/picture/migrated/q6nz7np/c6cdfa06daa6cd8e6418aa3294e774367ff885c4.jpg
2383,"<h1 class=""listing-item__header"">
    Core I5.8go.500go+ 19""
</h1>",D'occasion,HP,65 000 ,Gueule-Tapée,https://i.roamcdn.net/hz/ed/listing-thumb-543w/137b625a9b49aed62e94c28441df55c9/-/horizon-files-prod/ed/picture/migrated/qzz54m6/08e463c480a716f700b5a66ef8dbfeba8cbca89f.jpg
2384,"<h1 class=""listing-item__header"">
    HP Core I5+19 NEUF
</h1>",Neuf,HP,275 000 ,Gueule-Tapée,https://i.roamcdn.net/hz/ed/listing-thumb-543w/17416486f51639847ac66b51aa6eaf3e/-/horizon-files-prod/ed/picture/migrated/qp0jemw/17dc65f1f17ba2a1d7262e53f32746d69d0cd4f8.jpg
2385,"<h1 class=""listing-item__header"">
    HP Core I7 neuf + 19""
</h1>",Neuf,HP,350 000 ,Gueule-Tapée,https://i.roamcdn.net/hz/ed/listing-thumb-543w/a308cca43ff563b101df400b577f1485/-/horizon-files-prod/ed/picture/migrated/qm6je9m/e5bf24c9b2eeaa701f760c5ed0bdcde20178b470.jpg
2386,"<h1 class=""listing-item__header"">
    Core I5 8go 500go 22"" Wifi
</h1>",D'occasion,Acer,70 000 ,Gueule-Tapée,https://i.roamcdn.net/hz/ed/listing-thumb-543w/f110964d80ed4a4a5179e3712f764de0/-/horizon-files-prod/ed/picture/migrated/qrn4rv2/585dc8484b3e481ad6ab4c32ae57e70565f3f9a8.jpg
2387,"<h1 class=""listing-item__header"">
    Core 2.dual.+19""
</h1>",D'occasion,HP,40 000 ,Gueule-Tapée,https://i.roamcdn.net/hz/ed/listing-thumb-543w/cca0f7f511fb762109d9d964b3a11603/-/horizon-files-prod/ed/picture/migrated/qe9jpx2/e2ceaa5287b5b7aad352af8f373c5d93a5ec3595.jpg
2388,"<h1 class=""listing-item__header"">
    Ordinateur Core I5
</h1>",D'occasion,HP,55 000 ,Gueule-Tapée,https://i.roamcdn.net/hz/ed/listing-thumb-543w/329fd1bda519aa9ec16d1cdcb110e157/-/horizon-files-prod/ed/picture/migrated/qzzj9pr/43aea8857b14ed5dd7de10c2b0a28dabfac20079.jpg
2389,"<h1 class=""listing-item__header"">
    UC Lenovo core i5
</h1>",Neuf,Lenovo,60 000 ,Médina,https://i.roamcdn.net/hz/ed/listing-thumb-543w/4fa103b1c98f20c5f5b45bd232a6a318/-/horizon-files-prod/ed/picture/qn64jek/ff2b4c5388076a959a08c6811e38999b04185d86.jpg
2390,"<h1 class=""listing-item__header"">
    Ecran PC ACER 24,5 pouces FHD IPS - 100Hz - 1ms
</h1>",Neuf,Acer,100 000 ,Golf,https://i.roamcdn.net/hz/ed/listing-thumb-543w/0d8f126ad6652df52d88a1c11678c07c/-/horizon-files-prod/ed/picture/qgrpqwk/7547be4c0d185836e5c60ff5bf4504c71fcfdf5d.jpg
2391,"<h1 class=""listing-item__header"">
    Hp i7.16go+22""+4go nvidia
</h1>",Neuf,HP,500 000 ,Gueule-Tapée,https://i.roamcdn.net/hz/ed/listing-thumb-543w/a781ecf8e5252aa69c693904fef5f5aa/-/horizon-files-prod/ed/picture/migrated/qd0dvp5/dbf7bf20d46e0c19abd25f846d1524ef05510c8f.jpg
2392,"<h1 class=""listing-item__header"">
    Ordinateur+19 pouces
</h1>",D'occasion,Lenovo,40 000 ,Gueule-Tapée,https://i.roamcdn.net/hz/ed/listing-thumb-543w/429f0d2174fb557e2c16ec5d3bef6f7a/-/horizon-files-prod/ed/picture/qd6q5zg/13f794326614a395613ac17d76054659cb4b494e.jpg
2393,"<h1 class=""listing-item__header"">
    Hp i7.16go+24""+4Go nvidia
</h1>",Neuf,HP,400 000 ,Gueule-Tapée,https://i.roamcdn.net/hz/ed/listing-thumb-543w/9000da79379b40e9581a897542c52e39/-/horizon-files-prod/ed/picture/migrated/qd096d2/a98ca9d347c73cb4a9321b996de10cab167b764a.jpg
2394,"<h1 class=""listing-item__header"">
    Core i3.wifi+19
</h1>",D'occasion,HP,45 000 ,Gueule-Tapée,https://i.roamcdn.net/hz/ed/listing-thumb-543w/da017c4c474c53f2c3ba7df0d23bf5b3/-/horizon-files-prod/ed/picture/migrated/qd0dzjj/e6dac729caf02c711281b8e21097e48987feb603.jpg
2395,"<h1 class=""listing-item__header"">
    All In One Hp 200 G4 I5 10TH
</h1>",Neuf,HP,550 000 ,Médina,https://i.roamcdn.net/hz/ed/listing-thumb-543w/038e505430f85ec2248ba916db1548a8/-/horizon-files-prod/ed/picture/qm7pqwm/8eae492b58daa0cc8f95cb76877e6d699bba0a5c.png
2396,"<h1 class=""listing-item__header"">
    Core i7.23pouces
</h1>",D'occasion,HP,90 000 ,Gueule-Tapée,https://i.roamcdn.net/hz/ed/listing-thumb-543w/9cf090a87c37a642b83944a257986ae9/-/horizon-files-prod/ed/picture/migrated/q6n4qjd/2947f08d34251a5c7aa8ab46a293578382c8c9c8.jpg
2397,"<h1 class=""listing-item__header"">
    GAMER I7
</h1>",Réconditionné,Dell,350 000 ,Colobane,https://i.roamcdn.net/hz/ed/listing-thumb-543w/e671ddb001c1bcf5ad4b049f900ee615/-/horizon-files-prod/ed/picture/qn8zrwm/058bf1648096a1815ef25b5c9bdcef1de864e241.jpg
2398,"<h1 class=""listing-item__header"">
    Ordinateur de bureau HP 290 G4 I5 10TH
</h1>",Neuf,HP,530 000 ,Médina,https://i.roamcdn.net/hz/ed/listing-thumb-543w/685724d4bad35eaab5ec0e770dfcdaa2/-/horizon-files-prod/ed/picture/q0j5dp6/52f06cfef43c2427a416f3519daba721cd11366f.png
2399,"<h1 class=""listing-item__header"">
    Ordi Portable Dell Core I5
</h1>",Réconditionné,Dell,80 000 ,Gueule-Tapée,https://i.roamcdn.net/hz/ed/listing-thumb-543w/c2e02efae3739905eaad72acf4d6406f/-/horizon-files-prod/ed/picture/migrated/qq9g6nz/ed576ae3b89ebf5b735358de3a2d57a45a98a2ed.jpg
2400,"<h1 class=""listing-item__header"">
    HP PROBOOK 640 G4 I5
</h1>",Réconditionné,HP,150 000 ,Colobane,https://i.roamcdn.net/hz/ed/listing-thumb-543w/48f5fee2214f28e9745ef3ddb20da348/-/horizon-files-prod/ed/picture/qne2z6m/ade684056beb4345daa623f794e50c79fffce5a6.jpg
2401,"<h1 class=""listing-item__header"">
    Ordinateur de bureau ALL IN ONE HP AIO 200 G4 i3 10th
</h1>",Neuf,HP,485 000 ,Médina,https://i.roamcdn.net/hz/ed/listing-thumb-543w/f9b77016286a6d83d7d451fbc084bb8a/-/horizon-files-prod/ed/picture/qw7j9qd/9d942c6378c1678879475f8bf7fe7e15fa6c8d33.png
2402,"<h1 class=""listing-item__header"">
    ordinateur de bureau HP 290 G4 MT I7 10TH SANS ECRAN
</h1>",Neuf,HP,440 000 ,Médina,https://i.roamcdn.net/hz/ed/listing-thumb-543w/8e7c482c3077fbffad777760d80fd199/-/horizon-files-prod/ed/picture/qdgmj75/7ec580e25a526fe3581dce5c122339f5bfd87775.png
2403,"<h1 class=""listing-item__header"">
    HP Core I3 ordinateur complet
</h1>",D'occasion,HP,45 000 ,Gueule-Tapée,https://i.roamcdn.net/hz/ed/listing-thumb-543w/14c44db966cf6fe9280597431620500f/-/horizon-files-prod/ed/picture/migrated/qp026mm/eba266304bd5db95647d9b133d59049427fd8fd7.jpg
2404,"<h1 class=""listing-item__header"">
    GAMER DELL PRECISION 5810 XEON.NVIDIA 4go.32go
</h1>",D'occasion,Dell,350 000 ,Colobane,https://i.roamcdn.net/hz/ed/listing-thumb-543w/a3f6efb5ee1f47bd01fe28bb1be3bcda/-/horizon-files-prod/ed/picture/qvrp6ej/09b5141de08b8143b2224a257b84f36f8237620f.jpg
2405,"<h1 class=""listing-item__header"">
    Ordinateur Core i5+19
</h1>",D'occasion,HP,55 000 ,Gueule-Tapée,https://i.roamcdn.net/hz/ed/listing-thumb-543w/0f866bb13bec82aca20d8a3dd1e26153/-/horizon-files-prod/ed/picture/q745n7g/c6ccb6921ad21de78452845dbbb4903040306ddf.jpg
2406,"<h1 class=""listing-item__header"">
    ECRAN MONITEUR HP 27 POUCES
</h1>",Neuf,HP,200 000 ,Plateau,https://i.roamcdn.net/hz/ed/listing-thumb-543w/3a7ef14f6bc0c8d42f54c3295fe953a3/-/horizon-files-prod/ed/picture/q4gzxz8/a2bffcab6b0feb9e7474f5d4b33b081fbfcc3446.jpg
2407,"<h1 class=""listing-item__header"">
    HP ProBook 650 G2 i7 RAM 16Go , Disque 256
</h1>",Venant,HP,1 780 000 ,Médina,https://i.roamcdn.net/hz/ed/listing-thumb-543w/9de7c698512b6948b0fe1a42d8bf8496/-/horizon-files-prod/ed/picture/q00v78x/70be11d357a7d880f32a82b8e1a786682bd2ed28.jpg
2408,"<h1 class=""listing-item__header"">
    Unité central hp , dell et lenovo
</h1>",Venant,Lenovo,35 000 ,Médina,https://i.roamcdn.net/hz/ed/listing-thumb-543w/1cd4139eef830b9dc03b64e14d7cae5c/-/horizon-files-prod/ed/picture/q4g7e08/3e22ae003a23f68aef32055c91c4ea50b29cf18b.jpg
2409,"<h1 class=""listing-item__header"">
    Core I7.16go.gtx1050.24
</h1>",D'occasion,Dell,350 000 ,Gueule-Tapée,https://i.roamcdn.net/hz/ed/listing-thumb-543w/757b8842d871e636f792a53e581c2dce/-/horizon-files-prod/ed/picture/migrated/qe9jr85/7f2acf9f586727949066d4647142a436b0818a73.jpg
