,details,Etat,Marque,Prix,Adresse,Image_link
0,"<h1 class=""listing-item__header"">
    iphone 8 simple-64Go- VENANT AUTHENTİQUE
</h1>",Venant,iPhone,60 000 ,Médina,https://i.roamcdn.net/hz/ed/listing-thumb-543w/78e42d1b663069f0d6f431c5e7147757/-/horizon-files-prod/ed/picture/qwep020g/e957d742d35e6febce0ed259c8e7023cefc35f21.jpg
1,"<h1 class=""listing-item__header"">
    iPhone 12 simple -64 Go- VENANT AUTHENTİQUE
</h1>",Venant,iPhone,175 000 ,Médina,https://i.roamcdn.net/hz/ed/listing-thumb-543w/c1b63f5207785812ebd5b426249656a1/-/horizon-files-prod/ed/picture/q8v4wrgp/94de9e8ed7e9c5d9cf2bddc690caab258bef9337.jpg
2,"<h1 class=""listing-item__header"">
    Oppo venant 128go ram 6go 4g 6pouces
</h1>",Venant,Oppo,35 000 ,Parcelles Assainies,https://i.roamcdn.net/hz/ed/listing-thumb-543w/a2d0356cb1cd7021f867fa45b67c93c4/-/horizon-files-prod/ed/picture/q0g7xpj6/544a472ac0efd240a5d0157587b4b6510f301c1e.jpg
3,"<h1 class=""listing-item__header"">
    Huawei p30 pro scellé 256go
</h1>",Neuf,Huawei,140 000 ,Colobane,https://i.roamcdn.net/hz/ed/listing-thumb-543w/9d3b97b4126219c15a9ad1eec9b8cf27/-/horizon-files-prod/ed/picture/q56x0d7p/cbfc505c03197aeb7d176c271feeb2878fb2104f.jpg
4,"<h1 class=""listing-item__header"">
    Samsung Galaxy z flip 3
</h1>",Venant,Samsung,159 900 ,Colobane,https://i.roamcdn.net/hz/ed/listing-thumb-543w/2f3d4e14c6a93a1f2b68c43cd5639ddb/-/horizon-files-prod/ed/picture/qkrgjzpj/c59fc35b1d117f5b776229986ab8612e7457ac8a.jpg
5,"<h1 class=""listing-item__header"">
    Xiaomi redmi 14c neuf 256go ram 16go
</h1>",Neuf,Xiaomi,80 000 ,Médina,https://i.roamcdn.net/hz/ed/listing-thumb-543w/9dfdae3e50b8967dc6baa56319781cc5/-/horizon-files-prod/ed/picture/qv4wrzpv/f8335a77b723380704c1e9f40b84028e5ea5f526.jpg
6,"<h1 class=""listing-item__header"">
    Samsung Galaxy xcover 5 venant 64go ram 4go 4g waterproof
</h1>",Venant,Samsung,59 900 ,Parcelles Assainies,https://i.roamcdn.net/hz/ed/listing-thumb-543w/cf57f495206c1ba6f5469d58644e43a0/-/horizon-files-prod/ed/picture/q78wdvzd/6cab283c4e534dc6449aa89575d1715f7f809e85.jpg
7,"<h1 class=""listing-item__header"">
    14pro 512G
</h1>",Venant,iPhone,450 000 ,Médina,https://i.roamcdn.net/hz/ed/listing-thumb-543w/0ea5cb7d9861ad9fc045d62751d39589/-/horizon-files-prod/ed/picture/qenve8vd/bae211bd4dfe1933620a296c5ee8f4b65109598b.jpg
8,"<h1 class=""listing-item__header"">
    Motorola edge 50 fusion 512GB 12GB
</h1>",Venant,Motorola,260 000 ,Pikine,https://i.roamcdn.net/hz/ed/listing-thumb-543w/a7cfaf5a493ec98d0e669e02ef208faf/-/horizon-files-prod/ed/picture/q0g7j6wk/cd3112307a350250ff9bbeda7f7b1626ba263018.jpg
9,"<h1 class=""listing-item__header"">
    15pro 128G
</h1>",Venant,iPhone,470 000 ,Médina,https://i.roamcdn.net/hz/ed/listing-thumb-543w/764c3d8f192f6312c5cb45338946cfd0/-/horizon-files-prod/ed/picture/qpdme9d0/06ff615b368354a56c1c0634324db73a49aaf23f.jpg
10,"<h1 class=""listing-item__header"">
    iPhone 15promax 1TB
</h1>",Venant,iPhone,650 000 ,Golf,https://i.roamcdn.net/hz/ed/listing-thumb-543w/455c11375421ed0638b00a395067cf14/-/horizon-files-prod/ed/picture/q8v4wre9/67018eb6015f6e835d6065fe1f6281c17da483fb.jpg
11,"<h1 class=""listing-item__header"">
    iPhone 14promax 250gb
</h1>",Venant,iPhone,450 000 ,Golf,https://i.roamcdn.net/hz/ed/listing-thumb-543w/808c0d7d9ca194b9074f4e64f97a8239/-/horizon-files-prod/ed/picture/qq42exmj/d179b7039a83e3f78fee60b4350bec51646f292c.jpg
12,"<h1 class=""listing-item__header"">
    iphone 8 simple-64Go- VENANT AUTHENTİQUE
</h1>",Venant,iPhone,60 000 ,Médina,https://i.roamcdn.net/hz/ed/listing-thumb-543w/78e42d1b663069f0d6f431c5e7147757/-/horizon-files-prod/ed/picture/qwep020g/e957d742d35e6febce0ed259c8e7023cefc35f21.jpg
13,"<h1 class=""listing-item__header"">
    Samsung galaxy fold 6 256G
</h1>",Neuf,Samsung,750 000 ,Liberte 6 extension,https://i.roamcdn.net/hz/ed/listing-thumb-543w/fb52b15c5a77dff4c6ebb42103a77b2c/-/horizon-files-prod/ed/picture/qq42e5v6/b910e6b186d4206e3759a489da1e8d6e88f16450.jpg
14,"<h1 class=""listing-item__header"">
    iPhone 13 128 go
</h1>",Venant,iPhone,230 000 ,Golf,https://i.roamcdn.net/hz/ed/listing-thumb-543w/3e0670f95ead03ad474a70b059e9b528/-/horizon-files-prod/ed/picture/q8v4wrqj/f5b482e445fe66ba01101854407eaf55101ac256.jpg
15,"<h1 class=""listing-item__header"">
    Samsung Galaxy Fold 5 256Go Ram 12
</h1>",Neuf,Samsung,475 000 ,Médina,https://i.roamcdn.net/hz/ed/listing-thumb-543w/59b4ce24091ed9d2727d86407e41db43/-/horizon-files-prod/ed/picture/qq42expj/dac743f7402fb072406448c812c71fa501e7be50.jpg
16,"<h1 class=""listing-item__header"">
    Samsung Galaxy Fold 5 256Go Ram 12
</h1>",Neuf,Samsung,450 000 ,Médina,https://i.roamcdn.net/hz/ed/listing-thumb-543w/74701f919346aff61dad8f16b35470a9/-/horizon-files-prod/ed/picture/q44nvwxe/153d38434b61154a9c79a5f3b3ef112f9128ed17.jpg
17,"<h1 class=""listing-item__header"">
    Samsung galaxy S23 + 256GB 8GB ram 2sim
</h1>",Venant,Samsung,275 000 ,Pikine,https://i.roamcdn.net/hz/ed/listing-thumb-543w/0f7c5fe0405bec246c22ee794ababd5c/-/horizon-files-prod/ed/picture/q44nvwxp/8f898135d9a295aa637e91fe41d245f51a663e2e.jpg
18,"<h1 class=""listing-item__header"">
    Samsung Galaxy Fold5 256 giga
</h1>",Venant,Samsung,470 000 ,Médina,https://i.roamcdn.net/hz/ed/listing-thumb-543w/eff96d0402151a56a8fa9b02d9e25609/-/horizon-files-prod/ed/picture/qxjpv9vz/b67b26cb8081afec6c5d51933b041119b10f6c2e.jpg
19,"<h1 class=""listing-item__header"">
    iPhone Xr 128GB
</h1>",Venant,iPhone,130 000 ,Point-e,https://i.roamcdn.net/hz/ed/listing-thumb-543w/208438442ecd0ae7691273f6819142e8/-/horizon-files-prod/ed/picture/qngpe8e9/4ae5adef0f25d5ec3e805ca60a6e14a5b7f20111.jpg
20,"<h1 class=""listing-item__header"">
    iphone 8 simple-64Go- VENANT AUTHENTİQUE
</h1>",Venant,iPhone,60 000 ,Médina,https://i.roamcdn.net/hz/ed/listing-thumb-543w/78e42d1b663069f0d6f431c5e7147757/-/horizon-files-prod/ed/picture/qwep020g/e957d742d35e6febce0ed259c8e7023cefc35f21.jpg
21,"<h1 class=""listing-item__header"">
    iPhone 16 pro sim physique
</h1>",Neuf,iPhone,670 000 ,Médina,https://i.roamcdn.net/hz/ed/listing-thumb-543w/20eafa147714024f6cf27b843e668421/-/horizon-files-prod/ed/picture/qkr8eq9m/20d5c19e5ed42741aec8ec5311328dc0ae079046.jpg
22,"<h1 class=""listing-item__header"">
    iPhone 13 Pro Max 128
</h1>",Venant,iPhone,360 000 ,Point-e,https://i.roamcdn.net/hz/ed/listing-thumb-543w/04b90d00c8faf01c9adb2ea759236aed/-/horizon-files-prod/ed/picture/qm5geqw9/77fdfcbc0347dec93378c809c32e92492cd4bbc2.jpg
23,"<h1 class=""listing-item__header"">
    iPhone 12 Pro Max 128
</h1>",Venant,iPhone,300 000 ,Point-e,https://i.roamcdn.net/hz/ed/listing-thumb-543w/83bd6dec1960498229e355dc0f28bc72/-/horizon-files-prod/ed/picture/qrz8emx5/90100fb038bbf924937dc02303782bc199d5787a.jpg
24,"<h1 class=""listing-item__header"">
    iPhone 12 64GB
</h1>",Venant,iPhone,190 000 ,Point-e,https://i.roamcdn.net/hz/ed/listing-thumb-543w/de65d74db3aa7d93b4c8e4f718e3783c/-/horizon-files-prod/ed/picture/qq42exrw/35043fb2e8492874bd087306188e08b106b44702.jpg
25,"<h1 class=""listing-item__header"">
    iPhone 12 Pro 128
</h1>",Venant,iPhone,250 000 ,Point-e,https://i.roamcdn.net/hz/ed/listing-thumb-543w/d8cfda45ab35eedda1c9358bf0fbda1b/-/horizon-files-prod/ed/picture/qgqwe7rq/c0edac8a29caa4438718fb36d4232dc960ba5c74.jpg
26,"<h1 class=""listing-item__header"">
    IPhone 13 Pro 128
</h1>",Venant,iPhone,320 000 ,Point-e,https://i.roamcdn.net/hz/ed/listing-thumb-543w/c64929535ff629a076875ecbb15e0ee2/-/horizon-files-prod/ed/picture/q78wz44m/a18cf2fc0df6d9bfb2ab32e0ad90b76e184cb836.jpg
27,"<h1 class=""listing-item__header"">
    Xiaomi redmi note 13 neuf 512go ram 8go
</h1>",Neuf,Xiaomi,125 000 ,Patte d‘oie,https://i.roamcdn.net/hz/ed/listing-thumb-543w/100a485edd6a147871be60773cec1c7e/-/horizon-files-prod/ed/picture/q2j0599e/5e32d7f05fe97128b076b0cbf44feed0c0374c06.jpg
28,"<h1 class=""listing-item__header"">
    iPhone 11 simple -64Go- VENANT AUTHENTİQUE
</h1>",Neuf,iPhone,130 000 ,Médina,https://i.roamcdn.net/hz/ed/listing-thumb-543w/9a4a639e6ce3caa06689ab74eece6a98/-/horizon-files-prod/ed/picture/qj4qe9xd/7b73e6eb4dc3ef11d004ea2157121241a16b146e.jpg
29,"<h1 class=""listing-item__header"">
    Tecno spark 20pro 256go Ram 8go
</h1>",Neuf,Tecno,85 000 ,Patte d‘oie,https://i.roamcdn.net/hz/ed/listing-thumb-543w/fd2e2e9c6934658f8d8bb4f1cd99fe85/-/horizon-files-prod/ed/picture/q78w6xgd/c3945f135253ab5932b097a0911b4f522c3ad952.jpg
30,"<h1 class=""listing-item__header"">
    Samsung Galaxy Fold 6 512Go Ram 12
</h1>",Neuf,Samsung,750 000 ,Médina,https://i.roamcdn.net/hz/ed/listing-thumb-543w/2d414fe39953d9e2333895dafae4d779/-/horizon-files-prod/ed/picture/qj4qe95d/5d8959e7e3665a1f9c2e9e8c1de28f5a2c478e05.jpg
31,"<h1 class=""listing-item__header"">
    iphone 8 simple-64Go- VENANT AUTHENTİQUE
</h1>",Venant,iPhone,60 000 ,Médina,https://i.roamcdn.net/hz/ed/listing-thumb-543w/78e42d1b663069f0d6f431c5e7147757/-/horizon-files-prod/ed/picture/qwep020g/e957d742d35e6febce0ed259c8e7023cefc35f21.jpg
32,"<h1 class=""listing-item__header"">
    iPhone 12 simple -64 Go- VENANT AUTHENTİQUE
</h1>",Venant,iPhone,175 000 ,Médina,https://i.roamcdn.net/hz/ed/listing-thumb-543w/c1b63f5207785812ebd5b426249656a1/-/horizon-files-prod/ed/picture/q8v4wrgp/94de9e8ed7e9c5d9cf2bddc690caab258bef9337.jpg
33,"<h1 class=""listing-item__header"">
    Fold 3 256GB 2SIM
</h1>",Neuf,Samsung,350 000 ,Médina,https://i.roamcdn.net/hz/ed/listing-thumb-543w/f348d4fc57335c86c3c08d8f657abc2f/-/horizon-files-prod/ed/picture/qwe2kgm4/2e46bbb88674c41cb93b0d20221cba26da2e27bd.jpg
34,"<h1 class=""listing-item__header"">
    Samsung Galaxy S10 Plus
</h1>",Venant,Samsung,115 000 ,Médina,https://i.roamcdn.net/hz/ed/listing-thumb-543w/1c3c90479302c9eec289cec467bc6966/-/horizon-files-prod/ed/picture/qq4qngpj/8eff021625f6f72db909e65e8e920744c769cc95.jpg
35,"<h1 class=""listing-item__header"">
    Honor 90 256Go
</h1>",Neuf,Honor,220 000 ,Médina,https://i.roamcdn.net/hz/ed/listing-thumb-543w/afbc99f2177d9c16989b357f0ac86efc/-/horizon-files-prod/ed/picture/q2j09d9j/4c6d832c3cf7ed758c07de47151de83dd55b5839.jpg
36,"<h1 class=""listing-item__header"">
    SAMSUNG GALAXY TAB A9 64GB
</h1>",Neuf,Samsung,90 000 ,Médina,https://i.roamcdn.net/hz/ed/listing-thumb-543w/c2b71b1ea760d237d832ec67feee1f4d/-/horizon-files-prod/ed/picture/qwepw9rp/2211c67cf4df9541be1b7e9879f0cf319f0c8dd5.jpg
37,"<h1 class=""listing-item__header"">
    Vente Vivo X200 Pro 5G
</h1>",Neuf,Black,650 000 ,Plateau,https://i.roamcdn.net/hz/ed/listing-thumb-543w/07e3fe6de6c563b135b058d87ba9d83d/-/horizon-files-prod/ed/picture/q44nvwnv/0ff7b4919c22d57ddb36d3cca6a82c7390b8012e.jpg
38,"<h1 class=""listing-item__header"">
    Z flip 6 256 go
</h1>",Neuf,Samsung,355 000 ,Médina,https://i.roamcdn.net/hz/ed/listing-thumb-543w/14b95416e87e1ac1859e33631b8e9d5d/-/horizon-files-prod/ed/picture/qm5geqrz/d3f499fa0f9fa031eab5c36b93923a4f3446fc10.jpg
39,"<h1 class=""listing-item__header"">
    Iphone xr 128go venant
</h1>",Venant,iPhone,110 000 ,Parcelles Assainies,https://i.roamcdn.net/hz/ed/listing-thumb-543w/3e8edb3d7d55a4b2371f596072da4012/-/horizon-files-prod/ed/picture/q9mjqx80/05e271e8e1ef80f813ed1a32111bf153d748e405.png
40,"<h1 class=""listing-item__header"">
    Iphone xr 64go venant
</h1>",Neuf,iPhone,100 000 ,Parcelles Assainies,https://i.roamcdn.net/hz/ed/listing-thumb-543w/8eeae888818d0a2404ae2fda27830bdf/-/horizon-files-prod/ed/picture/qv4w6v42/fdf0d085a56b8e80fecc0ef627ac37018aabed14.png
41,"<h1 class=""listing-item__header"">
    Samsung galaxy S25 ULTRA 512go
</h1>",Neuf,Samsung,820 000 ,Parcelles Assainies,https://i.roamcdn.net/hz/ed/listing-thumb-543w/90ae412a67d763c0cf22ed90ad53cc48/-/horizon-files-prod/ed/picture/q44nvw45/cca95b91c08d8fba759c0d7da2dd584c861bb405.png
42,"<h1 class=""listing-item__header"">
    Samsung galaxie S25 ultra 512
</h1>",Neuf,Samsung,850 000 ,Médina,https://i.roamcdn.net/hz/ed/listing-thumb-543w/a603091d5f6147bcb5f9c63f4f6cbb48/-/horizon-files-prod/ed/picture/q0g7jw5w/c5f581d98550532ea3f4750603f7a2d9e65f8eec.jpg
43,"<h1 class=""listing-item__header"">
    iphone 8 simple-64Go- VENANT AUTHENTİQUE
</h1>",Venant,iPhone,60 000 ,Médina,https://i.roamcdn.net/hz/ed/listing-thumb-543w/78e42d1b663069f0d6f431c5e7147757/-/horizon-files-prod/ed/picture/qwep020g/e957d742d35e6febce0ed259c8e7023cefc35f21.jpg
44,"<h1 class=""listing-item__header"">
    iPhone 12 simple -64 Go- VENANT AUTHENTİQUE
</h1>",Venant,iPhone,175 000 ,Médina,https://i.roamcdn.net/hz/ed/listing-thumb-543w/c1b63f5207785812ebd5b426249656a1/-/horizon-files-prod/ed/picture/q8v4wrgp/94de9e8ed7e9c5d9cf2bddc690caab258bef9337.jpg
45,"<h1 class=""listing-item__header"">
    Samsung galaxy S25 ultra neuf sceller
</h1>",Neuf,Samsung,750 000 ,Parcelles Assainies,https://i.roamcdn.net/hz/ed/listing-thumb-543w/6d5d97030d2435e00f96884a96627a29/-/horizon-files-prod/ed/picture/qj4qe9mw/77867b44f9850e04233580432b798e899d84b080.png
46,"<h1 class=""listing-item__header"">
    Iphone 16 simple esim 128go
</h1>",Neuf,iPhone,475 000 ,Parcelles Assainies,https://i.roamcdn.net/hz/ed/listing-thumb-543w/5331d3404f396a23c852c897a0732e5d/-/horizon-files-prod/ed/picture/qv4w60n2/3ba2531e7b85a0ec37917064927485803a0f1c66.png
47,"<h1 class=""listing-item__header"">
    Iphone 16plus esim 256go sceller
</h1>",Neuf,iPhone,605 000 ,Parcelles Assainies,https://i.roamcdn.net/hz/ed/listing-thumb-543w/012315a614ee15e188c9e7492f784b8a/-/horizon-files-prod/ed/picture/qkr8ed92/7c1390b02f3fa74d4b62b34bd51780bc508aaf14.jpg
48,"<h1 class=""listing-item__header"">
    iPhone 16 pro 128 natural
</h1>",Neuf,iPhone,675 000 ,Médina,https://i.roamcdn.net/hz/ed/listing-thumb-543w/8a5713dbd050b6b33ea06d439518616d/-/horizon-files-prod/ed/picture/q9mjq2ew/179dce8e70ee6a906b6d4c21c60491e598f52dc7.jpg
49,"<h1 class=""listing-item__header"">
    Tecno POP 8 _ 64gb RAM 3 meilleur prix
</h1>",Neuf,Tecno,52 500 ,Castor,https://i.roamcdn.net/hz/ed/listing-thumb-543w/7efc8895543e703ed64a4b397fd522fd/-/horizon-files-prod/ed/picture/qq47x0v7/f1f31496dd98b7ae24e635544dd3ae1af191aa64.jpg
50,"<h1 class=""listing-item__header"">
    Samsung Galaxy A05
</h1>",Venant,Samsung,53 000 ,Dieuppeul,https://i.roamcdn.net/hz/ed/listing-thumb-543w/d4a6b50573513aff555834c537e5ff81/-/horizon-files-prod/ed/picture/q78wdrj5/bb26a1ac2a59eca91974dd50e77fd6a5a1db84bb.jpg
51,"<h1 class=""listing-item__header"">
    iPhone 14pro 128giga SIM
</h1>",Venant,iPhone,430 000 ,Castor,https://i.roamcdn.net/hz/ed/listing-thumb-543w/a073677c802f1fd555a06d860cd129c4/-/horizon-files-prod/ed/picture/qq4250m7/8d223db24c6a4e84b78c90141639b41bf1a93412.jpg
52,"<h1 class=""listing-item__header"">
    Samsung galaxy A05s neuf 128go
</h1>",Neuf,Samsung,75 000 ,Parcelles Assainies,https://i.roamcdn.net/hz/ed/listing-thumb-543w/351988e55124cd1f93d5d2c3bd7b12e0/-/horizon-files-prod/ed/picture/q56drep7/9affa6d229c8216d560436c78727efa685b53208.jpg
53,"<h1 class=""listing-item__header"">
    Huawei y9 sceller neuf 128go
</h1>",Neuf,Huawei,65 000 ,Parcelles Assainies,https://i.roamcdn.net/hz/ed/listing-thumb-543w/d6488db021c0919e19e6ec29c92f1c1b/-/horizon-files-prod/ed/picture/q2j0kz8d/a4225f038c9f3f81ddbcc68c33ce5bd268a41231.jpg
54,"<h1 class=""listing-item__header"">
    Xiaomi Redmi note 13pro neuf 256go ram 8go
</h1>",Neuf,Xiaomi,140 000 ,Parcelles Assainies,https://i.roamcdn.net/hz/ed/listing-thumb-543w/ece7af9a01e60bc1ca93d57ea1c4d41b/-/horizon-files-prod/ed/picture/q78wrmxd/bd6f1a53490e1aa2fd06464b58a6d05d27318037.jpg
55,"<h1 class=""listing-item__header"">
    iphone 8 simple-64Go- VENANT AUTHENTİQUE
</h1>",Venant,iPhone,60 000 ,Médina,https://i.roamcdn.net/hz/ed/listing-thumb-543w/78e42d1b663069f0d6f431c5e7147757/-/horizon-files-prod/ed/picture/qwep020g/e957d742d35e6febce0ed259c8e7023cefc35f21.jpg
56,"<h1 class=""listing-item__header"">
    Samsung galaxy fold 6 256G
</h1>",Neuf,Samsung,750 000 ,Liberte 6 extension,https://i.roamcdn.net/hz/ed/listing-thumb-543w/fb52b15c5a77dff4c6ebb42103a77b2c/-/horizon-files-prod/ed/picture/qq42e5v6/b910e6b186d4206e3759a489da1e8d6e88f16450.jpg
57,"<h1 class=""listing-item__header"">
    Vente Oppo Reno 12 Pro 5G
</h1>",Neuf,Oppo,295 000 ,Plateau,https://i.roamcdn.net/hz/ed/listing-thumb-543w/d86f05874bfa895da1e3a237e059f280/-/horizon-files-prod/ed/picture/q0g7w26k/a13a7c485dd4f46ce8d9b6d302146db05daafcc3.jpg
58,"<h1 class=""listing-item__header"">
    Vente Oppo Find X80 Pro 5G
</h1>",Neuf,Oppo,575 000 ,Plateau,https://i.roamcdn.net/hz/ed/listing-thumb-543w/f26ece9a6ff49f3324452068297af5a9/-/horizon-files-prod/ed/picture/qngpzggv/cc54566c50ecc74ae8e161169526d5db63a51db0.jpg
59,"<h1 class=""listing-item__header"">
    Redmi note 13 pro plus 256Gb scelle
</h1>",Neuf,Xiaomi,220 000 ,Liberte 6 extension,https://i.roamcdn.net/hz/ed/listing-thumb-543w/0dbea9313f8115791fd208cef8182585/-/horizon-files-prod/ed/picture/q6xd9276/531c08d6c556e7fa2a542d1c0da5c0fd54728e42.jpg
60,"<h1 class=""listing-item__header"">
    Samsung Galaxy a53 256go ram 8go 5g
</h1>",Venant,Samsung,130 000 ,Colobane,https://i.roamcdn.net/hz/ed/listing-thumb-543w/4dccc386a513a3c733f68f0e1dd5edf1/-/horizon-files-prod/ed/picture/qv4wr44k/e5ff508dd9aaca22330ba6c3ac1f40a38756e4e8.png
61,"<h1 class=""listing-item__header"">
    Sony Xperia 5 II venant 128go ram 8go 5g
</h1>",Venant,Sony,89 900 ,Médina,https://i.roamcdn.net/hz/ed/listing-thumb-543w/51b63faa8c9b6e878f4eaabf53593718/-/horizon-files-prod/ed/picture/qkr8v80n/b1054ba69c75e21436eac80b2fa5634d9f7c0417.jpg
62,"<h1 class=""listing-item__header"">
    Nokia C1 deuxième édition 16go ram 1go 4g Avec pochette
</h1>",Neuf,Nokia,40 000 ,Médina,https://i.roamcdn.net/hz/ed/listing-thumb-543w/ec60c974e78d441a2a2dc09bd0080c1a/-/horizon-files-prod/ed/picture/qwep9m74/36a0eeb1d87b9efa44cd399a1caa6bb2011f4865.jpg
63,"<h1 class=""listing-item__header"">
    INFINIX HOT 40I 256 GO RAm 16go
</h1>",Neuf,Infinix,79 900 ,Colobane,https://i.roamcdn.net/hz/ed/listing-thumb-543w/dfed767af0cf8bc51c36b856e9b0c429/-/horizon-files-prod/ed/picture/q2j0vpeq/263d5574dced44763d1cf80d56654231d06976e5.jpg
64,"<h1 class=""listing-item__header"">
    iPhone 13 simple
</h1>",Neuf,iPhone,220 000 ,Médina,https://i.roamcdn.net/hz/ed/listing-thumb-543w/2e5d0fd10b0530feeb3c117c47f6df31/-/horizon-files-prod/ed/picture/qrz8e4x2/d684ce2972e8aa6990c93615653dd25e0592ce87.jpg
65,"<h1 class=""listing-item__header"">
    15pro max 512G
</h1>",Venant,iPhone,520 000 ,Médina,https://i.roamcdn.net/hz/ed/listing-thumb-543w/6601ea9f861c92cdc6874e8abeb3a24e/-/horizon-files-prod/ed/picture/q2j06wge/870d4a4ff7e55774699511e6a2f2b57643dedd81.jpg
66,"<h1 class=""listing-item__header"">
    iPhone 12 neufs
</h1>",Venant,iPhone,165 000 ,Médina,https://i.roamcdn.net/hz/ed/listing-thumb-543w/c86f5c36c9d816dcdf1aea38a7c30b2f/-/horizon-files-prod/ed/picture/qrz8e47g/71ad1c0a21bf4ba7473c23aead1d598bd3a41830.jpg
67,"<h1 class=""listing-item__header"">
    iphone 8 simple-64Go- VENANT AUTHENTİQUE
</h1>",Venant,iPhone,60 000 ,Médina,https://i.roamcdn.net/hz/ed/listing-thumb-543w/78e42d1b663069f0d6f431c5e7147757/-/horizon-files-prod/ed/picture/qwep020g/e957d742d35e6febce0ed259c8e7023cefc35f21.jpg
68,"<h1 class=""listing-item__header"">
    iPhone 16 pro sim physique
</h1>",Neuf,iPhone,670 000 ,Médina,https://i.roamcdn.net/hz/ed/listing-thumb-543w/20eafa147714024f6cf27b843e668421/-/horizon-files-prod/ed/picture/qkr8eq9m/20d5c19e5ed42741aec8ec5311328dc0ae079046.jpg
69,"<h1 class=""listing-item__header"">
    Google pixels 6 pro 128GB 12GB sim esm
</h1>",Venant,Google,170 000 ,Pikine,https://i.roamcdn.net/hz/ed/listing-thumb-543w/7e0af3d32732b8524f14872668d7b22b/-/horizon-files-prod/ed/picture/q44ngxxp/d94b899f25eed15ee01f7c3b2ca199e1bc96cfee.jpg
70,"<h1 class=""listing-item__header"">
    iPhone 13 promax
</h1>",Neuf,iPhone,340 000 ,Médina,https://i.roamcdn.net/hz/ed/listing-thumb-543w/f50d1930a561feb44b133175b79cb8f3/-/horizon-files-prod/ed/picture/qgqwejdq/1e82f7aa4c0e41f026b7b595a0e8cd344ca72ebe.jpg
71,"<h1 class=""listing-item__header"">
    16Plus 128Go SIM garantie 1ans
</h1>",Neuf,iPhone,620 000 ,Plateau,https://i.roamcdn.net/hz/ed/listing-thumb-543w/7c99d790c6961b9ea1423ed302551e41/-/horizon-files-prod/ed/picture/q9mjqde6/5385d049a42bf637a3ab612caec462e8441862fe.jpg
72,"<h1 class=""listing-item__header"">
    Watch S9 45mm scellé
</h1>",Neuf,iPhone,240 000 ,Médina,https://i.roamcdn.net/hz/ed/listing-thumb-543w/f5621ffb181aa40a764a36f9797f7473/-/horizon-files-prod/ed/picture/qv4w6q62/99bf44073295856d258832a249c6d6cc36ba8dfb.jpg
73,"<h1 class=""listing-item__header"">
    fold5 scelle et  authentique
</h1>",Neuf,Samsung,650 000 ,Plateau,https://i.roamcdn.net/hz/ed/listing-thumb-543w/4a4d1189cd467ffd3b5e89d0ade8b136/-/horizon-files-prod/ed/picture/q44nvmxv/14b4fda278ede5c18d4e4f7bd9ff3ffc9729ffe5.jpg
74,"<h1 class=""listing-item__header"">
    Samsung S25 Ultra
</h1>",Neuf,Samsung,770 000 ,Plateau,https://i.roamcdn.net/hz/ed/listing-thumb-543w/dcb64c3722330f286d51c6a51f714bd9/-/horizon-files-prod/ed/picture/qngpez4k/05231f9634d609515333769d114784d29deb7716.jpg
75,"<h1 class=""listing-item__header"">
    iPhone 15 promax
</h1>",Neuf,iPhone,610 000 ,Médina,https://i.roamcdn.net/hz/ed/listing-thumb-543w/0b195a7c88dceb5cd6b6a957d5095cd4/-/horizon-files-prod/ed/picture/qrz8e0en/83faab33bbf40924978139348b5bed877167bd86.jpg
76,"<h1 class=""listing-item__header"">
    iPhone 14 promax
</h1>",Neuf,iPhone,465 000 ,Médina,https://i.roamcdn.net/hz/ed/listing-thumb-543w/4d32d992ee5b0ca6fadc3b23b3a6943b/-/horizon-files-prod/ed/picture/qq42eve7/f41e0b0db7381a39fb6e2f5609acd1cb861665ea.jpg
77,"<h1 class=""listing-item__header"">
    Samsung galaxy S24 256GB 8GB ram
</h1>",Venant,Samsung,295 000 ,Pikine,https://i.roamcdn.net/hz/ed/listing-thumb-543w/62b7cbf3d5a1958c34b3473776e6e111/-/horizon-files-prod/ed/picture/q0g76e2d/bda96a35e7a9e59f7d866408037684e62c919cb5.jpg
78,"<h1 class=""listing-item__header"">
    Iphone 16 Pro Max 256Go Scellé Esim
</h1>",Neuf,iPhone,740 000 ,Médina,https://i.roamcdn.net/hz/ed/listing-thumb-543w/ac7801220acebcf93f98a60bda7c2aea/-/horizon-files-prod/ed/picture/q9mjqdz0/3c3d0f4c47d73a50f240849898161d7674c92c35.jpg
79,"<h1 class=""listing-item__header"">
    iphone 8 simple-64Go- VENANT AUTHENTİQUE
</h1>",Venant,iPhone,60 000 ,Médina,https://i.roamcdn.net/hz/ed/listing-thumb-543w/78e42d1b663069f0d6f431c5e7147757/-/horizon-files-prod/ed/picture/qwep020g/e957d742d35e6febce0ed259c8e7023cefc35f21.jpg
80,"<h1 class=""listing-item__header"">
    Samsung galaxy fold 6 256G
</h1>",Neuf,Samsung,750 000 ,Liberte 6 extension,https://i.roamcdn.net/hz/ed/listing-thumb-543w/fb52b15c5a77dff4c6ebb42103a77b2c/-/horizon-files-prod/ed/picture/qq42e5v6/b910e6b186d4206e3759a489da1e8d6e88f16450.jpg
81,"<h1 class=""listing-item__header"">
    IPHONE 16 PLUS
</h1>",Venant,iPhone,550 000 ,Plateau,https://i.roamcdn.net/hz/ed/listing-thumb-543w/302f9f90a5295ab0d453f51edb6d3d46/-/horizon-files-prod/ed/picture/qxjpvzev/b142976f560180574d77eeb927937b7f4c6e3957.jpg
82,"<h1 class=""listing-item__header"">
    Iphone 14 pro 256gb
</h1>",Venant,iPhone,379 000 ,Hann maristes,https://i.roamcdn.net/hz/ed/listing-thumb-543w/419bcbf39d6281ca285e316a91a48c8f/-/horizon-files-prod/ed/picture/qenve7jv/bcd41fa57e766b3db82b1d86bc7abfe0f7d25741.jpg
83,"<h1 class=""listing-item__header"">
    Téléphone Z FLIP MOTOROLA 5G 256GB RAM8
</h1>",Venant,Motorola,230 000 ,Fass,https://i.roamcdn.net/hz/ed/listing-thumb-543w/e7b57ffb27d49ae1956dc95ee8dc02a9/-/horizon-files-prod/ed/picture/qm5ge4d2/d30acb97fc95dd2e7f597189313e69d04d611d14.jpg
84,"<h1 class=""listing-item__header"">
    IPhone 12 Pro 128GB scellé
</h1>",Neuf,iPhone,265 000 ,Plateau,https://i.roamcdn.net/hz/ed/listing-thumb-543w/a9b7034d3ccbce48a7ba14bfed9b9e52/-/horizon-files-prod/ed/picture/qv4w6qxk/27e040321055c9891b25acde8be396545683704f.jpg
85,"<h1 class=""listing-item__header"">
    IPhone 13 128GB scellé
</h1>",Neuf,iPhone,297 000 ,Plateau,https://i.roamcdn.net/hz/ed/listing-thumb-543w/f603462cd55e83b9b9e4841e5af3d5af/-/horizon-files-prod/ed/picture/q6xd9mzn/66ab662370de329db3e771618ef1e36b97cc4901.jpg
86,"<h1 class=""listing-item__header"">
    IPhone 13 Pro Max 128GB scellé
</h1>",Neuf,iPhone,397 000 ,Plateau,https://i.roamcdn.net/hz/ed/listing-thumb-543w/8aae8330554a35fa097801ec4797f02a/-/horizon-files-prod/ed/picture/qzvp96e8/57690751cc6e049389288ce1770f30bde2b106c8.jpg
87,"<h1 class=""listing-item__header"">
    S22 ultra venant 128go ram 8go 5g
</h1>",Venant,Samsung,250 000 ,Colobane,https://i.roamcdn.net/hz/ed/listing-thumb-543w/6ff7c9257dc07a052db5be1284bda8cf/-/horizon-files-prod/ed/picture/qgqwgz29/b259e848fc2ab4c63e42e2f5a22047d4b7d6184e.jpg
88,"<h1 class=""listing-item__header"">
    Samsung Galaxy S25ultra 512giga neuf scellé
</h1>",Neuf,Samsung,855 000 ,Médina,https://i.roamcdn.net/hz/ed/listing-thumb-543w/2b369a16614d0d392d091562e099400a/-/horizon-files-prod/ed/picture/qde7p6kr/1fc4a3f905ffd1d7aaf3538f6ee58b20f6baa266.jpg
89,"<h1 class=""listing-item__header"">
    iphone 7 plus
</h1>",Neuf,iPhone,55 000 ,Médina,https://i.roamcdn.net/hz/ed/listing-thumb-543w/a746f8a6b2e62528d84866d715ebf0cb/-/horizon-files-prod/ed/picture/qngpz07g/c7e599c0116c56356b7acc2c69458a4840f854e2.jpg
90,"<h1 class=""listing-item__header"">
    M-horse s22 64go mémoire ram 4go
</h1>",Neuf,Autres,35 000 ,Parcelles Assainies,https://i.roamcdn.net/hz/ed/listing-thumb-543w/3b9b586d809e223abd8d6d556fb5a09f/-/horizon-files-prod/ed/picture/qxjpm8rw/0602debdb88664d72a676dda1227bf2502169924.jpg
91,"<h1 class=""listing-item__header"">
    iphone 8 simple-64Go- VENANT AUTHENTİQUE
</h1>",Venant,iPhone,60 000 ,Médina,https://i.roamcdn.net/hz/ed/listing-thumb-543w/78e42d1b663069f0d6f431c5e7147757/-/horizon-files-prod/ed/picture/qwep020g/e957d742d35e6febce0ed259c8e7023cefc35f21.jpg
92,"<h1 class=""listing-item__header"">
    iPhone 12 simple -64 Go- VENANT AUTHENTİQUE
</h1>",Venant,iPhone,175 000 ,Médina,https://i.roamcdn.net/hz/ed/listing-thumb-543w/c1b63f5207785812ebd5b426249656a1/-/horizon-files-prod/ed/picture/q8v4wrgp/94de9e8ed7e9c5d9cf2bddc690caab258bef9337.jpg
93,"<h1 class=""listing-item__header"">
    Xiaomi redmi note 13pro plus neuf 256go ram 8go
</h1>",Neuf,Xiaomi,175 000 ,Parcelles Assainies,https://i.roamcdn.net/hz/ed/listing-thumb-543w/cf6b22b80f1fb59f840de36d36ec9b1e/-/horizon-files-prod/ed/picture/qenv8rek/08fb873c4ab2958832a56c60ffb70564fff08d33.jpg
94,"<h1 class=""listing-item__header"">
    Samsung galaxy A06 neuf 128go ram 4go
</h1>",Neuf,Samsung,63 000 ,Parcelles Assainies,https://i.roamcdn.net/hz/ed/listing-thumb-543w/edff100693240d0d71796e5db79ef371/-/horizon-files-prod/ed/picture/q9mjzkq0/cf75724d8b3119f8c79633437bfedbeff80d3a06.jpg
95,"<h1 class=""listing-item__header"">
    Xiaomi Redmi note 13pro neuf 256go ram 8go
</h1>",Neuf,Xiaomi,140 000 ,Parcelles Assainies,https://i.roamcdn.net/hz/ed/listing-thumb-543w/9429c396bb9204cbf6f5603f92c84fb9/-/horizon-files-prod/ed/picture/qxjp9704/700333ec25fe02ab4f72dcf7d0a468833e85f7d4.jpg
96,"<h1 class=""listing-item__header"">
    Redmi note 13 neuf 256go ram 8go
</h1>",Neuf,Xiaomi,105 000 ,Parcelles Assainies,https://i.roamcdn.net/hz/ed/listing-thumb-543w/8a4ba6d8565fa5c2559f1efff4913b95/-/horizon-files-prod/ed/picture/q56dnp0n/5e115a83818272221196764c704f7fa21b441612.jpg
97,"<h1 class=""listing-item__header"">
    iPhone 15 simple scellée
</h1>",Neuf,iPhone,415 000 ,Médina,https://i.roamcdn.net/hz/ed/listing-thumb-543w/6737b343e645e6287ef4ca8d13c43598/-/horizon-files-prod/ed/picture/q78wz99d/1a89d215e8417268d7b80cc19b3be3db496f2af9.jpg
98,"<h1 class=""listing-item__header"">
    iPhone 13 simple
</h1>",Neuf,iPhone,235 000 ,Médina,https://i.roamcdn.net/hz/ed/listing-thumb-543w/7da538f057c76935b0b1d930a22248b9/-/horizon-files-prod/ed/picture/qzvp9ee6/5b8add79fbaf654973478a9f046e1dd15b6e17c3.jpg
99,"<h1 class=""listing-item__header"">
    Iphone 16 Simple 128Go scelle Sim physique
</h1>",Neuf,iPhone,550 000 ,Médina,https://i.roamcdn.net/hz/ed/listing-thumb-543w/14f0357f0d081f85142c45c84ed0ef90/-/horizon-files-prod/ed/picture/qenve296/ff9691d3e0a8fda4341c547132fffc24e3333270.jpg
100,"<h1 class=""listing-item__header"">
    16 Plus 256Go Sim physique
</h1>",Neuf,iPhone,650 000 ,Médina,https://i.roamcdn.net/hz/ed/listing-thumb-543w/10b0d6142eddc36e2e06e8f3717ae1e5/-/horizon-files-prod/ed/picture/q2j06576/27f71d3150f8685aaa6c652250780601a0d4423b.jpg
101,"<h1 class=""listing-item__header"">
    Iphone 16 Plus 256Go Scelle Esim
</h1>",Neuf,iPhone,650 000 ,Médina,https://i.roamcdn.net/hz/ed/listing-thumb-543w/df45d1d32720ae33dafe5093fcc1631f/-/horizon-files-prod/ed/picture/qkr8e2pn/db39b96999cfe99676c88f7a471c1d1d612dab03.jpg
102,"<h1 class=""listing-item__header"">
    16 plus
</h1>",Neuf,iPhone,750 000 ,Médina,https://i.roamcdn.net/hz/ed/listing-thumb-543w/a779a51d75904d5d477ede61a702eb46/-/horizon-files-prod/ed/picture/qq42e2v4/e851b4e0e65168bb9900ffd8d06b218695854809.jpg
103,"<h1 class=""listing-item__header"">
    iphone 8 simple-64Go- VENANT AUTHENTİQUE
</h1>",Venant,iPhone,60 000 ,Médina,https://i.roamcdn.net/hz/ed/listing-thumb-543w/78e42d1b663069f0d6f431c5e7147757/-/horizon-files-prod/ed/picture/qwep020g/e957d742d35e6febce0ed259c8e7023cefc35f21.jpg
104,"<h1 class=""listing-item__header"">
    iPhone 16 pro sim physique
</h1>",Neuf,iPhone,670 000 ,Médina,https://i.roamcdn.net/hz/ed/listing-thumb-543w/20eafa147714024f6cf27b843e668421/-/horizon-files-prod/ed/picture/qkr8eq9m/20d5c19e5ed42741aec8ec5311328dc0ae079046.jpg
105,"<h1 class=""listing-item__header"">
    16 promax 256g scellé
</h1>",Neuf,iPhone,925 000 ,Médina,https://i.roamcdn.net/hz/ed/listing-thumb-543w/2b7c3800f16c9c651edd585227885672/-/horizon-files-prod/ed/picture/qrz8ezxq/79be5586be3a316c10bf9d478b8f266e8fea2ef6.jpg
106,"<h1 class=""listing-item__header"">
    Fold 5 512Go Ram 12
</h1>",Neuf,Samsung,525 000 ,Médina,https://i.roamcdn.net/hz/ed/listing-thumb-543w/63cf67cd059473c03594e9957386f5b9/-/horizon-files-prod/ed/picture/qgqwr722/3394a72dab96cdcae426f52eebb99f6c2b31f79f.jpg
107,"<h1 class=""listing-item__header"">
    Samsung S24 Plus 256Go Ram 12
</h1>",Venant,Samsung,350 000 ,Médina,https://i.roamcdn.net/hz/ed/listing-thumb-543w/05dd296dc0697040d7bcf5ba84756c27/-/horizon-files-prod/ed/picture/q56dn72n/32f1a410743c9ce610a35827961bd1b37dbc8aac.jpg
108,"<h1 class=""listing-item__header"">
    15Pro Max 512Go Sim physique
</h1>",Venant,iPhone,600 000 ,Médina,https://i.roamcdn.net/hz/ed/listing-thumb-543w/4e694bd21a2208aaa36c4b91fc1a1296/-/horizon-files-prod/ed/picture/qm5ged69/e9a7d72bcb7cc69a51281f55124212e6554886ae.jpg
109,"<h1 class=""listing-item__header"">
    Samsung Galaxy Fold 6 512Go Ram 12
</h1>",Neuf,Samsung,750 000 ,Médina,https://i.roamcdn.net/hz/ed/listing-thumb-543w/d5c389fee16a255a940dfa6c09cee2c4/-/horizon-files-prod/ed/picture/q44nv70p/1272970d8a950edc0f305e32ff269ca22450e80e.jpg
110,"<h1 class=""listing-item__header"">
    Samsung S23 ultra 512Go Ram 12
</h1>",Venant,Samsung,380 000 ,Médina,https://i.roamcdn.net/hz/ed/listing-thumb-543w/90c52a5feffeac65629d03a575c3a941/-/horizon-files-prod/ed/picture/qq42eg9w/f4f1254c9ee185d25b0d68e2b58a3b0b89b06151.jpg
111,"<h1 class=""listing-item__header"">
    Samsung S23 ultra 256Go
</h1>",Venant,Samsung,350 000 ,Médina,https://i.roamcdn.net/hz/ed/listing-thumb-543w/98bc6fb6e6347686f5522bcc1804601c/-/horizon-files-prod/ed/picture/q0g7j5nw/7e1b8ab8ce00cab73e144347c4d806dc57ad0344.jpg
112,"<h1 class=""listing-item__header"">
    Google pixel 6
</h1>",Venant,Google,160 000 ,Colobane,https://i.roamcdn.net/hz/ed/listing-thumb-543w/f786cfa6921cffc9315e95dbf38732a0/-/horizon-files-prod/ed/picture/qde7p478/2b4ed7a660f12a661573353497232574e43c2dba.jpg
113,"<h1 class=""listing-item__header"">
    Redmi 14
</h1>",Venant,Xiaomi,140 000 ,Colobane,https://i.roamcdn.net/hz/ed/listing-thumb-543w/a3c2a2392c518114a4d4e20986f47b3b/-/horizon-files-prod/ed/picture/qpdme2m4/1d4a673d7b0c14791ab584a254578f431a2b1f7f.jpg
114,"<h1 class=""listing-item__header"">
    Iphone XR
</h1>",Venant,iPhone,100 000 ,Colobane,https://i.roamcdn.net/hz/ed/listing-thumb-543w/75492675be3893f7118c1b44032a6077/-/horizon-files-prod/ed/picture/qj4qe2qg/7f4f3c1feb696b047369d114cb9170b00cea1c5c.jpg
115,"<h1 class=""listing-item__header"">
    iphone 8 simple-64Go- VENANT AUTHENTİQUE
</h1>",Venant,iPhone,60 000 ,Médina,https://i.roamcdn.net/hz/ed/listing-thumb-543w/78e42d1b663069f0d6f431c5e7147757/-/horizon-files-prod/ed/picture/qwep020g/e957d742d35e6febce0ed259c8e7023cefc35f21.jpg
116,"<h1 class=""listing-item__header"">
    Samsung galaxy fold 6 256G
</h1>",Neuf,Samsung,750 000 ,Liberte 6 extension,https://i.roamcdn.net/hz/ed/listing-thumb-543w/fb52b15c5a77dff4c6ebb42103a77b2c/-/horizon-files-prod/ed/picture/qq42e5v6/b910e6b186d4206e3759a489da1e8d6e88f16450.jpg
117,"<h1 class=""listing-item__header"">
    Samsung S22 256 Giga
</h1>",Venant,Samsung,160 000 ,Colobane,https://i.roamcdn.net/hz/ed/listing-thumb-543w/e0371ac03df99f28f2a8aad7f89282a2/-/horizon-files-prod/ed/picture/qpdme2dm/d794462275670d00e31d8de6f771c6525d782e6d.jpg
118,"<h1 class=""listing-item__header"">
    Samsung A04e avec technologie HD+ / 32Go Ram 3Go
</h1>",Neuf,Samsung,47 500 ,Castor,https://i.roamcdn.net/hz/ed/listing-thumb-543w/3f9fb0a8499f68c7ddc03d227083e5f6/-/horizon-files-prod/ed/picture/qrzvnd68/cb34c045908966a783c23e34b1970f8777273033.jpg
119,"<h1 class=""listing-item__header"">
    Coque iPhone en fibre de carbone, antichoc
</h1>",Neuf,iPhone,5 000 ,Castor,https://i.roamcdn.net/hz/ed/listing-thumb-543w/c0d135153c5830c1a47ec66499c9ee6a/-/horizon-files-prod/ed/picture/qxjpkdew/d2744846384052c95d47388eedca8f319aaef847.jpg
120,"<h1 class=""listing-item__header"">
    16Pro max
</h1>",Neuf,iPhone,830 000 ,Médina,https://i.roamcdn.net/hz/ed/listing-thumb-543w/94920bd81573ca9a05440b6e15d9a24c/-/horizon-files-prod/ed/picture/q6xdwenp/3b0ed457eecb3021cea988ca826abb34cebeec19.jpg
121,"<h1 class=""listing-item__header"">
    13Pro 128GB
</h1>",Venant,iPhone,280 000 ,Médina,https://i.roamcdn.net/hz/ed/listing-thumb-543w/b5c9d7f8146cdd0b92d0fa4cf1401566/-/horizon-files-prod/ed/picture/q9mjqgq8/600eaea35ba971f8211034fc8d3169ae1d85cb59.jpg
122,"<h1 class=""listing-item__header"">
    S23 ultra 512GB
</h1>",Venant,Samsung,375 000 ,Médina,https://i.roamcdn.net/hz/ed/listing-thumb-543w/8c19fd8775aaa49fcf92024de80a29e0/-/horizon-files-prod/ed/picture/q56d0gkp/515b90d2dfb8b073c6538fbc8eee4042522a17a8.jpg
123,"<h1 class=""listing-item__header"">
    12Pro max 256GB
</h1>",Venant,iPhone,295 000 ,Médina,https://i.roamcdn.net/hz/ed/listing-thumb-543w/3bef197a985dbaef3d68758a7ae5b2af/-/horizon-files-prod/ed/picture/qgqwe872/443e9345dc78a20f2bf9b1c6018cb366ac857ea5.jpg
124,"<h1 class=""listing-item__header"">
    iPhone 15 pro max
</h1>",Neuf,iPhone,630 000 ,Hann maristes,https://i.roamcdn.net/hz/ed/listing-thumb-543w/c1bf65845c9e8e5c44135553cb8ae977/-/horizon-files-prod/ed/picture/q6xdj0ej/378a6b7edf620eb1911c49973520a530c21bc7c7.jpg
125,"<h1 class=""listing-item__header"">
    16 simple 128 go SIM
</h1>",Neuf,iPhone,570 000 ,Médina,https://i.roamcdn.net/hz/ed/listing-thumb-543w/f843f0dd003a4b1f9266fe2623f50f8c/-/horizon-files-prod/ed/picture/qq42e687/15bbf7d81dd212a3aad42d5b21db9f972724168f.jpg
126,"<h1 class=""listing-item__header"">
    Samsung S25 ultra
</h1>",Neuf,Samsung,750 000 ,Médina,https://i.roamcdn.net/hz/ed/listing-thumb-543w/52365c8631b94d3fb0ed215d0c819162/-/horizon-files-prod/ed/picture/qzvp9x69/395ddf294fba7e0dd7b17dd4915aa374984da906.jpg
127,"<h1 class=""listing-item__header"">
    iphone 8 simple-64Go- VENANT AUTHENTİQUE
</h1>",Venant,iPhone,60 000 ,Médina,https://i.roamcdn.net/hz/ed/listing-thumb-543w/78e42d1b663069f0d6f431c5e7147757/-/horizon-files-prod/ed/picture/qwep020g/e957d742d35e6febce0ed259c8e7023cefc35f21.jpg
128,"<h1 class=""listing-item__header"">
    iPhone 16 pro sim physique
</h1>",Neuf,iPhone,670 000 ,Médina,https://i.roamcdn.net/hz/ed/listing-thumb-543w/20eafa147714024f6cf27b843e668421/-/horizon-files-prod/ed/picture/qkr8eq9m/20d5c19e5ed42741aec8ec5311328dc0ae079046.jpg
129,"<h1 class=""listing-item__header"">
    iPhone 13 simple 128 go
</h1>",Venant,iPhone,240 000 ,Médina,https://i.roamcdn.net/hz/ed/listing-thumb-543w/a54c6ea021e0bab141fe030c7292077c/-/horizon-files-prod/ed/picture/qj4qezww/227770367e98099fd69521c37d51fd8259e9ed7d.jpg
130,"<h1 class=""listing-item__header"">
    14 promax 128 go
</h1>",Venant,iPhone,470 000 ,Médina,https://i.roamcdn.net/hz/ed/listing-thumb-543w/b9b432fed868cb47245f1bf4a76d1899/-/horizon-files-prod/ed/picture/qenvzzj4/c82c668f2a51b43d3bd6b9d980a6d5ad1ba6bbe6.jpg
131,"<h1 class=""listing-item__header"">
    A vendre Iphone 12 Pro Max
</h1>",D'occasion,iPhone,195 000 ,Sacré-cœur,https://i.roamcdn.net/hz/ed/listing-thumb-543w/a667554288aaca63dd6c8b744a7226d6/-/horizon-files-prod/ed/picture/qwep6krm/9ef94225ceaea127384291a2760dbea62054d10e.jpg
132,"<h1 class=""listing-item__header"">
    IPhone 14
</h1>",Venant,iPhone,400 000 ,Point-e,https://i.roamcdn.net/hz/ed/listing-thumb-543w/a3d677fb3d99258b7a7ace9e446464d1/-/horizon-files-prod/ed/picture/q8v5gg8x/49b696c7b2ad08ba2fc54b1a17c04b3a8eae06bf.jpg
133,"<h1 class=""listing-item__header"">
    IPhone 13 Pro Max 256Go
</h1>",Venant,iPhone,570 000 ,Point-e,https://i.roamcdn.net/hz/ed/listing-thumb-543w/4dcbc7429dcd285d4f4bad704bd54f80/-/horizon-files-prod/ed/picture/qngxwj7k/21346518249b25a0eb6a34e272d6ff7a7498cf6b.jpg
134,"<h1 class=""listing-item__header"">
    Iphone 15 Pro
</h1>",Neuf,iPhone,699 975 ,Point-e,https://i.roamcdn.net/hz/ed/listing-thumb-543w/f7fbc20ec577d43f54073e9a90385f9d/-/horizon-files-prod/ed/picture/qgqw49qk/e07713109966da174a01164e6578af02fecf7470.jpg
135,"<h1 class=""listing-item__header"">
    IPhone 13
</h1>",Venant,iPhone,370 000 ,Point-e,https://i.roamcdn.net/hz/ed/listing-thumb-543w/5ca27d747dc2f9c07665e39f02bb2326/-/horizon-files-prod/ed/picture/qgq98dj0/66fb66589e0e6a44bc60ae6f8777d9e82ced46e7.jpg
136,"<h1 class=""listing-item__header"">
    iPhone 15 Pro
</h1>",Venant,iPhone,619 993 ,Point-e,https://i.roamcdn.net/hz/ed/listing-thumb-543w/6d38c92496bea2cc1bcd51a2789d539e/-/horizon-files-prod/ed/picture/qxjpdr64/90bb82b2c61d526002fff27a2c2c8f070c5c2c2f.jpg
137,"<h1 class=""listing-item__header"">
    Iphone 11 Pro Max
</h1>",Venant,iPhone,300 000 ,Point-e,https://i.roamcdn.net/hz/ed/listing-thumb-543w/e0d86cff052141f03398d948407f1b91/-/horizon-files-prod/ed/picture/q2jqgwnv/b3695d119a374f0c93ecc678be7317fe1b1ec857.jpg
138,"<h1 class=""listing-item__header"">
    Samsung a05 64GB
</h1>",Neuf,Samsung,50 000 ,Castor,https://i.roamcdn.net/hz/ed/listing-thumb-543w/3a80d4f2e2232e3cbddfd9a974832613/-/horizon-files-prod/ed/picture/qxjpxk8m/ec03e94b20ff48d5a3eecf36885175309a84119f.jpg
139,"<h1 class=""listing-item__header"">
    iphone 8 simple-64Go- VENANT AUTHENTİQUE
</h1>",Venant,iPhone,60 000 ,Médina,https://i.roamcdn.net/hz/ed/listing-thumb-543w/78e42d1b663069f0d6f431c5e7147757/-/horizon-files-prod/ed/picture/qwep020g/e957d742d35e6febce0ed259c8e7023cefc35f21.jpg
140,"<h1 class=""listing-item__header"">
    Samsung galaxy fold 6 256G
</h1>",Neuf,Samsung,750 000 ,Liberte 6 extension,https://i.roamcdn.net/hz/ed/listing-thumb-543w/fb52b15c5a77dff4c6ebb42103a77b2c/-/horizon-files-prod/ed/picture/qq42e5v6/b910e6b186d4206e3759a489da1e8d6e88f16450.jpg
141,"<h1 class=""listing-item__header"">
    Samsung a16 128gb r4
</h1>",Neuf,Samsung,90 000 ,Castor,https://i.roamcdn.net/hz/ed/listing-thumb-543w/6d356798b86add96552a6a7568bb1bb1/-/horizon-files-prod/ed/picture/q78wdn95/8d045ffe34eb44d973d5b141aac706b2c479c79f.jpg
142,"<h1 class=""listing-item__header"">
    Huawei mate x6
</h1>",Neuf,Huawei,980 000 ,Médina,https://i.roamcdn.net/hz/ed/listing-thumb-543w/651019e29a27af79712ae51030cfbe57/-/horizon-files-prod/ed/picture/qpdme8np/d3f91a1aff2017ee850994e4ae33b815c5aac688.jpg
143,"<h1 class=""listing-item__header"">
    11  simple 64 go
</h1>",Venant,iPhone,128 500 ,Médina,https://i.roamcdn.net/hz/ed/listing-thumb-543w/44e9546825c13e5e6529031988d924b4/-/horizon-files-prod/ed/picture/qm5gen62/ef7732693c7008a4502373c01902f5f418850cfb.jpg
144,"<h1 class=""listing-item__header"">
    16 promax 256 go
</h1>",Neuf,iPhone,820 000 ,Médina,https://i.roamcdn.net/hz/ed/listing-thumb-543w/634e569a54b276bc7ba561bbb82dd002/-/horizon-files-prod/ed/picture/qngpk5wv/1797fc57478898e461d2fd9d1340b7e5ef84c01b.jpg
145,"<h1 class=""listing-item__header"">
    Téléphone fixe sans fil Panasonic
</h1>",Neuf,Panasonic,35 000 ,Plateau,https://i.roamcdn.net/hz/ed/listing-thumb-543w/6adfc3d26944df1e8ac7e35ae622a4dc/-/horizon-files-prod/ed/picture/qj4r8ezv/cec5dbb00b61581af322917f79d9187181eb060e.jpg
146,"<h1 class=""listing-item__header"">
    IPhone 12 pro 128 go
</h1>",Venant,iPhone,217 000 ,Médina,https://i.roamcdn.net/hz/ed/listing-thumb-543w/3bb6a5941f1f9e6349e436f41bb45576/-/horizon-files-prod/ed/picture/qrz8e78x/4717122ea3cb9ef4c90d2f59008972c9ea4e9601.jpg
147,"<h1 class=""listing-item__header"">
    Apple Watch SE 2023
</h1>",Neuf,iPhone,145 000 ,Médina,https://i.roamcdn.net/hz/ed/listing-thumb-543w/6767f11ab05926f1d54f74b5c333d6d2/-/horizon-files-prod/ed/picture/qngpewpz/3db79b4812dffe942034ff45b52e562dba1dd3f2.jpg
148,"<h1 class=""listing-item__header"">
    Samsung S24  ultra
</h1>",Venant,Samsung,480 000 ,Médina,https://i.roamcdn.net/hz/ed/listing-thumb-543w/0b92471a221ce4a82aa76553fda19e53/-/horizon-files-prod/ed/picture/q56d0gdx/561514c502c0947f4a270563665c767af0404968.jpg
149,"<h1 class=""listing-item__header"">
    Galaxie Fold 3
</h1>",Venant,Samsung,265 000 ,Médina,https://i.roamcdn.net/hz/ed/listing-thumb-543w/848265b61832d28161f41266bdc32c4b/-/horizon-files-prod/ed/picture/qkr8e0gw/1dbe57b7527abca83642fa974b9a3e1681360c1b.jpg
150,"<h1 class=""listing-item__header"">
    Samsung Fold 4
</h1>",Venant,Samsung,380 000 ,Médina,https://i.roamcdn.net/hz/ed/listing-thumb-543w/2832ecfd95c3dd0975d13879d7ed39e0/-/horizon-files-prod/ed/picture/qwep7w25/c3d32afad7748c978e10dd5a3b53e4c6cc64c616.jpg
151,"<h1 class=""listing-item__header"">
    iphone 8 simple-64Go- VENANT AUTHENTİQUE
</h1>",Venant,iPhone,60 000 ,Médina,https://i.roamcdn.net/hz/ed/listing-thumb-543w/78e42d1b663069f0d6f431c5e7147757/-/horizon-files-prod/ed/picture/qwep020g/e957d742d35e6febce0ed259c8e7023cefc35f21.jpg
152,"<h1 class=""listing-item__header"">
    Samsung galaxy fold 6 256G
</h1>",Neuf,Samsung,750 000 ,Liberte 6 extension,https://i.roamcdn.net/hz/ed/listing-thumb-543w/fb52b15c5a77dff4c6ebb42103a77b2c/-/horizon-files-prod/ed/picture/qq42e5v6/b910e6b186d4206e3759a489da1e8d6e88f16450.jpg
153,"<h1 class=""listing-item__header"">
    16 plus 128 Go sim
</h1>",Venant,iPhone,680 000 ,Médina,https://i.roamcdn.net/hz/ed/listing-thumb-543w/438cadad59b8d36bca454c0d82b6f756/-/horizon-files-prod/ed/picture/qwep7w2m/74810f6b492d98c2017f3cf94667b8ba3e764df3.jpg
154,"<h1 class=""listing-item__header"">
    13 Pro 256Go
</h1>",Venant,iPhone,320 000 ,Médina,https://i.roamcdn.net/hz/ed/listing-thumb-543w/fa72a37484a016ab448705e7498e0cb6/-/horizon-files-prod/ed/picture/qgqwj5je/00cc3018f7c4495d66b4cfb526c760034977436c.jpg
155,"<h1 class=""listing-item__header"">
    11 pro 256go
</h1>",Venant,iPhone,190 000 ,Médina,https://i.roamcdn.net/hz/ed/listing-thumb-543w/6ad5c554a67e56a29664b63730c84985/-/horizon-files-prod/ed/picture/qj4qezjz/782802c20332a61c3b0b479083975ec95dcadbf4.jpg
156,"<h1 class=""listing-item__header"">
    13 promax  128 go
</h1>",Neuf,iPhone,345 000 ,Médina,https://i.roamcdn.net/hz/ed/listing-thumb-543w/aac6030cacf64b41ec66974299cdd6a4/-/horizon-files-prod/ed/picture/qrz8zpgm/c89dc0d20a087d6361612d35f5d77af4e1be2bd1.jpg
157,"<h1 class=""listing-item__header"">
    SAMSUNG A40
</h1>",Neuf,Samsung,50 000 ,Dieuppeul,https://i.roamcdn.net/hz/ed/listing-thumb-543w/48eb4cc39a2c82045d65d31b6ad4289f/-/horizon-files-prod/ed/picture/qv4wjwp2/ca6f69f24264af275f74e3c3a39b78af1c2d8003.jpg
158,"<h1 class=""listing-item__header"">
    Samsung GALAXY S7
</h1>",Neuf,Samsung,40 000 ,Dieuppeul,https://i.roamcdn.net/hz/ed/listing-thumb-543w/40f38c45a96d6fc8ef08fbeb1e165d9d/-/horizon-files-prod/ed/picture/q56dkdxn/e67a024327b372d1caad190023d6f8e0c2e49cf7.jpg
159,"<h1 class=""listing-item__header"">
    iPhone 11 Pro
</h1>",Neuf,iPhone,180 000 ,Médina,https://i.roamcdn.net/hz/ed/listing-thumb-543w/0ea24c9baacdd92b9ef7aa1740792c49/-/horizon-files-prod/ed/picture/qm5gej9g/e563708b083a8767a7d3db6acdfbf582d7a01433.jpg
160,"<h1 class=""listing-item__header"">
    12 simple
</h1>",Neuf,iPhone,160 000 ,Médina,https://i.roamcdn.net/hz/ed/listing-thumb-543w/3c33ae1a403a28d1524ca2a330729ae1/-/horizon-files-prod/ed/picture/qxjpvke2/cc49dc8f117f4fee93124931f795deaeee0f74fb.jpg
161,"<h1 class=""listing-item__header"">
    iPhone 14 plus
</h1>",Neuf,iPhone,320 000 ,Médina,https://i.roamcdn.net/hz/ed/listing-thumb-543w/4b5539cd7c77be3ea2c0775e57ca82c1/-/horizon-files-prod/ed/picture/qpdmejjv/ccd433b999fe829786ab60ed92b1394a0fcaac59.jpg
162,"<h1 class=""listing-item__header"">
    Huawei p30 lite 128go ram6
</h1>",Venant,Huawei,55 000 ,Colobane,https://i.roamcdn.net/hz/ed/listing-thumb-543w/9b4888107b71925759a34dd17f82a5ef/-/horizon-files-prod/ed/picture/qdekgjxw/070aeba9b1249879f8b1165e7d67b2b97b18668e.jpg
163,"<h1 class=""listing-item__header"">
    iphone 8 simple-64Go- VENANT AUTHENTİQUE
</h1>",Venant,iPhone,60 000 ,Médina,https://i.roamcdn.net/hz/ed/listing-thumb-543w/78e42d1b663069f0d6f431c5e7147757/-/horizon-files-prod/ed/picture/qwep020g/e957d742d35e6febce0ed259c8e7023cefc35f21.jpg
164,"<h1 class=""listing-item__header"">
    iPhone 16 pro sim physique
</h1>",Neuf,iPhone,670 000 ,Médina,https://i.roamcdn.net/hz/ed/listing-thumb-543w/20eafa147714024f6cf27b843e668421/-/horizon-files-prod/ed/picture/qkr8eq9m/20d5c19e5ed42741aec8ec5311328dc0ae079046.jpg
165,"<h1 class=""listing-item__header"">
    Samsung Galaxy note 10 plus
</h1>",Venant,Samsung,159 900 ,Fass,https://i.roamcdn.net/hz/ed/listing-thumb-543w/23922a16e754001851c4b5041fbd312c/-/horizon-files-prod/ed/picture/qxj2wppv/0b89ca44212b4449572e231d480cebbf62793845.jpg
166,"<h1 class=""listing-item__header"">
    sony xperia 5 mark iii venant 128go ram 8go 5g
</h1>",Venant,Sony,120 000 ,Parcelles Assainies,https://i.roamcdn.net/hz/ed/listing-thumb-543w/3df4d97a7da09292da16f7f619e7d9df/-/horizon-files-prod/ed/picture/qq428p4v/54409920fe683123073f1b05b11d676aa4a4abfc.jpg
167,"<h1 class=""listing-item__header"">
    Xiaomi redmi 13C neuf 256go ram 8go
</h1>",Neuf,Xiaomi,70 000 ,Patte d‘oie,https://i.roamcdn.net/hz/ed/listing-thumb-543w/b3390a12893bea62f586c587de4a6b9b/-/horizon-files-prod/ed/picture/qq42rw5j/27a74d2a33af7249fb436878b8ce13a309073303.jpg
168,"<h1 class=""listing-item__header"">
    16Simple 128GB
</h1>",Venant,iPhone,490 000 ,Médina,https://i.roamcdn.net/hz/ed/listing-thumb-543w/0899d99652489894e0fd81894c5a2fc2/-/horizon-files-prod/ed/picture/qenvex7d/5d4ce4e19fa920207d52b5dbae35aa7fe85c9089.jpg
169,"<h1 class=""listing-item__header"">
    Tecno Pop 9 – Smartphone 128Go RAM 3Go, Écran 6,6 pouces
</h1>",Neuf,Tecno,56 500 ,Castor,https://i.roamcdn.net/hz/ed/listing-thumb-543w/6270df9b3c6bbcf49697f290ce7989f0/-/horizon-files-prod/ed/picture/q56d0zv7/43d8befac5999dac379094b00b98f101805885a5.jpg
170,"<h1 class=""listing-item__header"">
    Infinix HOT 40i - 256Go - RAM 16(8+8)Go - 6.56"" – 5000mAh
</h1>",Neuf,Infinix,80 000 ,Castor,https://i.roamcdn.net/hz/ed/listing-thumb-543w/7696fcacd8b8d0a60fc6ecde22efbb79/-/horizon-files-prod/ed/picture/qq42g7dj/83f172ff5f7235d2a65e9d0881cbc2398e977ddc.jpg
171,"<h1 class=""listing-item__header"">
    16pro 256G
</h1>",D'occasion,iPhone,710 000 ,Médina,https://i.roamcdn.net/hz/ed/listing-thumb-543w/3bdc41c0431f7073a4888c8797b85237/-/horizon-files-prod/ed/picture/q2j06wz6/8a3c7cc46e3c3715a2d8f156bb825fe19f078e8a.jpg
172,"<h1 class=""listing-item__header"">
    IPhone XR 64
</h1>",Venant,iPhone,110 000 ,Castor,https://i.roamcdn.net/hz/ed/listing-thumb-543w/a26c36ae99c1e35eba1f144cea0f2313/-/horizon-files-prod/ed/picture/qj4qzx24/f7a9d1e0f7f983274f06b4feff9e93615ed01e6d.jpg
173,"<h1 class=""listing-item__header"">
    Samsung galaxy A55 128giga
</h1>",Neuf,Samsung,179 900 ,Castor,https://i.roamcdn.net/hz/ed/listing-thumb-543w/010df126e18990d99e96826b9cde94f6/-/horizon-files-prod/ed/picture/q8v496j4/d56539fe15c4db2c578fe9fdcf06c6f6d8f8966f.jpg
174,"<h1 class=""listing-item__header"">
    Samsung Fold 4 256GB
</h1>",Neuf,Samsung,420 000 ,Plateau,https://i.roamcdn.net/hz/ed/listing-thumb-543w/7dc74b01f247855f052f3ab8575d6202/-/horizon-files-prod/ed/picture/qj4qexq6/038d7409a2534284471463cefa6c45598df2b751.jpg
175,"<h1 class=""listing-item__header"">
    iphone 8 simple-64Go- VENANT AUTHENTİQUE
</h1>",Venant,iPhone,60 000 ,Médina,https://i.roamcdn.net/hz/ed/listing-thumb-543w/78e42d1b663069f0d6f431c5e7147757/-/horizon-files-prod/ed/picture/qwep020g/e957d742d35e6febce0ed259c8e7023cefc35f21.jpg
176,"<h1 class=""listing-item__header"">
    Samsung galaxy fold 6 256G
</h1>",Neuf,Samsung,750 000 ,Liberte 6 extension,https://i.roamcdn.net/hz/ed/listing-thumb-543w/fb52b15c5a77dff4c6ebb42103a77b2c/-/horizon-files-prod/ed/picture/qq42e5v6/b910e6b186d4206e3759a489da1e8d6e88f16450.jpg
177,"<h1 class=""listing-item__header"">
    Samsung Fold 3 256GB
</h1>",Neuf,Samsung,335 000 ,Plateau,https://i.roamcdn.net/hz/ed/listing-thumb-543w/4033ef49e8d024352d1dcbdcf3ef2b53/-/horizon-files-prod/ed/picture/qrz8ej82/54831909eb59f74b0ce093049cc823da8b0af5c8.jpg
178,"<h1 class=""listing-item__header"">
    Samsung Fold 5 256GB
</h1>",Neuf,Samsung,597 000 ,Plateau,https://i.roamcdn.net/hz/ed/listing-thumb-543w/95fb2e0ebbbaf53d42f7ae6de2d4f297/-/horizon-files-prod/ed/picture/qwep7k24/3635a69ba3e14a411873b9e1d438f4c59abe737c.jpg
179,"<h1 class=""listing-item__header"">
    TAB A9 PLUS
</h1>",Venant,Samsung,110 000 ,Plateau,https://i.roamcdn.net/hz/ed/listing-thumb-543w/cf6e94dbf00dc6ec0a753c975b48c787/-/horizon-files-prod/ed/picture/q8v4w95j/5bfcd11f841602fe2c5462d986d57a7994aa6a54.jpg
180,"<h1 class=""listing-item__header"">
    Samsung note 20 ultra 256GB
</h1>",Neuf,Samsung,297 000 ,Plateau,https://i.roamcdn.net/hz/ed/listing-thumb-543w/f18b759c56864827168ca9fcced5c1cc/-/horizon-files-prod/ed/picture/qngpejxe/d746437f928f00da8148a0c419635c777341aa42.jpg
181,"<h1 class=""listing-item__header"">
    IPhone 12 Pro Max 128GB scellé
</h1>",Neuf,iPhone,310 000 ,Plateau,https://i.roamcdn.net/hz/ed/listing-thumb-543w/5cdc69fe6ee07f6450e68e78e814b205/-/horizon-files-prod/ed/picture/qzvpkq8x/51c553574e45024937555180e571f59cc71a39e4.jpg
182,"<h1 class=""listing-item__header"">
    Fold 6
</h1>",Venant,Samsung,600 000 ,Plateau,https://i.roamcdn.net/hz/ed/listing-thumb-543w/597261c508af05d7414f3a336606b468/-/horizon-files-prod/ed/picture/qv4w6kev/648008dfc146e129d85dee3409f2f1c037b8c65e.jpg
183,"<h1 class=""listing-item__header"">
    14Pro
</h1>",Venant,iPhone,360 000 ,Médina,https://i.roamcdn.net/hz/ed/listing-thumb-543w/6346381eaf351adc9f95355e2f67e013/-/horizon-files-prod/ed/picture/qrz8xk6n/9749c0a4516fecbf235adf7494f652320a1aba73.jpg
184,"<h1 class=""listing-item__header"">
    Redmi note13 Pro+
</h1>",Neuf,Xiaomi,240 000 ,Plateau,https://i.roamcdn.net/hz/ed/listing-thumb-543w/1636f13cb39e83c2b1165e0f16df8172/-/horizon-files-prod/ed/picture/qde7p2r8/74ba3256af45657b3621b63b42bd704194d69e03.jpg
185,"<h1 class=""listing-item__header"">
    Iphone 13 pro
</h1>",Venant,iPhone,285 000 ,Liberte 6 extension,https://i.roamcdn.net/hz/ed/listing-thumb-543w/7e34682d97600f17fdda6157f7516172/-/horizon-files-prod/ed/picture/qwep9q6j/4a0fd55f851cac4eca7c937783bb62cafd128060.jpg
186,"<h1 class=""listing-item__header"">
    iPhone 12 simple 128
</h1>",Venant,iPhone,180 000 ,Plateau,https://i.roamcdn.net/hz/ed/listing-thumb-543w/73bc5e5e29abe40c2fa8a0b1d3392aea/-/horizon-files-prod/ed/picture/qgqweqve/bef5c92a63a6c0bac3e774491ed15879e770ad54.jpg
187,"<h1 class=""listing-item__header"">
    iphone 8 simple-64Go- VENANT AUTHENTİQUE
</h1>",Venant,iPhone,60 000 ,Médina,https://i.roamcdn.net/hz/ed/listing-thumb-543w/78e42d1b663069f0d6f431c5e7147757/-/horizon-files-prod/ed/picture/qwep020g/e957d742d35e6febce0ed259c8e7023cefc35f21.jpg
188,"<h1 class=""listing-item__header"">
    Samsung galaxy fold 6 256G
</h1>",Neuf,Samsung,750 000 ,Liberte 6 extension,https://i.roamcdn.net/hz/ed/listing-thumb-543w/fb52b15c5a77dff4c6ebb42103a77b2c/-/horizon-files-prod/ed/picture/qq42e5v6/b910e6b186d4206e3759a489da1e8d6e88f16450.jpg
189,"<h1 class=""listing-item__header"">
    iPhone 13 simple 128
</h1>",Venant,iPhone,235 000 ,Plateau,https://i.roamcdn.net/hz/ed/listing-thumb-543w/799eec3783f357362d50e2a7393e568d/-/horizon-files-prod/ed/picture/qxj2mkkq/480f59be63b3921c6ed94c3c4881512d59703bc9.jpg
190,"<h1 class=""listing-item__header"">
    Pixel 9Pro XL 128GB
</h1>",Neuf,Google,630 000 ,Médina,https://i.roamcdn.net/hz/ed/listing-thumb-543w/6489fb7ec1ef64a4d5d849277f43f6e6/-/horizon-files-prod/ed/picture/qv4wjk7x/686b7aea4a7aab86c26c12c149d88c1b9091ba40.jpg
191,"<h1 class=""listing-item__header"">
    Google Pixel 8 simple 128GB
</h1>",Venant,Google,250 000 ,Médina,https://i.roamcdn.net/hz/ed/listing-thumb-543w/ec65f62a1f0fa07d4daf791b23b484e9/-/horizon-files-prod/ed/picture/qpdm9g6x/7a8d9e07d333789bf6b365df75c6f48ef749a6df.jpg
192,"<h1 class=""listing-item__header"">
    Pixel 9 128GB
</h1>",Venant,Google,380 000 ,Médina,https://i.roamcdn.net/hz/ed/listing-thumb-543w/f8cc36283970aa65bea22d603af32dc4/-/horizon-files-prod/ed/picture/qrz8xd9m/c9228333ab4e9b749ef8552291e47cf9ac65bebc.jpg
193,"<h1 class=""listing-item__header"">
    Pixel 6Pro 128Gb
</h1>",Venant,Google,150 000 ,Médina,https://i.roamcdn.net/hz/ed/listing-thumb-543w/dbce8cad89cf43fbd60982693a536361/-/horizon-files-prod/ed/picture/qm5gwzz9/15f7c42739ebe6741fa98ecac0a19682e748569c.jpg
194,"<h1 class=""listing-item__header"">
    Pixel 9Pro 128GB
</h1>",Neuf,Google,550 000 ,Médina,https://i.roamcdn.net/hz/ed/listing-thumb-543w/aa74e834b3508391213baabb96bd2678/-/horizon-files-prod/ed/picture/q2j06zg2/871014c89c81cbda7463ed14db487f890f0f525e.jpg
195,"<h1 class=""listing-item__header"">
    14Plus 128GB Sim
</h1>",Venant,iPhone,310 000 ,Médina,https://i.roamcdn.net/hz/ed/listing-thumb-543w/8554c6782f951142a8bf5d04ea8915e1/-/horizon-files-prod/ed/picture/qrz8xdz2/0ce1b4feddf8a4d99959cd34d093634de97e160e.jpg
196,"<h1 class=""listing-item__header"">
    Pixel 9 128GB
</h1>",Neuf,Google,400 000 ,Médina,https://i.roamcdn.net/hz/ed/listing-thumb-543w/9fe06727c7c98898f490ff06a2826cb4/-/horizon-files-prod/ed/picture/q78wz7me/958c2c79f3842e620c201fdf91b78b545a91ce5e.jpg
197,"<h1 class=""listing-item__header"">
    Honor Magic 7pro
</h1>",Neuf,Honor,700 000 ,Plateau,https://i.roamcdn.net/hz/ed/listing-thumb-543w/84261c1fed7a193aef337877634eb8ac/-/horizon-files-prod/ed/picture/qngpe0ev/ededc7ca678791ebf3eb6fecf906507c228514d4.jpg
198,"<h1 class=""listing-item__header"">
    Huawei  mate X6 512 12
</h1>",Neuf,Huawei,875 000 ,Médina,https://i.roamcdn.net/hz/ed/listing-thumb-543w/e41863bd9a4d0c18c2b232642cf81ebc/-/horizon-files-prod/ed/picture/qrz8e6wj/4af2aeee5b3df569f23d29b52493790eb02b6ae8.jpg
199,"<h1 class=""listing-item__header"">
    iphone 8 simple-64Go- VENANT AUTHENTİQUE
</h1>",Venant,iPhone,60 000 ,Médina,https://i.roamcdn.net/hz/ed/listing-thumb-543w/78e42d1b663069f0d6f431c5e7147757/-/horizon-files-prod/ed/picture/qwep020g/e957d742d35e6febce0ed259c8e7023cefc35f21.jpg
200,"<h1 class=""listing-item__header"">
    Samsung galaxy fold 6 256G
</h1>",Neuf,Samsung,750 000 ,Liberte 6 extension,https://i.roamcdn.net/hz/ed/listing-thumb-543w/fb52b15c5a77dff4c6ebb42103a77b2c/-/horizon-files-prod/ed/picture/qq42e5v6/b910e6b186d4206e3759a489da1e8d6e88f16450.jpg
201,"<h1 class=""listing-item__header"">
    IPhone 14 Pro Max
</h1>",Venant,iPhone,650 000 ,Point-e,https://i.roamcdn.net/hz/ed/listing-thumb-543w/ef4ade84e69d9ff4f086a8554e657d66/-/horizon-files-prod/ed/picture/qpd68jgw/66cd7977aa6c034c61cb02b495ca8ca9fa66fbe7.jpg
202,"<h1 class=""listing-item__header"">
    Iphone 16
</h1>",Neuf,iPhone,700 000 ,Point-e,https://i.roamcdn.net/hz/ed/listing-thumb-543w/7656033597365c65ebbbaa7e9851a839/-/horizon-files-prod/ed/picture/qngp0x59/20542dc555a7261b0ff7b0a0fdf897d1612b4f85.jpg
203,"<h1 class=""listing-item__header"">
    Iphone 13
</h1>",Neuf,iPhone,320 000 ,Point-e,https://i.roamcdn.net/hz/ed/listing-thumb-543w/f5a6011071bc7ba5daab2507984b6499/-/horizon-files-prod/ed/picture/qq42kx2w/70e250f50f226cb27caa0d10ad86a10d8a775ab7.jpg
204,"<h1 class=""listing-item__header"">
    Iphone 16
</h1>",Neuf,iPhone,650 000 ,Point-e,https://i.roamcdn.net/hz/ed/listing-thumb-543w/2c52792f7d4747d82567f896a768a5b4/-/horizon-files-prod/ed/picture/qzvpqwdg/ab6c850de5d9887495be16a08a4cb7bfeeb25cb9.jpg
205,"<h1 class=""listing-item__header"">
    Iphone 12 Pro Max
</h1>",Venant,iPhone,450 000 ,Point-e,https://i.roamcdn.net/hz/ed/listing-thumb-543w/581ca98751b54c73872c057018ccb95e/-/horizon-files-prod/ed/picture/qkrg0xxm/cb93721f0bd4231886f2589e341bce5d791eac6f.jpg
206,"<h1 class=""listing-item__header"">
    Vente Google Pixel 9 Pro XL
</h1>",Neuf,Google,775 000 ,Plateau,https://i.roamcdn.net/hz/ed/listing-thumb-543w/f2616ed60e22aac41ef05fe2186ba205/-/horizon-files-prod/ed/picture/qpdmen2w/2a8a79c60381f070d0babfec8e4e363d024d4b7b.jpg
207,"<h1 class=""listing-item__header"">
    Vente Motorola Edge 50 Pro
</h1>",Venant,Motorola,285 000 ,Plateau,https://i.roamcdn.net/hz/ed/listing-thumb-543w/489670f6fa53a6964ac648bed4245dac/-/horizon-files-prod/ed/picture/q0g7j8dz/070a5ae45a94375bd20feb7282846768c44a0564.jpg
208,"<h1 class=""listing-item__header"">
    Vente Oppo Reno 12F 5G
</h1>",Neuf,Oppo,145 000 ,Plateau,https://i.roamcdn.net/hz/ed/listing-thumb-543w/cba6110c660a0a0fc9e1727d4048cd94/-/horizon-files-prod/ed/picture/qrz8xwjx/203223b3a2caffb263528dc7f3bb2b8fcb22ecbd.jpg
209,"<h1 class=""listing-item__header"">
    Samsung S24 ultra 256G
</h1>",Neuf,Samsung,600 000 ,Pikine,https://i.roamcdn.net/hz/ed/listing-thumb-543w/0150958d63b1d215465985144e96cc18/-/horizon-files-prod/ed/picture/qenvep5k/2e49b1ca3b6e3737239833a5364c3c74e6cbf703.jpg
210,"<h1 class=""listing-item__header"">
    Vente Samsung Galaxy Z Flip 4 5G
</h1>",Venant,Samsung,225 000 ,Plateau,https://i.roamcdn.net/hz/ed/listing-thumb-543w/e1f92e890307c58d0442551d6e5a1aae/-/horizon-files-prod/ed/picture/q78w68jj/2800830521254d43995b86807f8dcfda64d724d6.jpg
211,"<h1 class=""listing-item__header"">
    iphone 8 simple-64Go- VENANT AUTHENTİQUE
</h1>",Venant,iPhone,60 000 ,Médina,https://i.roamcdn.net/hz/ed/listing-thumb-543w/78e42d1b663069f0d6f431c5e7147757/-/horizon-files-prod/ed/picture/qwep020g/e957d742d35e6febce0ed259c8e7023cefc35f21.jpg
212,"<h1 class=""listing-item__header"">
    iPhone 12 simple -64 Go- VENANT AUTHENTİQUE
</h1>",Venant,iPhone,175 000 ,Médina,https://i.roamcdn.net/hz/ed/listing-thumb-543w/c1b63f5207785812ebd5b426249656a1/-/horizon-files-prod/ed/picture/q8v4wrgp/94de9e8ed7e9c5d9cf2bddc690caab258bef9337.jpg
213,"<h1 class=""listing-item__header"">
    Iphone 14 en excellent état
</h1>",Venant,iPhone,300 ,Hlm grand-yoff,https://i.roamcdn.net/hz/ed/listing-thumb-543w/c60ecbdb62484c38ce55d4b252ecf64d/-/horizon-files-prod/ed/picture/q78wzppq/f14b2aed5cf8a2f15fbecc186db944c1743edf81.jpg
214,"<h1 class=""listing-item__header"">
    15Pro Max 256Go garanti 12mois
</h1>",Venant,iPhone,600 000 ,Médina,https://i.roamcdn.net/hz/ed/listing-thumb-543w/46ec30827c24ccd7952d99b649c307d1/-/horizon-files-prod/ed/picture/qv4w6gvg/1effe2c5ee7be7d2dc58c0dcb86ab74bb6229f73.jpg
215,"<h1 class=""listing-item__header"">
    iPhone 13 promax
</h1>",Neuf,iPhone,350 000 ,Médina,https://i.roamcdn.net/hz/ed/listing-thumb-543w/27bc7973c8adfb153af021eca83ce2b7/-/horizon-files-prod/ed/picture/q6xd9n8j/6c307ad0457730d4477c8be31e6154999fc9ed52.jpg
216,"<h1 class=""listing-item__header"">
    Iphone 15 simple
</h1>",Neuf,iPhone,385 000 ,Médina,https://i.roamcdn.net/hz/ed/listing-thumb-543w/6d3a66f887da4bdd8a6c38061e5e185e/-/horizon-files-prod/ed/picture/qm5gqj8w/2306bc4f6beebd1731736a44ab545157cea7c3a4.jpg
217,"<h1 class=""listing-item__header"">
    Samsung Galaxy s20 venant 128go ram 12go 5g
</h1>",Venant,Samsung,120 000 ,Colobane,https://i.roamcdn.net/hz/ed/listing-thumb-543w/f4cd8ce3a111b12d43463c930ca1e27c/-/horizon-files-prod/ed/picture/q9mjn8dp/917ea8546f4b60626b99b289bd2ce68098d1b349.jpg
218,"<h1 class=""listing-item__header"">
    Google pixel 6 venant 128go ram 8go 5g
</h1>",Venant,Google,140 000 ,Colobane,https://i.roamcdn.net/hz/ed/listing-thumb-543w/3e5968a06555bdefbdd4dc8009ec8ad2/-/horizon-files-prod/ed/picture/qj4qrpgr/a44773037644f9b527a04d999128b9f68e143dda.jpg
219,"<h1 class=""listing-item__header"">
    Samsung Galaxy z flip 4 128go
</h1>",Venant,Samsung,190 000 ,Médina,https://i.roamcdn.net/hz/ed/listing-thumb-543w/9e3a8d2ba4008680725d2c9d08acc8e1/-/horizon-files-prod/ed/picture/qwe24p9k/d775d4bbccba7c98811c12d48dc5717bc1a5b98e.png
220,"<h1 class=""listing-item__header"">
    Iphone Xr 128G
</h1>",Neuf,iPhone,145 000 ,Gueule-Tapée,https://i.roamcdn.net/hz/ed/listing-thumb-543w/744edc2ba8cc16b6c3999e55ea571ce9/-/horizon-files-prod/ed/picture/q8v56w26/db7110292e431edefa8d68dbb26eb98f13ff4ce0.jpg
221,"<h1 class=""listing-item__header"">
    Infinix Hot 50i - 128Go Ram 8(4+4)Go Écran 6,7 pouces
</h1>",Neuf,Infinix,67 500 ,Castor,https://i.roamcdn.net/hz/ed/listing-thumb-543w/7d56c318a494ca7ddfa3f2ebb721374c/-/horizon-files-prod/ed/picture/qenvw9r4/1c505e61c0fbf534ecff94faa5a9c181d75c53ea.jpg
222,"<h1 class=""listing-item__header"">
    Tecno POP 8 – 64 Go – Ram 4 Go – Ecran 6.6"" pouces
</h1>",Neuf,Tecno,47 000 ,Castor,https://i.roamcdn.net/hz/ed/listing-thumb-543w/926b026fe566df7fb4afe4706d3b847f/-/horizon-files-prod/ed/picture/qxjpwk22/20a744307b618acf9f804a901ec22535e0eaa729.jpg
223,"<h1 class=""listing-item__header"">
    iphone 8 simple-64Go- VENANT AUTHENTİQUE
</h1>",Venant,iPhone,60 000 ,Médina,https://i.roamcdn.net/hz/ed/listing-thumb-543w/78e42d1b663069f0d6f431c5e7147757/-/horizon-files-prod/ed/picture/qwep020g/e957d742d35e6febce0ed259c8e7023cefc35f21.jpg
224,"<h1 class=""listing-item__header"">
    iPhone 16 pro sim physique
</h1>",Neuf,iPhone,670 000 ,Médina,https://i.roamcdn.net/hz/ed/listing-thumb-543w/20eafa147714024f6cf27b843e668421/-/horizon-files-prod/ed/picture/qkr8eq9m/20d5c19e5ed42741aec8ec5311328dc0ae079046.jpg
225,"<h1 class=""listing-item__header"">
    Oppo find 5 lite 256GB 8GB ram 2sim 5G
</h1>",Venant,Oppo,130 000 ,Pikine,https://i.roamcdn.net/hz/ed/listing-thumb-543w/539fcce4c4e2ee78232a81efaa2861f3/-/horizon-files-prod/ed/picture/q6xd9nzd/c79d1485c2ed5c27e69583c12fc1dd2ef57f06a3.jpg
226,"<h1 class=""listing-item__header"">
    Samsung galaxy Z flip 6 256GB 12GB
</h1>",Venant,Samsung,440 000 ,Pikine,https://i.roamcdn.net/hz/ed/listing-thumb-543w/1a48057dc674b105bfee72db681858a7/-/horizon-files-prod/ed/picture/qngpvp80/460edc4302b20b3a685d2872005f3d596282b43b.jpg
227,"<h1 class=""listing-item__header"">
    Samsung galaxy Z flip 4 512GB 8GB ram sim esm
</h1>",Venant,Samsung,285 000 ,Pikine,https://i.roamcdn.net/hz/ed/listing-thumb-543w/c27cb2ff8a6976fd5737ab39cf1362aa/-/horizon-files-prod/ed/picture/qenvkwj6/8e3cd3bf2e40df5d22aaa8ff743651574319d522.jpg
228,"<h1 class=""listing-item__header"">
    IPHONE 11 PRO 64 GB
</h1>",D'occasion,iPhone,130 000 ,Cité keur gorgui,https://i.roamcdn.net/hz/ed/listing-thumb-543w/5a02ca07fc14ebb9311df0220c686cc4/-/horizon-files-prod/ed/picture/q2j067qe/7bd36c3379da847b95631429c3f90500f252a919.jpg
229,"<h1 class=""listing-item__header"">
    Galaxy fold 4 256 go
</h1>",D'occasion,Samsung,270 000 ,Sicap Liberté,https://i.roamcdn.net/hz/ed/listing-thumb-543w/4959239d04783851afe005ebff3170bc/-/horizon-files-prod/ed/picture/qenve9qd/8199013ca893bee96ff90c7c1c8b71d228e5396f.jpg
230,"<h1 class=""listing-item__header"">
    15pro max 512G
</h1>",Neuf,iPhone,670 000 ,Médina,https://i.roamcdn.net/hz/ed/listing-thumb-543w/3389f43fb54ddb9276620b2d3de6bdc4/-/horizon-files-prod/ed/picture/qngpe9re/d4bd6dfe321d3a589ad4e8fc56eb8433e08aefa7.jpg
231,"<h1 class=""listing-item__header"">
    Samsung Galaxy z flip 4  256go
</h1>",Venant,Samsung,210 000 ,Colobane,https://i.roamcdn.net/hz/ed/listing-thumb-543w/c2ccd0f2e8d4d7b700fb955ac8a54818/-/horizon-files-prod/ed/picture/qm5p296j/b9e69f5ca0fe59dbffb34792e41707e84569f152.jpg
232,"<h1 class=""listing-item__header"">
    Google pixels 7 pro venant 128go
</h1>",Venant,Google,230 000 ,Médina,https://i.roamcdn.net/hz/ed/listing-thumb-543w/ab9083ee4fbc23484dca33b31a0dea3b/-/horizon-files-prod/ed/picture/qpd6vq0q/f6539765a0ed0aa558437f325fe350ae4e2f0b81.png
233,"<h1 class=""listing-item__header"">
    Samsung S24 plus
</h1>",Venant,Samsung,360 000 ,Thiès,https://i.roamcdn.net/hz/ed/listing-thumb-543w/276ba57c38b357405352c4fb4268f816/-/horizon-files-prod/ed/picture/qrz8er4g/69a64de1e67679dd4f8cb6d7726bb69fa6124b98.jpg
234,"<h1 class=""listing-item__header"">
    15pro max 256G
</h1>",Venant,iPhone,530 000 ,Médina,https://i.roamcdn.net/hz/ed/listing-thumb-543w/8b224222372dce76f2a31a838876e851/-/horizon-files-prod/ed/picture/qkr8e7q5/d2261af54c42b7e2100295e6d00400b69e1da028.jpg
235,"<h1 class=""listing-item__header"">
    iphone 8 simple-64Go- VENANT AUTHENTİQUE
</h1>",Venant,iPhone,60 000 ,Médina,https://i.roamcdn.net/hz/ed/listing-thumb-543w/78e42d1b663069f0d6f431c5e7147757/-/horizon-files-prod/ed/picture/qwep020g/e957d742d35e6febce0ed259c8e7023cefc35f21.jpg
236,"<h1 class=""listing-item__header"">
    Samsung galaxy fold 6 256G
</h1>",Neuf,Samsung,750 000 ,Liberte 6 extension,https://i.roamcdn.net/hz/ed/listing-thumb-543w/fb52b15c5a77dff4c6ebb42103a77b2c/-/horizon-files-prod/ed/picture/qq42e5v6/b910e6b186d4206e3759a489da1e8d6e88f16450.jpg
237,"<h1 class=""listing-item__header"">
    Samsung Galaxy S25ultra 512giga neuf scellé
</h1>",Neuf,Samsung,850 000 ,Médina,https://i.roamcdn.net/hz/ed/listing-thumb-543w/a1a6402eba473d9db0fedd1d5386da60/-/horizon-files-prod/ed/picture/qrz8eq7x/6ab1a74801532663497d981c8a6c1a0954dc57e5.jpg
238,"<h1 class=""listing-item__header"">
    SAMSUNG GALAXY S25 ULTRA 512GO RAM 12GO
</h1>",Neuf,Samsung,850 000 ,Plateau,https://i.roamcdn.net/hz/ed/listing-thumb-543w/04f45bd2c657cf570b0cc56bb7b27b2a/-/horizon-files-prod/ed/picture/qj4qe6xd/ff0a49f2515ddaeca883c6ef8619277759c11081.jpg
239,"<h1 class=""listing-item__header"">
    Vente BlackView BV9100
</h1>",Neuf,Autres,145 000 ,Plateau,https://i.roamcdn.net/hz/ed/listing-thumb-543w/b7c24014055f2e19e391ce45aff6c5a0/-/horizon-files-prod/ed/picture/qm5ge0jd/ea4c3ce69a081600cad33b331a28c539bfe9b3dc.jpg
240,"<h1 class=""listing-item__header"">
    SAMSUNG GALAXY S25 ULTRA 256GO RAM 12GO
</h1>",Neuf,Samsung,775 000 ,Plateau,https://i.roamcdn.net/hz/ed/listing-thumb-543w/b4d6d220a14905266805989e1635cd2a/-/horizon-files-prod/ed/picture/q0g7jk9g/81702965f97ce0f93568ce09c4d90a4db611de44.jpg
241,"<h1 class=""listing-item__header"">
    Samsung galaxy A05 neuf 64go
</h1>",Neuf,Samsung,55 000 ,Patte d‘oie,https://i.roamcdn.net/hz/ed/listing-thumb-543w/69eab52fe57d914ce6535456a3b8c7d9/-/horizon-files-prod/ed/picture/qq42d7ke/4a37c454cf088f1056b03eaacb4f876fde81fc01.jpg
242,"<h1 class=""listing-item__header"">
    Xiaomi redmi note 13pro 256go ram 8go
</h1>",Neuf,Xiaomi,140 000 ,Patte d‘oie,https://i.roamcdn.net/hz/ed/listing-thumb-543w/c76b83a4471b2802ba9320ceb8d4b8c1/-/horizon-files-prod/ed/picture/q8v47k99/55442514536ec9539bda27242203854d52ae4533.jpg
243,"<h1 class=""listing-item__header"">
    Xiaomi redmi note 13pro plus 256go ram 8go
</h1>",Neuf,Xiaomi,175 000 ,Patte d‘oie,https://i.roamcdn.net/hz/ed/listing-thumb-543w/ff3b2275b9428fceaddc4bea68576929/-/horizon-files-prod/ed/picture/qv4wj9kv/0f4922c47a433a1b4a12020a4c844f5bd2be2d42.jpg
244,"<h1 class=""listing-item__header"">
    iPhone 14 pro max
</h1>",Venant,iPhone,450 000 ,Parcelles Assainies,https://i.roamcdn.net/hz/ed/listing-thumb-543w/533f91c5800d066fdaed8aaace41862a/-/horizon-files-prod/ed/picture/qpdmrdxj/08a4ec50cf791af619dbe68d6c97d4ddd331d9ad.jpg
245,"<h1 class=""listing-item__header"">
    iPhone 11 simple
</h1>",Neuf,iPhone,162 550 ,Parcelles Assainies,https://i.roamcdn.net/hz/ed/listing-thumb-543w/02eb5f7476701c386b00964c74b34f9c/-/horizon-files-prod/ed/picture/q8v42zz7/477050a72882d5fd71a83fcf943a3830faa67b9d.jpg
246,"<h1 class=""listing-item__header"">
    Huawei p30 pro 256Go ram8
</h1>",Neuf,Huawei,140 000 ,Fass,https://i.roamcdn.net/hz/ed/listing-thumb-543w/68c75f7eda3e47f07965418521566290/-/horizon-files-prod/ed/picture/qngpe99x/e5b38ff0f5fb2cde99e688d5f604b6e45cc2f922.jpg
247,"<h1 class=""listing-item__header"">
    iphone 8 simple-64Go- VENANT AUTHENTİQUE
</h1>",Venant,iPhone,60 000 ,Médina,https://i.roamcdn.net/hz/ed/listing-thumb-543w/78e42d1b663069f0d6f431c5e7147757/-/horizon-files-prod/ed/picture/qwep020g/e957d742d35e6febce0ed259c8e7023cefc35f21.jpg
248,"<h1 class=""listing-item__header"">
    iPhone 12 simple -64 Go- VENANT AUTHENTİQUE
</h1>",Venant,iPhone,175 000 ,Médina,https://i.roamcdn.net/hz/ed/listing-thumb-543w/c1b63f5207785812ebd5b426249656a1/-/horizon-files-prod/ed/picture/q8v4wrgp/94de9e8ed7e9c5d9cf2bddc690caab258bef9337.jpg
249,"<h1 class=""listing-item__header"">
    Ipad 10 générations
</h1>",Neuf,iPad,290 000 ,Médina,https://i.roamcdn.net/hz/ed/listing-thumb-543w/6f2f15fa80ac83fb2dbdbc71d225cf86/-/horizon-files-prod/ed/picture/qngpep2r/affea8d14cae487a3a82a1159b8d94e5eef16edd.jpg
250,"<h1 class=""listing-item__header"">
    Canon 30 256 go
</h1>",Neuf,Tecno,125 000 ,Sicap Liberté,https://i.roamcdn.net/hz/ed/listing-thumb-543w/9b542066a1ed0a0ce334a39f419569ac/-/horizon-files-prod/ed/picture/qrz8e8gn/b2065eef660e1f3e0398ca4c54558148e657c1d6.jpg
251,"<h1 class=""listing-item__header"">
    Motorola Razr 50 256giga 8giga neuf scellé
</h1>",Neuf,Motorola,475 000 ,Point-e,https://i.roamcdn.net/hz/ed/listing-thumb-543w/d08c93c25a61187793e90f7021f9ed92/-/horizon-files-prod/ed/picture/q8v4728p/474c5793d56eba7ee086b1ae7bc35a21518a26e4.jpg
252,"<h1 class=""listing-item__header"">
    Iphone 12 pro 128go
</h1>",Venant,iPhone,235 000 ,Colobane,https://i.roamcdn.net/hz/ed/listing-thumb-543w/7def28a9e0cd02177a329464e1bb1864/-/horizon-files-prod/ed/picture/q44nvnm8/696247f9340200bd13dc5b7d82ff1ef3b8ca2cc9.jpg
253,"<h1 class=""listing-item__header"">
    Iphone 11 pro max 256go go
</h1>",Venant,iPhone,225 000 ,Colobane,https://i.roamcdn.net/hz/ed/listing-thumb-543w/b3c3ecb40daf040179a4f9d2b02aeed8/-/horizon-files-prod/ed/picture/q8v4w4dz/8bb58b1e02170a370023821a1faf79bde44369b2.jpg
254,"<h1 class=""listing-item__header"">
    Xiaomi mi 11 256GB 8GB ram 5G
</h1>",Venant,Xiaomi,160 000 ,Pikine,https://i.roamcdn.net/hz/ed/listing-thumb-543w/05878bfa513c8a1b80b3cd6e31c15de2/-/horizon-files-prod/ed/picture/qxjpvp8m/f5397e87cb321d3d9bfdf6a27aeda8e3db200f82.jpg
255,"<h1 class=""listing-item__header"">
    Samsung A55 256Go
</h1>",Neuf,Samsung,240 000 ,Plateau,https://i.roamcdn.net/hz/ed/listing-thumb-543w/d9238ac18c0aa6b519ed04b3ab8809f1/-/horizon-files-prod/ed/picture/qpdmemwj/e45793487632fc13262bc5f6ac13b1813894506a.jpg
256,"<h1 class=""listing-item__header"">
    13 Pro 128Giga
</h1>",Venant,iPhone,330 000 ,Médina,https://i.roamcdn.net/hz/ed/listing-thumb-543w/23d62847d9861067bb9211f1a03a669a/-/horizon-files-prod/ed/picture/q0g7j7pj/a841a4b19b2bc26ac6efb9284842c46860e864b3.jpg
257,"<h1 class=""listing-item__header"">
    IPhone 14 simple 128/256giga
</h1>",Venant,iPhone,345 000 ,Médina,https://i.roamcdn.net/hz/ed/listing-thumb-543w/421daac93ae8cd67b6c9eb56ad073904/-/horizon-files-prod/ed/picture/q56d0dw5/23a60ff50ff62c18539d945e6611bfe8dab70af6.jpg
258,"<h1 class=""listing-item__header"">
    IPhone 16plus 128Giga
</h1>",Venant,iPhone,645 000 ,Médina,https://i.roamcdn.net/hz/ed/listing-thumb-543w/24dc192b5b035a8bef624c21e2c5b65a/-/horizon-files-prod/ed/picture/qj4qeqm5/e315e0a708d46e3a8bfc26d94effa8be54ee2317.jpg
259,"<h1 class=""listing-item__header"">
    iphone 8 simple-64Go- VENANT AUTHENTİQUE
</h1>",Venant,iPhone,60 000 ,Médina,https://i.roamcdn.net/hz/ed/listing-thumb-543w/78e42d1b663069f0d6f431c5e7147757/-/horizon-files-prod/ed/picture/qwep020g/e957d742d35e6febce0ed259c8e7023cefc35f21.jpg
260,"<h1 class=""listing-item__header"">
    Samsung galaxy fold 6 256G
</h1>",Neuf,Samsung,750 000 ,Liberte 6 extension,https://i.roamcdn.net/hz/ed/listing-thumb-543w/fb52b15c5a77dff4c6ebb42103a77b2c/-/horizon-files-prod/ed/picture/qq42e5v6/b910e6b186d4206e3759a489da1e8d6e88f16450.jpg
261,"<h1 class=""listing-item__header"">
    IPhone 14 Pro 128go/256go
</h1>",Venant,iPhone,425 000 ,Médina,https://i.roamcdn.net/hz/ed/listing-thumb-543w/5bc02a88ab94714693d2fdab0cde759a/-/horizon-files-prod/ed/picture/qngpexr0/5a85caa8835798030fae8c02c004c4ca9c4584b0.jpg
262,"<h1 class=""listing-item__header"">
    13Pro 128GB
</h1>",Venant,iPhone,285 000 ,Médina,https://i.roamcdn.net/hz/ed/listing-thumb-543w/66fda9b72a6a020879072820acdfcfb0/-/horizon-files-prod/ed/picture/qwep72qd/5e9df36772ffde44289a02ed97d4149300c8140d.jpg
263,"<h1 class=""listing-item__header"">
    16 simple Sim 128GB
</h1>",Neuf,iPhone,539 900 ,Médina,https://i.roamcdn.net/hz/ed/listing-thumb-543w/a564235b39a60a5a9e9381a43145c6ff/-/horizon-files-prod/ed/picture/q6xdwn5z/81fae6f505b4fb06d6905fea9e8f127fa2ec7d5e.jpg
264,"<h1 class=""listing-item__header"">
    Xr 128GB
</h1>",Venant,iPhone,125 000 ,Médina,https://i.roamcdn.net/hz/ed/listing-thumb-543w/1a08aba3dec14ec53e0abc6e48f791b1/-/horizon-files-prod/ed/picture/q78wz5nq/a72ff6fed7cb736f20cc52d7028c655135a5077a.jpg
265,"<h1 class=""listing-item__header"">
    13 simple 128go
</h1>",Venant,iPhone,245 000 ,Médina,https://i.roamcdn.net/hz/ed/listing-thumb-543w/f16ceb2804c055ecf971da21d4186a0e/-/horizon-files-prod/ed/picture/q9mjq945/e538d1baadedf2b1ee270305b95d304c5eff5686.jpg
266,"<h1 class=""listing-item__header"">
    Xiaomi Poco X6Pro 512GB
</h1>",Venant,Xiaomi,285 000 ,Médina,https://i.roamcdn.net/hz/ed/listing-thumb-543w/10048b0b61110266196659bd82d4075a/-/horizon-files-prod/ed/picture/q78wz5e5/2aa0ebc0b10a99356a3affa7b817ccfe62642961.jpg
267,"<h1 class=""listing-item__header"">
    IPhone XS Max 64 go
</h1>",D'occasion,iPhone,150 000 ,Sicap Liberté,https://i.roamcdn.net/hz/ed/listing-thumb-543w/1fb1ad689fd952d9dd8435b632516b37/-/horizon-files-prod/ed/picture/qzvp9dnv/07903c4525d2460dac3e442f17359b1c0ef72ad1.jpg
268,"<h1 class=""listing-item__header"">
    Watch serie 10 46
</h1>",Venant,iPad,260 000 ,Yoff,https://i.roamcdn.net/hz/ed/listing-thumb-543w/8c186665f48c69ef2620af634a9c6512/-/horizon-files-prod/ed/picture/q6xdj0v6/81e898716a0fe8d6bb1fda3793c8f251d613f470.jpg
269,"<h1 class=""listing-item__header"">
    IPHONE 13 128 GB
</h1>",Neuf,iPhone,245 000 ,Colobane,https://i.roamcdn.net/hz/ed/listing-thumb-543w/8d6b5b1daa03a17890319949fee91c8f/-/horizon-files-prod/ed/picture/q6xd8kj4/62117394272498f699826cb2636d3452dec8e768.jpg
270,"<h1 class=""listing-item__header"">
    XR 128
</h1>",Venant,iPhone,120 000 ,Hlm,https://i.roamcdn.net/hz/ed/listing-thumb-543w/6bcd5bc741f2374ce60275786d56c9ff/-/horizon-files-prod/ed/picture/qm5gepd9/e5e9cadddc88a0382cbcba0807d6c4281f067a0e.jpg
271,"<h1 class=""listing-item__header"">
    iphone 8 simple-64Go- VENANT AUTHENTİQUE
</h1>",Venant,iPhone,60 000 ,Médina,https://i.roamcdn.net/hz/ed/listing-thumb-543w/78e42d1b663069f0d6f431c5e7147757/-/horizon-files-prod/ed/picture/qwep020g/e957d742d35e6febce0ed259c8e7023cefc35f21.jpg
272,"<h1 class=""listing-item__header"">
    iPhone 16 pro sim physique
</h1>",Neuf,iPhone,670 000 ,Médina,https://i.roamcdn.net/hz/ed/listing-thumb-543w/20eafa147714024f6cf27b843e668421/-/horizon-files-prod/ed/picture/qkr8eq9m/20d5c19e5ed42741aec8ec5311328dc0ae079046.jpg
273,"<h1 class=""listing-item__header"">
    Samsung galaxy S25 ultra  256
</h1>",Neuf,Samsung,775 000 ,Médina,https://i.roamcdn.net/hz/ed/listing-thumb-543w/dbcd84a5cc674449893d8273ea28b420/-/horizon-files-prod/ed/picture/qgqwe98k/c6910396d7f8b340153be8899da61c4a30d000a1.jpg
274,"<h1 class=""listing-item__header"">
    Iphone 14 Pro Max
</h1>",Venant,iPhone,479 934 ,Point-e,https://i.roamcdn.net/hz/ed/listing-thumb-543w/47b49d89ea0542b57ef1539458aabe9f/-/horizon-files-prod/ed/picture/q0g78wgw/847f61d9b3f09c7a45ba643e59686691952f6b6a.jpg
275,"<h1 class=""listing-item__header"">
    Iphone 16 Pro max
</h1>",Neuf,iPhone,1 000 000 ,Point-e,https://i.roamcdn.net/hz/ed/listing-thumb-543w/c721462ff45cf7ead8753c39cb14eff7/-/horizon-files-prod/ed/picture/qm5gvr89/4142ee6ad0b3d62a8262cee2b90621953afe4710.jpg
276,"<h1 class=""listing-item__header"">
    IPHONE XS MAX
</h1>",Neuf,iPhone,100 000 ,Gueule-Tapée,https://i.roamcdn.net/hz/ed/listing-thumb-543w/8b8495842892b51399e6999eae4ea591/-/horizon-files-prod/ed/picture/qrz8xjqm/a0b3eb68afb6500643b4320e4c3758fb77055fa3.jpg
277,"<h1 class=""listing-item__header"">
    Téléphone Samsung Z Z flip4 256Go
</h1>",Venant,Samsung,210 000 ,Fass,https://i.roamcdn.net/hz/ed/listing-thumb-543w/c274983a104819be0b97281407b2043f/-/horizon-files-prod/ed/picture/qenveqpx/092fe879ad697d977c5cec9a0c01de89fc697022.jpg
278,"<h1 class=""listing-item__header"">
    OPPO A54
</h1>",Venant,Oppo,80 000 ,Hlm,https://i.roamcdn.net/hz/ed/listing-thumb-543w/352d35a6f0a6968ada0e745540a5fd96/-/horizon-files-prod/ed/picture/q44nwnjm/03f49c667bb5408720397892bd23a4554a663d5a.jpg
279,"<h1 class=""listing-item__header"">
    OPPO RENO 5A
</h1>",Neuf,Oppo,85 000 ,Hlm,https://i.roamcdn.net/hz/ed/listing-thumb-543w/5e6f31f74ac0bb8d4b8ea58752c6eb1e/-/horizon-files-prod/ed/picture/q6xd8ke6/893e986d0a2bfcde83eef5ffd358cc5ad09a5fdc.jpg
280,"<h1 class=""listing-item__header"">
    Iphone 13 128GO
</h1>",Venant,iPhone,235 000 ,Hlm,https://i.roamcdn.net/hz/ed/listing-thumb-543w/64d92e1d723e57df8a3938531547007e/-/horizon-files-prod/ed/picture/qkr8zg6p/3116d8ed514693f849670851c94fdb359aa9ec83.jpg
281,"<h1 class=""listing-item__header"">
    Iphone 13 256GO
</h1>",Venant,iPhone,250 000 ,Hlm,https://i.roamcdn.net/hz/ed/listing-thumb-543w/296111c1053da5f42701ca8dc54aaf8f/-/horizon-files-prod/ed/picture/qv4wje9j/3475d03019ee0caa8a4e497c563b6b908401ad6c.jpg
282,"<h1 class=""listing-item__header"">
    Samsung S25 ultra 256gb
</h1>",Neuf,Samsung,870 000 ,Médina,https://i.roamcdn.net/hz/ed/listing-thumb-543w/2098f31fc8fe771326589fade1943a93/-/horizon-files-prod/ed/picture/qenve5mk/60fbd96b3dc2e580cf5dc7b622b75b2858d4af6f.jpg
283,"<h1 class=""listing-item__header"">
    iphone 8 simple-64Go- VENANT AUTHENTİQUE
</h1>",Venant,iPhone,60 000 ,Médina,https://i.roamcdn.net/hz/ed/listing-thumb-543w/78e42d1b663069f0d6f431c5e7147757/-/horizon-files-prod/ed/picture/qwep020g/e957d742d35e6febce0ed259c8e7023cefc35f21.jpg
284,"<h1 class=""listing-item__header"">
    iPhone 16 pro sim physique
</h1>",Neuf,iPhone,670 000 ,Médina,https://i.roamcdn.net/hz/ed/listing-thumb-543w/20eafa147714024f6cf27b843e668421/-/horizon-files-prod/ed/picture/qkr8eq9m/20d5c19e5ed42741aec8ec5311328dc0ae079046.jpg
285,"<h1 class=""listing-item__header"">
    iPhone 16 pro 256giga neuf scellé authentique
</h1>",Neuf,iPhone,795 000 ,Point-e,https://i.roamcdn.net/hz/ed/listing-thumb-543w/2a3bf0d8ac9b94a2d335160d7ef49fac/-/horizon-files-prod/ed/picture/qq42rkxz/6ccff044b0f4ce4fd4ef540fe9963d5ddbf7a39e.jpg
286,"<h1 class=""listing-item__header"">
    Google Pixel 9 pro XL 128giga neuf scellé
</h1>",Neuf,Google,670 000 ,Point-e,https://i.roamcdn.net/hz/ed/listing-thumb-543w/0fa08450f99fa4735d9dcc536a5da205/-/horizon-files-prod/ed/picture/qenvkzr2/3d16be2cc4e3833dbdf0433df699ca45a732e358.jpg
287,"<h1 class=""listing-item__header"">
    Samsung note9 512go go ram 8go
</h1>",Venant,Samsung,125 000 ,Colobane,https://i.roamcdn.net/hz/ed/listing-thumb-543w/cdb9c16b39a402ca6dbb8da0ad220bd9/-/horizon-files-prod/ed/picture/qgqwegr8/c30f8a7141fce4898ac99c885f66dbf9aace56ec.jpg
288,"<h1 class=""listing-item__header"">
    Samsung s22 ultra 256go  2sim
</h1>",Venant,Samsung,325 000 ,Colobane,https://i.roamcdn.net/hz/ed/listing-thumb-543w/b8830fce4edfd6026415abec3855bb7a/-/horizon-files-prod/ed/picture/qxjpv6mw/6bdba621746e10690ee8fcd7286407aeb3729cf4.jpg
289,"<h1 class=""listing-item__header"">
    Samsung zflip 3 256go ramb8go
</h1>",Venant,Samsung,170 000 ,Colobane,https://i.roamcdn.net/hz/ed/listing-thumb-543w/ce092d420a533f24053c44aea48fffdb/-/horizon-files-prod/ed/picture/q6xd968p/154d9c135234e4a1048cf3315e23c7689ebf0192.jpg
290,"<h1 class=""listing-item__header"">
    Samsung note 20 ultra 128go ram8
</h1>",Venant,Samsung,165 000 ,Colobane,https://i.roamcdn.net/hz/ed/listing-thumb-543w/a45a5ddb888e5e1edd5209972b870eff/-/horizon-files-prod/ed/picture/qenve5zk/56315a78c763f7c636eb29cab2557b8c9186b983.jpg
291,"<h1 class=""listing-item__header"">
    Samsung s10 + 256go ram8 5G
</h1>",Venant,Samsung,149 900 ,Colobane,https://i.roamcdn.net/hz/ed/listing-thumb-543w/44874bea66bd508f1040dbee95296e15/-/horizon-files-prod/ed/picture/q56d04qn/6b37f9bb0af94005abda1daffb93808dbdbc161f.jpg
292,"<h1 class=""listing-item__header"">
    Samsung Galaxy s10 128go
</h1>",Venant,Samsung,110 000 ,Parcelles Assainies,https://i.roamcdn.net/hz/ed/listing-thumb-543w/4ab095e349c907440e16f1e8cdb30845/-/horizon-files-prod/ed/picture/qennmp92/f7e801de33274ebf0db33d231fc7ddc91c9e3fda.jpg
293,"<h1 class=""listing-item__header"">
    Nokia 3310
</h1>",Neuf,Nokia,25 000 ,Colobane,https://i.roamcdn.net/hz/ed/listing-thumb-543w/22e4b4a8e92d6cca3b8349d0d3d2d2ce/-/horizon-files-prod/ed/picture/qgqwjmv2/68f4e62386f8789072dcbdf47a23115ba327fbb9.jpg
294,"<h1 class=""listing-item__header"">
    Xiaomi redmi 14c neuf 128go ram 8go
</h1>",Neuf,Xiaomi,65 000 ,Colobane,https://i.roamcdn.net/hz/ed/listing-thumb-543w/1c9e86a924eeea6559a076bb53896711/-/horizon-files-prod/ed/picture/q78wqg7d/f5293a96b0a7e2324a82ad00bc20b9eed5557747.jpg
295,"<h1 class=""listing-item__header"">
    iphone 8 simple-64Go- VENANT AUTHENTİQUE
</h1>",Venant,iPhone,60 000 ,Médina,https://i.roamcdn.net/hz/ed/listing-thumb-543w/78e42d1b663069f0d6f431c5e7147757/-/horizon-files-prod/ed/picture/qwep020g/e957d742d35e6febce0ed259c8e7023cefc35f21.jpg
296,"<h1 class=""listing-item__header"">
    iPhone 16 pro sim physique
</h1>",Neuf,iPhone,670 000 ,Médina,https://i.roamcdn.net/hz/ed/listing-thumb-543w/20eafa147714024f6cf27b843e668421/-/horizon-files-prod/ed/picture/qkr8eq9m/20d5c19e5ed42741aec8ec5311328dc0ae079046.jpg
297,"<h1 class=""listing-item__header"">
    Téléphone Z fild3 256
</h1>",Venant,Samsung,159 900 ,Fass,https://i.roamcdn.net/hz/ed/listing-thumb-543w/be00615ca546b482a450bb798a07fd98/-/horizon-files-prod/ed/picture/qkr8e5d2/f6d2586fcfdda4a7a9830d200f9317a90daf88f3.jpg
298,"<h1 class=""listing-item__header"">
    Téléphone Samsung S21plus 128gb
</h1>",Venant,Samsung,157 900 ,Fass,https://i.roamcdn.net/hz/ed/listing-thumb-543w/182e93bd60de3636900e8c3a1c013e54/-/horizon-files-prod/ed/picture/qgqwegk8/c4c4058266c305ee651382b4740e89e05ce2600a.jpg
299,"<h1 class=""listing-item__header"">
    Téléphone Redmi 14C scellé 256GB RAM8
</h1>",Neuf,Xiaomi,94 900 ,Fass,https://i.roamcdn.net/hz/ed/listing-thumb-543w/428ac49e307735e28474f9715d8dd0f7/-/horizon-files-prod/ed/picture/q8v4wz24/9bf4168c72f6a4867102611c3839a4492a65db67.jpg
300,"<h1 class=""listing-item__header"">
    Téléphone Redmi 12 256gb ram8
</h1>",Venant,Autres,79 900 ,Fass,https://i.roamcdn.net/hz/ed/listing-thumb-543w/79beed98b6e815f43b1b34df4c79e7dc/-/horizon-files-prod/ed/picture/qngpedkg/83b60c902304899d5fcf23dce020f16e00ed7e1e.jpg
301,"<h1 class=""listing-item__header"">
    Samsung Galaxy S10E 2SIM 128giga Ram6
</h1>",Venant,Samsung,95 000 ,Fass,https://i.roamcdn.net/hz/ed/listing-thumb-543w/5cc851005e1c20f7b1d45c7fc2d612e1/-/horizon-files-prod/ed/picture/q6xd964p/cbaa00c06b7d456d50ea55d4a69f7d75067dd593.jpg
302,"<h1 class=""listing-item__header"">
    Iphone 13 pro 512gb
</h1>",Venant,iPhone,305 000 ,Hann maristes,https://i.roamcdn.net/hz/ed/listing-thumb-543w/03b4c1cb757a506c2dfad6c377e34dc9/-/horizon-files-prod/ed/picture/qrz8eq4n/2bc02cd7d839f0743dd8b55ede67c0f7d7019128.jpg
303,"<h1 class=""listing-item__header"">
    Samsung Galaxy S25 ultra
</h1>",Neuf,Samsung,770 000 ,Plateau,https://i.roamcdn.net/hz/ed/listing-thumb-543w/fcf4875273a1a447b270da1972d88681/-/horizon-files-prod/ed/picture/qngpedng/8612d8d444bf98e5cdc4dd9d6aef1b8321388cd3.jpg
304,"<h1 class=""listing-item__header"">
    iPhone 16 128GB SIM Noir
</h1>",Neuf,iPhone,480 000 ,Médina,https://i.roamcdn.net/hz/ed/listing-thumb-543w/a3bd4b88aa71e9915a9c909ad984fd80/-/horizon-files-prod/ed/picture/qpdmew7p/519a0dd6225a08245595c78d3da4a44b0cce38e6.jpg
305,"<h1 class=""listing-item__header"">
    Redmi note 13 Pro 256GB 8GB ram Dual
</h1>",Venant,Samsung,175 000 ,Pikine,https://i.roamcdn.net/hz/ed/listing-thumb-543w/96e018e13e01fd35e11e5d88d203509d/-/horizon-files-prod/ed/picture/q78w4gwz/a9be7137520661d035305c6dfa1e92a9a04334e3.jpg
306,"<h1 class=""listing-item__header"">
    Fold 3 256g scellé
</h1>",Neuf,Autres,360 000 ,Médina,https://i.roamcdn.net/hz/ed/listing-thumb-543w/73f4b21838f8083a66877090db975e99/-/horizon-files-prod/ed/picture/q6xd966j/1685976ebbbcfa0bb173347b1f893d11c01495f7.jpg
307,"<h1 class=""listing-item__header"">
    iphone 8 simple-64Go- VENANT AUTHENTİQUE
</h1>",Venant,iPhone,60 000 ,Médina,https://i.roamcdn.net/hz/ed/listing-thumb-543w/78e42d1b663069f0d6f431c5e7147757/-/horizon-files-prod/ed/picture/qwep020g/e957d742d35e6febce0ed259c8e7023cefc35f21.jpg
308,"<h1 class=""listing-item__header"">
    Samsung galaxy fold 6 256G
</h1>",Neuf,Samsung,750 000 ,Liberte 6 extension,https://i.roamcdn.net/hz/ed/listing-thumb-543w/fb52b15c5a77dff4c6ebb42103a77b2c/-/horizon-files-prod/ed/picture/qq42e5v6/b910e6b186d4206e3759a489da1e8d6e88f16450.jpg
309,"<h1 class=""listing-item__header"">
    Samsung Galaxy S24 Ultra
</h1>",Venant,Samsung,530 000 ,Hann maristes,https://i.roamcdn.net/hz/ed/listing-thumb-543w/849f3dacc6d7ac8418a1277ff8ea284e/-/horizon-files-prod/ed/picture/qm5ger5w/9c3c95d8132fefa4ef4aa60f9fca370f3750013c.jpg
310,"<h1 class=""listing-item__header"">
    iPhone 13 128GB
</h1>",Venant,iPhone,270 000 ,Point-e,https://i.roamcdn.net/hz/ed/listing-thumb-543w/5b8c9c730bbd6086df774bf7f0a387d9/-/horizon-files-prod/ed/picture/qzvp944d/f51e561f4cb3363eb456110146843cbd644c6516.jpg
311,"<h1 class=""listing-item__header"">
    iPhone 11 Pro 256GB
</h1>",Venant,iPhone,210 000 ,Point-e,https://i.roamcdn.net/hz/ed/listing-thumb-543w/f08a2040250fd0c260cd83948127a6a9/-/horizon-files-prod/ed/picture/q8v4wvqx/73f5003cefd4bf1a790027a9c243a8727d886ad1.jpg
312,"<h1 class=""listing-item__header"">
    S25 Ultra 256GB
</h1>",Neuf,Samsung,800 000 ,Médina,https://i.roamcdn.net/hz/ed/listing-thumb-543w/91dbbfa34fade2a62af49aee4cdbe1a7/-/horizon-files-prod/ed/picture/qngpegk0/950f70816a6e3ee9b4f364e8fe4fcb74f373d5e8.jpg
313,"<h1 class=""listing-item__header"">
    Google pixel 9
</h1>",Neuf,Google,350 000 ,Castor,https://i.roamcdn.net/hz/ed/listing-thumb-543w/2b6f7099f64ecbc281357b853abb3c45/-/horizon-files-prod/ed/picture/qxjpvjzn/49c4769459e5cddfdabb6e68326594734d7ee80e.png
314,"<h1 class=""listing-item__header"">
    Samsung galaxie S25 512Go
</h1>",Neuf,Samsung,820 000 ,Plateau,https://i.roamcdn.net/hz/ed/listing-thumb-543w/c7f66ec7d6ae29f3ce6782f850b064b3/-/horizon-files-prod/ed/picture/q8v4wvdn/ab379250aafcdaeafbc87bf1f6c9fbd5a686fdf7.jpg
315,"<h1 class=""listing-item__header"">
    Tecno Spark 30c 128gb
</h1>",Neuf,Tecno,67 000 ,Castor,https://i.roamcdn.net/hz/ed/listing-thumb-543w/0afc738eb0688cca808b657fb80ac020/-/horizon-files-prod/ed/picture/qngpzq5r/1d4e8ec372568772e6f377780b681d31b649c274.jpg
316,"<h1 class=""listing-item__header"">
    iPhone 13 simple 128g
</h1>",Venant,iPhone,240 000 ,Castor,https://i.roamcdn.net/hz/ed/listing-thumb-543w/da86f21da03807b4710f8fa42febccd6/-/horizon-files-prod/ed/picture/qpdmrp4w/274ea8c5690bffd5495ddbc0b1f6361e3c371f47.png
317,"<h1 class=""listing-item__header"">
    iphone 8 simple-64Go- VENANT AUTHENTİQUE
</h1>",Venant,iPhone,60 000 ,Médina,https://i.roamcdn.net/hz/ed/listing-thumb-543w/78e42d1b663069f0d6f431c5e7147757/-/horizon-files-prod/ed/picture/qwep020g/e957d742d35e6febce0ed259c8e7023cefc35f21.jpg
318,"<h1 class=""listing-item__header"">
    iPhone 12 simple -64 Go- VENANT AUTHENTİQUE
</h1>",Venant,iPhone,175 000 ,Médina,https://i.roamcdn.net/hz/ed/listing-thumb-543w/c1b63f5207785812ebd5b426249656a1/-/horizon-files-prod/ed/picture/q8v4wrgp/94de9e8ed7e9c5d9cf2bddc690caab258bef9337.jpg
319,"<h1 class=""listing-item__header"">
    14 Pro Max Gold 256Go
</h1>",Venant,iPhone,490 000 ,Sacré-cœur,https://i.roamcdn.net/hz/ed/listing-thumb-543w/c992954c001dd251b02b73b0f59ecca5/-/horizon-files-prod/ed/picture/qenvenw2/37215ce5337ad3c6a775b56f5228b15e960f8b58.jpg
320,"<h1 class=""listing-item__header"">
    Google pixels 7A 128GB 8GB ram sim esm
</h1>",Neuf,Google,165 000 ,Pikine,https://i.roamcdn.net/hz/ed/listing-thumb-543w/a9e7e7f70595c1251d1b6880715dad89/-/horizon-files-prod/ed/picture/qxjp7v5w/e05d5cd781d185573f8e79ba42bc41122e88314c.jpg
321,"<h1 class=""listing-item__header"">
    Vente Samsung Galaxy S24
</h1>",Venant,Samsung,420 000 ,Plateau,https://i.roamcdn.net/hz/ed/listing-thumb-543w/c405b8fa49e15cc88f6ac7163c306b00/-/horizon-files-prod/ed/picture/qwep68wp/1cfe5c7d4671e9043ee206c4df31b3b2e00d46a7.jpg
322,"<h1 class=""listing-item__header"">
    Tecno spark 30c 128go ram 4go
</h1>",Neuf,Tecno,70 000 ,Patte d‘oie,https://i.roamcdn.net/hz/ed/listing-thumb-543w/fb5a6b98289cbc4b040ca6f8bb257ebc/-/horizon-files-prod/ed/picture/qxjpnp2v/f0182296298b631c6ab4513140248cc9b6fab916.jpg
323,"<h1 class=""listing-item__header"">
    Xiaomi redmi note 13 256go ram 8go
</h1>",Neuf,Xiaomi,115 000 ,Patte d‘oie,https://i.roamcdn.net/hz/ed/listing-thumb-543w/ef9c9ce4c7c1aef984df306882d4d5b4/-/horizon-files-prod/ed/picture/qde7004g/5520e8e5be0cc2b65ce2b9f057dcd24bab20c6de.jpg
324,"<h1 class=""listing-item__header"">
    Samsung galaxy A16 dual sim 128go ram 4go
</h1>",Neuf,Samsung,95 000 ,Patte d‘oie,https://i.roamcdn.net/hz/ed/listing-thumb-543w/796863e18262773620e858206475a904/-/horizon-files-prod/ed/picture/qm5gwvnr/51c0ad856c674fbe1ed7027cee2bb3c0ff1c7ecb.png
325,"<h1 class=""listing-item__header"">
    Xiaomi redmi 14c neuf 256go ram 8go
</h1>",Neuf,Xiaomi,80 000 ,Patte d‘oie,https://i.roamcdn.net/hz/ed/listing-thumb-543w/1712042da3a89a746a3063217ce1ca84/-/horizon-files-prod/ed/picture/qwepj00k/891094a3fae67da911ade1a3d660ea48d8c013f1.jpg
326,"<h1 class=""listing-item__header"">
    Huawei p30 pro 128go ram8
</h1>",Neuf,Huawei,124 900 ,Colobane,https://i.roamcdn.net/hz/ed/listing-thumb-543w/1bbafeb67d61d81a05e2d1706bdf78f0/-/horizon-files-prod/ed/picture/qv4w6m8m/924ec708fdaf1c8739ce1a5bda0866953578606b.jpg
327,"<h1 class=""listing-item__header"">
    Huawei nova 31 128go ram 6go
</h1>",Neuf,Huawei,49 900 ,Colobane,https://i.roamcdn.net/hz/ed/listing-thumb-543w/d0f0b0c563ce7f11b30082e688e4c069/-/horizon-files-prod/ed/picture/qzvp929n/36e8ff1c1ee8e0484dbfb92440043f6c6181e0df.jpg
328,"<h1 class=""listing-item__header"">
    Samsung Galaxy A06 (4GB RAM, 128GB ROM)
</h1>",Neuf,Samsung,65 000 ,Colobane,https://i.roamcdn.net/hz/ed/listing-thumb-543w/a70aa6b080c9a149fd2e06abebeb12b5/-/horizon-files-prod/ed/picture/qv4wk8mj/fe37aefdf6f51e328fd065c7021350d45bea1f55.jpg
329,"<h1 class=""listing-item__header"">
    iphone 8 simple-64Go- VENANT AUTHENTİQUE
</h1>",Venant,iPhone,60 000 ,Médina,https://i.roamcdn.net/hz/ed/listing-thumb-543w/78e42d1b663069f0d6f431c5e7147757/-/horizon-files-prod/ed/picture/qwep020g/e957d742d35e6febce0ed259c8e7023cefc35f21.jpg
330,"<h1 class=""listing-item__header"">
    Samsung galaxy fold 6 256G
</h1>",Neuf,Samsung,750 000 ,Liberte 6 extension,https://i.roamcdn.net/hz/ed/listing-thumb-543w/fb52b15c5a77dff4c6ebb42103a77b2c/-/horizon-files-prod/ed/picture/qq42e5v6/b910e6b186d4206e3759a489da1e8d6e88f16450.jpg
331,"<h1 class=""listing-item__header"">
    Google pixel 7 128go
</h1>",Venant,Google,190 000 ,Colobane,https://i.roamcdn.net/hz/ed/listing-thumb-543w/be097ae524a79288b920bacb26671a2d/-/horizon-files-prod/ed/picture/qngxv4km/fc0e6ef8dfcff80f1d7248fce58c48f14897bb1a.png
332,"<h1 class=""listing-item__header"">
    Huawei p30 pro 128go scellé
</h1>",Neuf,Huawei,120 000 ,Colobane,https://i.roamcdn.net/hz/ed/listing-thumb-543w/759bae7d8bb8883b2eac7d94c5d7b9e9/-/horizon-files-prod/ed/picture/q2j0r2we/95daa32d16b46b3a899a65ee378dec4c06739353.jpg
333,"<h1 class=""listing-item__header"">
    Iphone 16 Pro Scellé 🇪🇺 SIM Physique
</h1>",Neuf,iPhone,665 000 ,Plateau,https://i.roamcdn.net/hz/ed/listing-thumb-543w/542dd305eaa918d9a04e0702461b7b55/-/horizon-files-prod/ed/picture/qwep957j/2b0b6b5ec4adb7767637363e20b1350ceb245756.jpg
334,"<h1 class=""listing-item__header"">
    Redmi Note 13 Pro - 512Go Ram 12Go
</h1>",Neuf,Xiaomi,220 000 ,Castor,https://i.roamcdn.net/hz/ed/listing-thumb-543w/2dc35ab193aaed0c1f70be7840610691/-/horizon-files-prod/ed/picture/q9m928gx/97f40bac8eb6a2dc3b55c278be48d85926ea9e52.jpg
335,"<h1 class=""listing-item__header"">
    OnePlus 11R 5G 256GB
</h1>",Venant,OnePlus,225 000 ,Médina,https://i.roamcdn.net/hz/ed/listing-thumb-543w/0692250e4b8cc42a18d93816762bf086/-/horizon-files-prod/ed/picture/qenq6k8x/dc488f0b2f46325c24877a7af9ac86638bc58d56.jpg
336,"<h1 class=""listing-item__header"">
    Huwaie P30 Pro 128GB
</h1>",Neuf,Huawei,145 000 ,Médina,https://i.roamcdn.net/hz/ed/listing-thumb-543w/d2c7d4bbebaa66aead3fa183fd254f96/-/horizon-files-prod/ed/picture/qngp049z/26e327013469ac8b715ab31cb45268e48b1495d4.jpg
337,"<h1 class=""listing-item__header"">
    S21Plus 128GB
</h1>",Venant,Samsung,160 000 ,Médina,https://i.roamcdn.net/hz/ed/listing-thumb-543w/e4a05c6a46d6f155ed25f26d4ffd84a1/-/horizon-files-prod/ed/picture/q6xdrgqn/59d85f39366d3291c09bc6c806348cee81e0d391.jpg
338,"<h1 class=""listing-item__header"">
    S21Fe 128GB
</h1>",Venant,Samsung,165 000 ,Médina,https://i.roamcdn.net/hz/ed/listing-thumb-543w/6ef116d24f7905fb1f9fda003bff9b79/-/horizon-files-prod/ed/picture/q9mj6dx5/8f4e989c6030190475f491a701287a0c2d14b5b0.jpg
339,"<h1 class=""listing-item__header"">
    iPhone 13 Pro Max
</h1>",D'occasion,iPhone,320 000 ,Yeumbeul,https://i.roamcdn.net/hz/ed/listing-thumb-543w/8d6a86e40eed467feef7a10cf019a1b8/-/horizon-files-prod/ed/picture/qq42eq2k/713ea65de27de0f3e93a262d47764efd901f439f.jpg
340,"<h1 class=""listing-item__header"">
    16 Simple 128g Sim physique
</h1>",Neuf,iPhone,550 000 ,Plateau,https://i.roamcdn.net/hz/ed/listing-thumb-543w/549c5232089dcc6360108925d8c2df42/-/horizon-files-prod/ed/picture/q2j0x4q2/9d9aedccc573d827ed7e4be7de806c2b8db3907e.jpg
341,"<h1 class=""listing-item__header"">
    iphone 8 simple-64Go- VENANT AUTHENTİQUE
</h1>",Venant,iPhone,60 000 ,Médina,https://i.roamcdn.net/hz/ed/listing-thumb-543w/78e42d1b663069f0d6f431c5e7147757/-/horizon-files-prod/ed/picture/qwep020g/e957d742d35e6febce0ed259c8e7023cefc35f21.jpg
342,"<h1 class=""listing-item__header"">
    Samsung galaxy fold 6 256G
</h1>",Neuf,Samsung,750 000 ,Liberte 6 extension,https://i.roamcdn.net/hz/ed/listing-thumb-543w/fb52b15c5a77dff4c6ebb42103a77b2c/-/horizon-files-prod/ed/picture/qq42e5v6/b910e6b186d4206e3759a489da1e8d6e88f16450.jpg
343,"<h1 class=""listing-item__header"">
    Pixel 9 Simple 128
</h1>",Neuf,Google,400 000 ,Médina,https://i.roamcdn.net/hz/ed/listing-thumb-543w/9854328258c9ebc61fadd3b656e47d59/-/horizon-files-prod/ed/picture/q78w6ng5/066c9c09f568ca5de6744af3a77b0b81a066118b.jpg
344,"<h1 class=""listing-item__header"">
    Samsung Galaxy ZFlip 3 128GB
</h1>",Venant,Samsung,150 000 ,Médina,https://i.roamcdn.net/hz/ed/listing-thumb-543w/ad28dc0c6c09819cc44f32da48c31a8a/-/horizon-files-prod/ed/picture/qpdm4kx2/5986def480bc7be14f253169eaf960e793e27269.jpg
345,"<h1 class=""listing-item__header"">
    13PM 128GB
</h1>",Venant,iPhone,325 000 ,Médina,https://i.roamcdn.net/hz/ed/listing-thumb-543w/eb671b942419bd0df0d0522db4a7e4a3/-/horizon-files-prod/ed/picture/qgqw62v4/db715aef8ea8505abd3895b55e78be6e0fdc31cc.jpg
346,"<h1 class=""listing-item__header"">
    12 mini 64Gb
</h1>",Venant,iPhone,130 000 ,Médina,https://i.roamcdn.net/hz/ed/listing-thumb-543w/180cd20f6b1f1c0d5a88245800defc45/-/horizon-files-prod/ed/picture/qxjp7458/c094c443d22392ffdd05e39616d880361ae86f8c.jpg
347,"<h1 class=""listing-item__header"">
    Samsung Galaxy S25ultra 512giga Ram12 scellé
</h1>",Neuf,Samsung,933 000 ,Médina,https://i.roamcdn.net/hz/ed/listing-thumb-543w/751d48e8785d1ccec61bc72cd04099a8/-/horizon-files-prod/ed/picture/qq42rpj4/8f60400a3d6d1f22cc7fe255a1026f372d780ba2.jpg
348,"<h1 class=""listing-item__header"">
    iPhone 16Promax 256Go
</h1>",Neuf,iPhone,875 000 ,Plateau,https://i.roamcdn.net/hz/ed/listing-thumb-543w/e02c95e053cfb2410c8ed3796dfef00d/-/horizon-files-prod/ed/picture/qkr8z9zj/92069e0b23f216bb58b755df04fc4aae3b36fe50.jpg
349,"<h1 class=""listing-item__header"">
    Samsung S23 ultra 256Go
</h1>",Neuf,Samsung,500 000 ,Plateau,https://i.roamcdn.net/hz/ed/listing-thumb-543w/acad39fa3d727bce251ea49172c0d88d/-/horizon-files-prod/ed/picture/q0g74m5j/7c7745697acfee9a06666f56bb9002189c6b92e3.jpg
350,"<h1 class=""listing-item__header"">
    Fold 4 512GB
</h1>",Venant,Samsung,385 000 ,Médina,https://i.roamcdn.net/hz/ed/listing-thumb-543w/647214553d7b0033b8bacb0c1f682bc8/-/horizon-files-prod/ed/picture/q44ngeg2/2a7fa5854c938da83af525c8b70940e613f6e3b0.jpg
351,"<h1 class=""listing-item__header"">
    14pro 256G
</h1>",Venant,iPhone,395 000 ,Médina,https://i.roamcdn.net/hz/ed/listing-thumb-543w/9b415c8395a17ac3b896eb1aa3dc1c6a/-/horizon-files-prod/ed/picture/q56dk7k6/ad90256e856284cc053715b398d644c9a930a1d7.jpg
352,"<h1 class=""listing-item__header"">
    Powerbeads Pro
</h1>",Venant,iPhone,95 000 ,Pikine,https://i.roamcdn.net/hz/ed/listing-thumb-543w/af7713b13d8123ea405307c4eadcf6dc/-/horizon-files-prod/ed/picture/q2j0xp9p/0bb49907bf18574189f80784b83cd14f607e270d.jpg
353,"<h1 class=""listing-item__header"">
    iphone 8 simple-64Go- VENANT AUTHENTİQUE
</h1>",Venant,iPhone,60 000 ,Médina,https://i.roamcdn.net/hz/ed/listing-thumb-543w/78e42d1b663069f0d6f431c5e7147757/-/horizon-files-prod/ed/picture/qwep020g/e957d742d35e6febce0ed259c8e7023cefc35f21.jpg
354,"<h1 class=""listing-item__header"">
    iPhone 12 simple -64 Go- VENANT AUTHENTİQUE
</h1>",Venant,iPhone,175 000 ,Médina,https://i.roamcdn.net/hz/ed/listing-thumb-543w/c1b63f5207785812ebd5b426249656a1/-/horizon-files-prod/ed/picture/q8v4wrgp/94de9e8ed7e9c5d9cf2bddc690caab258bef9337.jpg
355,"<h1 class=""listing-item__header"">
    12Pro 128GB
</h1>",Venant,iPhone,220 000 ,Médina,https://i.roamcdn.net/hz/ed/listing-thumb-543w/11d3fcc0d10c770815bdeb952647e559/-/horizon-files-prod/ed/picture/q78w6n4j/f45d47eead09a3cb86b204a2f450bf470443d5ca.jpg
356,"<h1 class=""listing-item__header"">
    14Pro 128GB Esim
</h1>",Venant,iPhone,340 000 ,Médina,https://i.roamcdn.net/hz/ed/listing-thumb-543w/f46f765611f5ecd5f691181b5d2398cd/-/horizon-files-prod/ed/picture/q9mjv4w7/934df08b7d0e70e24b5a634d837fe1bc35eb7a09.jpg
357,"<h1 class=""listing-item__header"">
    Oppo Reno 12 256GB 5G
</h1>",Venant,Oppo,265 000 ,Médina,https://i.roamcdn.net/hz/ed/listing-thumb-543w/fd64686a2932f9cfd3451e0503f540b3/-/horizon-files-prod/ed/picture/qgqw62zm/08cd14c3455ab054cd0e3b1bdbd90d72d2113b66.jpg
358,"<h1 class=""listing-item__header"">
    Fold 5 256GB
</h1>",Venant,Samsung,490 000 ,Médina,https://i.roamcdn.net/hz/ed/listing-thumb-543w/ca571b35fe8b481464966c6ae8c301e1/-/horizon-files-prod/ed/picture/qm5gw8vq/571919f297e0d0fa4166b1b011e19dd420137405.jpg
359,"<h1 class=""listing-item__header"">
    iPad 8th 128GB WiFi
</h1>",Venant,iPad,125 000 ,Médina,https://i.roamcdn.net/hz/ed/listing-thumb-543w/2e1e3a80a751fe6f68fa5fe10f92756d/-/horizon-files-prod/ed/picture/q44ngerm/f435231ef1c71993312ddfa4e19e62ab908a0761.jpg
360,"<h1 class=""listing-item__header"">
    Redmi A3X
</h1>",Venant,Autres,60 000 ,Castor,https://i.roamcdn.net/hz/ed/listing-thumb-543w/a73d240436b76fe0cd5787793da337b6/-/horizon-files-prod/ed/picture/q8v4nnn0/8cda59369c7bf83d8c4d423f4ad3a14b7d44aecc.jpg
361,"<h1 class=""listing-item__header"">
    Samsung Galaxy S25 ultra
</h1>",Neuf,Samsung,770 000 ,Plateau,https://i.roamcdn.net/hz/ed/listing-thumb-543w/45f514fd6c56663e9b4f3d0415ff7ab1/-/horizon-files-prod/ed/picture/qv4wjnev/157055d7fa52f0378fdea6ccd0a8c562755a63f7.jpg
362,"<h1 class=""listing-item__header"">
    iPhone 14 plus 128 giga
</h1>",Venant,iPhone,325 000 ,Médina,https://i.roamcdn.net/hz/ed/listing-thumb-543w/1260d620a60739fba8ce815a8b5336e6/-/horizon-files-prod/ed/picture/qv4wjnpv/dbcab37114f523f24daa89cd76249633fbf5c36c.jpg
363,"<h1 class=""listing-item__header"">
    Google pixel 6 128GB
</h1>",Venant,Google,125 000 ,Médina,https://i.roamcdn.net/hz/ed/listing-thumb-543w/93bc0652f804f68b36a8ab218486113f/-/horizon-files-prod/ed/picture/qrz840m4/2a5cbfa1d12e07ef793385f0ba1fc7ac1e3456a9.jpg
364,"<h1 class=""listing-item__header"">
    15 Simple Esim
</h1>",Venant,iPhone,330 000 ,Médina,https://i.roamcdn.net/hz/ed/listing-thumb-543w/ebe96b07dd18d9cb1f87798651c71ad6/-/horizon-files-prod/ed/picture/qde7gxe2/3f0c848e1c82747589e6ba32f91fa4d5544c6a37.jpg
365,"<h1 class=""listing-item__header"">
    iphone 8 simple-64Go- VENANT AUTHENTİQUE
</h1>",Venant,iPhone,60 000 ,Médina,https://i.roamcdn.net/hz/ed/listing-thumb-543w/78e42d1b663069f0d6f431c5e7147757/-/horizon-files-prod/ed/picture/qwep020g/e957d742d35e6febce0ed259c8e7023cefc35f21.jpg
366,"<h1 class=""listing-item__header"">
    iPhone 16 pro sim physique
</h1>",Neuf,iPhone,670 000 ,Médina,https://i.roamcdn.net/hz/ed/listing-thumb-543w/20eafa147714024f6cf27b843e668421/-/horizon-files-prod/ed/picture/qkr8eq9m/20d5c19e5ed42741aec8ec5311328dc0ae079046.jpg
367,"<h1 class=""listing-item__header"">
    15 128GB sim
</h1>",Venant,iPhone,385 000 ,Médina,https://i.roamcdn.net/hz/ed/listing-thumb-543w/8d623a96afdb64738687843b64143f74/-/horizon-files-prod/ed/picture/qq42rpqj/93321e6a80fb65a78dea398c54d0b40ebd9ab5cb.jpg
368,"<h1 class=""listing-item__header"">
    12 128GB
</h1>",Venant,iPhone,175 000 ,Médina,https://i.roamcdn.net/hz/ed/listing-thumb-543w/d8a94cddc756718f5855956f32e4e8f7/-/horizon-files-prod/ed/picture/q6xdj077/1f717006da30fd295ef5f15b9f2b5f893400cc9a.jpg
369,"<h1 class=""listing-item__header"">
    Samsung Galaxy S25 Ultra 512GB
</h1>",Neuf,Samsung,950 000 ,Plateau,https://i.roamcdn.net/hz/ed/listing-thumb-543w/a929d31ed2e2dea39f66084c5e90a554/-/horizon-files-prod/ed/picture/qm5gwz89/d0d41594d3772617305c898c3182f74a13ebb7c5.jpg
370,"<h1 class=""listing-item__header"">
    iPhone 11 64Gb
</h1>",Venant,iPhone,130 000 ,Médina,https://i.roamcdn.net/hz/ed/listing-thumb-543w/8eea4630ccffb845c77aa1fa307dd5dd/-/horizon-files-prod/ed/picture/q44ngxep/3a0354f90985b1e6a5ddc922c1afb6c98f2bc1ec.jpg
371,"<h1 class=""listing-item__header"">
    Samsung Galaxy S25 Ultra 256GB
</h1>",Neuf,Samsung,875 000 ,Plateau,https://i.roamcdn.net/hz/ed/listing-thumb-543w/558c86a19bd76071ff6372e70a05eb8e/-/horizon-files-prod/ed/picture/q9mjvp4j/f66e64cf3e544c2ae913715a9729471e1adefc8c.jpg
372,"<h1 class=""listing-item__header"">
    13 256GB
</h1>",Venant,iPhone,250 000 ,Médina,https://i.roamcdn.net/hz/ed/listing-thumb-543w/0605585807e85c0b224b273372701441/-/horizon-files-prod/ed/picture/qngpq4r9/86a1334cf555c612ea46f4fa8369cc808c823802.jpg
373,"<h1 class=""listing-item__header"">
    OnePlus 9Pro 256
</h1>",Venant,OnePlus,180 000 ,Médina,https://i.roamcdn.net/hz/ed/listing-thumb-543w/d029850baca8890bb5990295206da096/-/horizon-files-prod/ed/picture/q56ddjxn/a7727cc6917e264c659a52da54c549e72ce7a244.jpg
374,"<h1 class=""listing-item__header"">
    Samsung Galaxy S21+128GB
</h1>",Neuf,Samsung,175 000 ,Médina,https://i.roamcdn.net/hz/ed/listing-thumb-543w/8dc422bb49cd982c5c6971ac1e66e124/-/horizon-files-prod/ed/picture/qrz8wrr8/4b0a5471bb73f68bfd67a3c418edf3431cfbfdb3.jpg
375,"<h1 class=""listing-item__header"">
    11Pro 256GB
</h1>",Venant,iPhone,185 000 ,Médina,https://i.roamcdn.net/hz/ed/listing-thumb-543w/7a229c5fce95d84cf0904bb7ff91511f/-/horizon-files-prod/ed/picture/qj4qg66z/5f2e92a722fd5faea4a95e70122dfa6f4f6bf4b3.jpg
376,"<h1 class=""listing-item__header"">
    Fold 3 256GB
</h1>",Venant,Samsung,280 000 ,Médina,https://i.roamcdn.net/hz/ed/listing-thumb-543w/8cecd66209819d14acef2d02e4ac5190/-/horizon-files-prod/ed/picture/qpdm4xx4/b4c2706aca21e3828e383fd1efe3be22655e81db.jpg
377,"<h1 class=""listing-item__header"">
    iphone 8 simple-64Go- VENANT AUTHENTİQUE
</h1>",Venant,iPhone,60 000 ,Médina,https://i.roamcdn.net/hz/ed/listing-thumb-543w/78e42d1b663069f0d6f431c5e7147757/-/horizon-files-prod/ed/picture/qwep020g/e957d742d35e6febce0ed259c8e7023cefc35f21.jpg
378,"<h1 class=""listing-item__header"">
    iPhone 12 simple -64 Go- VENANT AUTHENTİQUE
</h1>",Venant,iPhone,175 000 ,Médina,https://i.roamcdn.net/hz/ed/listing-thumb-543w/c1b63f5207785812ebd5b426249656a1/-/horizon-files-prod/ed/picture/q8v4wrgp/94de9e8ed7e9c5d9cf2bddc690caab258bef9337.jpg
379,"<h1 class=""listing-item__header"">
    Samsung Galaxy Fold 6 256GB
</h1>",Venant,Samsung,680 000 ,Médina,https://i.roamcdn.net/hz/ed/listing-thumb-543w/0988c647a72e3fec38824e7afc8a1751/-/horizon-files-prod/ed/picture/qgqw6vvk/3042584b50bc16d0c079bca7c46b29ca2b6cce62.jpg
380,"<h1 class=""listing-item__header"">
    iPhone 14 Pro
</h1>",Venant,iPhone,440 000 ,Keur Massar,https://i.roamcdn.net/hz/ed/listing-thumb-543w/34dc4f751b03310086d3e007e442eb4f/-/horizon-files-prod/ed/picture/q8v47jj9/00377260f689cd61601f55f6b59d87ce386879ee.jpg
381,"<h1 class=""listing-item__header"">
    A55 256GB
</h1>",Neuf,Samsung,199 000 ,Médina,https://i.roamcdn.net/hz/ed/listing-thumb-543w/4de56d3f355f7b7ab59e79cc46b87ffd/-/horizon-files-prod/ed/picture/qq42rmmw/b68241941bb727961a3c15d2eb47007a5c46b661.jpg
382,"<h1 class=""listing-item__header"">
    Google Pixel 7Pro 128
</h1>",Venant,Google,270 000 ,Médina,https://i.roamcdn.net/hz/ed/listing-thumb-543w/1f22988d325200f045360c64e56df813/-/horizon-files-prod/ed/picture/qgq9v642/58a449040eac51aeef5d81beda8f4989e110bf4b.jpg
383,"<h1 class=""listing-item__header"">
    iPhone 14 Pro Max
</h1>",Venant,iPhone,360 000 ,Keur Massar,https://i.roamcdn.net/hz/ed/listing-thumb-543w/719737c732a759dc6fe0c9a6b3b0c088/-/horizon-files-prod/ed/picture/qde7g5q0/7748b3cb387b7adb0594e15baa7fc281f097870e.jpg
384,"<h1 class=""listing-item__header"">
    S10e 128GB
</h1>",Venant,Samsung,70 000 ,Médina,https://i.roamcdn.net/hz/ed/listing-thumb-543w/9e095494087774ab947f1f945ef6b862/-/horizon-files-prod/ed/picture/qenvj7zd/58851aabe0ab8ec055eb28ee772346740f353223.jpg
385,"<h1 class=""listing-item__header"">
    Pixel 9 128GB descellé
</h1>",Neuf,Google,399 900 ,Médina,https://i.roamcdn.net/hz/ed/listing-thumb-543w/6ed384174fd3173b0516a67d893c3234/-/horizon-files-prod/ed/picture/qq428vx6/9d85a6ae6270781ddbd65741ee1cdd8bba91494e.jpg
386,"<h1 class=""listing-item__header"">
    Google Pixel 8a 128GB
</h1>",Neuf,Google,280 000 ,Médina,https://i.roamcdn.net/hz/ed/listing-thumb-543w/5e48de2b266ea9341cf84d4ee08fad43/-/horizon-files-prod/ed/picture/q78wjv8j/d08ed2b31af6099770e78c3a822b6a4bb893d428.jpg
387,"<h1 class=""listing-item__header"">
    Pixel 9Pro XL 256GB
</h1>",Venant,Google,690 000 ,Médina,https://i.roamcdn.net/hz/ed/listing-thumb-543w/ec6d44a57c5d970faf9ebf0d747259f8/-/horizon-files-prod/ed/picture/q2j0vkqp/2466b009c85b4d6947d70759f4a88f7aeebbc607.jpg
388,"<h1 class=""listing-item__header"">
    13 simple 128GB
</h1>",Neuf,iPhone,225 000 ,Médina,https://i.roamcdn.net/hz/ed/listing-thumb-543w/344120011cca6e7cc54f1e69a31fb53a/-/horizon-files-prod/ed/picture/qv4wjzrv/9f7b34b04f44848114608ca9b3d477d679b7745e.jpg
389,"<h1 class=""listing-item__header"">
    iphone 8 simple-64Go- VENANT AUTHENTİQUE
</h1>",Venant,iPhone,60 000 ,Médina,https://i.roamcdn.net/hz/ed/listing-thumb-543w/78e42d1b663069f0d6f431c5e7147757/-/horizon-files-prod/ed/picture/qwep020g/e957d742d35e6febce0ed259c8e7023cefc35f21.jpg
390,"<h1 class=""listing-item__header"">
    iPhone 12 simple -64 Go- VENANT AUTHENTİQUE
</h1>",Venant,iPhone,175 000 ,Médina,https://i.roamcdn.net/hz/ed/listing-thumb-543w/c1b63f5207785812ebd5b426249656a1/-/horizon-files-prod/ed/picture/q8v4wrgp/94de9e8ed7e9c5d9cf2bddc690caab258bef9337.jpg
391,"<h1 class=""listing-item__header"">
    15 simple 128G
</h1>",Venant,iPhone,380 000 ,Médina,https://i.roamcdn.net/hz/ed/listing-thumb-543w/5d6955dd884f5658027ff42e301df34a/-/horizon-files-prod/ed/picture/q6xdjgg7/c28b31be9e686121ac955984f580133240cf9561.jpg
392,"<h1 class=""listing-item__header"">
    14pro max 128G
</h1>",Neuf,iPhone,470 000 ,Médina,https://i.roamcdn.net/hz/ed/listing-thumb-543w/76902bfaf78b625e9c9c309c68a09de1/-/horizon-files-prod/ed/picture/q44ngnxp/aa76c227e9e4b974b3564a41aa2893890a6d7894.jpg
393,"<h1 class=""listing-item__header"">
    Samsung Galaxy a52s 128go
</h1>",Venant,Samsung,100 000 ,Colobane,https://i.roamcdn.net/hz/ed/listing-thumb-543w/4711b61588cce2e61b4037956a205392/-/horizon-files-prod/ed/picture/qxj2rw0w/7b41e2d72512ad19cc8009a8c6428362c6e0d0ce.jpg
394,"<h1 class=""listing-item__header"">
    Samsung Galaxy A05S 64Go Ram 4Go
</h1>",Neuf,Samsung,65 000 ,Colobane,https://i.roamcdn.net/hz/ed/listing-thumb-543w/553dd518d1336773dff03bade68a5cec/-/horizon-files-prod/ed/picture/q2jq2evd/1a07626b0c1859d278c0d1ee5ac05308cd050f19.jpg
395,"<h1 class=""listing-item__header"">
    Samsung Galaxy s9 plus venant 128go 2 sim
</h1>",Venant,Samsung,90 000 ,Colobane,https://i.roamcdn.net/hz/ed/listing-thumb-543w/87aa2aec1b155fad8b82a54fe9f3eb9b/-/horizon-files-prod/ed/picture/qv4wwevj/05069b1958160b8e83b06f7d2b79dffa028dd7ef.png
396,"<h1 class=""listing-item__header"">
    Samsung galaxy s21 256go 5g
</h1>",Venant,Samsung,165 000 ,Colobane,https://i.roamcdn.net/hz/ed/listing-thumb-543w/d537e2234487b14909dcae38ca457233/-/horizon-files-prod/ed/picture/qpdm2vdq/2d27335be180f15e95dfb857a67e3de70fd553e0.png
397,"<h1 class=""listing-item__header"">
    Iphone 16 Pro Max 256Go SIM &amp; 15 simple, neuf scellé
</h1>",Neuf,iPhone,799 000 ,Plateau,https://i.roamcdn.net/hz/ed/listing-thumb-543w/7b0794cc94b4db18aebaec5644b37c07/-/horizon-files-prod/ed/picture/q44ngww4/f17b70e17d082ef0ec09607a56991109b87acde3.jpg
398,"<h1 class=""listing-item__header"">
    Google pixel fold
</h1>",Neuf,Google,400 000 ,Plateau,https://i.roamcdn.net/hz/ed/listing-thumb-543w/39545dc72466cea625841fc3337ed39a/-/horizon-files-prod/ed/picture/qv4wj2qm/2dad616e3413295bfad62ba215b2d9fce14b4846.jpg
399,"<h1 class=""listing-item__header"">
    Xiaomi redmi 13c 256go ram 8go
</h1>",Neuf,Xiaomi,70 000 ,Parcelles Assainies,https://i.roamcdn.net/hz/ed/listing-thumb-543w/30a58c1a4d193686d545fc1e25179174/-/horizon-files-prod/ed/picture/qj4qg6ew/5d0b7e0d377c84ba38ad517387ec9e4c2e7caa88.jpg
400,"<h1 class=""listing-item__header"">
    Samsung Galaxy S25ultra 256giga scellé neuf
</h1>",Neuf,Samsung,750 000 ,Médina,https://i.roamcdn.net/hz/ed/listing-thumb-543w/d0c253a84a1ae3c61b3dc475c82fbb97/-/horizon-files-prod/ed/picture/q78w6enx/be99d40efb9189e71d4c05c6c32e43156af8d7f4.jpg
401,"<h1 class=""listing-item__header"">
    iphone 8 simple-64Go- VENANT AUTHENTİQUE
</h1>",Venant,iPhone,60 000 ,Médina,https://i.roamcdn.net/hz/ed/listing-thumb-543w/78e42d1b663069f0d6f431c5e7147757/-/horizon-files-prod/ed/picture/qwep020g/e957d742d35e6febce0ed259c8e7023cefc35f21.jpg
402,"<h1 class=""listing-item__header"">
    iPhone 16 pro sim physique
</h1>",Neuf,iPhone,670 000 ,Médina,https://i.roamcdn.net/hz/ed/listing-thumb-543w/20eafa147714024f6cf27b843e668421/-/horizon-files-prod/ed/picture/qkr8eq9m/20d5c19e5ed42741aec8ec5311328dc0ae079046.jpg
403,"<h1 class=""listing-item__header"">
    iPhone 11 simple 128Go
</h1>",Venant,iPhone,145 000 ,Plateau,https://i.roamcdn.net/hz/ed/listing-thumb-543w/e78bcb213c659ed2f53dc32c4045d0c4/-/horizon-files-prod/ed/picture/qngp8qpz/8d477f38f160813df94900fa13144b9ba51272b3.jpg
404,"<h1 class=""listing-item__header"">
    Galaxy A 16
</h1>",Neuf,Samsung,100 000 ,Plateau,https://i.roamcdn.net/hz/ed/listing-thumb-543w/b4ede1a06f94e890a4839bc6ba9b10a5/-/horizon-files-prod/ed/picture/qwep6v6m/b84ebc578fe756ed279052035a7a87a41103e960.jpg
405,"<h1 class=""listing-item__header"">
    16 Simple
</h1>",Neuf,iPhone,600 000 ,Plateau,https://i.roamcdn.net/hz/ed/listing-thumb-543w/5ace79bdf0d9e214e46f996355b6f757/-/horizon-files-prod/ed/picture/q0g74e6e/5f7d6334b52b10940fcd983a7ec4e6a7406aa15a.jpg
406,"<h1 class=""listing-item__header"">
    13 Simple
</h1>",Neuf,iPhone,320 000 ,Plateau,https://i.roamcdn.net/hz/ed/listing-thumb-543w/ff1ea23ec72fe83551ab0848f55529a5/-/horizon-files-prod/ed/picture/q6xdjewj/34f81ea7863ca31fa08c2b65fbc2084078a78ed4.jpg
407,"<h1 class=""listing-item__header"">
    S24 FE
</h1>",Neuf,Samsung,300 000 ,Plateau,https://i.roamcdn.net/hz/ed/listing-thumb-543w/c91e98bc3fecc7b25faa2f79b328fdc8/-/horizon-files-prod/ed/picture/qpdm4z92/a207b73d22774bfbdbfdaf8586799e5557b0e2b2.jpg
408,"<h1 class=""listing-item__header"">
    IPHONE 15 PRO
</h1>",Venant,iPhone,430 000 ,Plateau,https://i.roamcdn.net/hz/ed/listing-thumb-543w/8fbbfd3c58d273677d9a1561592b0641/-/horizon-files-prod/ed/picture/qm5gwx76/f237a0ef06eed3da1ea4147c8929754e66022a29.jpg
409,"<h1 class=""listing-item__header"">
    iPhone 14 Pro Max 256Go
</h1>",Venant,iPhone,490 000 ,Sacré-cœur,https://i.roamcdn.net/hz/ed/listing-thumb-543w/58e9063dc137c384244aed456ee49ff0/-/horizon-files-prod/ed/picture/q56dke86/3668aff5ffcbda9a9daadcc914576560896463d9.jpg
410,"<h1 class=""listing-item__header"">
    Fold 4
</h1>",D'occasion,Samsung,280 000 ,Liberte 6 extension,https://i.roamcdn.net/hz/ed/listing-thumb-543w/53daefa1cefcc66710763a9ecf894040/-/horizon-files-prod/ed/picture/qxjp70em/3172b4ee74dcefc2e5567231521fcd7404464f90.jpg
411,"<h1 class=""listing-item__header"">
    Vente Samsung Galaxy S24 Ultra 5G
</h1>",Neuf,Samsung,585 000 ,Plateau,https://i.roamcdn.net/hz/ed/listing-thumb-543w/fffc779e6b84ba0e12b40974cb3d059c/-/horizon-files-prod/ed/picture/qde7ge9r/21119bcefec6efdd8a8bf25c94958be03d566da6.jpg
412,"<h1 class=""listing-item__header"">
    Vente Oppo Reno 12FS 5G
</h1>",Neuf,Oppo,180 000 ,Plateau,https://i.roamcdn.net/hz/ed/listing-thumb-543w/44b75607e6c35935d2721275dbef41e0/-/horizon-files-prod/ed/picture/qj4q0er8/a5919d906dbff342d79bc1f2f4ebb49a8dad70ef.jpg
413,"<h1 class=""listing-item__header"">
    iphone 8 simple-64Go- VENANT AUTHENTİQUE
</h1>",Venant,iPhone,60 000 ,Médina,https://i.roamcdn.net/hz/ed/listing-thumb-543w/78e42d1b663069f0d6f431c5e7147757/-/horizon-files-prod/ed/picture/qwep020g/e957d742d35e6febce0ed259c8e7023cefc35f21.jpg
414,"<h1 class=""listing-item__header"">
    iPhone 16 pro sim physique
</h1>",Neuf,iPhone,670 000 ,Médina,https://i.roamcdn.net/hz/ed/listing-thumb-543w/20eafa147714024f6cf27b843e668421/-/horizon-files-prod/ed/picture/qkr8eq9m/20d5c19e5ed42741aec8ec5311328dc0ae079046.jpg
415,"<h1 class=""listing-item__header"">
    iPhone 13 128Go
</h1>",Neuf,iPhone,280 000 ,Plateau,https://i.roamcdn.net/hz/ed/listing-thumb-543w/963cb74afe969f2299b13042c16a01bf/-/horizon-files-prod/ed/picture/qgqw6nde/9e2ebe8e7ed5e0ad241aa59343840afa26432573.jpg
416,"<h1 class=""listing-item__header"">
    iPhone 7 simple-128 Go- VENANT AUTHENTİQUE
</h1>",Venant,iPhone,50 000 ,Médina,https://i.roamcdn.net/hz/ed/listing-thumb-543w/ec604cc539b5dc8efb26ad7a5b1b3381/-/horizon-files-prod/ed/picture/qrz8w8qg/f394d2d53e3e0ef2cc2f85fb20c33610e538c65e.jpg
417,"<h1 class=""listing-item__header"">
    Huawei p30 lite 128go ram 6go
</h1>",Venant,Huawei,59 900 ,Colobane,https://i.roamcdn.net/hz/ed/listing-thumb-543w/ad5ce4284b695951566b0e2372412609/-/horizon-files-prod/ed/picture/q0g74r46/930bc240a87e8dc6880d5c941d111a90da4dcefe.jpg
418,"<h1 class=""listing-item__header"">
    iPhone 14 simple 128
</h1>",Venant,iPhone,275 000 ,Médina,https://i.roamcdn.net/hz/ed/listing-thumb-543w/3f9ea8a2882c11f72e2bb29251a5f833/-/horizon-files-prod/ed/picture/q78w626d/ef6d3f5158d4bf07c18acc91362e73cdcd458f5c.jpg
419,"<h1 class=""listing-item__header"">
    iPhone 13 Pro Max 256Go
</h1>",Venant,iPhone,370 000 ,Plateau,https://i.roamcdn.net/hz/ed/listing-thumb-543w/0bc9d80288bd3f97354dde48a71c3c66/-/horizon-files-prod/ed/picture/qde7g8q8/a36e68af803593cd155d95d38dba4eb0ed41a7aa.jpg
420,"<h1 class=""listing-item__header"">
    Samsung Galaxy S25 ultra  1TB 1000GB
</h1>",Neuf,Samsung,1 100 000 ,Plateau,https://i.roamcdn.net/hz/ed/listing-thumb-543w/02e8ce58ef94f18666950a0155d0fe64/-/horizon-files-prod/ed/picture/qngpq6v9/393f651ec1203ddd82661ace5da0c0095517d4e9.jpg
421,"<h1 class=""listing-item__header"">
    Samsung Galaxy S25 ultra  512GB
</h1>",Neuf,Samsung,830 000 ,Plateau,https://i.roamcdn.net/hz/ed/listing-thumb-543w/a1851e86309eab375db8d38b63eebd65/-/horizon-files-prod/ed/picture/q9mjv72j/147c97943ee33529b8de2ea4832467dfd64195d9.jpg
422,"<h1 class=""listing-item__header"">
    Xiaomi redmi note 12 Pro 5G 256GB 8GB
</h1>",Venant,Xiaomi,130 000 ,Pikine,https://i.roamcdn.net/hz/ed/listing-thumb-543w/718dc9014b76964eb50a3f2738782c8f/-/horizon-files-prod/ed/picture/qrz8wed5/e5c6c8dee9b9530018b8d6c29b0aab6bf3ab7446.jpg
423,"<h1 class=""listing-item__header"">
    Oppo A31 256giga Scellè tout neuf
</h1>",Neuf,Oppo,95 000 ,Médina,https://i.roamcdn.net/hz/ed/listing-thumb-543w/c262efa42c56c1cb821544ae51931ab1/-/horizon-files-prod/ed/picture/qwep64j6/670604d65611cbdb906e3cef94ff8308fbb73929.jpg
424,"<h1 class=""listing-item__header"">
    Samsung galaxy s24 ultra
</h1>",Venant,Samsung,590 000 ,Nord foire,https://i.roamcdn.net/hz/ed/listing-thumb-543w/09d0ccba5cfe746cd5e713a030e9db77/-/horizon-files-prod/ed/picture/qngpq6jv/409efd6078f7d0efdad2d526a2a5a27b2ce912f7.jpg
425,"<h1 class=""listing-item__header"">
    iphone 8 simple-64Go- VENANT AUTHENTİQUE
</h1>",Venant,iPhone,60 000 ,Médina,https://i.roamcdn.net/hz/ed/listing-thumb-543w/78e42d1b663069f0d6f431c5e7147757/-/horizon-files-prod/ed/picture/qwep020g/e957d742d35e6febce0ed259c8e7023cefc35f21.jpg
426,"<h1 class=""listing-item__header"">
    Samsung galaxy fold 6 256G
</h1>",Neuf,Samsung,750 000 ,Liberte 6 extension,https://i.roamcdn.net/hz/ed/listing-thumb-543w/fb52b15c5a77dff4c6ebb42103a77b2c/-/horizon-files-prod/ed/picture/qq42e5v6/b910e6b186d4206e3759a489da1e8d6e88f16450.jpg
427,"<h1 class=""listing-item__header"">
    iPhone 15 Pro Max 256 Bleu Titanium(scellé)
</h1>",Neuf,iPhone,700 000 ,Colobane,https://i.roamcdn.net/hz/ed/listing-thumb-543w/447de37bb66121cdd35e9a2d178c7af7/-/horizon-files-prod/ed/picture/q9mjv7rx/3907aacda87b7aedf546c6e2ccc4c95be160ce5b.jpg
428,"<h1 class=""listing-item__header"">
    galaxy  A53 5g 128gb 6gb neuf
</h1>",Neuf,Samsung,175 000 ,Point-e,https://i.roamcdn.net/hz/ed/listing-thumb-543w/9866295e1ba9a2b9ed6d7d75e8ab512b/-/horizon-files-prod/ed/picture/q78w62xm/376a5130e607bf641ede26fb93c2964597e9ec54.jpg
429,"<h1 class=""listing-item__header"">
    IPHONE 15 PRO MAX
</h1>",Venant,iPhone,630 000 ,Plateau,https://i.roamcdn.net/hz/ed/listing-thumb-543w/bb576d693e5192ec4dd2f7e9c3e21c80/-/horizon-files-prod/ed/picture/qgqwrxn4/ec58854ad5316edd74b68886f2036fb4efe782f5.jpg
430,"<h1 class=""listing-item__header"">
    TABLETTE TAB A 7 LITE
</h1>",Venant,Samsung,50 000 ,Plateau,https://i.roamcdn.net/hz/ed/listing-thumb-543w/ed2a2d4df894f2f658fe3f8c72c631ef/-/horizon-files-prod/ed/picture/qpdm9vz2/04c876a0d93c6d48194c53a7be663b11020a76d2.jpg
431,"<h1 class=""listing-item__header"">
    Iphone 15promax 256gb venant
</h1>",Venant,iPhone,645 000 ,Nord foire,https://i.roamcdn.net/hz/ed/listing-thumb-543w/115b532cbbd75ef8e85d364f49f620df/-/horizon-files-prod/ed/picture/qj4q0kpd/28189f3a9b7246b7c3bb38bf94d7c64a6b7ca68b.jpg
432,"<h1 class=""listing-item__header"">
    Iphone 16 promax 256gb neuf sceller
</h1>",Neuf,iPhone,865 000 ,Nord foire,https://i.roamcdn.net/hz/ed/listing-thumb-543w/9a5f50a1164f6ae10e7bd7d26a7c615a/-/horizon-files-prod/ed/picture/q56dkjd0/8972706a825551c5e0f2acb3379d237e3d39a1d1.jpg
433,"<h1 class=""listing-item__header"">
    IPHONE 16 PRO MAX esim
</h1>",Neuf,iPhone,850 000 ,Colobane,https://i.roamcdn.net/hz/ed/listing-thumb-543w/5cb54f2f624feaa62d790a6bc6668e20/-/horizon-files-prod/ed/picture/qv4wq28k/e9fdd0b5a6ab69d4b7bcab8515960b8b3ff8cbe7.jpg
434,"<h1 class=""listing-item__header"">
    Redmi 14c 256go ram 8 scelle
</h1>",Neuf,Xiaomi,99 900 ,Colobane,https://i.roamcdn.net/hz/ed/listing-thumb-543w/f33b13bca41b781e16a53531d355660b/-/horizon-files-prod/ed/picture/q44ngk5r/c650ecd6f34cdf03fa7d2951588d264297093530.jpg
435,"<h1 class=""listing-item__header"">
    Samsung Galaxy s10e
</h1>",Venant,Samsung,70 000 ,Colobane,https://i.roamcdn.net/hz/ed/listing-thumb-543w/33b39ff194518d570b11add2deb72d8f/-/horizon-files-prod/ed/picture/q0g7ze8x/2cb5b5d6fd1c213307d26246796ec08fa8d0a564.jpg
436,"<h1 class=""listing-item__header"">
    Samsung Galaxy Z Flip 6  512 (Go)
</h1>",Neuf,Samsung,600 000 ,Colobane,https://i.roamcdn.net/hz/ed/listing-thumb-543w/c83cd9bba2dd09a4d2d9984e3fa8b9bd/-/horizon-files-prod/ed/picture/qkr8zj8v/079cf1bc216a82dbf7f40d5cb988e47613df27e5.jpg
437,"<h1 class=""listing-item__header"">
    iphone 8 simple-64Go- VENANT AUTHENTİQUE
</h1>",Venant,iPhone,60 000 ,Médina,https://i.roamcdn.net/hz/ed/listing-thumb-543w/78e42d1b663069f0d6f431c5e7147757/-/horizon-files-prod/ed/picture/qwep020g/e957d742d35e6febce0ed259c8e7023cefc35f21.jpg
438,"<h1 class=""listing-item__header"">
    iPhone 12 simple -64 Go- VENANT AUTHENTİQUE
</h1>",Venant,iPhone,175 000 ,Médina,https://i.roamcdn.net/hz/ed/listing-thumb-543w/c1b63f5207785812ebd5b426249656a1/-/horizon-files-prod/ed/picture/q8v4wrgp/94de9e8ed7e9c5d9cf2bddc690caab258bef9337.jpg
439,"<h1 class=""listing-item__header"">
    Huawei y max 128go ram 6go
</h1>",Venant,Huawei,65 000 ,Colobane,https://i.roamcdn.net/hz/ed/listing-thumb-543w/f2562ba0ad01a5645510677ed00ea596/-/horizon-files-prod/ed/picture/q56dkjwp/e32cbaae73348cc598c224865bf638bc28cd26cf.jpg
440,"<h1 class=""listing-item__header"">
    XR-64GB
</h1>",Réconditionné,iPhone,115 000 ,Médina,https://i.roamcdn.net/hz/ed/listing-thumb-543w/f55d51159a9947fecf19379c85d1f3c8/-/horizon-files-prod/ed/picture/q9mjvqp6/0fea126afebcf5736f1516c34575e93741f6374b.jpg
441,"<h1 class=""listing-item__header"">
    Samsung galaxy S24 ultra 512GB 12GB 2sim
</h1>",Venant,Samsung,575 000 ,Pikine,https://i.roamcdn.net/hz/ed/listing-thumb-543w/a2a65cc9e3b30973d297dc5b08168e00/-/horizon-files-prod/ed/picture/q0g7v6me/f445c21c430306abd170aac9d2af9b4855ef0814.jpg
442,"<h1 class=""listing-item__header"">
    iPhone 16 plus 128giga neuf scellé authentique
</h1>",Neuf,iPhone,650 000 ,Point-e,https://i.roamcdn.net/hz/ed/listing-thumb-543w/64b2cf3a748eea1acf7b2e4c56341bad/-/horizon-files-prod/ed/picture/q8v4777n/fa228d5d1e097adbd242c052f9172b516d1f18db.jpg
443,"<h1 class=""listing-item__header"">
    Redmi 14c neuf scellé 128giga 8giga authentique
</h1>",Neuf,Xiaomi,100 000 ,Point-e,https://i.roamcdn.net/hz/ed/listing-thumb-543w/baffacc2ff7f627257d5e1867a2f77dd/-/horizon-files-prod/ed/picture/qq42rrr6/4377c492232c4818903c9c0f7d77039c35814e87.jpg
444,"<h1 class=""listing-item__header"">
    Honor x8a 128giga 6giga neuf scellé
</h1>",Neuf,Honor,160 000 ,Point-e,https://i.roamcdn.net/hz/ed/listing-thumb-543w/7933245cb1eb8d75543c5ffebb7a8b40/-/horizon-files-prod/ed/picture/qngpqqq0/ba8dd9e53bfeaeb04c166a8af963d09ad7097440.jpg
445,"<h1 class=""listing-item__header"">
    Huawei p40 Lite 128go ram 8go
</h1>",Neuf,Huawei,75 000 ,Colobane,https://i.roamcdn.net/hz/ed/listing-thumb-543w/19d2a6c0da62caf33ec3b67af1d8127f/-/horizon-files-prod/ed/picture/qm5g0wn2/407aee512cb9894e99323ddc8fe6dae128463255.jpg
446,"<h1 class=""listing-item__header"">
    Tecno Camon 30 256go ram 16go
</h1>",Neuf,Tecno,135 000 ,Colobane,https://i.roamcdn.net/hz/ed/listing-thumb-543w/fba53c63d98f29bcc89633ab2b44d3ff/-/horizon-files-prod/ed/picture/q9m970qw/d09f99a5b3157763d401c2c89ba1d0e49b53755e.jpg
447,"<h1 class=""listing-item__header"">
    Samsung Galaxy s20 plus venant 128go ram 12go 5g
</h1>",Venant,Samsung,140 000 ,Colobane,https://i.roamcdn.net/hz/ed/listing-thumb-543w/a5569d91d430c09e1df9a97239b499ea/-/horizon-files-prod/ed/picture/q6xdv6mj/74dcc824e1c6867ae9d609d774880c6061e11f3f.jpg
448,"<h1 class=""listing-item__header"">
    Google Pixel 9 Pro XL 256GB
</h1>",Neuf,Google,849 000 ,Fenêtre mermoz,https://i.roamcdn.net/hz/ed/listing-thumb-543w/3c4b94924880289b54bb5c0adbd3c5bc/-/horizon-files-prod/ed/picture/q78wj8zd/83249732b1a9e80c94716a097bae1f10d76528f8.jpg
449,"<h1 class=""listing-item__header"">
    iphone 8 simple-64Go- VENANT AUTHENTİQUE
</h1>",Venant,iPhone,60 000 ,Médina,https://i.roamcdn.net/hz/ed/listing-thumb-543w/78e42d1b663069f0d6f431c5e7147757/-/horizon-files-prod/ed/picture/qwep020g/e957d742d35e6febce0ed259c8e7023cefc35f21.jpg
450,"<h1 class=""listing-item__header"">
    iPhone 16 pro sim physique
</h1>",Neuf,iPhone,670 000 ,Médina,https://i.roamcdn.net/hz/ed/listing-thumb-543w/20eafa147714024f6cf27b843e668421/-/horizon-files-prod/ed/picture/qkr8eq9m/20d5c19e5ed42741aec8ec5311328dc0ae079046.jpg
451,"<h1 class=""listing-item__header"">
    Oppo reno 12 Pro 5G 512GB 12GB 2sim
</h1>",Neuf,Oppo,295 000 ,Pikine,https://i.roamcdn.net/hz/ed/listing-thumb-543w/586e421e319536270be9962a9e7a02a4/-/horizon-files-prod/ed/picture/qpdmrdm4/8b804b4fbab5d7312a6d5acb24982cd4e30e0abb.jpg
452,"<h1 class=""listing-item__header"">
    Samsung galaxie fold 3/512
</h1>",Venant,Samsung,295 000 ,Plateau,https://i.roamcdn.net/hz/ed/listing-thumb-543w/7edccb08353c1fea2e685c9b3b980319/-/horizon-files-prod/ed/picture/qv4wjz95/327a975668394661c09b98c127927de95eacab32.jpg
453,"<h1 class=""listing-item__header"">
    Redmi note 13 pro + 256giga beug scellé
</h1>",Neuf,Xiaomi,280 000 ,Point-e,https://i.roamcdn.net/hz/ed/listing-thumb-543w/6af4c982a29f0045a5f98d1bc2087504/-/horizon-files-prod/ed/picture/qwep66r6/c104a0085ace19dba7c179d6f5d4a6f0a47b0eca.jpg
454,"<h1 class=""listing-item__header"">
    iPhone 16 pro Max 256giga neuf scellé
</h1>",Neuf,iPhone,840 000 ,Point-e,https://i.roamcdn.net/hz/ed/listing-thumb-543w/a370198e5995fb02b456cb0702929473/-/horizon-files-prod/ed/picture/qpdm4rej/89699a52178653757dcbb7d0de18efd6f54b5609.jpg
455,"<h1 class=""listing-item__header"">
    Samsung Galaxie S24 ultra
</h1>",Venant,Samsung,530 000 ,Gueule-Tapée,https://i.roamcdn.net/hz/ed/listing-thumb-543w/d907111fd034f1c42f26b8f29d246323/-/horizon-files-prod/ed/picture/q8v47rgn/0689c6b6da032e88737d496e03acab4262a5f910.jpg
456,"<h1 class=""listing-item__header"">
    iPhone 15 pro Max 256 G B
</h1>",Venant,iPhone,600 000 ,Amitié,https://i.roamcdn.net/hz/ed/listing-thumb-543w/0d9837d902fe4657487067a18dd97ad0/-/horizon-files-prod/ed/picture/qm5gw7qz/48bd12af6c966a4047651c8bfe1ea810df3f00df.jpg
457,"<h1 class=""listing-item__header"">
    Huawei y9s 128go ram 6go
</h1>",Venant,Huawei,65 000 ,Colobane,https://i.roamcdn.net/hz/ed/listing-thumb-543w/79c84030013ed68210d1184dde4316fb/-/horizon-files-prod/ed/picture/qq42rnen/ee2eee6aa1cbb6e2b6d390f7a55f3525f5ac4867.jpg
458,"<h1 class=""listing-item__header"">
    iPhone 13pro 256Go
</h1>",Venant,iPhone,335 000 ,Sacré-cœur,https://i.roamcdn.net/hz/ed/listing-thumb-543w/7c0a91cdacb2e863b79fe5e5f2425b8a/-/horizon-files-prod/ed/picture/q9mjvzx0/80ce7e0b1bb0a53fb758171405e7ffac8ee8ee43.jpg
459,"<h1 class=""listing-item__header"">
    Oppo Find X8 Pro
</h1>",Neuf,Oppo,850 000 ,Plateau,https://i.roamcdn.net/hz/ed/listing-thumb-543w/b1a699172bf47a2a889f3e30b1a091c1/-/horizon-files-prod/ed/picture/q6xd2x76/87e2ae11d9bdbf69fd10234f5201f18dc9178af8.jpg
460,"<h1 class=""listing-item__header"">
    Samsung Galaxy S25 ultra
</h1>",Neuf,Samsung,830 000 ,Plateau,https://i.roamcdn.net/hz/ed/listing-thumb-543w/8d3ea7a16fa77eea84078d0a6c643bd2/-/horizon-files-prod/ed/picture/qgqw6g52/7b90ae8d68209c00679e72860d5041208d78faf3.jpg
461,"<h1 class=""listing-item__header"">
    iphone 8 simple-64Go- VENANT AUTHENTİQUE
</h1>",Venant,iPhone,60 000 ,Médina,https://i.roamcdn.net/hz/ed/listing-thumb-543w/78e42d1b663069f0d6f431c5e7147757/-/horizon-files-prod/ed/picture/qwep020g/e957d742d35e6febce0ed259c8e7023cefc35f21.jpg
462,"<h1 class=""listing-item__header"">
    Samsung galaxy fold 6 256G
</h1>",Neuf,Samsung,750 000 ,Liberte 6 extension,https://i.roamcdn.net/hz/ed/listing-thumb-543w/fb52b15c5a77dff4c6ebb42103a77b2c/-/horizon-files-prod/ed/picture/qq42e5v6/b910e6b186d4206e3759a489da1e8d6e88f16450.jpg
463,"<h1 class=""listing-item__header"">
    IPhone Xr 64Go
</h1>",Venant,iPhone,155 005 ,Point-e,https://i.roamcdn.net/hz/ed/listing-thumb-543w/370f95fcae05c9d6be84ed3d6c4f319d/-/horizon-files-prod/ed/picture/q0gwd9dg/6bd1ede1ca12b7cd5032c5ae911d9198cb9b9b31.jpg
464,"<h1 class=""listing-item__header"">
    IPhone 15 Pro
</h1>",Neuf,iPhone,760 000 ,Point-e,https://i.roamcdn.net/hz/ed/listing-thumb-543w/09ecb1eb2d9a88d52dd752cf1fb4be63/-/horizon-files-prod/ed/picture/qgq9886e/a44cbc948701e018f01f832426160f290467f9b5.jpg
465,"<h1 class=""listing-item__header"">
    IPhone 13 Pro Max 128Go
</h1>",Venant,iPhone,530 000 ,Point-e,https://i.roamcdn.net/hz/ed/listing-thumb-543w/b63321278de9de7a9a3cd783361182ff/-/horizon-files-prod/ed/picture/q2jqgw8q/83c9c18e3a1885d6ef7cea1aba9644333b80b971.jpg
466,"<h1 class=""listing-item__header"">
    Vente Samsung Galaxy S23 5G
</h1>",Venant,Samsung,265 000 ,Plateau,https://i.roamcdn.net/hz/ed/listing-thumb-543w/32378f96f8b3874faf8764816554e1bb/-/horizon-files-prod/ed/picture/qgqw70d4/2fb0d5d1fe666a445b5e54afee98675dd5e4ffeb.jpg
467,"<h1 class=""listing-item__header"">
    Vente Motorola RAZR 40 Ultra 5G
</h1>",Neuf,Motorola,380 000 ,Plateau,https://i.roamcdn.net/hz/ed/listing-thumb-543w/a84fe032c76c6e91afe021bc3f2e87a2/-/horizon-files-prod/ed/picture/qj4q9ze4/338d3fb09bc71f6892ff0b57a0332e6e1ff25d0c.jpg
468,"<h1 class=""listing-item__header"">
    Pixel 9 pro 128go scellé
</h1>",Neuf,Google,550 000 ,Médina,https://i.roamcdn.net/hz/ed/listing-thumb-543w/c987d8b581e56be818ecc95226c9e4c4/-/horizon-files-prod/ed/picture/qq422j2j/b0781b7e9363e16911d09854d26c65735302eaa4.jpg
469,"<h1 class=""listing-item__header"">
    Pixel 9 simple 128go scellé
</h1>",Neuf,Google,419 000 ,Médina,https://i.roamcdn.net/hz/ed/listing-thumb-543w/3100b19e0824a0bddf9ad3774c992d61/-/horizon-files-prod/ed/picture/q78w640d/097e23badb914661c98c003809be3e5b5f5e980a.jpg
470,"<h1 class=""listing-item__header"">
    Pixel 9 pro xl 128go
</h1>",Neuf,Google,689 000 ,Médina,https://i.roamcdn.net/hz/ed/listing-thumb-543w/820cfb31233fc0c10808daca755dbb6d/-/horizon-files-prod/ed/picture/q9mjvxnv/94e7a069abcb65f68332d9d0584317ff313d55af.jpg
471,"<h1 class=""listing-item__header"">
    Sony Xperia 5V hors serie 128giga 8giga neuf scellé
</h1>",Neuf,Sony,425 000 ,Point-e,https://i.roamcdn.net/hz/ed/listing-thumb-543w/8a98747f26613683f1ad45c0a088fbcd/-/horizon-files-prod/ed/picture/q9mjvx25/4d9f19592709a1d3091c6ee1212432336f65cced.jpg
472,"<h1 class=""listing-item__header"">
    iPhone 12 Pro max
</h1>",Venant,iPhone,230 000 ,Plateau,https://i.roamcdn.net/hz/ed/listing-thumb-543w/ddb717f2ddb7d0531327d234bf77b7b8/-/horizon-files-prod/ed/picture/qwep609d/49cb1d8aa0dbdad59ec937c2e7671c858ef71292.jpg
473,"<h1 class=""listing-item__header"">
    iphone 8 simple-64Go- VENANT AUTHENTİQUE
</h1>",Venant,iPhone,60 000 ,Médina,https://i.roamcdn.net/hz/ed/listing-thumb-543w/78e42d1b663069f0d6f431c5e7147757/-/horizon-files-prod/ed/picture/qwep020g/e957d742d35e6febce0ed259c8e7023cefc35f21.jpg
474,"<h1 class=""listing-item__header"">
    iPhone 12 simple -64 Go- VENANT AUTHENTİQUE
</h1>",Venant,iPhone,175 000 ,Médina,https://i.roamcdn.net/hz/ed/listing-thumb-543w/c1b63f5207785812ebd5b426249656a1/-/horizon-files-prod/ed/picture/q8v4wrgp/94de9e8ed7e9c5d9cf2bddc690caab258bef9337.jpg
475,"<h1 class=""listing-item__header"">
    Samsung Galaxy s10e 128go
</h1>",Neuf,Samsung,80 000 ,Colobane,https://i.roamcdn.net/hz/ed/listing-thumb-543w/0a97ef8a851bcfe0d99eb9cf89c5758f/-/horizon-files-prod/ed/picture/qv4ejpem/7dd8e5a80b06852d0216573dd90d1cb6a05dec63.jpg
476,"<h1 class=""listing-item__header"">
    Samsung Galaxy fold 4  256go
</h1>",Venant,Samsung,360 000 ,Colobane,https://i.roamcdn.net/hz/ed/listing-thumb-543w/9ecd8bd421f500535990accd35fba337/-/horizon-files-prod/ed/picture/qpdmw2k0/61fcb310453617078b6937da68c56e565cf01d9a.jpg
477,"<h1 class=""listing-item__header"">
    Iphone 16 pro 128Go sim
</h1>",Neuf,iPhone,700 000 ,Plateau,https://i.roamcdn.net/hz/ed/listing-thumb-543w/5dca1411574bab7a2256d3fb9fb0ca2b/-/horizon-files-prod/ed/picture/qkr8znp8/d4ec82012d8d670b60c197bc004497368040d9e6.jpg
478,"<h1 class=""listing-item__header"">
    Pixel 8a 128go scellé
</h1>",Neuf,Google,265 000 ,Médina,https://i.roamcdn.net/hz/ed/listing-thumb-543w/4961b8d1277bb008b25c75ccadb7c5ef/-/horizon-files-prod/ed/picture/q8v47r9j/2ee446c3efc93aeea4da246a2be669582a0e29d7.jpg
479,"<h1 class=""listing-item__header"">
    14Simple 128GB
</h1>",Venant,iPhone,280 000 ,Médina,https://i.roamcdn.net/hz/ed/listing-thumb-543w/5c961056bae22d5bc78d6fbf69fd11b3/-/horizon-files-prod/ed/picture/q0g74v5k/c9308c4c8ecea79a019984a7b76fc1fc4953d47b.jpg
480,"<h1 class=""listing-item__header"">
    Redmi Note 13 Pro+ 5G - 512Go Ram 12Go - Caméra 200Mp
</h1>",Neuf,Xiaomi,260 000 ,Castor,https://i.roamcdn.net/hz/ed/listing-thumb-543w/9e8ef5f3ec829d61401afe3a2fb4dcc2/-/horizon-files-prod/ed/picture/q56dk27r/73b48226056f4bcaccd4ea6bc0b497ebfa9d8095.jpg
481,"<h1 class=""listing-item__header"">
    iPhone 13 simple 128 giga
</h1>",Venant,iPhone,230 000 ,Médina,https://i.roamcdn.net/hz/ed/listing-thumb-543w/bbb47edb2c8109bc5c24b209877a2cbb/-/horizon-files-prod/ed/picture/qrz8x8d5/231f7d9d06419b02b07d47d00588d7d3de39304d.jpg
482,"<h1 class=""listing-item__header"">
    15Plus
</h1>",Venant,iPhone,470 000 ,Médina,https://i.roamcdn.net/hz/ed/listing-thumb-543w/de482384a4fc8ef55728ee3b5f9a7545/-/horizon-files-prod/ed/picture/qde7gz50/d93f7e964bac951d0ce041b3ea099aec27bbfbd8.jpg
483,"<h1 class=""listing-item__header"">
    iPhone 16 pro max 512giga neuf scellé authentique
</h1>",Neuf,iPhone,925 000 ,Point-e,https://i.roamcdn.net/hz/ed/listing-thumb-543w/c5050d66c86e212201de174d2e2f6c6a/-/horizon-files-prod/ed/picture/q6xdj28g/438b1e05fe7ff9cb56d5dccb16f09ba3c0a9855a.jpg
484,"<h1 class=""listing-item__header"">
    iphone 8 simple-64Go- VENANT AUTHENTİQUE
</h1>",Venant,iPhone,60 000 ,Médina,https://i.roamcdn.net/hz/ed/listing-thumb-543w/78e42d1b663069f0d6f431c5e7147757/-/horizon-files-prod/ed/picture/qwep020g/e957d742d35e6febce0ed259c8e7023cefc35f21.jpg
485,"<h1 class=""listing-item__header"">
    iPhone 12 simple -64 Go- VENANT AUTHENTİQUE
</h1>",Venant,iPhone,175 000 ,Médina,https://i.roamcdn.net/hz/ed/listing-thumb-543w/c1b63f5207785812ebd5b426249656a1/-/horizon-files-prod/ed/picture/q8v4wrgp/94de9e8ed7e9c5d9cf2bddc690caab258bef9337.jpg
486,"<h1 class=""listing-item__header"">
    13Pro
</h1>",Venant,iPhone,275 000 ,Médina,https://i.roamcdn.net/hz/ed/listing-thumb-543w/520293b73ed367994099eb5392612d4e/-/horizon-files-prod/ed/picture/q9mjv6g7/7d2da37685d9cb309d41c7f2b656afdc45bb6a25.jpg
487,"<h1 class=""listing-item__header"">
    Vente Huawei Pura 70 Ultra
</h1>",Neuf,Huawei,585 000 ,Plateau,https://i.roamcdn.net/hz/ed/listing-thumb-543w/0a9196b93ca733b0f7a891fc6a038d5e/-/horizon-files-prod/ed/picture/q0g7vkjw/64424efec8a5315997c71abcda8e5d98bcfc3a64.jpg
488,"<h1 class=""listing-item__header"">
    Vente Vivo V40 SE 5G
</h1>",Neuf,Viwa,145 000 ,Plateau,https://i.roamcdn.net/hz/ed/listing-thumb-543w/f2aba1c833d9ca81349630fc68386c9f/-/horizon-files-prod/ed/picture/qde7m470/1e227d90ee82d51239d10bca658426fcf87c8bd3.jpg
489,"<h1 class=""listing-item__header"">
    Vente Iphone 14 Pro
</h1>",Venant,iPhone,365 000 ,Plateau,https://i.roamcdn.net/hz/ed/listing-thumb-543w/9421eccf4c1f6e4be0813748dfa62fbd/-/horizon-files-prod/ed/picture/qq42rkz7/7d2d3d053cbfefcada3963fdcdf876ea9b40579b.jpg
490,"<h1 class=""listing-item__header"">
    phone 13 128Go
</h1>",Venant,iPhone,250 000 ,Grand-Dakar,https://i.roamcdn.net/hz/ed/listing-thumb-543w/c113c4264c3d9b7b66a9ded9c6798717/-/horizon-files-prod/ed/picture/qkr822zx/24a28c290296df0f89b3c2aca802d222508c054e.jpg
491,"<h1 class=""listing-item__header"">
    Samsung Galaxy  Fold 4
</h1>",Neuf,Samsung,475 000 ,Grand-Dakar,https://i.roamcdn.net/hz/ed/listing-thumb-543w/b1171c17c39f5bba70b20c627b3633f2/-/horizon-files-prod/ed/picture/q44n77g8/8107aac546b78252a4cddd088d3867c493cbdec1.jpg
492,"<h1 class=""listing-item__header"">
    iphone 8 simple-64Go- VENANT AUTHENTİQUE
</h1>",Venant,iPhone,60 000 ,Médina,https://i.roamcdn.net/hz/ed/listing-thumb-543w/78e42d1b663069f0d6f431c5e7147757/-/horizon-files-prod/ed/picture/qwep020g/e957d742d35e6febce0ed259c8e7023cefc35f21.jpg
493,"<h1 class=""listing-item__header"">
    iPhone 12 simple -64 Go- VENANT AUTHENTİQUE
</h1>",Venant,iPhone,175 000 ,Médina,https://i.roamcdn.net/hz/ed/listing-thumb-543w/c1b63f5207785812ebd5b426249656a1/-/horizon-files-prod/ed/picture/q8v4wrgp/94de9e8ed7e9c5d9cf2bddc690caab258bef9337.jpg
494,"<h1 class=""listing-item__header"">
    Samsung Galaxy S21 128Go
</h1>",Venant,Samsung,150 000 ,Grand-Dakar,https://i.roamcdn.net/hz/ed/listing-thumb-543w/0c8428e2fcd0fdb0044c8fa16a07cf3b/-/horizon-files-prod/ed/picture/q8v4nnrx/6a4899f94682b27769350ea42e2244338f8fc541.jpg
495,"<h1 class=""listing-item__header"">
    Honor 200 5G
</h1>",Venant,Honor,249 900 ,Plateau,https://i.roamcdn.net/hz/ed/listing-thumb-543w/79f78b6ff68e91178bcdd1ba8055f8f4/-/horizon-files-prod/ed/picture/qkr8zd82/74c12e4f590780a38dfaf067b8aa8a201d9e983e.jpg
496,"<h1 class=""listing-item__header"">
    iPhone 14 Pro 256 GO
</h1>",Neuf,iPhone,500 000 ,Fann,https://i.roamcdn.net/hz/ed/listing-thumb-543w/e08da1676b29364a99bfb08102499d7e/-/horizon-files-prod/ed/picture/q9mjvddx/26e85757e598745789a026b3fc638d51d079b9d0.jpg
497,"<h1 class=""listing-item__header"">
    iPhone Xmax 256G
</h1>",D'occasion,iPhone,110 000 ,Médina,https://i.roamcdn.net/hz/ed/listing-thumb-543w/9fb8d3603f08cf05c5dee9524c27656c/-/horizon-files-prod/ed/picture/q8v47xd0/5a128c1353e1e51fc1544ccc541b7672be042ea7.jpg
498,"<h1 class=""listing-item__header"">
    Vente Samsung Galaxy S24 Ultra 5G
</h1>",Venant,Samsung,525 000 ,Plateau,https://i.roamcdn.net/hz/ed/listing-thumb-543w/ffad8d2652f67d9ae2196fb5b03f71e2/-/horizon-files-prod/ed/picture/qkr8zv4x/83bfa726e7a9fdb6085dcbec29c7065741ba2d57.jpg
499,"<h1 class=""listing-item__header"">
    13Simple
</h1>",Venant,iPhone,240 000 ,Médina,https://i.roamcdn.net/hz/ed/listing-thumb-543w/e4b042e511a4c14ae08b2ff84cc0d7f2/-/horizon-files-prod/ed/picture/qwepx994/2a9ba970e12a34acb79f785b8ceae1837ebd3124.jpg
500,"<h1 class=""listing-item__header"">
    Xr-128GB
</h1>",Neuf,iPhone,140 000 ,Médina,https://i.roamcdn.net/hz/ed/listing-thumb-543w/d4d743e07ccc63960b4a1e6f8e7d8227/-/horizon-files-prod/ed/picture/qzvp05jq/67e49806998d0ce3e70c93200e287546c6a219a6.jpg
501,"<h1 class=""listing-item__header"">
    Huawei nova 3i 128go ram6
</h1>",Venant,Huawei,49 900 ,Colobane,https://i.roamcdn.net/hz/ed/listing-thumb-543w/097ae61b434ad76b1ae9c32f638b80aa/-/horizon-files-prod/ed/picture/qm5gw9jg/3abd9ef816804d2476748fbedfec30f1d2e2b502.jpg
502,"<h1 class=""listing-item__header"">
    Samsung Galaxy S20 FE
</h1>",Venant,Samsung,170 000 ,Hann maristes,https://i.roamcdn.net/hz/ed/listing-thumb-543w/b0d6796622920ee6fce1f30545c84784/-/horizon-files-prod/ed/picture/qwep65gk/17b02f1ad337a21888027a324a8c8e7e5e70d885.jpg
503,"<h1 class=""listing-item__header"">
    iPhone 16 plus 128 giga scellé
</h1>",Neuf,iPhone,650 000 ,Médina,https://i.roamcdn.net/hz/ed/listing-thumb-543w/398478da7a2f55f6f3cb6536255e7f47/-/horizon-files-prod/ed/picture/qwep65rk/d5167a60d5fa7e3a4b1d1e4908bc0fe350ecd5a1.jpg
504,"<h1 class=""listing-item__header"">
    iphone 8 simple-64Go- VENANT AUTHENTİQUE
</h1>",Venant,iPhone,60 000 ,Médina,https://i.roamcdn.net/hz/ed/listing-thumb-543w/78e42d1b663069f0d6f431c5e7147757/-/horizon-files-prod/ed/picture/qwep020g/e957d742d35e6febce0ed259c8e7023cefc35f21.jpg
505,"<h1 class=""listing-item__header"">
    iPhone 12 simple -64 Go- VENANT AUTHENTİQUE
</h1>",Venant,iPhone,175 000 ,Médina,https://i.roamcdn.net/hz/ed/listing-thumb-543w/c1b63f5207785812ebd5b426249656a1/-/horizon-files-prod/ed/picture/q8v4wrgp/94de9e8ed7e9c5d9cf2bddc690caab258bef9337.jpg
506,"<h1 class=""listing-item__header"">
    iPhone, deux tranches, zéro stress
</h1>",Venant,iPhone,1 ,Ouest foire,https://i.roamcdn.net/hz/ed/listing-thumb-543w/d9e861fdc3f1331ec6d2f8f2e46c2a88/-/horizon-files-prod/ed/picture/q44ng4x5/c539861feb597407d89fef61c7a470bfc6c5650c.jpg
507,"<h1 class=""listing-item__header"">
    Huawei nova3i 128go ram 6
</h1>",Venant,Huawei,49 900 ,Colobane,https://i.roamcdn.net/hz/ed/listing-thumb-543w/c4bfe373733b7282bc670ddcfe178249/-/horizon-files-prod/ed/picture/qxjp7ejj/2da36e87d875e13a0b48c73e17b0775ef62d8c32.jpg
508,"<h1 class=""listing-item__header"">
    iPhone 16 pro max 256 go
</h1>",Neuf,iPhone,880 000 ,Plateau,https://i.roamcdn.net/hz/ed/listing-thumb-543w/863510f6266af2c244034c22889a0d9b/-/horizon-files-prod/ed/picture/qv4w90vx/5281d7b79687c8491a6db1b048ae6c9a832bfdd2.jpg
509,"<h1 class=""listing-item__header"">
    iPhone 16 simple 128 go SIM
</h1>",Neuf,iPhone,550 000 ,Plateau,https://i.roamcdn.net/hz/ed/listing-thumb-543w/d456a1e99b235c0d69c292e763c5e4a4/-/horizon-files-prod/ed/picture/qwepxjq6/9bbee06e777d837b9186b613e9fb5b16d8640910.jpg
510,"<h1 class=""listing-item__header"">
    IPhone 11 128Go
</h1>",Venant,iPhone,230 000 ,Point-e,https://i.roamcdn.net/hz/ed/listing-thumb-543w/a7db1df16b9d7a356c0ca6bee3ebf0f7/-/horizon-files-prod/ed/picture/q8v5g997/6a63273a9a04bd76bcff5e54e2e2e5008d0fbae2.jpg
511,"<h1 class=""listing-item__header"">
    Iphone 15 Plus
</h1>",Neuf,iPhone,669 993 ,Point-e,https://i.roamcdn.net/hz/ed/listing-thumb-543w/63f2fd3a10faf1e968cebf8c485465a4/-/horizon-files-prod/ed/picture/qdeknngr/18f04ec434e51405d61dbb602e0a0eaefd6978b5.jpg
512,"<h1 class=""listing-item__header"">
    iPhone 14
</h1>",Neuf,iPhone,370 000 ,Point-e,https://i.roamcdn.net/hz/ed/listing-thumb-543w/33748f9e2fe3f835348afa55b8764a89/-/horizon-files-prod/ed/picture/q44nrz5m/bffe2898c18cf52a3c43bacda7467d458112aea3.jpg
513,"<h1 class=""listing-item__header"">
    Vente Google Pixel 7
</h1>",Venant,Google,190 000 ,Plateau,https://i.roamcdn.net/hz/ed/listing-thumb-543w/96794f54f481762369ae72d89f5f6225/-/horizon-files-prod/ed/picture/qgqw60d0/d5205d71b204971b76c6f07716f49b2d59a2bd76.jpg
514,"<h1 class=""listing-item__header"">
    SAMSUNG S24 ULTRA
</h1>",Neuf,Samsung,560 000 ,Sacré-cœur,https://i.roamcdn.net/hz/ed/listing-thumb-543w/f6e3c7b2e2a4594180299c39fa6e2f73/-/horizon-files-prod/ed/picture/q56dk5r0/912f0b4d59e1293da4a59bc8ed3a50f6cb904292.jpg
515,"<h1 class=""listing-item__header"">
    Samsung galaxy A06 neuf 128go ram 4go
</h1>",Neuf,Samsung,63 500 ,Patte d‘oie,https://i.roamcdn.net/hz/ed/listing-thumb-543w/ca9a0323b513f8f21397855904c50180/-/horizon-files-prod/ed/picture/q56dkrgg/95f17ee1e234efb26153d8225661d5344cafd8cc.jpg
516,"<h1 class=""listing-item__header"">
    iphone 8 simple-64Go- VENANT AUTHENTİQUE
</h1>",Venant,iPhone,60 000 ,Médina,https://i.roamcdn.net/hz/ed/listing-thumb-543w/78e42d1b663069f0d6f431c5e7147757/-/horizon-files-prod/ed/picture/qwep020g/e957d742d35e6febce0ed259c8e7023cefc35f21.jpg
517,"<h1 class=""listing-item__header"">
    iPhone 12 simple -64 Go- VENANT AUTHENTİQUE
</h1>",Venant,iPhone,175 000 ,Médina,https://i.roamcdn.net/hz/ed/listing-thumb-543w/c1b63f5207785812ebd5b426249656a1/-/horizon-files-prod/ed/picture/q8v4wrgp/94de9e8ed7e9c5d9cf2bddc690caab258bef9337.jpg
518,"<h1 class=""listing-item__header"">
    Honor Magic V2 512Go
</h1>",Neuf,Honor,730 000 ,Plateau,https://i.roamcdn.net/hz/ed/listing-thumb-543w/8944692d82a3a40a193de5ba6357e298/-/horizon-files-prod/ed/picture/q44ngmj5/449682f2bd11eb2de9c0e506d61969b30198343b.jpg
519,"<h1 class=""listing-item__header"">
    Iphone 14 pro max
</h1>",Venant,iPhone,459 000 ,Hann maristes,https://i.roamcdn.net/hz/ed/listing-thumb-543w/985d3cc6e8ccbb5d171bbbe463390cc2/-/horizon-files-prod/ed/picture/qm5gwd96/4d7968aea9688b3c386d2a75273999786b5e1368.jpg
520,"<h1 class=""listing-item__header"">
    VILLAON V20 SE ROM 32Go - RAM 4Go - Dual SIM
</h1>",Neuf,Autres,29 500 ,Castor,https://i.roamcdn.net/hz/ed/listing-thumb-543w/039693c2a8cd2fdc4c97e82e68ee8068/-/horizon-files-prod/ed/picture/q9m9pdx0/ba7bbc74bea0ca7cde8d1497a9e2607c725b76c9.jpg
521,"<h1 class=""listing-item__header"">
    Google pixels 6a 128go
</h1>",Venant,Google,120 000 ,Colobane,https://i.roamcdn.net/hz/ed/listing-thumb-543w/1509163abc26ce7eab7eaf1cbb4a5fad/-/horizon-files-prod/ed/picture/q7852vpj/56d16b3009818fb77dda32d3d7f7a2a1a1f4c847.jpg
522,"<h1 class=""listing-item__header"">
    Samsung Galaxy note 20 ultra
</h1>",Venant,Samsung,210 000 ,Colobane,https://i.roamcdn.net/hz/ed/listing-thumb-543w/f46fa338833e4b2416f944af09caec67/-/horizon-files-prod/ed/picture/qde77kq4/32e6b329bdce4bae7d32027a1bdd3e4a788cc801.jpg
523,"<h1 class=""listing-item__header"">
    Oppo réno 4
</h1>",Venant,Oppo,80 000 ,Nord foire,https://i.roamcdn.net/hz/ed/listing-thumb-543w/db831245167e288da5757111527ac722/-/horizon-files-prod/ed/picture/q0g745pk/4299a638ed78f54f7c5c93143ea98d9b25197290.jpg
524,"<h1 class=""listing-item__header"">
    12 Pro max 128GB
</h1>",Venant,iPhone,295 000 ,Médina,https://i.roamcdn.net/hz/ed/listing-thumb-543w/ef283919b259ce7d7a954e6348254a30/-/horizon-files-prod/ed/picture/q6xd5w5g/c5058cad46007a446dc3c1339fc2edef4788ffd2.jpg
525,"<h1 class=""listing-item__header"">
    iPhone 13 Pro 128 giga
</h1>",Venant,iPhone,265 000 ,Médina,https://i.roamcdn.net/hz/ed/listing-thumb-543w/48906b6276d76b8cb4ae6e86fe01c302/-/horizon-files-prod/ed/picture/q2j0xgn6/e270f4f07d9b39687649e15b4f59d3559b9b2812.jpg
526,"<h1 class=""listing-item__header"">
    iPhone XR 128Go
</h1>",Venant,iPhone,135 000 ,Sacré-cœur,https://i.roamcdn.net/hz/ed/listing-thumb-543w/063b1ff7997aa7421fd5ca3ba82d8845/-/horizon-files-prod/ed/picture/q2j0xg0v/a514b96c88b549dbb28b1739291235db96f52173.jpg
527,"<h1 class=""listing-item__header"">
    Iphone 16 pro Max 256 gb scellé dans sa boîte
</h1>",Neuf,iPhone,850 000 ,Sud foire,https://i.roamcdn.net/hz/ed/listing-thumb-543w/5b310680fedfd9ca81cb4fb2435d413d/-/horizon-files-prod/ed/picture/q78w6g0m/d00f078c4810d966d12bc84ebabf8aca057b5282.jpg
528,"<h1 class=""listing-item__header"">
    iphone 8 simple-64Go- VENANT AUTHENTİQUE
</h1>",Venant,iPhone,60 000 ,Médina,https://i.roamcdn.net/hz/ed/listing-thumb-543w/78e42d1b663069f0d6f431c5e7147757/-/horizon-files-prod/ed/picture/qwep020g/e957d742d35e6febce0ed259c8e7023cefc35f21.jpg
529,"<h1 class=""listing-item__header"">
    iPhone 16 pro sim physique
</h1>",Neuf,iPhone,670 000 ,Médina,https://i.roamcdn.net/hz/ed/listing-thumb-543w/20eafa147714024f6cf27b843e668421/-/horizon-files-prod/ed/picture/qkr8eq9m/20d5c19e5ed42741aec8ec5311328dc0ae079046.jpg
530,"<h1 class=""listing-item__header"">
    Huawei nova 3i 128go ram 6go
</h1>",Venant,Huawei,45 000 ,Colobane,https://i.roamcdn.net/hz/ed/listing-thumb-543w/6aa601700bba82dc917baaa4dd3880e0/-/horizon-files-prod/ed/picture/qde7gn48/b99a947ae29b444933bb6d87033d1c2f19b6ab69.jpg
531,"<h1 class=""listing-item__header"">
    Huawei p30 pro scelle 256go ram 8
</h1>",Neuf,Huawei,139 900 ,Colobane,https://i.roamcdn.net/hz/ed/listing-thumb-543w/d49a70c3a7af468454e3094874c82534/-/horizon-files-prod/ed/picture/qm5gwnd9/bd1ddb36b43a6bb8327edaaf348af0887101213c.jpg
532,"<h1 class=""listing-item__header"">
    Samsung s20 ultra 256go ram 8go
</h1>",Venant,Samsung,175 000 ,Colobane,https://i.roamcdn.net/hz/ed/listing-thumb-543w/dbfa177a0f00aa1f9338f9f22e486a64/-/horizon-files-prod/ed/picture/qrz8x755/6886572b9cf3c2bd75a5f82ef66112f1ba8bf1a9.jpg
533,"<h1 class=""listing-item__header"">
    Samsung note +512go ram 12
</h1>",Venant,Samsung,190 000 ,Colobane,https://i.roamcdn.net/hz/ed/listing-thumb-543w/45d7efb3591fd866f02f22774f7c24e3/-/horizon-files-prod/ed/picture/qq42r6gw/ee5a9cf85956bbb8eae97479de33173e0f3163d0.jpg
534,"<h1 class=""listing-item__header"">
    Samsung note 10 plus 512Go ram 12 deux sim
</h1>",Venant,Samsung,179 900 ,Fass,https://i.roamcdn.net/hz/ed/listing-thumb-543w/41112f6b0a7716b07fdaa44ae686d223/-/horizon-files-prod/ed/picture/q78w6g98/a4b7a113c035b78209f415d58ef2077b36e9d39c.jpg
535,"<h1 class=""listing-item__header"">
    Samsung s20e 128go 2sim
</h1>",Venant,Samsung,99 900 ,Colobane,https://i.roamcdn.net/hz/ed/listing-thumb-543w/d61211b34c56f0ef7c8f3e37e8aeb254/-/horizon-files-prod/ed/picture/q6xdj5z7/ac5725933c11534a1976946cd770b0ae1ccc558c.jpg
536,"<h1 class=""listing-item__header"">
    Google pixelle 6A 128go ram 6
</h1>",Venant,Google,120 000 ,Colobane,https://i.roamcdn.net/hz/ed/listing-thumb-543w/9a16d735edfabad8635a9496e5495784/-/horizon-files-prod/ed/picture/q44ngppz/039b4bf69e3861f63e583b5b03347186d39b65b9.jpg
537,"<h1 class=""listing-item__header"">
    Samsung zflip4 256go ram 8
</h1>",Venant,Samsung,190 000 ,Colobane,https://i.roamcdn.net/hz/ed/listing-thumb-543w/4d0205829eb358352e54bf1b31139c48/-/horizon-files-prod/ed/picture/q9mjvggx/02ac4cd0b1a28bc41d55fe9c7ac77f88776c3e56.jpg
538,"<h1 class=""listing-item__header"">
    iPhone 11 simple 64
</h1>",Venant,iPhone,135 000 ,Plateau,https://i.roamcdn.net/hz/ed/listing-thumb-543w/2727fae2015c64b24053087df879f868/-/horizon-files-prod/ed/picture/qv4wvzm8/ed57d2d909e486fc2be9492be232091c326147f8.jpg
539,"<h1 class=""listing-item__header"">
    Fold 6
</h1>",Neuf,Samsung,749 900 ,Hann maristes,https://i.roamcdn.net/hz/ed/listing-thumb-543w/098dc63428979b5be7bd55a6e0e3a105/-/horizon-files-prod/ed/picture/q2j0xg8k/585a6445690cc7edfadb2795d9f9e3f314220652.jpg
540,"<h1 class=""listing-item__header"">
    iphone 8 simple-64Go- VENANT AUTHENTİQUE
</h1>",Venant,iPhone,60 000 ,Médina,https://i.roamcdn.net/hz/ed/listing-thumb-543w/78e42d1b663069f0d6f431c5e7147757/-/horizon-files-prod/ed/picture/qwep020g/e957d742d35e6febce0ed259c8e7023cefc35f21.jpg
541,"<h1 class=""listing-item__header"">
    iPhone 12 simple -64 Go- VENANT AUTHENTİQUE
</h1>",Venant,iPhone,175 000 ,Médina,https://i.roamcdn.net/hz/ed/listing-thumb-543w/c1b63f5207785812ebd5b426249656a1/-/horizon-files-prod/ed/picture/q8v4wrgp/94de9e8ed7e9c5d9cf2bddc690caab258bef9337.jpg
542,"<h1 class=""listing-item__header"">
    Iphone 15 pro 256gb
</h1>",Venant,iPhone,499 000 ,Hann maristes,https://i.roamcdn.net/hz/ed/listing-thumb-543w/92dcfc352771ffab96ebac5d094dacd9/-/horizon-files-prod/ed/picture/qkr8z065/e3968d5ff6d231299426ca5fc3be8247a4aa42cc.jpg
543,"<h1 class=""listing-item__header"">
    Iphone 15 pro max
</h1>",Venant,iPhone,549 000 ,Hann maristes,https://i.roamcdn.net/hz/ed/listing-thumb-543w/4899f991623e17b8dc79018011f5f2e5/-/horizon-files-prod/ed/picture/qxjp7qg4/71a4b0730affbc18a94420fd2e2f53e82e3a2286.jpg
544,"<h1 class=""listing-item__header"">
    Samsung  S24 Ultra
</h1>",Neuf,Samsung,625 000 ,Plateau,https://i.roamcdn.net/hz/ed/listing-thumb-543w/91bfd75ea33171786671a11abcc9a124/-/horizon-files-prod/ed/picture/qngpqw9v/9ece34b0b2b35b68f1c26a8a53691ce6c32a6e57.jpg
545,"<h1 class=""listing-item__header"">
    Samsung galaxie Fold 6
</h1>",Neuf,Samsung,835 000 ,Plateau,https://i.roamcdn.net/hz/ed/listing-thumb-543w/0ac842eb3eaaace67c3f16be4b48fe13/-/horizon-files-prod/ed/picture/q6xdj5qz/3fb53363b7f9c5cf3d32931632c58982beee5d1b.jpg
546,"<h1 class=""listing-item__header"">
    IPhone 15 Pro Max
</h1>",Neuf,iPhone,1 100 000 ,Point-e,https://i.roamcdn.net/hz/ed/listing-thumb-543w/dd9bb9adcf75792eba2aafa6eaea2089/-/horizon-files-prod/ed/picture/qdeknnpr/d4c9a303ad50f7d2efb099d022c3c8c8baa3c9be.jpg
547,"<h1 class=""listing-item__header"">
    Iphone 15 Pro Max
</h1>",Venant,iPhone,700 000 ,Point-e,https://i.roamcdn.net/hz/ed/listing-thumb-543w/cad114a2de49491d0602870998455772/-/horizon-files-prod/ed/picture/q6xkpqeg/df759d7b6abc2ccd162fa498c963d955c6209131.jpg
548,"<h1 class=""listing-item__header"">
    IPhone XR
</h1>",Venant,iPhone,174 996 ,Point-e,https://i.roamcdn.net/hz/ed/listing-thumb-543w/6a24a80cc481e817c6c24d7565aa4e31/-/horizon-files-prod/ed/picture/qrzv7j7j/80ac25a36eb92764abb1de6229cc357d2fc1a8e1.jpg
549,"<h1 class=""listing-item__header"">
    IPhone 13 Pro 128Go
</h1>",Venant,iPhone,480 000 ,Point-e,https://i.roamcdn.net/hz/ed/listing-thumb-543w/24fffe1f0d87d706b18536f64fc2a204/-/horizon-files-prod/ed/picture/qngxwjnx/6bcedd46acad93aa2b2b009088b5b1cecc3f2e98.jpg
550,"<h1 class=""listing-item__header"">
    IPhone 11 Pro Max
</h1>",Venant,iPhone,330 000 ,Point-e,https://i.roamcdn.net/hz/ed/listing-thumb-543w/67fbf61bb37e33896fead02151116b4e/-/horizon-files-prod/ed/picture/qj4rzx7d/c35205f730f1a880ab6d1f257cbbac6aa800e549.jpg
551,"<h1 class=""listing-item__header"">
    IPhone 12 Pro Max
</h1>",Venant,iPhone,410 000 ,Point-e,https://i.roamcdn.net/hz/ed/listing-thumb-543w/54d6e2210c1e96ad6f74e1d586062d14/-/horizon-files-prod/ed/picture/q785g00g/a14295f68ebc81a306f7976cf00613576f464b84.jpg
552,"<h1 class=""listing-item__header"">
    iphone 8 simple-64Go- VENANT AUTHENTİQUE
</h1>",Venant,iPhone,60 000 ,Médina,https://i.roamcdn.net/hz/ed/listing-thumb-543w/78e42d1b663069f0d6f431c5e7147757/-/horizon-files-prod/ed/picture/qwep020g/e957d742d35e6febce0ed259c8e7023cefc35f21.jpg
553,"<h1 class=""listing-item__header"">
    iPhone 12 simple -64 Go- VENANT AUTHENTİQUE
</h1>",Venant,iPhone,175 000 ,Médina,https://i.roamcdn.net/hz/ed/listing-thumb-543w/c1b63f5207785812ebd5b426249656a1/-/horizon-files-prod/ed/picture/q8v4wrgp/94de9e8ed7e9c5d9cf2bddc690caab258bef9337.jpg
554,"<h1 class=""listing-item__header"">
    TECHNO SPARK 30
</h1>",Neuf,Tecno,70 000 ,Guediawaye,https://i.roamcdn.net/hz/ed/listing-thumb-543w/db2c84006914a8fbffeefcbf40157599/-/horizon-files-prod/ed/picture/q6xd4e2v/ebfdce20e9f90557b8eaebd8e905f53d91bcf9e4.jpg
555,"<h1 class=""listing-item__header"">
    SAMSUNG GALAXY A 16
</h1>",Neuf,Samsung,93 000 ,Guediawaye,https://i.roamcdn.net/hz/ed/listing-thumb-543w/f9fb10862274951c917931657a1e4106/-/horizon-files-prod/ed/picture/qngpk22w/685ed5d087753a88cb30503d3886e651829ea102.jpg
556,"<h1 class=""listing-item__header"">
    TECNO CAMON 30S 128gb
</h1>",Neuf,Tecno,120 000 ,Guediawaye,https://i.roamcdn.net/hz/ed/listing-thumb-543w/ee11b988be4087e251277d5710130040/-/horizon-files-prod/ed/picture/qq428j0z/fffe6ea8f13ea348332941a401467bff74007839.jpg
557,"<h1 class=""listing-item__header"">
    Samsung Fold 3 scellé
</h1>",Neuf,Samsung,330 000 ,Plateau,https://i.roamcdn.net/hz/ed/listing-thumb-543w/c394ece5de860f19664d09c19de19328/-/horizon-files-prod/ed/picture/qrz8x6m4/1a23874dd60139de31201fb00f4707ae077f8d72.jpg
558,"<h1 class=""listing-item__header"">
    Iphone 15 PRO à vendre
</h1>",Venant,iPhone,400 000 ,Yoff,https://i.roamcdn.net/hz/ed/listing-thumb-543w/2af689cd488f6fae0e8fac594d046701/-eyJvciI6OTB9/horizon-files-prod/ed/picture/qm5gwj2z/de955a862b75236ed7acbfb6c924943d726cacdb.jpg
559,"<h1 class=""listing-item__header"">
    Google Pixel 9 256GB
</h1>",Neuf,Google,499 000 ,Fenêtre mermoz,https://i.roamcdn.net/hz/ed/listing-thumb-543w/8941f473376ac6b3ccb1d94bc60b997d/-/horizon-files-prod/ed/picture/qv4w0662/ace916769f63bbc212b14cbb10ff206fe2ab9bde.jpg
560,"<h1 class=""listing-item__header"">
    Samsung Galaxy s21 ultra venant 128go ram 12go 5g
</h1>",Venant,Samsung,215 000 ,Colobane,https://i.roamcdn.net/hz/ed/listing-thumb-543w/9b9fc783ecac5afcc59598913b14bebf/-/horizon-files-prod/ed/picture/q2j00m2v/7d9d32ef85fb8e67bf0732c31ffec4e12ca395ed.jpg
561,"<h1 class=""listing-item__header"">
    iPhone 13 Simple 128Giga
</h1>",Neuf,iPhone,265 000 ,Médina,https://i.roamcdn.net/hz/ed/listing-thumb-543w/f044376f93fdc494158da7e5e9c2ae37/-/horizon-files-prod/ed/picture/qj4q25wg/42679e9b464a08ef69edb01ae6f144ccd01071f7.jpg
562,"<h1 class=""listing-item__header"">
    iPhone 13 128 go
</h1>",Venant,iPhone,220 000 ,Sicap Liberté,https://i.roamcdn.net/hz/ed/listing-thumb-543w/4491827513997a07f3563323c910b302/-/horizon-files-prod/ed/picture/qq42x4x6/2e936535413fd0697128767ed01d82208ec9b5da.jpg
563,"<h1 class=""listing-item__header"">
    iphone 8 simple-64Go- VENANT AUTHENTİQUE
</h1>",Venant,iPhone,60 000 ,Médina,https://i.roamcdn.net/hz/ed/listing-thumb-543w/78e42d1b663069f0d6f431c5e7147757/-/horizon-files-prod/ed/picture/qwep020g/e957d742d35e6febce0ed259c8e7023cefc35f21.jpg
564,"<h1 class=""listing-item__header"">
    iPhone 12 simple -64 Go- VENANT AUTHENTİQUE
</h1>",Venant,iPhone,175 000 ,Médina,https://i.roamcdn.net/hz/ed/listing-thumb-543w/c1b63f5207785812ebd5b426249656a1/-/horizon-files-prod/ed/picture/q8v4wrgp/94de9e8ed7e9c5d9cf2bddc690caab258bef9337.jpg
565,"<h1 class=""listing-item__header"">
    Samsung s20 ultra 256go ram 12
</h1>",Venant,Samsung,174 900 ,Fass,https://i.roamcdn.net/hz/ed/listing-thumb-543w/cf97e219cc664c634fa6c384b9aa7b08/-/horizon-files-prod/ed/picture/qde7g2er/509d171374b4593804b4292e5fce3ab4857bc369.jpg
566,"<h1 class=""listing-item__header"">
    iPhone 16 plus 256
</h1>",Neuf,iPhone,680 000 ,Médina,https://i.roamcdn.net/hz/ed/listing-thumb-543w/e35defb4ec2447f45a96774dcf56e32c/-/horizon-files-prod/ed/picture/qwep6nvd/bbc598c09235a083420721a724e1d855acd3f04b.jpg
567,"<h1 class=""listing-item__header"">
    iPhone 16 plus 128
</h1>",Neuf,iPhone,630 000 ,Médina,https://i.roamcdn.net/hz/ed/listing-thumb-543w/7e43911eb12f2544bdf8a09ad1e1becc/-/horizon-files-prod/ed/picture/q6xdjre8/2ec88b284d39b73d0e9480795278680477bc6c3c.jpg
568,"<h1 class=""listing-item__header"">
    iPhone 16 simple128
</h1>",Neuf,iPhone,500 000 ,Médina,https://i.roamcdn.net/hz/ed/listing-thumb-543w/35cc5548dd2a5a42db843f5e50f17903/-/horizon-files-prod/ed/picture/q56dkre5/7d594bbc4c3cb40ce22ab3c27a40373d5cf97196.jpg
569,"<h1 class=""listing-item__header"">
    16 plus sim
</h1>",Neuf,iPhone,540 000 ,Médina,https://i.roamcdn.net/hz/ed/listing-thumb-543w/fb45b3b62464173b86b1773c36b72946/-/horizon-files-prod/ed/picture/qpdm4nzj/36373eaa2c0b4d90245d02257f1e40ee0a38d060.jpg
570,"<h1 class=""listing-item__header"">
    Oppo 128go ram 6
</h1>",Venant,Oppo,34 900 ,Colobane,https://i.roamcdn.net/hz/ed/listing-thumb-543w/e5e5ba6277c0a29ba2b9616cf30f7769/-/horizon-files-prod/ed/picture/q8v47ke0/2056d74e3a677fc72a5dd53e74072a7b4158473c.jpg
571,"<h1 class=""listing-item__header"">
    Huawei mate 10 64go ram 4
</h1>",Venant,Huawei,49 900 ,Colobane,https://i.roamcdn.net/hz/ed/listing-thumb-543w/ac50ee163c37951e42d4570a303f4e23/-/horizon-files-prod/ed/picture/q0g748rj/44562a65b66ef3d9cf8f1f82366b00a2d3fa6db8.jpg
572,"<h1 class=""listing-item__header"">
    Xiaomi 11 ultra 256go ram 16go
</h1>",Venant,Xiaomi,240 000 ,Colobane,https://i.roamcdn.net/hz/ed/listing-thumb-543w/64ccb11193c2eca5cfaf61cc3f083890/-/horizon-files-prod/ed/picture/q78w6x2q/895093c295e1f66890a8cf7e0b0d9a88978aef13.jpg
573,"<h1 class=""listing-item__header"">
    Huawei mate 60 512gb
</h1>",Venant,Huawei,475 000 ,Hann maristes,https://i.roamcdn.net/hz/ed/listing-thumb-543w/d6762896b545275f077e790bb4baf74b/-/horizon-files-prod/ed/picture/qpdm4n4v/ab5054e11f5511b74831b0dc78141a4f838b2c6a.jpg
574,"<h1 class=""listing-item__header"">
    iphone 8 simple-64Go- VENANT AUTHENTİQUE
</h1>",Venant,iPhone,60 000 ,Médina,https://i.roamcdn.net/hz/ed/listing-thumb-543w/78e42d1b663069f0d6f431c5e7147757/-/horizon-files-prod/ed/picture/qwep020g/e957d742d35e6febce0ed259c8e7023cefc35f21.jpg
575,"<h1 class=""listing-item__header"">
    iPhone 16 pro sim physique
</h1>",Neuf,iPhone,670 000 ,Médina,https://i.roamcdn.net/hz/ed/listing-thumb-543w/20eafa147714024f6cf27b843e668421/-/horizon-files-prod/ed/picture/qkr8eq9m/20d5c19e5ed42741aec8ec5311328dc0ae079046.jpg
576,"<h1 class=""listing-item__header"">
    Vente Samsung Galaxy S24 5G
</h1>",Venant,Samsung,280 000 ,Plateau,https://i.roamcdn.net/hz/ed/listing-thumb-543w/d3a72469e4b5ab7877921babc6628f92/-/horizon-files-prod/ed/picture/q78w6x65/db0a7efeb7fbc95f7234f7d1b0deb17d131aacf4.jpg
577,"<h1 class=""listing-item__header"">
    IPhone 12 / 128Go
</h1>",Venant,iPhone,290 000 ,Point-e,https://i.roamcdn.net/hz/ed/listing-thumb-543w/aec22656220ac7dd1fd1f174b7380e38/-/horizon-files-prod/ed/picture/q2jqgwgv/4cd659ff29e1e3dbf8951547c66a851fc332408e.jpg
578,"<h1 class=""listing-item__header"">
    iPhone 15 Plus
</h1>",Neuf,iPhone,530 000 ,Point-e,https://i.roamcdn.net/hz/ed/listing-thumb-543w/bd1d541b41c250acf81c6a4390bc1144/-/horizon-files-prod/ed/picture/qm5gkqg9/06d2524f900532f1e23498a0fe60384f1f445387.jpg
579,"<h1 class=""listing-item__header"">
    GALAXY SAMSUNG 256GB RAM8 ZFLIP4
</h1>",Neuf,Samsung,580 000 ,Plateau,https://i.roamcdn.net/hz/ed/listing-thumb-543w/07ad1c7dfcb724f4ca706e9eb87c7bc9/-/horizon-files-prod/ed/picture/qgqw647r/d7b68e4fb22f3d43ae6c48f1805d5c2fdf1aaca9.jpg
580,"<h1 class=""listing-item__header"">
    Z flip4 128
</h1>",Neuf,Samsung,165 000 ,Parcelles Assainies,https://i.roamcdn.net/hz/ed/listing-thumb-543w/36aea47548a6106d0c555a9c5870e867/-/horizon-files-prod/ed/picture/q44ngrpe/26c22dccf6bfe1ba5d043cb52b864c0c64f1ad6f.jpg
581,"<h1 class=""listing-item__header"">
    Iphone 16 128Go SIM Physique scéllé
</h1>",Neuf,iPhone,499 000 ,Plateau,https://i.roamcdn.net/hz/ed/listing-thumb-543w/c44f8a1ca3aad6aebcc9cd6db6fb08cd/-/horizon-files-prod/ed/picture/qq42rw6j/0bc66ab9f915400b6e788969d63569cdca912e05.jpg
582,"<h1 class=""listing-item__header"">
    Z flip3 128giga
</h1>",Neuf,Samsung,135 000 ,Parcelles Assainies,https://i.roamcdn.net/hz/ed/listing-thumb-543w/a4e3a3d99c377433123290fd08645fb9/-/horizon-files-prod/ed/picture/qzvp0rx6/be242ec2dcd47c4489da68999c4dee44a184d03a.jpg
583,"<h1 class=""listing-item__header"">
    iPhone 16 Pro Max 256GB SIM
</h1>",Neuf,iPhone,899 000 ,Fenêtre mermoz,https://i.roamcdn.net/hz/ed/listing-thumb-543w/cc490ec269310871cb32916105b2cf43/-/horizon-files-prod/ed/picture/qpdmnndr/3b60fd9b8fd294cf17e3a91f3ac5a5d8b237e89d.jpg
584,"<h1 class=""listing-item__header"">
    IPHONE 16 PRO 256GO MAX NEUF
</h1>",Neuf,iPhone,950 000 ,Almadies,https://i.roamcdn.net/hz/ed/listing-thumb-543w/5830855e7a2a57dbc8523156e9736e74/-/horizon-files-prod/ed/picture/qrz8xnm9/84623422e4d1d7b779d9abc9548adc6340f1875f.jpg
585,"<h1 class=""listing-item__header"">
    Google pixel 6 pro 128go
</h1>",Venant,Google,165 000 ,Colobane,https://i.roamcdn.net/hz/ed/listing-thumb-543w/6b23c3b8f91c8666ef82b7576b8d09ea/-/horizon-files-prod/ed/picture/qwe27kwd/51536cf6164aba8494fc1ec52192343033dc690b.png
586,"<h1 class=""listing-item__header"">
    iphone 8 simple-64Go- VENANT AUTHENTİQUE
</h1>",Venant,iPhone,60 000 ,Médina,https://i.roamcdn.net/hz/ed/listing-thumb-543w/78e42d1b663069f0d6f431c5e7147757/-/horizon-files-prod/ed/picture/qwep020g/e957d742d35e6febce0ed259c8e7023cefc35f21.jpg
587,"<h1 class=""listing-item__header"">
    iPhone 16 pro sim physique
</h1>",Neuf,iPhone,670 000 ,Médina,https://i.roamcdn.net/hz/ed/listing-thumb-543w/20eafa147714024f6cf27b843e668421/-/horizon-files-prod/ed/picture/qkr8eq9m/20d5c19e5ed42741aec8ec5311328dc0ae079046.jpg
588,"<h1 class=""listing-item__header"">
    Samsung galaxy Z fold 4 512GB 12GB
</h1>",Venant,Samsung,395 000 ,Pikine,https://i.roamcdn.net/hz/ed/listing-thumb-543w/0decfb5f9b7c50a25373054125d9eeb3/-/horizon-files-prod/ed/picture/qj4qgw2e/03dfb3ffa99609df7e9f76fc6c285609e03ac92e.jpg
589,"<h1 class=""listing-item__header"">
    iPhone 12 simple original
</h1>",Venant,iPhone,169 000 ,Médina,https://i.roamcdn.net/hz/ed/listing-thumb-543w/56547c2d7a8e69711180665eb00c0ee6/-/horizon-files-prod/ed/picture/q8v47ppr/00a48829aa0c7921c28095b63db0823a71134f12.jpg
590,"<h1 class=""listing-item__header"">
    Xiaomi Redmi 13c 256go ram 8go
</h1>",Neuf,Xiaomi,75 000 ,Parcelles Assainies,https://i.roamcdn.net/hz/ed/listing-thumb-543w/11828635b773a7e4ba00a2a8017b8870/-/horizon-files-prod/ed/picture/qngp2gjw/e7c4b0b143cadda71ab3c0c46ee3dcb7ffb08009.jpg
591,"<h1 class=""listing-item__header"">
    iPhone 16 Pro Max 256 Go
</h1>",Neuf,iPhone,850 000 ,Liberte 6 extension,https://i.roamcdn.net/hz/ed/listing-thumb-543w/2526038a0b984f4c16accdbfd221a1ed/-/horizon-files-prod/ed/picture/qj4q06e8/fe8912bffdeb0528b111c28de254947f218d2ea3.jpg
592,"<h1 class=""listing-item__header"">
    14 Pro Max 512Go
</h1>",Venant,iPhone,510 000 ,Sacré-cœur,https://i.roamcdn.net/hz/ed/listing-thumb-543w/5fef7a0e5bc44ec7812af1990b1ec49c/-/horizon-files-prod/ed/picture/q0g74kj8/c43edd14abb187d9369d60d8f802f79b82ae0625.jpg
593,"<h1 class=""listing-item__header"">
    iPhone 16 Plus 256Go scellé Sim physique
</h1>",Neuf,iPhone,680 000 ,Médina,https://i.roamcdn.net/hz/ed/listing-thumb-543w/1c66317246778f481cfc530c6736a74c/-/horizon-files-prod/ed/picture/qwep6r4j/4f504e7b0330d2628e6b14bce646f5239b0f6866.jpg
594,"<h1 class=""listing-item__header"">
    Iphone 15 à vider a un prix imbattable
</h1>",D'occasion,iPhone,450 000 ,Cité keur gorgui,https://i.roamcdn.net/hz/ed/listing-thumb-543w/035bde9400aa0e03dacfd8038ee4b3ee/-/horizon-files-prod/ed/picture/qxjpn92z/616aa821725c8bb94fe3d2aca81624db927a2a9c.jpg
595,"<h1 class=""listing-item__header"">
    S22 Ultra 256gb
</h1>",Venant,Samsung,295 000 ,Hann maristes,https://i.roamcdn.net/hz/ed/listing-thumb-543w/491a7546e9c918495393627ac23dcb4b/-/horizon-files-prod/ed/picture/qenvkre5/35a7ea50f447f4a5b0096089b91f817fa466b1d8.jpg
596,"<h1 class=""listing-item__header"">
    S23 ultra 256gb
</h1>",Venant,Samsung,379 000 ,Hann maristes,https://i.roamcdn.net/hz/ed/listing-thumb-543w/4be5d4af69386d45be79b94b024f667c/-/horizon-files-prod/ed/picture/qm5gw0ww/55900cf252c1cd183af706325fb0790b2801fe2c.jpg
597,"<h1 class=""listing-item__header"">
    13 Pro 128GB
</h1>",Venant,iPhone,300 000 ,Médina,https://i.roamcdn.net/hz/ed/listing-thumb-543w/162fc78ad1528c9c56f357fc32198167/-/horizon-files-prod/ed/picture/qxjpnj0v/54daf187edaf7b4a3d46ad451fc4d3cde54a962a.jpg
598,"<h1 class=""listing-item__header"">
    iphone 8 simple-64Go- VENANT AUTHENTİQUE
</h1>",Venant,iPhone,60 000 ,Médina,https://i.roamcdn.net/hz/ed/listing-thumb-543w/78e42d1b663069f0d6f431c5e7147757/-/horizon-files-prod/ed/picture/qwep020g/e957d742d35e6febce0ed259c8e7023cefc35f21.jpg
599,"<h1 class=""listing-item__header"">
    Samsung galaxy fold 6 256G
</h1>",Neuf,Samsung,750 000 ,Liberte 6 extension,https://i.roamcdn.net/hz/ed/listing-thumb-543w/fb52b15c5a77dff4c6ebb42103a77b2c/-/horizon-files-prod/ed/picture/qq42e5v6/b910e6b186d4206e3759a489da1e8d6e88f16450.jpg
600,"<h1 class=""listing-item__header"">
    IPHONE XR 64GB
</h1>",Neuf,iPhone,110 000 ,Colobane,https://i.roamcdn.net/hz/ed/listing-thumb-543w/891dbfce1fb95b92f3808527ad487f44/-/horizon-files-prod/ed/picture/q9mjx9vv/b45d57152a6354aee85934d727e8ece6ed860432.jpg
601,"<h1 class=""listing-item__header"">
    iPhone 15 pro 128 go
</h1>",Venant,iPhone,500 000 ,Sicap Liberté,https://i.roamcdn.net/hz/ed/listing-thumb-543w/24cec58accd27e4ef0e0598c11f43d4f/-/horizon-files-prod/ed/picture/qv4wjd0j/a208c810189236e08c647384745304e091ee56c9.jpg
602,"<h1 class=""listing-item__header"">
    SAMSUNGS NEUFS DANS LEURS BOITES
</h1>",Neuf,Samsung,1 ,Médina,https://i.roamcdn.net/hz/ed/listing-thumb-543w/5ea757112f269f6a14fef01ec70ae307/-/horizon-files-prod/ed/picture/q8v475nx/499745376a7a6ffc0f96ef049500933ece107732.jpg
603,"<h1 class=""listing-item__header"">
    iPhone 13 Pro Max 256
</h1>",D'occasion,iPhone,355 000 ,Sicap Liberté,https://i.roamcdn.net/hz/ed/listing-thumb-543w/a73db08d80f8d4553dd387ae0dc576cb/-/horizon-files-prod/ed/picture/q2j0xkng/5108bbdcefb37ca9a8e59cce8c0d57615a49a810.jpg
604,"<h1 class=""listing-item__header"">
    Samsung A05 - 64Go Ram 4Go - Photo 50+2 Mpxq
</h1>",Neuf,Samsung,52 000 ,Castor,https://i.roamcdn.net/hz/ed/listing-thumb-543w/296e38c20e3a98e5a4207b0e783a7515/-/horizon-files-prod/ed/picture/qdek4g00/a8ab53b42cbbf2808288057dd7d12caf35873905.jpg
605,"<h1 class=""listing-item__header"">
    12 pro 128 go
</h1>",Venant,iPhone,218 000 ,Médina,https://i.roamcdn.net/hz/ed/listing-thumb-543w/2f8dad7785626bb9689275ae567b22c3/-/horizon-files-prod/ed/picture/qm5gw059/e719ce0e3adba08c17726aaa6eed2451a1590290.jpg
606,"<h1 class=""listing-item__header"">
    16 promax 256 go open box
</h1>",Neuf,iPhone,800 000 ,Médina,https://i.roamcdn.net/hz/ed/listing-thumb-543w/a08c2582543817a20963bdba30777173/-/horizon-files-prod/ed/picture/q78wqn7j/37280142ec386ff023b4f9eb0cb38801e703f314.jpg
607,"<h1 class=""listing-item__header"">
    Huawei mate X6 512giga tout neuf
</h1>",Neuf,Huawei,950 000 ,Médina,https://i.roamcdn.net/hz/ed/listing-thumb-543w/2455e30e4940f32dbf9d416bd1b0cd6a/-/horizon-files-prod/ed/picture/qenvkvg6/f72353fe5b6576677c14208e25da171a5e3d0f6f.jpg
608,"<h1 class=""listing-item__header"">
    Huawei Mate X6
</h1>",D'occasion,Huawei,1 000 000 ,Plateau,https://i.roamcdn.net/hz/ed/listing-thumb-543w/6f2b5117d894e13dbf8b550c90f1bcdb/-/horizon-files-prod/ed/picture/qv4wjwvm/8525d35698a0df6d01b24fbe5172655c9bdb6167.jpg
609,"<h1 class=""listing-item__header"">
    iPhone 11 Pro Max 512G
</h1>",D'occasion,iPhone,215 000 ,Médina,https://i.roamcdn.net/hz/ed/listing-thumb-543w/bbbfd8e64e7cbb62850cfed8d6361b8f/-/horizon-files-prod/ed/picture/qm5gwgpj/89ee62c8730400972d3e425c5f7a1924e1e4d386.jpg
610,"<h1 class=""listing-item__header"">
    iphone 8 simple-64Go- VENANT AUTHENTİQUE
</h1>",Venant,iPhone,60 000 ,Médina,https://i.roamcdn.net/hz/ed/listing-thumb-543w/78e42d1b663069f0d6f431c5e7147757/-/horizon-files-prod/ed/picture/qwep020g/e957d742d35e6febce0ed259c8e7023cefc35f21.jpg
611,"<h1 class=""listing-item__header"">
    iPhone 12 simple -64 Go- VENANT AUTHENTİQUE
</h1>",Venant,iPhone,175 000 ,Médina,https://i.roamcdn.net/hz/ed/listing-thumb-543w/c1b63f5207785812ebd5b426249656a1/-/horizon-files-prod/ed/picture/q8v4wrgp/94de9e8ed7e9c5d9cf2bddc690caab258bef9337.jpg
612,"<h1 class=""listing-item__header"">
    Surface duo2
</h1>",Neuf,Microsoft,480 000 ,Parcelles Assainies,https://i.roamcdn.net/hz/ed/listing-thumb-543w/ec9e0eda8e86d7a993ffe1ee1c671c9c/-/horizon-files-prod/ed/picture/qv4wjwe2/38be16b6b182606f263803b64095aa7c44020cc2.jpg
613,"<h1 class=""listing-item__header"">
    13 promax  256 go
</h1>",Venant,iPhone,365 000 ,Médina,https://i.roamcdn.net/hz/ed/listing-thumb-543w/2c839831873b00c83cde52b19d42905c/-/horizon-files-prod/ed/picture/qj4q0qrw/17ecb71c8ae6cc8254624a8b2bfcf20c3178012b.jpg
614,"<h1 class=""listing-item__header"">
    13 simple 128go
</h1>",Venant,iPhone,270 000 ,Médina,https://i.roamcdn.net/hz/ed/listing-thumb-543w/0a4bccabbad4eebddd2a47e4e3661329/-/horizon-files-prod/ed/picture/qpd6qkew/456796c8725fbabadef9ff8c3f21de2a3647cb7f.jpg
615,"<h1 class=""listing-item__header"">
    IPhone 14 Pro 256go
</h1>",Venant,iPhone,430 000 ,Médina,https://i.roamcdn.net/hz/ed/listing-thumb-543w/5ee9462994fcf42cc52223b79e512ff6/-/horizon-files-prod/ed/picture/qgqw6w98/e2e1f479e073973675f9b8b99939d51e36c8ac29.jpg
616,"<h1 class=""listing-item__header"">
    Téléphone HUAWEI Y9 prime
</h1>",Venant,Huawei,64 900 ,Fass,https://i.roamcdn.net/hz/ed/listing-thumb-543w/4433b442b351cbf093eca43c3d8c1510/-/horizon-files-prod/ed/picture/qngpqx8r/68071de70bba15ac516054d3d02f7b7a6a3ecc37.jpg
617,"<h1 class=""listing-item__header"">
    Tecno spark 20pro neuf 256go ram 8go
</h1>",Neuf,Tecno,85 000 ,Patte d‘oie,https://i.roamcdn.net/hz/ed/listing-thumb-543w/d6cf23afeb627fcf1c4f9ec10150a699/-/horizon-files-prod/ed/picture/qde7zx72/7fa1a00eae0773564a8afb385e069fbf43083554.jpg
618,"<h1 class=""listing-item__header"">
    Samsung galaxy A06 neuf 128go ram 4go
</h1>",Neuf,Samsung,63 500 ,Patte d‘oie,https://i.roamcdn.net/hz/ed/listing-thumb-543w/4ba58a17bc90a6f288d2dde46dc5718a/-/horizon-files-prod/ed/picture/qv4w0wek/2c125f466be0b43e5600fc16fe2be3e767ffb9f1.jpg
619,"<h1 class=""listing-item__header"">
    Iphone 15 Pro
</h1>",Neuf,iPhone,499 000 ,Médina,https://i.roamcdn.net/hz/ed/listing-thumb-543w/0ba84b501d8a09904c42478450b51aef/-/horizon-files-prod/ed/picture/q78wqe8x/6c1bd0224be71fa597347e6356aeb07ab9660cb0.jpg
620,"<h1 class=""listing-item__header"">
    Lg q92 veny128go ram 6go 5g
</h1>",Venant,LG,69 900 ,Médina,https://i.roamcdn.net/hz/ed/listing-thumb-543w/50d52e70bc2df4bd7a79e357195aac77/-/horizon-files-prod/ed/picture/qm5gj9vd/13f4178b96541d2d5f5f73aa3d345e0894febcd3.jpg
621,"<h1 class=""listing-item__header"">
    Nokia 6310 2sim 4g
</h1>",Neuf,Nokia,29 900 ,Colobane,https://i.roamcdn.net/hz/ed/listing-thumb-543w/af303e520f74f783e2ec4c584a9fc212/-/horizon-files-prod/ed/picture/q6xdz026/56c803f045812635c71b5946e4ca88c551b93f7e.png
622,"<h1 class=""listing-item__header"">
    iphone 8 simple-64Go- VENANT AUTHENTİQUE
</h1>",Venant,iPhone,60 000 ,Médina,https://i.roamcdn.net/hz/ed/listing-thumb-543w/78e42d1b663069f0d6f431c5e7147757/-/horizon-files-prod/ed/picture/qwep020g/e957d742d35e6febce0ed259c8e7023cefc35f21.jpg
623,"<h1 class=""listing-item__header"">
    Samsung galaxy fold 6 256G
</h1>",Neuf,Samsung,750 000 ,Liberte 6 extension,https://i.roamcdn.net/hz/ed/listing-thumb-543w/fb52b15c5a77dff4c6ebb42103a77b2c/-/horizon-files-prod/ed/picture/qq42e5v6/b910e6b186d4206e3759a489da1e8d6e88f16450.jpg
624,"<h1 class=""listing-item__header"">
    iPhone 14 pro Max 256g mauve Esim batterie 86% occasion
</h1>",D'occasion,Autres,350 000 ,Yoff,https://i.roamcdn.net/hz/ed/listing-thumb-543w/27d2e6398e1501f71fef94edfce69caa/-/horizon-files-prod/ed/picture/qrz8xq5g/3e8d2ce0229caf3cd70d2be759c55e4abe5de48d.jpg
625,"<h1 class=""listing-item__header"">
    16pro 128G
</h1>",Neuf,iPhone,670 000 ,Médina,https://i.roamcdn.net/hz/ed/listing-thumb-543w/521642323bad8271e9b7053fe35e40a7/-/horizon-files-prod/ed/picture/qngpqdzv/bcb132adbe6fbd6d0a0af09c9641f7e73e141672.jpg
626,"<h1 class=""listing-item__header"">
    Tecno Spark 20Pro 5G - 256Go 16Go
</h1>",Neuf,Tecno,95 000 ,Castor,https://i.roamcdn.net/hz/ed/listing-thumb-543w/08d005284c3ea3cc75427849ab85986f/-/horizon-files-prod/ed/picture/qxjp6294/27889dc64442d9916d905d109e04a5005a392214.jpg
627,"<h1 class=""listing-item__header"">
    Oppo find n2 fliP
</h1>",D'occasion,Oppo,250 000 ,Plateau,https://i.roamcdn.net/hz/ed/listing-thumb-543w/7175bbd2af07a834569407bb621b8407/-/horizon-files-prod/ed/picture/qj4q0jj4/13658a88d556b2b7d3b3abe19f210b43508f3df3.jpg
628,"<h1 class=""listing-item__header"">
    IPhone 16 pro max déséle
</h1>",Neuf,iPhone,820 000 ,Sicap Liberté,https://i.roamcdn.net/hz/ed/listing-thumb-543w/b5dd7f5bbd159e2b8c5cc673b21111a0/-/horizon-files-prod/ed/picture/qwep6eqz/d4f004f29dc803f66a4cd7a03ef4305d6f957597.jpg
629,"<h1 class=""listing-item__header"">
    iPhone 15 pro Max SIM disque
</h1>",Venant,iPhone,620 000 ,Sicap Liberté,https://i.roamcdn.net/hz/ed/listing-thumb-543w/ccbb9ca206964d9716c17366936e93b8/-/horizon-files-prod/ed/picture/qenvkn6k/f7ae85c3b945710f465a4f1bdc42b57872f99163.jpg
630,"<h1 class=""listing-item__header"">
    SAMSUNG A35 256GB RAM 8GB
</h1>",Neuf,Samsung,210 000 ,Médina,https://i.roamcdn.net/hz/ed/listing-thumb-543w/422c336c8883e3136ffeb2b9dd41cad4/-/horizon-files-prod/ed/picture/qenvkn0k/cfc65d61bf691c2310d8b6626ac77332a1f05cc3.png
631,"<h1 class=""listing-item__header"">
    SAMSUNG A35 128GB RAM 8GB
</h1>",Neuf,Samsung,200 000 ,Médina,https://i.roamcdn.net/hz/ed/listing-thumb-543w/de7451a69d253348ed1dab01becda6ef/-/horizon-files-prod/ed/picture/qm5gw5xj/779af5a417d4bde7bc1c8b3b03a08fc767624956.png
632,"<h1 class=""listing-item__header"">
    SAMSUNG A35 128GB RAM 6GB
</h1>",Neuf,Samsung,180 000 ,Médina,https://i.roamcdn.net/hz/ed/listing-thumb-543w/681967507bac1750176380ad2656d6e7/-/horizon-files-prod/ed/picture/q0g74grm/87e2d1c1dc9239d8ef5a1cb083880c6549b58890.png
633,"<h1 class=""listing-item__header"">
    SAMSUNG A16 256GB RAM 8GB
</h1>",Neuf,Samsung,150 000 ,Médina,https://i.roamcdn.net/hz/ed/listing-thumb-543w/6b7658f8822f214b6b888cff21d252fd/-/horizon-files-prod/ed/picture/qxjp7jvv/1922c12534654902820cbb6d17ba1076f8afafba.png
634,"<h1 class=""listing-item__header"">
    iphone 8 simple-64Go- VENANT AUTHENTİQUE
</h1>",Venant,iPhone,60 000 ,Médina,https://i.roamcdn.net/hz/ed/listing-thumb-543w/78e42d1b663069f0d6f431c5e7147757/-/horizon-files-prod/ed/picture/qwep020g/e957d742d35e6febce0ed259c8e7023cefc35f21.jpg
635,"<h1 class=""listing-item__header"">
    iPhone 12 simple -64 Go- VENANT AUTHENTİQUE
</h1>",Venant,iPhone,175 000 ,Médina,https://i.roamcdn.net/hz/ed/listing-thumb-543w/c1b63f5207785812ebd5b426249656a1/-/horizon-files-prod/ed/picture/q8v4wrgp/94de9e8ed7e9c5d9cf2bddc690caab258bef9337.jpg
636,"<h1 class=""listing-item__header"">
    SAMSUNG A16 128GB RAM 4GB
</h1>",Neuf,Samsung,105 000 ,Médina,https://i.roamcdn.net/hz/ed/listing-thumb-543w/b2cd91a2cad58c25a5ce1a325ef8076b/-/horizon-files-prod/ed/picture/q0g74gjd/bbc83bde23bd03de47001a81492f6948ac488254.png
637,"<h1 class=""listing-item__header"">
    IPHONE 11PRO MAX 256GO SIM
</h1>",Venant,iPhone,570 000 ,Guediawaye,https://i.roamcdn.net/hz/ed/listing-thumb-543w/0d146c46e1d92af57087a83218f827a5/-/horizon-files-prod/ed/picture/qenvkn2z/0c103033f131684e6c48f4ddafddc249f5fe23d6.jpg
638,"<h1 class=""listing-item__header"">
    Samsung galaxy A35 neuf 5g 256go
</h1>",Neuf,Samsung,180 000 ,Parcelles Assainies,https://i.roamcdn.net/hz/ed/listing-thumb-543w/2e01d7d6425c9d21708a28e222835aa6/-/horizon-files-prod/ed/picture/qgqwrme8/4fe8f3cf211127fca5cef9cd1592a206578942fd.jpg
639,"<h1 class=""listing-item__header"">
    Samsung galaxy A16 neuf 128go ram 4go
</h1>",Neuf,Samsung,95 000 ,Parcelles Assainies,https://i.roamcdn.net/hz/ed/listing-thumb-543w/65cc459cea8e76a91039fb47067e8f61/-/horizon-files-prod/ed/picture/q8v48mw4/a2686b580b0721d39dcab0e8f7c5007f16ad130a.jpg
640,"<h1 class=""listing-item__header"">
    16 simple 256G
</h1>",Neuf,iPhone,540 000 ,Médina,https://i.roamcdn.net/hz/ed/listing-thumb-543w/2f8f17507a25bdc5188082c51424f8f5/-/horizon-files-prod/ed/picture/qenvkdn4/85bc4cb8876dc1aa52be6b2305dbca1c808587d0.jpg
641,"<h1 class=""listing-item__header"">
    iPhone 16 pro Max 256gb esim scellé
</h1>",Neuf,iPhone,850 000 ,Hlm,https://i.roamcdn.net/hz/ed/listing-thumb-543w/9013c449e997060c7e0b10a95ff77fca/-/horizon-files-prod/ed/picture/qj4qgvdw/4baedc8b3bca24c59fe5be021123f9ce78d3289c.png
642,"<h1 class=""listing-item__header"">
    Samsung S22 Ultra 128Go
</h1>",Neuf,Samsung,250 000 ,Médina,https://i.roamcdn.net/hz/ed/listing-thumb-543w/945ef2fabe724b0f0ebc6f1f38499cff/-/horizon-files-prod/ed/picture/qenv8gmk/29b937338e326f058a5bc3615f8393f75795c93a.jpg
643,"<h1 class=""listing-item__header"">
    Lot de Coque Apple iPhone
</h1>",Neuf,iPhone,12 000 ,Parcelles Assainies,https://i.roamcdn.net/hz/ed/listing-thumb-543w/bd66e8e13de4b6ddaa904bf33f0a4290/-/horizon-files-prod/ed/picture/q44n9e25/877e36e4e03825cb4a36cac8b249983b172540bb.png
644,"<h1 class=""listing-item__header"">
    Coque OtterBox pour Apple iPhone 15/iPhone 14/iPhone 13
</h1>",Neuf,iPhone,15 000 ,Parcelles Assainies,https://i.roamcdn.net/hz/ed/listing-thumb-543w/fc6c38c1d0fa839a06757b9134dd3f1b/-/horizon-files-prod/ed/picture/qzvpkg59/f5004fe5f94699d742e7a44829b670aa7970dbbc.png
645,"<h1 class=""listing-item__header"">
    Samsung galaxy A55 128GB
</h1>",Neuf,Samsung,210 000 ,Liberte 6 extension,https://i.roamcdn.net/hz/ed/listing-thumb-543w/8c7c58f7754469ee13d5ba845752d66d/-/horizon-files-prod/ed/picture/qzvpkg68/3b796e87c838138090a13cd111b3ba1ccdb60f67.jpg
646,"<h1 class=""listing-item__header"">
    iphone 8 simple-64Go- VENANT AUTHENTİQUE
</h1>",Venant,iPhone,60 000 ,Médina,https://i.roamcdn.net/hz/ed/listing-thumb-543w/78e42d1b663069f0d6f431c5e7147757/-/horizon-files-prod/ed/picture/qwep020g/e957d742d35e6febce0ed259c8e7023cefc35f21.jpg
647,"<h1 class=""listing-item__header"">
    iPhone 12 simple -64 Go- VENANT AUTHENTİQUE
</h1>",Venant,iPhone,175 000 ,Médina,https://i.roamcdn.net/hz/ed/listing-thumb-543w/c1b63f5207785812ebd5b426249656a1/-/horizon-files-prod/ed/picture/q8v4wrgp/94de9e8ed7e9c5d9cf2bddc690caab258bef9337.jpg
648,"<h1 class=""listing-item__header"">
    Samsung A55 128Go
</h1>",Venant,Samsung,175 000 ,Plateau,https://i.roamcdn.net/hz/ed/listing-thumb-543w/1d703fc8af64b82447e5eebb0c81bb36/-/horizon-files-prod/ed/picture/qq42npgk/b0545dbd8fe66f81af373ad4817258b4cc5f14cc.jpg
649,"<h1 class=""listing-item__header"">
    iPhone se 2.GEN-64Go- VENANT AUTHENTİQUE
</h1>",Venant,iPhone,65 000 ,Médina,https://i.roamcdn.net/hz/ed/listing-thumb-543w/aaa3383307b51db86252374b64a2975e/-/horizon-files-prod/ed/picture/q9mjx9xv/9b5cfe3db3dc3d7a57cd7f2872c6395f10b5e167.jpg
650,"<h1 class=""listing-item__header"">
    Tecno pop 9
</h1>",Neuf,Tecno,55 000 ,Castor,https://i.roamcdn.net/hz/ed/listing-thumb-543w/bb8195fabc4e5c99d7030d1e5d24f4b9/-/horizon-files-prod/ed/picture/qq426zv4/19ecbd5e03d6fb56b15dab9ce44f07f41817c8d0.jpg
651,"<h1 class=""listing-item__header"">
    Iphone 16 Pro Max
</h1>",Neuf,iPhone,1 150 000 ,Point-e,https://i.roamcdn.net/hz/ed/listing-thumb-543w/6a51fb0671c04cf4a923c1232c3b8483/-/horizon-files-prod/ed/picture/qpdmnwk4/75fd8f81b285375d31083fd6525e89809cdafb68.jpg
652,"<h1 class=""listing-item__header"">
    IPHONE 16 PRO MAX 256GO SIM PHYSIQUE
</h1>",Neuf,iPhone,850 000 ,Plateau,https://i.roamcdn.net/hz/ed/listing-thumb-543w/d59b6c00219b2965988c2734cdd7b8df/-/horizon-files-prod/ed/picture/q2j0g97p/266445cb4db708d1528e226514b88c343cb11cb2.jpg
653,"<h1 class=""listing-item__header"">
    ZTE ZT01
</h1>",Neuf,ZTE,125 000 ,Hlm,https://i.roamcdn.net/hz/ed/listing-thumb-543w/20608bd4414fb34b399413cc1da6e6eb/-/horizon-files-prod/ed/picture/qde7m7w4/5f661ead8dba963f07e5030fbf1145f00bb505ba.jpg
654,"<h1 class=""listing-item__header"">
    SONY XPERIA 5
</h1>",Neuf,Sony,85 000 ,Hlm,https://i.roamcdn.net/hz/ed/listing-thumb-543w/f242e94f0f06220fdfe9ba91ca5f4aab/-/horizon-files-prod/ed/picture/qq42xzew/a76c7695a4d97ed5074ec80629b5959d07743975.jpg
655,"<h1 class=""listing-item__header"">
    AQUOS A5g
</h1>",Neuf,Archos,90 000 ,Hlm,https://i.roamcdn.net/hz/ed/listing-thumb-543w/1465e07b76963fe85f9bea778d6853a2/-/horizon-files-prod/ed/picture/q6xd8q97/8f861715995f06882bfe070ecda8bc2171150c4b.jpg
656,"<h1 class=""listing-item__header"">
    GALAXY S10
</h1>",Neuf,Samsung,120 000 ,Colobane,https://i.roamcdn.net/hz/ed/listing-thumb-543w/567d227cdb5258416fe03c5da5eb8f30/-/horizon-files-prod/ed/picture/qwep0264/95f7f4b3218f65cd1a81fb2de4f2653e16c5807d.jpg
657,"<h1 class=""listing-item__header"">
    Xiaomi redmi 14c neuf 128go ram 4go
</h1>",Neuf,Xiaomi,65 000 ,Patte d‘oie,https://i.roamcdn.net/hz/ed/listing-thumb-543w/c08ebfb30c5ba296bd1c4818e9a3fef5/-/horizon-files-prod/ed/picture/qpdm5mmq/c4098da49e0011df8798ac5b16b30d7106c1b712.jpg
658,"<h1 class=""listing-item__header"">
    iphone 8 simple-64Go- VENANT AUTHENTİQUE
</h1>",Venant,iPhone,60 000 ,Médina,https://i.roamcdn.net/hz/ed/listing-thumb-543w/78e42d1b663069f0d6f431c5e7147757/-/horizon-files-prod/ed/picture/qwep020g/e957d742d35e6febce0ed259c8e7023cefc35f21.jpg
659,"<h1 class=""listing-item__header"">
    iPhone 12 simple -64 Go- VENANT AUTHENTİQUE
</h1>",Venant,iPhone,175 000 ,Médina,https://i.roamcdn.net/hz/ed/listing-thumb-543w/c1b63f5207785812ebd5b426249656a1/-/horizon-files-prod/ed/picture/q8v4wrgp/94de9e8ed7e9c5d9cf2bddc690caab258bef9337.jpg
660,"<h1 class=""listing-item__header"">
    Xiaomi redmi note 13pro plus 5g 256go ram 12go
</h1>",Neuf,Xiaomi,185 000 ,Patte d‘oie,https://i.roamcdn.net/hz/ed/listing-thumb-543w/07f3995463b4e36046df25179087af60/-/horizon-files-prod/ed/picture/q8v4nr8n/41540aa5f11e40d8a0613a47bb8ee7ae422aa4d4.jpg
661,"<h1 class=""listing-item__header"">
    Huawei p30 pro 256Go ram8
</h1>",Neuf,Huawei,140 000 ,Fass,https://i.roamcdn.net/hz/ed/listing-thumb-543w/1469eda214e878bee1b7844c9b52aed5/-/horizon-files-prod/ed/picture/qpdmrzgm/f373ff9d7562dcf4056200e9f3f037b1ac27ea75.jpg
662,"<h1 class=""listing-item__header"">
    Huawei p30 pro 128go ram8 Scellé
</h1>",Neuf,Huawei,129 900 ,Fass,https://i.roamcdn.net/hz/ed/listing-thumb-543w/d7915f072d97c420ff76f8972dec403c/-/horizon-files-prod/ed/picture/qkr8n475/24208a7663412d0c04fe7c4c2bfd18346752e56f.jpg
663,"<h1 class=""listing-item__header"">
    Huawei p30 pro 256go ram 8
</h1>",Venant,Huawei,120 000 ,Colobane,https://i.roamcdn.net/hz/ed/listing-thumb-543w/73c8011024c7cd156cb979765e1e80ed/-/horizon-files-prod/ed/picture/q8v48jnj/dde168bb4057e871fc6cba3ee591a70dda88c527.jpg
664,"<h1 class=""listing-item__header"">
    Huawei p30 pro 128go ram8
</h1>",Neuf,Samsung,129 900 ,Colobane,https://i.roamcdn.net/hz/ed/listing-thumb-543w/c91460afef834b1a590a62329fb15f42/-/horizon-files-prod/ed/picture/qm5g7zdr/179eb2007c4f37bb2dc1c5800dc5869493cd64a2.jpg
665,"<h1 class=""listing-item__header"">
    14Plus
</h1>",Venant,iPhone,330 000 ,Médina,https://i.roamcdn.net/hz/ed/listing-thumb-543w/4621b754c2a56e040765d4412a3293f6/-/horizon-files-prod/ed/picture/qq42nj0z/92ec68e86f0d6173f9c1e7b0271f85ef81800fac.jpg
666,"<h1 class=""listing-item__header"">
    Samsung galaxy flip 4 128GB 8GB sim esm
</h1>",Venant,Samsung,195 000 ,Pikine,https://i.roamcdn.net/hz/ed/listing-thumb-543w/5a0b8e7350f4e8a2101b296156e0c303/-/horizon-files-prod/ed/picture/q6xdwe8v/0680a63f73350e821e18751c70ea2e05fa1b5547.jpg
667,"<h1 class=""listing-item__header"">
    16Simple 128GB
</h1>",Neuf,iPhone,570 000 ,Médina,https://i.roamcdn.net/hz/ed/listing-thumb-543w/cc4339bc6f7e7ca01d8953ae421fb271/-/horizon-files-prod/ed/picture/qngpvmnk/a2ec9f9a65f915820940a6822a59dc9a4904e75d.jpg
668,"<h1 class=""listing-item__header"">
    11Simple
</h1>",Venant,iPhone,130 000 ,Médina,https://i.roamcdn.net/hz/ed/listing-thumb-543w/ce073df1a20960cc08938d074d46eeb2/-/horizon-files-prod/ed/picture/q9mjzew0/a5ae1d779ee66857ddd66dbd00227582d708d313.jpg
669,"<h1 class=""listing-item__header"">
    Galaxy not 20 ultra 256 go
</h1>",Venant,Samsung,220 000 ,Sicap Liberté,https://i.roamcdn.net/hz/ed/listing-thumb-543w/f4805307df42a0c284728bead6ea4b30/-/horizon-files-prod/ed/picture/q56dnern/bcc2e55c13901d7baf38c27de137ab23cb2b2978.jpg
670,"<h1 class=""listing-item__header"">
    iphone 8 simple-64Go- VENANT AUTHENTİQUE
</h1>",Venant,iPhone,60 000 ,Médina,https://i.roamcdn.net/hz/ed/listing-thumb-543w/78e42d1b663069f0d6f431c5e7147757/-/horizon-files-prod/ed/picture/qwep020g/e957d742d35e6febce0ed259c8e7023cefc35f21.jpg
671,"<h1 class=""listing-item__header"">
    Samsung galaxy fold 6 256G
</h1>",Neuf,Samsung,750 000 ,Liberte 6 extension,https://i.roamcdn.net/hz/ed/listing-thumb-543w/fb52b15c5a77dff4c6ebb42103a77b2c/-/horizon-files-prod/ed/picture/qq42e5v6/b910e6b186d4206e3759a489da1e8d6e88f16450.jpg
672,"<h1 class=""listing-item__header"">
    iPhone 13 Pro Max 1000 go
</h1>",Venant,iPhone,430 000 ,Sicap Liberté,https://i.roamcdn.net/hz/ed/listing-thumb-543w/e44423952b6e9ab5dec48e3051afac86/-/horizon-files-prod/ed/picture/qpdm9znq/124be44554e3025d0182d911fcb96f988b39bfe3.jpg
673,"<h1 class=""listing-item__header"">
    S24 ultra 512
</h1>",Venant,Samsung,540 000 ,Médina,https://i.roamcdn.net/hz/ed/listing-thumb-543w/92873f818579eb226df99632e66e8356/-/horizon-files-prod/ed/picture/q56dne9n/caafa215ee5911b0de57cefc4949d637ffb57e18.jpg
674,"<h1 class=""listing-item__header"">
    11Pro
</h1>",Venant,iPhone,165 000 ,Médina,https://i.roamcdn.net/hz/ed/listing-thumb-543w/c3af515902538201410ef35316329e87/-/horizon-files-prod/ed/picture/qv4wr7g2/fab996e613bae212af3c1a4116a1118c232e4935.jpg
675,"<h1 class=""listing-item__header"">
    Galaxy s22 plus 128 go
</h1>",Venant,Samsung,180 000 ,Sicap Liberté,https://i.roamcdn.net/hz/ed/listing-thumb-543w/4fc05460bd83bc734cd199dcf9ac2ee5/-/horizon-files-prod/ed/picture/qde7q805/553dd185b979ee57519064f411538f1fd5e517b4.jpg
676,"<h1 class=""listing-item__header"">
    Google pixel 4a128Go
</h1>",Venant,Google,100 000 ,Plateau,https://i.roamcdn.net/hz/ed/listing-thumb-543w/4eb3c46ef41fd5ebe6bd35426eae26df/-/horizon-files-prod/ed/picture/qngpvn4x/a9a1cdec2a55366173757d30ef438bbb42b0395e.jpg
677,"<h1 class=""listing-item__header"">
    iPhone 15 plus 256gb
</h1>",Venant,iPhone,520 000 ,Liberte 6 extension,https://i.roamcdn.net/hz/ed/listing-thumb-543w/4946c65f671a8863eccf37f5f340618c/-/horizon-files-prod/ed/picture/qq42n0m4/85658a44231d87602d82e5f663b769efc396a8fb.jpg
678,"<h1 class=""listing-item__header"">
    Motorola E 16go
</h1>",Venant,Motorola,24 900 ,Colobane,https://i.roamcdn.net/hz/ed/listing-thumb-543w/2eb65f7bb5418b37df36aab649f4f12a/-/horizon-files-prod/ed/picture/qwepx44j/03e55f5bb707b37ae9f5ec7726226189febb03cb.jpg
679,"<h1 class=""listing-item__header"">
    iPhone 16 pro max 256go E-sim
</h1>",Neuf,iPhone,680 000 ,Plateau,https://i.roamcdn.net/hz/ed/listing-thumb-543w/e667cd33cb76bfdd4b1e72892b3fd185/-/horizon-files-prod/ed/picture/qenv8485/870b72518d49866c6f0e2773043429dbdf15e392.jpg
680,"<h1 class=""listing-item__header"">
    Google pixel 7 pro 512Gb
</h1>",Venant,Google,259 000 ,Hann maristes,https://i.roamcdn.net/hz/ed/listing-thumb-543w/731b91548522b558bf3470554377ea82/-/horizon-files-prod/ed/picture/qkr8kjkj/9d6b25279bbbdd12cf1c8e30cc0d7294d7eb75a5.jpg
681,"<h1 class=""listing-item__header"">
    Note 20 ultra 256gb
</h1>",Venant,Samsung,220 000 ,Hann maristes,https://i.roamcdn.net/hz/ed/listing-thumb-543w/afb8cbd930d6e0295b94744cc2999e3a/-/horizon-files-prod/ed/picture/qpdm9vrx/e3c050f412336475a0cb2220b9babd410c21ab99.jpg
682,"<h1 class=""listing-item__header"">
    iphone 8 simple-64Go- VENANT AUTHENTİQUE
</h1>",Venant,iPhone,60 000 ,Médina,https://i.roamcdn.net/hz/ed/listing-thumb-543w/78e42d1b663069f0d6f431c5e7147757/-/horizon-files-prod/ed/picture/qwep020g/e957d742d35e6febce0ed259c8e7023cefc35f21.jpg
683,"<h1 class=""listing-item__header"">
    Samsung galaxy fold 6 256G
</h1>",Neuf,Samsung,750 000 ,Liberte 6 extension,https://i.roamcdn.net/hz/ed/listing-thumb-543w/fb52b15c5a77dff4c6ebb42103a77b2c/-/horizon-files-prod/ed/picture/qq42e5v6/b910e6b186d4206e3759a489da1e8d6e88f16450.jpg
684,"<h1 class=""listing-item__header"">
    Iphone 16 pro 256gb
</h1>",Venant,iPhone,649 900 ,Hann maristes,https://i.roamcdn.net/hz/ed/listing-thumb-543w/9a03c7d2e71d47af1c582a48f690dc08/-/horizon-files-prod/ed/picture/qrz8w9mm/2d74b82792e85e11d359b79751701f6ee6acd582.jpg
685,"<h1 class=""listing-item__header"">
    Samsung Z fold 4
</h1>",Neuf,Samsung,415 000 ,Plateau,https://i.roamcdn.net/hz/ed/listing-thumb-543w/0b6a2e0a99a347d1b048cc9bd7d31194/-/horizon-files-prod/ed/picture/q44n9kw4/c8839ccfcd8972854892e6f5e59b9a6f141ea306.jpg
686,"<h1 class=""listing-item__header"">
    Huawei mate 50 pro 512GB 8GB ram 2sim
</h1>",Venant,Huawei,350 000 ,Pikine,https://i.roamcdn.net/hz/ed/listing-thumb-543w/5f3af4827d1b51357fc99a5b5c22a82f/-/horizon-files-prod/ed/picture/qj4qgp8e/f7bf9beadf2e3e4a6ecd1a52df33afc9b9d36773.jpg
687,"<h1 class=""listing-item__header"">
    Téléphone HUAWEI honor 8x 128gb
</h1>",Venant,Huawei,59 900 ,Fass,https://i.roamcdn.net/hz/ed/listing-thumb-543w/dc065cec003d0a0326f1bfcfd0f4564e/-/horizon-files-prod/ed/picture/qv4wr8zw/3e9dea6f0ba2901894613d2ec45432265e6bbd35.jpg
688,"<h1 class=""listing-item__header"">
    Téléphone Sony Xperia xz 64gb
</h1>",Venant,Sony,54 900 ,Fass,https://i.roamcdn.net/hz/ed/listing-thumb-543w/8b24886d896546500732d2aaeb65e37a/-/horizon-files-prod/ed/picture/qj4qgkxe/b0a456b48d31193dd41010cf6cd843b9e27f6a67.jpg
689,"<h1 class=""listing-item__header"">
    Samsung note 10 plus 256go ram 12
</h1>",Venant,Samsung,150 000 ,Fass,https://i.roamcdn.net/hz/ed/listing-thumb-543w/d9eac949e6687d3dd4d1ffd0d77e04a4/-/horizon-files-prod/ed/picture/q6xdwpv6/984955206b153299b37486c7dab63244760d97a9.jpg
690,"<h1 class=""listing-item__header"">
    iPhone 13 128 go
</h1>",D'occasion,iPhone,210 000 ,Sicap Liberté,https://i.roamcdn.net/hz/ed/listing-thumb-543w/735c614638ea139a61918ce4e4b44ea0/-/horizon-files-prod/ed/picture/q44n9k0m/2389991f8bf8a1ba636a7ecdc06cd34599fe9abd.jpg
691,"<h1 class=""listing-item__header"">
    15pro 256G
</h1>",Venant,iPhone,520 000 ,Médina,https://i.roamcdn.net/hz/ed/listing-thumb-543w/0d9756ae17c5fe329cd39aae6c7173a5/-/horizon-files-prod/ed/picture/q44n9kjp/de699b4d554b399e8b9e709a0b154a7354c86fbe.jpg
692,"<h1 class=""listing-item__header"">
    Samsung Galaxy fold 4 512go
</h1>",Venant,Samsung,380 000 ,Colobane,https://i.roamcdn.net/hz/ed/listing-thumb-543w/eae903c758ba75fd57323eeba2e3104a/-/horizon-files-prod/ed/picture/qzvpk88k/ddf62581cace9ec22a63de7ba0bfb93ea36c74f0.jpg
693,"<h1 class=""listing-item__header"">
    IPhone 13 mini
</h1>",Venant,iPhone,210 000 ,Sicap Liberté,https://i.roamcdn.net/hz/ed/listing-thumb-543w/ec79f045f0f300ba678085fe8870a747/-/horizon-files-prod/ed/picture/qrz8weeg/ac07746c7d280751f8674e2b75b9dd513434dbe0.jpg
694,"<h1 class=""listing-item__header"">
    iphone 8 simple-64Go- VENANT AUTHENTİQUE
</h1>",Venant,iPhone,60 000 ,Médina,https://i.roamcdn.net/hz/ed/listing-thumb-543w/78e42d1b663069f0d6f431c5e7147757/-/horizon-files-prod/ed/picture/qwep020g/e957d742d35e6febce0ed259c8e7023cefc35f21.jpg
695,"<h1 class=""listing-item__header"">
    iPhone 16 pro sim physique
</h1>",Neuf,iPhone,670 000 ,Médina,https://i.roamcdn.net/hz/ed/listing-thumb-543w/20eafa147714024f6cf27b843e668421/-/horizon-files-prod/ed/picture/qkr8eq9m/20d5c19e5ed42741aec8ec5311328dc0ae079046.jpg
696,"<h1 class=""listing-item__header"">
    iPhone 16 plus
</h1>",Neuf,iPhone,700 000 ,Yoff,https://i.roamcdn.net/hz/ed/listing-thumb-543w/b6c3ea2e7d30e8f6227643b3fa592bf5/-/horizon-files-prod/ed/picture/qzvpk95n/82e42263c8eda75aee56974dc818a4833df42957.jpg
697,"<h1 class=""listing-item__header"">
    iPhone 13 Pro 128go
</h1>",Venant,iPhone,280 000 ,Médina,https://i.roamcdn.net/hz/ed/listing-thumb-543w/61b3aafaf01c48c1c0597b51992c486a/-/horizon-files-prod/ed/picture/qj4re4v8/998488739dd48f1c049193f94a3020bbefc8f8a1.jpg
698,"<h1 class=""listing-item__header"">
    11 simple 64 go
</h1>",Venant,iPhone,135 000 ,Médina,https://i.roamcdn.net/hz/ed/listing-thumb-543w/6d451571cec8f2b58343a069bb186e85/-/horizon-files-prod/ed/picture/qj4rvz65/15a30ed848c13540dc6a26894e4ece1330b86419.jpg
699,"<h1 class=""listing-item__header"">
    S24 simple 128G
</h1>",Venant,Samsung,270 000 ,Médina,https://i.roamcdn.net/hz/ed/listing-thumb-543w/55e673faf6082de8f0ad019b0fe99d5e/-/horizon-files-prod/ed/picture/qxjpmvk0/799e41236c210b72768f4660a0c4fdc47c4cff97.jpg
700,"<h1 class=""listing-item__header"">
    iPhone 16 simple
</h1>",Venant,iPhone,580 000 ,Yoff,https://i.roamcdn.net/hz/ed/listing-thumb-543w/8089a264c8721ef75aca8ebbcd994248/-/horizon-files-prod/ed/picture/qenv8ex9/4cf0120475aa421dabfbef1728eec7821c07b72f.jpg
701,"<h1 class=""listing-item__header"">
    Fold 3 scellé
</h1>",Neuf,Samsung,330 000 ,Plateau,https://i.roamcdn.net/hz/ed/listing-thumb-543w/c99ea461a6a8232aa6b51c4ca4d9fa83/-/horizon-files-prod/ed/picture/qngpve0k/c2dfddaa8ab5e86e0d3b2f12262d0389fd077c69.jpg
702,"<h1 class=""listing-item__header"">
    iPhone 13 Pro Max possibilité paiement deux tranches
</h1>",Venant,iPhone,425 000 ,Ouest foire,https://i.roamcdn.net/hz/ed/listing-thumb-543w/8193c4f67c13728b7d07effdf1a83832/-/horizon-files-prod/ed/picture/qngp0wkv/30298111f0be27b06331771928fb2a9f3f125a40.jpg
703,"<h1 class=""listing-item__header"">
    IPHONE XR  possibilité paiement deux tranches
</h1>",Venant,iPhone,135 000 ,Ouest foire,https://i.roamcdn.net/hz/ed/listing-thumb-543w/8f506a1dcb85143a6c3cc32bf00a7916/-/horizon-files-prod/ed/picture/q44nrpqz/db2d6d3b6d56752626f3b69cd66ac70ec77fc47d.jpg
704,"<h1 class=""listing-item__header"">
    iPhone 15 simple en 2 tranches
</h1>",Neuf,iPhone,600 000 ,Ouest foire,https://i.roamcdn.net/hz/ed/listing-thumb-543w/84a7fee2059a6b2b9647fad9206ac41e/-/horizon-files-prod/ed/picture/qngpjn9k/0fa61796254db00197f87877cfb602aa6ee588bf.jpg
705,"<h1 class=""listing-item__header"">
    iPhone 16 pro max 256 go eSIM noir
</h1>",Neuf,iPhone,825 000 ,Plateau,https://i.roamcdn.net/hz/ed/listing-thumb-543w/927b595e58745a4bfbd4576bfb68e36e/-/horizon-files-prod/ed/picture/q78wqmv8/72dbb1227829afb2cc7f6d4abb33b7ea3a9b00c5.jpg
706,"<h1 class=""listing-item__header"">
    iphone 8 simple-64Go- VENANT AUTHENTİQUE
</h1>",Venant,iPhone,60 000 ,Médina,https://i.roamcdn.net/hz/ed/listing-thumb-543w/78e42d1b663069f0d6f431c5e7147757/-/horizon-files-prod/ed/picture/qwep020g/e957d742d35e6febce0ed259c8e7023cefc35f21.jpg
707,"<h1 class=""listing-item__header"">
    Samsung galaxy fold 6 256G
</h1>",Neuf,Samsung,750 000 ,Liberte 6 extension,https://i.roamcdn.net/hz/ed/listing-thumb-543w/fb52b15c5a77dff4c6ebb42103a77b2c/-/horizon-files-prod/ed/picture/qq42e5v6/b910e6b186d4206e3759a489da1e8d6e88f16450.jpg
708,"<h1 class=""listing-item__header"">
    iPhone 16 pro max 1 tera
</h1>",Neuf,iPhone,1 200 000 ,Yoff,https://i.roamcdn.net/hz/ed/listing-thumb-543w/309b64a757d2272ff91c86589f975015/-/horizon-files-prod/ed/picture/qzvpk0g8/a0c69eee3e5038589ea205ae7a392d83a57d95b3.jpg
709,"<h1 class=""listing-item__header"">
    XR 256 2 SIM paiement en deux tranches
</h1>",Neuf,iPhone,145 000 ,Ouest foire,https://i.roamcdn.net/hz/ed/listing-thumb-543w/db6025596c53c9f6e0550f9d81479427/-/horizon-files-prod/ed/picture/qkr8kzww/9ee1cdeab425f92937c09d58592ceda003415a06.jpg
710,"<h1 class=""listing-item__header"">
    xr 128 payable en deux tranches
</h1>",Neuf,iPhone,120 000 ,Ouest foire,https://i.roamcdn.net/hz/ed/listing-thumb-543w/e0e7ce0cf98ed6336e2c272be382adb1/-/horizon-files-prod/ed/picture/qq42nrmk/8ca973c5c30ec3e51914b42919b89ddb9326aa5e.jpg
711,"<h1 class=""listing-item__header"">
    XR 128 2 SIM payable en deux tranches
</h1>",Neuf,iPhone,130 000 ,Ouest foire,https://i.roamcdn.net/hz/ed/listing-thumb-543w/e141fc3eb0f12374b1039e8b407553e5/-/horizon-files-prod/ed/picture/qngpvq4z/675510f1eec7325a28220322b596cf69f41bf2d1.jpg
712,"<h1 class=""listing-item__header"">
    16 SIMPLE 128GA payable en deux tranches
</h1>",Neuf,iPhone,580 000 ,Ouest foire,https://i.roamcdn.net/hz/ed/listing-thumb-543w/beaca5b77c730bc84e2c2ee3bdcc7ead/-/horizon-files-prod/ed/picture/qv4wrj2k/56bd9746e968c64ba8accae08e0fb5f4c8c0f3a9.jpg
713,"<h1 class=""listing-item__header"">
    13 pro max 128GA payable en deux tranches
</h1>",Neuf,iPhone,375 000 ,Ouest foire,https://i.roamcdn.net/hz/ed/listing-thumb-543w/17111e0ac6a574e32fd8411326d83733/-/horizon-files-prod/ed/picture/qenv8k6v/cf357447cbd35ad68f45c40d3079e93ca00aaced.jpg
714,"<h1 class=""listing-item__header"">
    12 MINI 64 payable en deux tranches
</h1>",Neuf,iPhone,155 000 ,Ouest foire,https://i.roamcdn.net/hz/ed/listing-thumb-543w/5237d719b3d4a1bb11cb8b453ec52f04/-/horizon-files-prod/ed/picture/qde7qg5w/0d1207568da23155bd3154b46501b75fbf87c69b.jpg
715,"<h1 class=""listing-item__header"">
    Samsung galaxy S23 plus 256GB
</h1>",Venant,Samsung,300 000 ,Liberte 6 extension,https://i.roamcdn.net/hz/ed/listing-thumb-543w/e9d348d4f3bef7a4fd39ff6419832543/-/horizon-files-prod/ed/picture/qm5gq4j6/9c138a87799831abfa6a814a4af6681b8c68362c.jpg
716,"<h1 class=""listing-item__header"">
    Gloogle pixel 9 simple 256Gb
</h1>",Neuf,Google,530 000 ,Liberte 6 extension,https://i.roamcdn.net/hz/ed/listing-thumb-543w/6d82c8a9e96c61b1c1778c248f60845c/-/horizon-files-prod/ed/picture/q56dqzm6/45b76c2a204a90a4b7435a9773f35978b1f2adac.jpg
717,"<h1 class=""listing-item__header"">
    Gloogle pixel 9 pro XL 256GB
</h1>",Neuf,Google,730 000 ,Liberte 6 extension,https://i.roamcdn.net/hz/ed/listing-thumb-543w/fe1e69e844392ca06ddeca599fdba0e1/-/horizon-files-prod/ed/picture/qpdmrjzx/a2ab59cd3d50926555eb316e079c6d954096a5c7.jpg
718,"<h1 class=""listing-item__header"">
    iphone 8 simple-64Go- VENANT AUTHENTİQUE
</h1>",Venant,iPhone,60 000 ,Médina,https://i.roamcdn.net/hz/ed/listing-thumb-543w/78e42d1b663069f0d6f431c5e7147757/-/horizon-files-prod/ed/picture/qwep020g/e957d742d35e6febce0ed259c8e7023cefc35f21.jpg
719,"<h1 class=""listing-item__header"">
    Samsung galaxy fold 6 256G
</h1>",Neuf,Samsung,750 000 ,Liberte 6 extension,https://i.roamcdn.net/hz/ed/listing-thumb-543w/fb52b15c5a77dff4c6ebb42103a77b2c/-/horizon-files-prod/ed/picture/qq42e5v6/b910e6b186d4206e3759a489da1e8d6e88f16450.jpg
720,"<h1 class=""listing-item__header"">
    Huawei mate x3 512Gb
</h1>",Venant,Huawei,550 000 ,Liberte 6 extension,https://i.roamcdn.net/hz/ed/listing-thumb-543w/d6679846b25713a498c1e0aaf86a435b/-/horizon-files-prod/ed/picture/q56d2pg7/7e750f410ad3a76c0ff6989a467fd0e2824607d8.jpg
721,"<h1 class=""listing-item__header"">
    Oppo A80 5G 256Gb
</h1>",Neuf,Oppo,140 000 ,Liberte 6 extension,https://i.roamcdn.net/hz/ed/listing-thumb-543w/d59f7e8b2f77a1f880b2f1472ca2098f/-/horizon-files-prod/ed/picture/q44n2wg4/236f769898fa2d68bd6c423d358a762ec7de5414.jpg
722,"<h1 class=""listing-item__header"">
    iPhone 15pro 128Gb
</h1>",Venant,iPhone,520 000 ,Liberte 6 extension,https://i.roamcdn.net/hz/ed/listing-thumb-543w/2ac11f9e22c816a10598e966aea3c71b/-/horizon-files-prod/ed/picture/q6xdwde8/87d49380f8df1caecf0df93abf5e116c1d18c6f6.jpg
723,"<h1 class=""listing-item__header"">
    Hauwei mate X6
</h1>",Neuf,Huawei,1 200 000 ,Yoff,https://i.roamcdn.net/hz/ed/listing-thumb-543w/0b51f61184ebe0bec49accb70057c5c7/-/horizon-files-prod/ed/picture/qenv8k4v/92053125683c0eb18d8c62c814d0ab6e4760405e.jpg
724,"<h1 class=""listing-item__header"">
    Hauwei mate TX
</h1>",Neuf,Huawei,3 300 000 ,Yoff,https://i.roamcdn.net/hz/ed/listing-thumb-543w/9ad1a276326a39534f0ed478f80576b5/-/horizon-files-prod/ed/picture/q0g764jd/1e1e99c11a7e81e8fb30c8195326820718dc0643.jpg
725,"<h1 class=""listing-item__header"">
    Xiaomi Redmi 14c neuf 256go ram 8go
</h1>",Neuf,Xiaomi,85 000 ,Parcelles Assainies,https://i.roamcdn.net/hz/ed/listing-thumb-543w/f419d493da8dfedf9c8f573f4c2792c9/-/horizon-files-prod/ed/picture/qde7j6d2/f07bfb1691ae3a30689d205c3773719cccd4cdb3.jpg
726,"<h1 class=""listing-item__header"">
    Samsung Galaxy A55 5G Noir 256Go
</h1>",Neuf,Samsung,220 000 ,Plateau,https://i.roamcdn.net/hz/ed/listing-thumb-543w/c700620746cdf3da60d332b0da6d2bb8/-/horizon-files-prod/ed/picture/qj4qg0dz/c50420ec84c473017e4de8e68685f38a405af1bf.jpg
727,"<h1 class=""listing-item__header"">
    IPHONE 14PLUS 256GO
</h1>",Venant,iPhone,300 000 ,Guediawaye,https://i.roamcdn.net/hz/ed/listing-thumb-543w/4fd6337aeaafcb59b50a0e0ef5780d76/-/horizon-files-prod/ed/picture/q8v487dx/e4cf3ebcec9f583aa8fa3db33d013b7a1ee65d5e.jpg
728,"<h1 class=""listing-item__header"">
    IPHONE 14PRO MAX 256GO
</h1>",Venant,iPhone,400 000 ,Guediawaye,https://i.roamcdn.net/hz/ed/listing-thumb-543w/224a110531fc503f4726be1d601ce71d/-/horizon-files-prod/ed/picture/qwepx68j/3bb89fec074aac74b1e52281551059bbb7c7f194.jpg
729,"<h1 class=""listing-item__header"">
    IPHONE 14PRO MAX 512GO
</h1>",Venant,iPhone,420 000 ,Guediawaye,https://i.roamcdn.net/hz/ed/listing-thumb-543w/6eadff11f112a9f48bef26509f9182ec/-/horizon-files-prod/ed/picture/qzvpk06d/35719fda672a7265081ea373c2c2fa2e62eec5f6.jpg
730,"<h1 class=""listing-item__header"">
    iphone 8 simple-64Go- VENANT AUTHENTİQUE
</h1>",Venant,iPhone,60 000 ,Médina,https://i.roamcdn.net/hz/ed/listing-thumb-543w/78e42d1b663069f0d6f431c5e7147757/-/horizon-files-prod/ed/picture/qwep020g/e957d742d35e6febce0ed259c8e7023cefc35f21.jpg
731,"<h1 class=""listing-item__header"">
    Samsung galaxy fold 6 256G
</h1>",Neuf,Samsung,750 000 ,Liberte 6 extension,https://i.roamcdn.net/hz/ed/listing-thumb-543w/fb52b15c5a77dff4c6ebb42103a77b2c/-/horizon-files-prod/ed/picture/qq42e5v6/b910e6b186d4206e3759a489da1e8d6e88f16450.jpg
732,"<h1 class=""listing-item__header"">
    IPHONE 15PRO MAX 256GO
</h1>",Venant,iPhone,530 000 ,Guediawaye,https://i.roamcdn.net/hz/ed/listing-thumb-543w/d7b000fc2b9b9b0505f0a43ac00d29ae/-/horizon-files-prod/ed/picture/qde7qg6r/9ed85c4cce4d1f3ba4ba36a5f7ccea21b8383c29.jpg
733,"<h1 class=""listing-item__header"">
    Iphone 16 pro max 1TB SIM
</h1>",Neuf,iPhone,1 249 000 ,Fenêtre mermoz,https://i.roamcdn.net/hz/ed/listing-thumb-543w/ca19592a0bb9cf3e3e3fc5e81b5c1219/-/horizon-files-prod/ed/picture/qq4252qj/3ce8d3b30966b46a48c4ac490cef81bccef96837.jpg
734,"<h1 class=""listing-item__header"">
    IPHONE 15PLUS 256GO
</h1>",Venant,iPhone,550 000 ,Guediawaye,https://i.roamcdn.net/hz/ed/listing-thumb-543w/86554d4b87ff2d97f092396a7aa7262d/-/horizon-files-prod/ed/picture/qngpvvr0/9aedbdd96cc9886b1b9477651eb953ed1436fa68.jpg
735,"<h1 class=""listing-item__header"">
    Samsung Galaxy Z Flip 6 512GB
</h1>",D'occasion,Samsung,500 000 ,Fenêtre mermoz,https://i.roamcdn.net/hz/ed/listing-thumb-543w/c025ed7807e335a46cf53e2e4bc7d0b6/-/horizon-files-prod/ed/picture/qkr87rz8/a235bbcffefd2b9c22bbf2d6b65ab1c1522869b3.png
736,"<h1 class=""listing-item__header"">
    Samsung Galaxy Z Flip 6 512GB
</h1>",Neuf,Samsung,625 000 ,Fenêtre mermoz,https://i.roamcdn.net/hz/ed/listing-thumb-543w/1980470b530b48974c2ecb1168456d31/-/horizon-files-prod/ed/picture/qv4wgmqj/7e1e132e08dbc88e5dc19a12dae174907f972c32.png
737,"<h1 class=""listing-item__header"">
    Samsung galaxy Tab S7 128GB 8GB ram
</h1>",Venant,Samsung,285 000 ,Pikine,https://i.roamcdn.net/hz/ed/listing-thumb-543w/4db6b0004ebd2952e538bc803aa62e9a/-/horizon-files-prod/ed/picture/qxjpmm0j/855c14ce416bf395ec4b6e7ea300afeb586329ef.jpg
738,"<h1 class=""listing-item__header"">
    Samsung fold 5
</h1>",Neuf,Samsung,570 000 ,Plateau,https://i.roamcdn.net/hz/ed/listing-thumb-543w/3ed90d0373630b54e3c53303b5892975/-/horizon-files-prod/ed/picture/q56dnn90/0e23cdad0fe67ae72ec32e2014217f4ff3a2c422.png
739,"<h1 class=""listing-item__header"">
    Huawei honor 50 256go ram8go
</h1>",Venant,Huawei,149 900 ,Colobane,https://i.roamcdn.net/hz/ed/listing-thumb-543w/572f79694143ad57a3ddfd0f6c7fcf6b/-/horizon-files-prod/ed/picture/qwepxxgp/bd542c0ce4d5e1ef2413c7c504f48bde90141a06.jpg
740,"<h1 class=""listing-item__header"">
    Sony xz2 premium 64go
</h1>",Venant,Sony,49 900 ,Colobane,https://i.roamcdn.net/hz/ed/listing-thumb-543w/2b73ed02fbb67115d5b376805dc2ea26/-/horizon-files-prod/ed/picture/qzvpkk8n/3cb2d61ae27d62b08fc678858e6a5978da22af1b.jpg
741,"<h1 class=""listing-item__header"">
    Huawei p30 pro 128go ram 8 scellé
</h1>",Neuf,Huawei,129 900 ,Colobane,https://i.roamcdn.net/hz/ed/listing-thumb-543w/c61a0298fafa43547fbe74a624fb35fe/-/horizon-files-prod/ed/picture/qv4wrrdm/b83f818fad45b12a64bb86363f84a0fc7ab4963e.jpg
742,"<h1 class=""listing-item__header"">
    iphone 8 simple-64Go- VENANT AUTHENTİQUE
</h1>",Venant,iPhone,60 000 ,Médina,https://i.roamcdn.net/hz/ed/listing-thumb-543w/78e42d1b663069f0d6f431c5e7147757/-/horizon-files-prod/ed/picture/qwep020g/e957d742d35e6febce0ed259c8e7023cefc35f21.jpg
743,"<h1 class=""listing-item__header"">
    iPhone 16 pro sim physique
</h1>",Neuf,iPhone,670 000 ,Médina,https://i.roamcdn.net/hz/ed/listing-thumb-543w/20eafa147714024f6cf27b843e668421/-/horizon-files-prod/ed/picture/qkr8eq9m/20d5c19e5ed42741aec8ec5311328dc0ae079046.jpg
744,"<h1 class=""listing-item__header"">
    iPhone 16 Plus 256Go Scellé Sim physique
</h1>",Neuf,iPhone,725 000 ,Médina,https://i.roamcdn.net/hz/ed/listing-thumb-543w/537b89e476b010c25f8d781a6c648bdc/-/horizon-files-prod/ed/picture/qq42nn7z/d4b2423f8fb43e93c3e9adfc3fb941b887cb5971.jpg
745,"<h1 class=""listing-item__header"">
    Iphone 16Pro max 256Go scellé sim physique
</h1>",Neuf,iPhone,850 000 ,Médina,https://i.roamcdn.net/hz/ed/listing-thumb-543w/4a323e549184896cc012715789deed54/-/horizon-files-prod/ed/picture/qkr8kk5m/3f2986297c4cd575564f87afb666a5e479915f9a.jpg
746,"<h1 class=""listing-item__header"">
    Iphone 16Simple 128Go Scellé Sim physique
</h1>",Neuf,iPhone,550 000 ,Médina,https://i.roamcdn.net/hz/ed/listing-thumb-543w/c36ec56d58d981ca83d2aec5405b4bf1/-/horizon-files-prod/ed/picture/qq42nn4n/89a8c9a890b7e772c2462c8e8d4fd69c25ea27ac.jpg
747,"<h1 class=""listing-item__header"">
    Iphone 15Pro max 256Go Sim physique
</h1>",Neuf,iPhone,600 000 ,Médina,https://i.roamcdn.net/hz/ed/listing-thumb-543w/d2195db4cb5d490ab0eab219cb18bb4e/-/horizon-files-prod/ed/picture/qv4wrr4x/3dd1e1d447e26fc4257c725660271e48d13f4be6.jpg
748,"<h1 class=""listing-item__header"">
    Iphone 14Pro max 512Go Esim
</h1>",Neuf,iPhone,485 000 ,Médina,https://i.roamcdn.net/hz/ed/listing-thumb-543w/0749213532d7ff0c1fdf5dbfdc177745/-/horizon-files-prod/ed/picture/qzvpkkvr/bf5a182580cecc90b9d68873804fc5093183cd61.jpg
749,"<h1 class=""listing-item__header"">
    Iphone 15Pro max 256Go Esim
</h1>",Neuf,iPhone,535 000 ,Médina,https://i.roamcdn.net/hz/ed/listing-thumb-543w/fbe74330cdf502d53515892413cc363c/-/horizon-files-prod/ed/picture/q56dnn6p/839d0311c4aa83ac877cb2f40d8b0d59d565d045.jpg
750,"<h1 class=""listing-item__header"">
    Samsung S23 Ultra 512Go Ram 12
</h1>",Neuf,Samsung,410 000 ,Médina,https://i.roamcdn.net/hz/ed/listing-thumb-543w/8e6c119a64b893e4298b7cd081ea9f68/-/horizon-files-prod/ed/picture/q8v48807/95e1df8f72b477e533d94827104d8c859d19f163.jpg
751,"<h1 class=""listing-item__header"">
    Samsung S24 ultra 256Go Dual Sim
</h1>",Neuf,Samsung,500 000 ,Médina,https://i.roamcdn.net/hz/ed/listing-thumb-543w/7d72d52eb9f4569714af5e49f745759a/-/horizon-files-prod/ed/picture/q0g766pz/e5cae9c6b903f0a86b9a7616e980d7c2fbb85942.jpg
752,"<h1 class=""listing-item__header"">
    15 pro max 256GB
</h1>",D'occasion,iPhone,650 000 ,Médina,https://i.roamcdn.net/hz/ed/listing-thumb-543w/b5254333e73b9390e272065fcd49c7a3/-/horizon-files-prod/ed/picture/q8v48r64/b6c72aae2bb731aa84022d8d83b33c414aa49198.jpg
753,"<h1 class=""listing-item__header"">
    iPhone 15 pro max 256gb SIM
</h1>",Venant,iPhone,600 000 ,Médina,https://i.roamcdn.net/hz/ed/listing-thumb-543w/cde14bfd1883d0e3b55cfa6f6efb5887/-/horizon-files-prod/ed/picture/qkr8kdn8/c0e7b83bb12898ad4d3b9646e47f99af1b499476.jpg
754,"<h1 class=""listing-item__header"">
    iphone 8 simple-64Go- VENANT AUTHENTİQUE
</h1>",Venant,iPhone,60 000 ,Médina,https://i.roamcdn.net/hz/ed/listing-thumb-543w/78e42d1b663069f0d6f431c5e7147757/-/horizon-files-prod/ed/picture/qwep020g/e957d742d35e6febce0ed259c8e7023cefc35f21.jpg
755,"<h1 class=""listing-item__header"">
    iPhone 16 pro sim physique
</h1>",Neuf,iPhone,670 000 ,Médina,https://i.roamcdn.net/hz/ed/listing-thumb-543w/20eafa147714024f6cf27b843e668421/-/horizon-files-prod/ed/picture/qkr8eq9m/20d5c19e5ed42741aec8ec5311328dc0ae079046.jpg
756,"<h1 class=""listing-item__header"">
    Support de charge rapide sans fil
</h1>",Neuf,Samsung,20 000 ,Parcelles Assainies,https://i.roamcdn.net/hz/ed/listing-thumb-543w/632bf193de723c19de303ef53bfe0db8/-/horizon-files-prod/ed/picture/qde7qzm2/fb74f79a75047df2b8bae4bc56911f56a622a62a.png
757,"<h1 class=""listing-item__header"">
    OPPO FIND N FOLD 512Go
</h1>",Venant,Oppo,439 000 ,Plateau,https://i.roamcdn.net/hz/ed/listing-thumb-543w/c51e1aa33fe8beecb32d67e7ba5150a1/-/horizon-files-prod/ed/picture/qj4qgd96/62680243c5e8542055318e75df477dab299f7727.jpg
758,"<h1 class=""listing-item__header"">
    Coque OtterBox Defender iPhone 16 Pro Max
</h1>",Neuf,iPhone,45 000 ,Parcelles Assainies,https://i.roamcdn.net/hz/ed/listing-thumb-543w/51a30b1ce4c7f99f29b07a4323e01f2a/-/horizon-files-prod/ed/picture/q9mjz22v/1269bd0a6052c651da68f1070b097bafd208c59c.png
759,"<h1 class=""listing-item__header"">
    16pro 128G
</h1>",Neuf,iPhone,650 000 ,Médina,https://i.roamcdn.net/hz/ed/listing-thumb-543w/abb5a0edc32bfc3157926ae05c16f6d7/-/horizon-files-prod/ed/picture/qq42nk5w/0efb8a5049a885bf97165c61781f5d28b26da17f.jpg
760,"<h1 class=""listing-item__header"">
    Samsung Fold 5 512GB scellé
</h1>",Neuf,Samsung,625 000 ,Plateau,https://i.roamcdn.net/hz/ed/listing-thumb-543w/46483c09842f2c747f1aaa103586ec50/-/horizon-files-prod/ed/picture/q2j0v2kk/5c8143ffc3e138f2652d17bc0957d1fd1ebfee8c.jpg
761,"<h1 class=""listing-item__header"">
    Samsung s21 ultra 128GB
</h1>",Neuf,Samsung,265 000 ,Plateau,https://i.roamcdn.net/hz/ed/listing-thumb-543w/a496ab853d1ef294405ba4a302a0815a/-/horizon-files-prod/ed/picture/qm5g7k0m/175001a8349f6c4278802fa20cc7ea21587fff38.jpg
762,"<h1 class=""listing-item__header"">
    Samsung note 20 ultra 256GB
</h1>",Neuf,Samsung,310 000 ,Plateau,https://i.roamcdn.net/hz/ed/listing-thumb-543w/deb7971fc8fac6c55b96f930745d08c9/-/horizon-files-prod/ed/picture/qwepx9p6/8744968649db26d7759946e14a6bd7ffdeba02f1.jpg
763,"<h1 class=""listing-item__header"">
    IPhone 12 Pro Max 128GB scellé
</h1>",Neuf,iPhone,325 000 ,Plateau,https://i.roamcdn.net/hz/ed/listing-thumb-543w/a049041215af768f105f73bb013a2e88/-/horizon-files-prod/ed/picture/q6xdw2dz/bfc66fc6596fa7a629eb58eaa1dfc74cac14423b.jpg
764,"<h1 class=""listing-item__header"">
    Iphone 15 pro max
</h1>",Venant,iPhone,549 900 ,Hann maristes,https://i.roamcdn.net/hz/ed/listing-thumb-543w/29910b31623ea243370473c7ab8feceb/-/horizon-files-prod/ed/picture/q0g76x7x/a38c27582f6b3bde8b5a8ea3e5804b1c3b8afc27.jpg
765,"<h1 class=""listing-item__header"">
    Huawei p30 pro 256go ram 8 scellé
</h1>",Neuf,Huawei,150 000 ,Colobane,https://i.roamcdn.net/hz/ed/listing-thumb-543w/7634682658064538edc88cbfeddba187/-/horizon-files-prod/ed/picture/qenv8mvx/8f77af43b6ed1312921efed826f4fc9ace12ce6e.jpg
766,"<h1 class=""listing-item__header"">
    iphone 8 simple-64Go- VENANT AUTHENTİQUE
</h1>",Venant,iPhone,60 000 ,Médina,https://i.roamcdn.net/hz/ed/listing-thumb-543w/78e42d1b663069f0d6f431c5e7147757/-/horizon-files-prod/ed/picture/qwep020g/e957d742d35e6febce0ed259c8e7023cefc35f21.jpg
767,"<h1 class=""listing-item__header"">
    iPhone 16 pro sim physique
</h1>",Neuf,iPhone,670 000 ,Médina,https://i.roamcdn.net/hz/ed/listing-thumb-543w/20eafa147714024f6cf27b843e668421/-/horizon-files-prod/ed/picture/qkr8eq9m/20d5c19e5ed42741aec8ec5311328dc0ae079046.jpg
768,"<h1 class=""listing-item__header"">
    SAMSUNG GALAXY XCOVER7
</h1>",Neuf,Samsung,220 000 ,Cité keur gorgui,https://i.roamcdn.net/hz/ed/listing-thumb-543w/3d6a47d41522e41f403a91647e589f68/-/horizon-files-prod/ed/picture/qkr8kvjm/071d621fd252db818370ebfcd4e09861850ad560.jpg
769,"<h1 class=""listing-item__header"">
    iPhone 11 pro 64g
</h1>",Venant,iPhone,165 000 ,Pikine,https://i.roamcdn.net/hz/ed/listing-thumb-543w/dec2e9fa74026dc561cc3a2a7fe52bfd/-/horizon-files-prod/ed/picture/q78wqr6g/36bd143d2c202ffdad1adaf4951c9e9bf37f62f4.jpg
770,"<h1 class=""listing-item__header"">
    iPhone 11 simple 128g
</h1>",Venant,iPhone,150 000 ,Pikine,https://i.roamcdn.net/hz/ed/listing-thumb-543w/8792a7ca6f39b77afa62585aee72940f/-/horizon-files-prod/ed/picture/qj4qg704/16518889b7f6c3210953cd4352bc1e17e594227e.jpg
771,"<h1 class=""listing-item__header"">
    Samsung Galaxy Fold 6
</h1>",Neuf,Samsung,800 000 ,Plateau,https://i.roamcdn.net/hz/ed/listing-thumb-543w/3c0ce44b8921ed789e85b57fb2b19abf/-/horizon-files-prod/ed/picture/qq42n8xn/c6cc1721a400afa6b49ab88197640c4b62a9b4fa.jpg
772,"<h1 class=""listing-item__header"">
    iPhone 16pro Max sim physique
</h1>",Neuf,iPhone,820 000 ,Plateau,https://i.roamcdn.net/hz/ed/listing-thumb-543w/74b806fa73062b29857e43347fb3d95a/-/horizon-files-prod/ed/picture/q6xdw48v/743a3d12f359bc37ef7326f6a418ea72cd768be1.jpg
773,"<h1 class=""listing-item__header"">
    Huawei Mate X6
</h1>",Neuf,Huawei,1 100 000 ,Plateau,https://i.roamcdn.net/hz/ed/listing-thumb-543w/98ed90d9994bee1d3ac1a9d079cea7eb/-/horizon-files-prod/ed/picture/qwepx50z/2ce4232f635e40e60466037673c65ed0fcb816ad.jpg
774,"<h1 class=""listing-item__header"">
    16pro max 256G
</h1>",Neuf,iPhone,860 000 ,Médina,https://i.roamcdn.net/hz/ed/listing-thumb-543w/6ea86a8874b0159e5ef245acfe15a01c/-/horizon-files-prod/ed/picture/q2j0vnn2/805d7395c45a1f59d3c2df546dc1f6badb136d1a.jpg
775,"<h1 class=""listing-item__header"">
    S22 ultra
</h1>",Neuf,Samsung,370 000 ,Plateau,https://i.roamcdn.net/hz/ed/listing-thumb-543w/41b24201f72b24dca634848bc11af0e0/-/horizon-files-prod/ed/picture/q6xdw45n/e851b55fe4cc949d6d0a4f6f7526dc100e96316e.jpg
776,"<h1 class=""listing-item__header"">
    iPhone 12 Simple
</h1>",Neuf,iPhone,180 000 ,Plateau,https://i.roamcdn.net/hz/ed/listing-thumb-543w/2bcf7cf3f8b22e2b4e05f3eec73c6d9d/-/horizon-files-prod/ed/picture/qenv82j9/5432bd0c2b58dccf14a834032bfa8122e0e2593d.jpg
777,"<h1 class=""listing-item__header"">
    INFINIX HOT 50i
</h1>",Neuf,Infinix,68 000 ,Guediawaye,https://i.roamcdn.net/hz/ed/listing-thumb-543w/c801c308bb83808a348485edb6d9bd48/-/horizon-files-prod/ed/picture/qj4qd2x8/02b34ac66cfd8bc4d569c218692becec49c67c19.jpg
778,"<h1 class=""listing-item__header"">
    iphone 8 simple-64Go- VENANT AUTHENTİQUE
</h1>",Venant,iPhone,60 000 ,Médina,https://i.roamcdn.net/hz/ed/listing-thumb-543w/78e42d1b663069f0d6f431c5e7147757/-/horizon-files-prod/ed/picture/qwep020g/e957d742d35e6febce0ed259c8e7023cefc35f21.jpg
779,"<h1 class=""listing-item__header"">
    Samsung galaxy fold 6 256G
</h1>",Neuf,Samsung,750 000 ,Liberte 6 extension,https://i.roamcdn.net/hz/ed/listing-thumb-543w/fb52b15c5a77dff4c6ebb42103a77b2c/-/horizon-files-prod/ed/picture/qq42e5v6/b910e6b186d4206e3759a489da1e8d6e88f16450.jpg
780,"<h1 class=""listing-item__header"">
    IPhone XR 64 go
</h1>",Venant,iPhone,120 000 ,Sicap Liberté,https://i.roamcdn.net/hz/ed/listing-thumb-543w/28e09c5ba2ac20c15261d8c6d9092f5c/-/horizon-files-prod/ed/picture/qgqwr02e/2a64275a96b8d41ce33cd8b32c081f1b60712689.jpg
781,"<h1 class=""listing-item__header"">
    IPhone 11 64 go
</h1>",Venant,iPhone,150 000 ,Sicap Liberté,https://i.roamcdn.net/hz/ed/listing-thumb-543w/f0ec995b637c90b11b9771f12a212ec2/-/horizon-files-prod/ed/picture/q44n9me2/d4df6449f49f87be154c64bf1695309165f1cb05.jpg
782,"<h1 class=""listing-item__header"">
    IPhone 11 Pro Max
</h1>",Venant,iPhone,205 000 ,Sicap Liberté,https://i.roamcdn.net/hz/ed/listing-thumb-543w/3b0fbfd04a03e86d8e0b7665ebe1a582/-/horizon-files-prod/ed/picture/qzvpk6gd/fbadcee61ebc4cb1c86e3efe11f3f050301ba5aa.jpg
783,"<h1 class=""listing-item__header"">
    IPhone 12 Pro Max 256 go
</h1>",Venant,iPhone,330 000 ,Sicap Liberté,https://i.roamcdn.net/hz/ed/listing-thumb-543w/5e53a0bf8c3b4b93192eede773a5ce28/-/horizon-files-prod/ed/picture/qj4qgwn8/eec4a1a4c92454080187a515e24a831690a728d0.jpg
784,"<h1 class=""listing-item__header"">
    IPhone 13 Pro 256 go
</h1>",Venant,iPhone,345 000 ,Sicap Liberté,https://i.roamcdn.net/hz/ed/listing-thumb-543w/3a187b2aa626b231296caf46d8b5fdda/-/horizon-files-prod/ed/picture/qxjpmz5m/e6a92baab1ad1e09579368407b4bc681c8dd58eb.jpg
785,"<h1 class=""listing-item__header"">
    One plus open
</h1>",D'occasion,OnePlus,700 000 ,Hlm,https://i.roamcdn.net/hz/ed/listing-thumb-543w/ae43bfff24449ae05f748fd7f374e14a/-/horizon-files-prod/ed/picture/qngpvzx9/0ac2379ceefba8c47951a3e76a99f42ec6656064.jpg
786,"<h1 class=""listing-item__header"">
    iPhone 13 promax
</h1>",Venant,iPhone,370 000 ,Liberte 6 extension,https://i.roamcdn.net/hz/ed/listing-thumb-543w/6286eaa17b4076b7f5d5333281d38b5d/-/horizon-files-prod/ed/picture/q0g76z2w/047ef0d1f83adbf1f11824b8aaa42896b1f4966e.jpg
787,"<h1 class=""listing-item__header"">
    iPhone 14 Promax
</h1>",Venant,iPhone,450 000 ,Liberte 6 extension,https://i.roamcdn.net/hz/ed/listing-thumb-543w/505a77b62abe96489a405e9bdc319e38/-eyJvciI6MH0%3D/horizon-files-prod/ed/picture/qv4wrqwp/81b0fde403c9d836c0670842419a6cb518867e33.jpg
788,"<h1 class=""listing-item__header"">
    S23 ultra 512G 2sim
</h1>",Venant,Samsung,410 000 ,Médina,https://i.roamcdn.net/hz/ed/listing-thumb-543w/e9c3a159bad4e6e15ef12ebd927c8659/-/horizon-files-prod/ed/picture/qenv8792/f2a05550bcf9ff199fea07d5196b72d54ac14ea7.jpg
789,"<h1 class=""listing-item__header"">
    15plus 128G
</h1>",Venant,iPhone,460 000 ,Médina,https://i.roamcdn.net/hz/ed/listing-thumb-543w/7129e47aa3aa82c382648efa6947dba1/-/horizon-files-prod/ed/picture/qzvpk6dg/209abe7cd87f3668a298b9ba0015cf416d3ebc9e.jpg
790,"<h1 class=""listing-item__header"">
    iphone 8 simple-64Go- VENANT AUTHENTİQUE
</h1>",Venant,iPhone,60 000 ,Médina,https://i.roamcdn.net/hz/ed/listing-thumb-543w/78e42d1b663069f0d6f431c5e7147757/-/horizon-files-prod/ed/picture/qwep020g/e957d742d35e6febce0ed259c8e7023cefc35f21.jpg
791,"<h1 class=""listing-item__header"">
    Samsung galaxy fold 6 256G
</h1>",Neuf,Samsung,750 000 ,Liberte 6 extension,https://i.roamcdn.net/hz/ed/listing-thumb-543w/fb52b15c5a77dff4c6ebb42103a77b2c/-/horizon-files-prod/ed/picture/qq42e5v6/b910e6b186d4206e3759a489da1e8d6e88f16450.jpg
792,"<h1 class=""listing-item__header"">
    14 pro max 256go vena
</h1>",Venant,iPhone,400 000 ,Plateau,https://i.roamcdn.net/hz/ed/listing-thumb-543w/4faff8e304342e47829ecc5af2b62a10/-/horizon-files-prod/ed/picture/qrz8w025/70056ae7e24cb22f0dbd10758e426140d74253c2.jpg
793,"<h1 class=""listing-item__header"">
    iPhone 13 Pro Max 128go
</h1>",Neuf,iPhone,330 000 ,Plateau,https://i.roamcdn.net/hz/ed/listing-thumb-543w/db69e740b70ce4ca74c713e8deaa9e19/-/horizon-files-prod/ed/picture/q56dnv7r/438eb44cb49d98190da93d843950ba1f44f9ec77.jpg
794,"<h1 class=""listing-item__header"">
    Iphone 14 pro max 128go E-sim
</h1>",Neuf,iPhone,435 000 ,Plateau,https://i.roamcdn.net/hz/ed/listing-thumb-543w/7e3db2e6b8390e197f47eadea1ddb996/-/horizon-files-prod/ed/picture/qgqwrz2q/ce3af4e0153524ead13127729b75cde19db67c17.jpg
795,"<h1 class=""listing-item__header"">
    Iphone 14 pro 256go dual sim
</h1>",Neuf,iPhone,450 000 ,Plateau,https://i.roamcdn.net/hz/ed/listing-thumb-543w/a0bb950f250d54e885d49962f1b24a6c/-/horizon-files-prod/ed/picture/qq42ngme/c0270470896544351c561f0d3ab266915c801824.jpg
796,"<h1 class=""listing-item__header"">
    iPhone 14 Plus 🇨🇦🇸🇳
</h1>",Neuf,iPhone,360 000 ,Dieuppeul,https://i.roamcdn.net/hz/ed/listing-thumb-543w/78331977088ccb128f21e540621c5d4d/-/horizon-files-prod/ed/picture/qj4q9dnv/cad61ca46f2c88fc9a47d1d7c422b89548835bde.jpg
797,"<h1 class=""listing-item__header"">
    Xr 64G 115mille
</h1>",Neuf,iPhone,115 000 ,Gueule-Tapée,https://i.roamcdn.net/hz/ed/listing-thumb-543w/98772ab84f1d536c582412feb9dc55fd/-/horizon-files-prod/ed/picture/q8v4nk56/62459291603f0f07c0c14511b8343202a98e1b40.jpg
798,"<h1 class=""listing-item__header"">
    13simple 128G
</h1>",Neuf,iPhone,270 000 ,Gueule-Tapée,https://i.roamcdn.net/hz/ed/listing-thumb-543w/75365e57a67af818b20c18c7e2e32619/-/horizon-files-prod/ed/picture/q78w9xwm/d02aa02e798e6ecca7fc66a3e7305d06074c24b0.jpg
799,"<h1 class=""listing-item__header"">
    Galaxy s23 ultra 512 go
</h1>",Venant,Autres,430 000 ,Sicap Liberté,https://i.roamcdn.net/hz/ed/listing-thumb-543w/1a008bc4faee1208c91b393c3f967948/-/horizon-files-prod/ed/picture/qpdm927w/2b514f6e9e27a8bc17df6006e5fa261df5bd095c.jpg
800,"<h1 class=""listing-item__header"">
    iPhone 12 Pro Max
</h1>",Venant,iPhone,220 000 ,Sicap Liberté,https://i.roamcdn.net/hz/ed/listing-thumb-543w/60d192ed1031e82349d3014ce10d9391/-/horizon-files-prod/ed/picture/qrz8w559/1f6225ff2015c80c34ca98f1602576b9648e3c48.jpg
801,"<h1 class=""listing-item__header"">
    Iphone 13 pro
</h1>",Venant,iPhone,290 000 ,Plateau,https://i.roamcdn.net/hz/ed/listing-thumb-543w/0696a69d6f145f9c1f38c3b93fdd42e0/-/horizon-files-prod/ed/picture/q2j0v5gq/1ac92bade89277a3e19ce8982451e05abe6fdedb.jpg
802,"<h1 class=""listing-item__header"">
    iphone 8 simple-64Go- VENANT AUTHENTİQUE
</h1>",Venant,iPhone,60 000 ,Médina,https://i.roamcdn.net/hz/ed/listing-thumb-543w/78e42d1b663069f0d6f431c5e7147757/-/horizon-files-prod/ed/picture/qwep020g/e957d742d35e6febce0ed259c8e7023cefc35f21.jpg
803,"<h1 class=""listing-item__header"">
    iPhone 12 simple -64 Go- VENANT AUTHENTİQUE
</h1>",Venant,iPhone,175 000 ,Médina,https://i.roamcdn.net/hz/ed/listing-thumb-543w/c1b63f5207785812ebd5b426249656a1/-/horizon-files-prod/ed/picture/q8v4wrgp/94de9e8ed7e9c5d9cf2bddc690caab258bef9337.jpg
804,"<h1 class=""listing-item__header"">
    Iphone 13 simple
</h1>",Venant,iPhone,240 000 ,Plateau,https://i.roamcdn.net/hz/ed/listing-thumb-543w/38987e5a014d0a7e6cec73e5c20ef397/-/horizon-files-prod/ed/picture/qkr8k20m/11af56f9529522711dff952512a0611f33a83605.jpg
805,"<h1 class=""listing-item__header"">
    Iphone 16 pro max
</h1>",D'occasion,iPhone,750 000 ,Plateau,https://i.roamcdn.net/hz/ed/listing-thumb-543w/da53471903d78728f8690e169f8b4954/-/horizon-files-prod/ed/picture/qv4wrxg2/e15c325224b57b76185a5c06cf3d5976b7d19294.jpg
806,"<h1 class=""listing-item__header"">
    Xiaomi redmi A3X neuf 128go ram 4go
</h1>",Neuf,Xiaomi,57 000 ,Patte d‘oie,https://i.roamcdn.net/hz/ed/listing-thumb-543w/b18adc285a25d510331efadd38c5a416/-/horizon-files-prod/ed/picture/q44n2nn5/43e6b2fa2cc6870b394c44c371690afd97967a73.jpg
807,"<h1 class=""listing-item__header"">
    Telephone Panasonic KX-TG1612 double cabine
</h1>",Neuf,Panasonic,48 000 ,Plateau,https://i.roamcdn.net/hz/ed/listing-thumb-543w/477df117bdc9d820e16eeb56077f6a01/-/horizon-files-prod/ed/picture/qq47jegk/f92e360a9789509bec2e12d157ca15c8702a26aa.jpg
808,"<h1 class=""listing-item__header"">
    iPhone 13 Pro possibilité paiement deux tranches
</h1>",Venant,iPhone,350 000 ,Ouest foire,https://i.roamcdn.net/hz/ed/listing-thumb-543w/a1b327a0bf8986942b3fc56712d44288/-/horizon-files-prod/ed/picture/qj4q5zdr/4c57362dff1ed89f46328d5bdf1b76ef168ca097.jpg
809,"<h1 class=""listing-item__header"">
    Samsung a14
</h1>",Neuf,Samsung,75 000 ,Pikine,https://i.roamcdn.net/hz/ed/listing-thumb-543w/04484485266ac914d30cb6eb89ee3b36/-/horizon-files-prod/ed/picture/q56dngj2/8f683ff6d6fc17caace03a107119e5e413f58958.jpg
810,"<h1 class=""listing-item__header"">
    Redmi 13c
</h1>",Neuf,Xiaomi,70 000 ,Pikine,https://i.roamcdn.net/hz/ed/listing-thumb-543w/7ec34634771af2a002010e5d84cf0b36/-/horizon-files-prod/ed/picture/q2j0vg6d/643a80f7bbdf5081d4abe0bbd5494266119ba0d5.jpg
811,"<h1 class=""listing-item__header"">
    Iphone xr
</h1>",Venant,iPhone,105 000 ,Pikine,https://i.roamcdn.net/hz/ed/listing-thumb-543w/7bf376b204d7417fff09fdbb84ffb340/-/horizon-files-prod/ed/picture/qwepxw4m/abc43abdd8a248d4186718a6060469ff50e268a3.jpg
812,"<h1 class=""listing-item__header"">
    Redmi Xiaomi A3X 64gb original
</h1>",Neuf,Xiaomi,49 900 ,Colobane,https://i.roamcdn.net/hz/ed/listing-thumb-543w/ebe63806cbdab43015753b2311d39c2d/-/horizon-files-prod/ed/picture/q9mjzg8v/5c9df7114ae054d0404df0f45efecf053518364b.png
813,"<h1 class=""listing-item__header"">
    Samsung Galaxy A06 (4GB RAM, 64GB ROM)
</h1>",Neuf,Samsung,58 000 ,Colobane,https://i.roamcdn.net/hz/ed/listing-thumb-543w/72bcd58b2ace14123e35542a9858910c/-/horizon-files-prod/ed/picture/qwepk4md/d2886b3704bfc27b5361716d590e0ee8221363f8.jpg
814,"<h1 class=""listing-item__header"">
    iphone 8 simple-64Go- VENANT AUTHENTİQUE
</h1>",Venant,iPhone,60 000 ,Médina,https://i.roamcdn.net/hz/ed/listing-thumb-543w/78e42d1b663069f0d6f431c5e7147757/-/horizon-files-prod/ed/picture/qwep020g/e957d742d35e6febce0ed259c8e7023cefc35f21.jpg
815,"<h1 class=""listing-item__header"">
    iPhone 16 pro sim physique
</h1>",Neuf,iPhone,670 000 ,Médina,https://i.roamcdn.net/hz/ed/listing-thumb-543w/20eafa147714024f6cf27b843e668421/-/horizon-files-prod/ed/picture/qkr8eq9m/20d5c19e5ed42741aec8ec5311328dc0ae079046.jpg
816,"<h1 class=""listing-item__header"">
    S24 ultra
</h1>",Venant,Samsung,479 000 ,Hann maristes,https://i.roamcdn.net/hz/ed/listing-thumb-543w/b97e5411e888d51431175f819dd88ac9/-/horizon-files-prod/ed/picture/q56dng4g/cf64bb18ba1fcf0fdbd19fed830eb9e13b5a7c6e.jpg
817,"<h1 class=""listing-item__header"">
    S24 ultra
</h1>",Venant,Samsung,470 000 ,Sicap Liberté,https://i.roamcdn.net/hz/ed/listing-thumb-543w/6e7f52d90d1fbfd5ba9ad778e73c6078/-/horizon-files-prod/ed/picture/q6xdw5x4/f5b1529a2e8b2d498565ac59dbe862b06db3e3d7.jpg
818,"<h1 class=""listing-item__header"">
    IPhone 13 pro max 512gb
</h1>",Venant,iPhone,365 000 ,Hann maristes,https://i.roamcdn.net/hz/ed/listing-thumb-543w/2cc51daf00ccf9ae5ecab574a4cbf353/-/horizon-files-prod/ed/picture/qv4wrz4v/a836983607242a567a491ac0d6e1f8fb3598ee2c.jpg
819,"<h1 class=""listing-item__header"">
    Xiaomi mi 13T pro 1TÉRA 16GB 2sim
</h1>",Venant,Xiaomi,350 000 ,Pikine,https://i.roamcdn.net/hz/ed/listing-thumb-543w/05d79e5dee18294ffe1e61d66c48fcd5/-/horizon-files-prod/ed/picture/q0g769m6/37772761f3a82e52bf9247c8610b8281392747da.jpg
820,"<h1 class=""listing-item__header"">
    iPhone 11 simple
</h1>",Venant,iPhone,140 000 ,Yoff,https://i.roamcdn.net/hz/ed/listing-thumb-543w/4cb5270a0d82e5aa5637bf998f35df10/-/horizon-files-prod/ed/picture/qv4wrd2x/73c26db7c8b3d239bdaa8056a567f5bd8810298b.jpg
821,"<h1 class=""listing-item__header"">
    Samsung A16 (128+4)
</h1>",Neuf,Samsung,95 000 ,Médina,https://i.roamcdn.net/hz/ed/listing-thumb-543w/f993fd5702aad5f9d6cf84abe57eaccb/-/horizon-files-prod/ed/picture/qj4qgxdr/1847324d23a13d8c2124b4fe03ba3d5fbb6fbb94.jpg
822,"<h1 class=""listing-item__header"">
    Samsung galaxie fold 4/ 512
</h1>",Venant,Samsung,360 000 ,Plateau,https://i.roamcdn.net/hz/ed/listing-thumb-543w/072b6d4990574ce1f18bfef4b2dac65f/-/horizon-files-prod/ed/picture/q0g7v8wm/b64d503cd1927c06f826db61d3ed70912efe6be5.jpg
823,"<h1 class=""listing-item__header"">
    Huawei p30 pro 128go ram 8go
</h1>",Neuf,Samsung,129 900 ,Colobane,https://i.roamcdn.net/hz/ed/listing-thumb-543w/b63c88efdebdbec1abdcdf16690a623d/-/horizon-files-prod/ed/picture/q78wq0jg/3c3bb2d7fc6311ab95bac390266ae4569c47a455.jpg
824,"<h1 class=""listing-item__header"">
    Samsung galaxy A16 neuf 128go ram 4go
</h1>",Neuf,Samsung,95 000 ,Patte d‘oie,https://i.roamcdn.net/hz/ed/listing-thumb-543w/dddd0b93060f84fa20d220f1650040d4/-/horizon-files-prod/ed/picture/qj4qdqjv/feb0225bfe3813db53814c3b14078accd796b842.jpg
825,"<h1 class=""listing-item__header"">
    Samsung galaxy A25 neuf scellé 5g
</h1>",Neuf,Samsung,125 000 ,Patte d‘oie,https://i.roamcdn.net/hz/ed/listing-thumb-543w/11228e56947e19815eee5542847c85bf/-/horizon-files-prod/ed/picture/q8v4k7qn/cb3f54c0cd48d21531944f3bf9c676c079895f43.jpg
826,"<h1 class=""listing-item__header"">
    iphone 8 simple-64Go- VENANT AUTHENTİQUE
</h1>",Venant,iPhone,60 000 ,Médina,https://i.roamcdn.net/hz/ed/listing-thumb-543w/78e42d1b663069f0d6f431c5e7147757/-/horizon-files-prod/ed/picture/qwep020g/e957d742d35e6febce0ed259c8e7023cefc35f21.jpg
827,"<h1 class=""listing-item__header"">
    iPhone 16 pro sim physique
</h1>",Neuf,iPhone,670 000 ,Médina,https://i.roamcdn.net/hz/ed/listing-thumb-543w/20eafa147714024f6cf27b843e668421/-/horizon-files-prod/ed/picture/qkr8eq9m/20d5c19e5ed42741aec8ec5311328dc0ae079046.jpg
828,"<h1 class=""listing-item__header"">
    Galaxy s24 ultra 2sim neuf selles
</h1>",Neuf,Samsung,610 000 ,Sicap Liberté,https://i.roamcdn.net/hz/ed/listing-thumb-543w/dae5b691ffff18d07714b2b214ca7d2c/-/horizon-files-prod/ed/picture/qxjpmwm8/f8a51dde13cd747b40c56de8dff9ae585514e61d.jpg
829,"<h1 class=""listing-item__header"">
    iPhone 13 Pro 128 Go
</h1>",D'occasion,iPhone,260 000 ,Virage,https://i.roamcdn.net/hz/ed/listing-thumb-543w/d6f637be20c8ad19ef907e587bc29a61/-/horizon-files-prod/ed/picture/qrz8wnd4/fc1feaed0afeda2d5a1381102ccf0f889184ea8c.jpg
830,"<h1 class=""listing-item__header"">
    14 simple 128G
</h1>",Neuf,iPhone,340 000 ,Médina,https://i.roamcdn.net/hz/ed/listing-thumb-543w/a9bc124cfcff2477db8b20c998c733e8/-/horizon-files-prod/ed/picture/q2j0v80g/f61014577e7dcfc479426df112a2ab552d59673c.jpg
831,"<h1 class=""listing-item__header"">
    iPhone 13 Pro Max 128GB
</h1>",Venant,iPhone,360 000 ,Point-e,https://i.roamcdn.net/hz/ed/listing-thumb-543w/aaee5d4cead1c393d1091cdfe728e5cc/-/horizon-files-prod/ed/picture/q8v4dp8x/b7b887df7e089e7c0e960f3781afee6c2c5313ce.jpg
832,"<h1 class=""listing-item__header"">
    IPhone XR 64 giga et 128
</h1>",Neuf,iPhone,115 000 ,Médina,https://i.roamcdn.net/hz/ed/listing-thumb-543w/ecf8cd7106e3a4cee2358805926cbb35/-/horizon-files-prod/ed/picture/q0vwm5x/61b925af2371290b3e7438894e84ec8fc7d996f2.jpg
833,"<h1 class=""listing-item__header"">
    IPhone 13 simple 128 giga et iPhone 12 Pro Max 128
</h1>",Venant,iPhone,239 000 ,Sicap Liberté,https://i.roamcdn.net/hz/ed/listing-thumb-543w/6978c72c9f07b7806b011920e8263e7b/-/horizon-files-prod/ed/picture/q4qr64r/50c2912c1c33d429e407f5caab875e4789cb6d62.jpg
834,"<h1 class=""listing-item__header"">
    IPhone 11 simple 64 et 128 giga
</h1>",Neuf,iPhone,137 000 ,Médina,https://i.roamcdn.net/hz/ed/listing-thumb-543w/9fc3c1088f477bf0008b0bd26f857f8f/-/horizon-files-prod/ed/picture/q5knggn/cc4648b7e1f1ab532efceabda90bdf400f2b0526.jpg
835,"<h1 class=""listing-item__header"">
    iPhone 15 pro Max 256 giga
</h1>",Neuf,iPhone,735 000 ,Dieuppeul,https://i.roamcdn.net/hz/ed/listing-thumb-543w/289a060b190c219516d585784a2574de/-/horizon-files-prod/ed/picture/q9mjjz07/3174c14e8cd260054538010e39771cb13e9b7b3a.jpg
836,"<h1 class=""listing-item__header"">
    IPHONE 12 pro max
</h1>",Neuf,iPhone,271 000 ,Médina,https://i.roamcdn.net/hz/ed/listing-thumb-543w/0cdcb7fe1103e17cb3513da82156042f/-/horizon-files-prod/ed/picture/qq47r9q4/23740140a9401ca2d93cbeac84fb9c481867bada.jpg
837,"<h1 class=""listing-item__header"">
    iPhone 16 pro Max et 16 simple
</h1>",Neuf,iPhone,630 000 ,Dieuppeul,https://i.roamcdn.net/hz/ed/listing-thumb-543w/0154cd152f62b1a4c669b9a86fa638a7/-/horizon-files-prod/ed/picture/q44nr259/94707c7fe93f843b3ec057d9d874df507014546a.jpg
838,"<h1 class=""listing-item__header"">
    iphone 8 simple-64Go- VENANT AUTHENTİQUE
</h1>",Venant,iPhone,60 000 ,Médina,https://i.roamcdn.net/hz/ed/listing-thumb-543w/78e42d1b663069f0d6f431c5e7147757/-/horizon-files-prod/ed/picture/qwep020g/e957d742d35e6febce0ed259c8e7023cefc35f21.jpg
839,"<h1 class=""listing-item__header"">
    iPhone 16 pro sim physique
</h1>",Neuf,iPhone,670 000 ,Médina,https://i.roamcdn.net/hz/ed/listing-thumb-543w/20eafa147714024f6cf27b843e668421/-/horizon-files-prod/ed/picture/qkr8eq9m/20d5c19e5ed42741aec8ec5311328dc0ae079046.jpg
840,"<h1 class=""listing-item__header"">
    IPhone 13 simple 128 Giga
</h1>",Neuf,iPhone,245 000 ,Médina,https://i.roamcdn.net/hz/ed/listing-thumb-543w/bd479832891cc3b30375c2797d81a239/-/horizon-files-prod/ed/picture/qkng9q5/8f4cf8bb8d60ed01b995bfdc044453a0cf6be671.jpg
841,"<h1 class=""listing-item__header"">
    Samsung galaxy Z fold 6 512GB 12GB  ram
</h1>",Venant,Samsung,800 000 ,Pikine,https://i.roamcdn.net/hz/ed/listing-thumb-543w/f27a3bc6e4b9e0336cf4865b822256e1/-/horizon-files-prod/ed/picture/q6xdz2jg/11ccab45d06d850f77c77fc4d0200a48cb72f548.jpg
842,"<h1 class=""listing-item__header"">
    Samsung galaxie Fold 4 tout neuf Capacité o
</h1>",Venant,Samsung,340 000 ,Almadies,https://i.roamcdn.net/hz/ed/listing-thumb-543w/854fa416ae3c954529d0ed2d2ce32551/-/horizon-files-prod/ed/picture/qde7q0n0/e00c3f78c1678de6bd58bd85d8567475d8bf78bb.jpg
843,"<h1 class=""listing-item__header"">
    15pro 128G
</h1>",Venant,iPhone,490 000 ,Médina,https://i.roamcdn.net/hz/ed/listing-thumb-543w/c0605e8f1d678761030fa5ae3f9bd862/-/horizon-files-prod/ed/picture/qq42n9we/b784a69459714bf50beddc05840fc525eccbe6fd.jpg
844,"<h1 class=""listing-item__header"">
    13pro max 1 téra(1000g)
</h1>",Venant,Samsung,430 000 ,Médina,https://i.roamcdn.net/hz/ed/listing-thumb-543w/97925402ddb56cb2f34671af3553fd3d/-/horizon-files-prod/ed/picture/qkr8kp8v/2e0e79e07196feb28aafeb99c531d57e7b012aa0.jpg
845,"<h1 class=""listing-item__header"">
    14Pro max 128GB
</h1>",Venant,iPhone,470 000 ,Médina,https://i.roamcdn.net/hz/ed/listing-thumb-543w/6e46d93324d0d8a68b9e717496197458/-/horizon-files-prod/ed/picture/q44n900z/5bf0ceb154ae0f96ae0a3cce7d1f51ee1451f841.jpg
846,"<h1 class=""listing-item__header"">
    11Simple 128GB
</h1>",Venant,iPhone,155 000 ,Médina,https://i.roamcdn.net/hz/ed/listing-thumb-543w/e742557a9772bdbb948cd14c75df33e1/-/horizon-files-prod/ed/picture/q8v48pp6/c25b43ff5274bb9dca50d1c34010ed6ec67b610b.jpg
847,"<h1 class=""listing-item__header"">
    XR 64GB
</h1>",Venant,iPhone,105 000 ,Médina,https://i.roamcdn.net/hz/ed/listing-thumb-543w/b3872cdc84b3975fdfafc88090236533/-/horizon-files-prod/ed/picture/qq42n99e/385e074f4aa8f5b797ce4468a6e4b0c909f001b7.jpg
848,"<h1 class=""listing-item__header"">
    IPhone 16Pro max
</h1>",Venant,iPhone,880 000 ,Médina,https://i.roamcdn.net/hz/ed/listing-thumb-543w/014227eaffee4b9028f082b3e267f2c3/-/horizon-files-prod/ed/picture/q9mjz55x/bed822583a81847ec8866860feba2134ae207e77.jpg
849,"<h1 class=""listing-item__header"">
    16Simple 128GB Sim/ scellé
</h1>",Venant,iPhone,610 000 ,Médina,https://i.roamcdn.net/hz/ed/listing-thumb-543w/517f06c3fb456192a3012ed07c866ba8/-/horizon-files-prod/ed/picture/qv4wrgg5/ed347c529596ccab27e9e321b21f7f757e76a9e7.jpg
850,"<h1 class=""listing-item__header"">
    iphone 8 simple-64Go- VENANT AUTHENTİQUE
</h1>",Venant,iPhone,60 000 ,Médina,https://i.roamcdn.net/hz/ed/listing-thumb-543w/78e42d1b663069f0d6f431c5e7147757/-/horizon-files-prod/ed/picture/qwep020g/e957d742d35e6febce0ed259c8e7023cefc35f21.jpg
851,"<h1 class=""listing-item__header"">
    iPhone 12 simple -64 Go- VENANT AUTHENTİQUE
</h1>",Venant,iPhone,175 000 ,Médina,https://i.roamcdn.net/hz/ed/listing-thumb-543w/c1b63f5207785812ebd5b426249656a1/-/horizon-files-prod/ed/picture/q8v4wrgp/94de9e8ed7e9c5d9cf2bddc690caab258bef9337.jpg
852,"<h1 class=""listing-item__header"">
    13Pro max 128GB
</h1>",Venant,iPhone,365 000 ,Médina,https://i.roamcdn.net/hz/ed/listing-thumb-543w/355ee933aa95eafc80aedd0cfff1e932/-/horizon-files-prod/ed/picture/qxjpxv5w/52fd395060ed9e74d60da8e71115626c1a91be4f.jpg
853,"<h1 class=""listing-item__header"">
    Samsung galaxy S23 ultra 256GB
</h1>",Venant,Samsung,400 000 ,Liberte 6 extension,https://i.roamcdn.net/hz/ed/listing-thumb-543w/d4344613b13a0e8a621e39a2e52a36fb/-/horizon-files-prod/ed/picture/q44n90dr/66d30d91ac60be95cc072cf14f5bed2afb0c2cbf.jpg
854,"<h1 class=""listing-item__header"">
    S22Ultra 128GB
</h1>",Venant,Samsung,274 900 ,Médina,https://i.roamcdn.net/hz/ed/listing-thumb-543w/17290c76c2981de1bd5187317ab9c7e0/-/horizon-files-prod/ed/picture/qwepxgep/1c4a67a93c2f6bdae10b8c40500ef6353234dee7.jpg
855,"<h1 class=""listing-item__header"">
    iPhone 16pro Max sim physique
</h1>",Neuf,iPhone,820 000 ,Plateau,https://i.roamcdn.net/hz/ed/listing-thumb-543w/248716c2348d91df229feb53b783bbad/-/horizon-files-prod/ed/picture/qzvpk8nr/e36d75f3348bf7f992f1ea6dfe44307307d5dbd2.jpg
856,"<h1 class=""listing-item__header"">
    Samsung Galaxy Fold 6
</h1>",Neuf,Samsung,800 000 ,Plateau,https://i.roamcdn.net/hz/ed/listing-thumb-543w/d643506bfcd29d38641f82692acfb9e4/-/horizon-files-prod/ed/picture/qj4qg684/57143642bd77275bdeee81f8e6d945ea9f766dde.jpg
857,"<h1 class=""listing-item__header"">
    Huawei Mate X6
</h1>",Neuf,Huawei,1 200 000 ,Plateau,https://i.roamcdn.net/hz/ed/listing-thumb-543w/c4c6ee0bb598c147f6829724f4d9cfa2/-/horizon-files-prod/ed/picture/qq42nz0n/503cce1b7f11cd490b3b63488ea63046a4be8350.jpg
858,"<h1 class=""listing-item__header"">
    Huawei p30 pro 256go neuf scellé
</h1>",Neuf,Huawei,149 900 ,Parcelles Assainies,https://i.roamcdn.net/hz/ed/listing-thumb-543w/8c28062b30e9bdf1a580ff681f0c6659/-/horizon-files-prod/ed/picture/q6xdwq9p/7683712625c1b7da44c30cc365606b4256a20cf0.jpg
859,"<h1 class=""listing-item__header"">
    13 PRO -128GB
</h1>",D'occasion,iPhone,270 000 ,Médina,https://i.roamcdn.net/hz/ed/listing-thumb-543w/101d999fe5964c527b0569a520b916e0/-/horizon-files-prod/ed/picture/qm5g70wj/8bdb35e37c817595cdfe6c48b8aa27fe4d7b8b7f.jpg
860,"<h1 class=""listing-item__header"">
    iPhone 16
</h1>",Neuf,iPhone,600 000 ,Yoff,https://i.roamcdn.net/hz/ed/listing-thumb-543w/8e167dc1a69a49b86e9d4a34fae1adc4/-/horizon-files-prod/ed/picture/q56dnpz2/345f94701825afb156e2965c5fda3fc8c8c03dd8.jpg
861,"<h1 class=""listing-item__header"">
    Sony Xperia xz3 waterproof 64go ram 4go
</h1>",Venant,Sony,55 000 ,Colobane,https://i.roamcdn.net/hz/ed/listing-thumb-543w/f41217e188c43754e829968bc7472dfc/-/horizon-files-prod/ed/picture/qwepk6w5/f4f7f23c3f6e72e0b03f0f98ff0b83b70f5eb048.png
862,"<h1 class=""listing-item__header"">
    iphone 8 simple-64Go- VENANT AUTHENTİQUE
</h1>",Venant,iPhone,60 000 ,Médina,https://i.roamcdn.net/hz/ed/listing-thumb-543w/78e42d1b663069f0d6f431c5e7147757/-/horizon-files-prod/ed/picture/qwep020g/e957d742d35e6febce0ed259c8e7023cefc35f21.jpg
863,"<h1 class=""listing-item__header"">
    iPhone 16 pro sim physique
</h1>",Neuf,iPhone,670 000 ,Médina,https://i.roamcdn.net/hz/ed/listing-thumb-543w/20eafa147714024f6cf27b843e668421/-/horizon-files-prod/ed/picture/qkr8eq9m/20d5c19e5ed42741aec8ec5311328dc0ae079046.jpg
864,"<h1 class=""listing-item__header"">
    Samsung Galaxy a23 venant 128go ram 4go 4g
</h1>",Venant,Samsung,80 000 ,Colobane,https://i.roamcdn.net/hz/ed/listing-thumb-543w/c7851ea4caabc399d14706a8761d7d1e/-/horizon-files-prod/ed/picture/q6xdwqqj/e14d5aa1cd3e4658cba3974c1a72680aad7ad3b5.png
865,"<h1 class=""listing-item__header"">
    Xr 64GB
</h1>",Venant,iPhone,109 000 ,Médina,https://i.roamcdn.net/hz/ed/listing-thumb-543w/b42fbb821588d34969022e589aa87f13/-/horizon-files-prod/ed/picture/q2j0vkkd/1a9cf147cf10bb9190d08a47094b6e360514041d.jpg
866,"<h1 class=""listing-item__header"">
    iPhone 15Pro 256GB esim
</h1>",Venant,iPhone,499 000 ,Médina,https://i.roamcdn.net/hz/ed/listing-thumb-543w/619d9a85049dfc1784f86d509ae80d61/-/horizon-files-prod/ed/picture/qxjpm888/5e6b3ecbaa7ae21331c4ecba9836962310e49d4b.jpg
867,"<h1 class=""listing-item__header"">
    Google Pixel 7a 128GB scellé
</h1>",Neuf,Google,210 000 ,Médina,https://i.roamcdn.net/hz/ed/listing-thumb-543w/fcff72ae050a97c38b52d233cc49f014/-/horizon-files-prod/ed/picture/qj4q9q9z/74f7cc903a60ac8dd25f260f3554dddb62694159.jpg
868,"<h1 class=""listing-item__header"">
    Oppo Reno 10Pro 256GB 5G
</h1>",Venant,Oppo,195 000 ,Médina,https://i.roamcdn.net/hz/ed/listing-thumb-543w/b54b97acad38cc4e72d0cf01af94e5cc/-/horizon-files-prod/ed/picture/qm5gg2pj/57ac1c2a4e79c2fd00816736df74a3501da4dbfb.jpg
869,"<h1 class=""listing-item__header"">
    OnePlus 10T 256GB
</h1>",Venant,OnePlus,190 000 ,Médina,https://i.roamcdn.net/hz/ed/listing-thumb-543w/510406c7d33a2963a2b9304fab6b1721/-/horizon-files-prod/ed/picture/qgqwwx98/7d74ca81e2a9431cc5bc143d56b5fb9266e31516.jpg
870,"<h1 class=""listing-item__header"">
    iPhone 16 plus
</h1>",Venant,iPhone,640 000 ,Yoff,https://i.roamcdn.net/hz/ed/listing-thumb-543w/ef0838926511d5a187ab1255dffb9468/-/horizon-files-prod/ed/picture/qv4w5j68/82256f4c75d8ac4c1e0f00f78654a39e490c6671.jpg
871,"<h1 class=""listing-item__header"">
    Pixel 8Pro 256GB
</h1>",Venant,Google,349 000 ,Médina,https://i.roamcdn.net/hz/ed/listing-thumb-543w/c0506afa9ef0fae20021fca30b763d24/-/horizon-files-prod/ed/picture/q56dnpd6/f7076b0f24fb55fbd4f69fe7feda9ee5fef57bef.jpg
872,"<h1 class=""listing-item__header"">
    Pixel 8a 128GB
</h1>",Neuf,Google,249 900 ,Médina,https://i.roamcdn.net/hz/ed/listing-thumb-543w/4c35612a700ca66041b8cc3d607a6389/-/horizon-files-prod/ed/picture/qgqwrm9e/591b642976099749d7cee2c1e96c77de700dc18e.jpg
873,"<h1 class=""listing-item__header"">
    15 Simple 128GB Sim
</h1>",Neuf,iPhone,420 000 ,Médina,https://i.roamcdn.net/hz/ed/listing-thumb-543w/2e8e590a46ea1d34b887916db31e5cf5/-/horizon-files-prod/ed/picture/qenvz2x6/df8a59b89aeb20f373d7ef521b4339824752fe50.jpg
874,"<h1 class=""listing-item__header"">
    iphone 8 simple-64Go- VENANT AUTHENTİQUE
</h1>",Venant,iPhone,60 000 ,Médina,https://i.roamcdn.net/hz/ed/listing-thumb-543w/78e42d1b663069f0d6f431c5e7147757/-/horizon-files-prod/ed/picture/qwep020g/e957d742d35e6febce0ed259c8e7023cefc35f21.jpg
875,"<h1 class=""listing-item__header"">
    iPhone 16 pro sim physique
</h1>",Neuf,iPhone,670 000 ,Médina,https://i.roamcdn.net/hz/ed/listing-thumb-543w/20eafa147714024f6cf27b843e668421/-/horizon-files-prod/ed/picture/qkr8eq9m/20d5c19e5ed42741aec8ec5311328dc0ae079046.jpg
876,"<h1 class=""listing-item__header"">
    iPad Pro M4 13pouces
</h1>",Venant,iPad,750 000 ,Médina,https://i.roamcdn.net/hz/ed/listing-thumb-543w/b52ca2cc0e254fd59c029530e4ecb708/-/horizon-files-prod/ed/picture/qde7q9kr/bd6ba2a5ba2f258a33692f9d6e433cdda3b44797.jpg
877,"<h1 class=""listing-item__header"">
    Samsung galaxy A35 5G 128GB 8GB ram
</h1>",Venant,Samsung,150 000 ,Pikine,https://i.roamcdn.net/hz/ed/listing-thumb-543w/abb0a9efd5c1fd98cdcdc5ee9a4239c8/-/horizon-files-prod/ed/picture/q78w4wjq/9a4e349c7cd890d8216ec8ab247bd442d1b39746.jpg
878,"<h1 class=""listing-item__header"">
    Google Pixel Fold
</h1>",Venant,Google,435 000 ,Plateau,https://i.roamcdn.net/hz/ed/listing-thumb-543w/8cbaddc5773db089c62402081f1279be/-/horizon-files-prod/ed/picture/qxjpm8jm/c450d8eb8668e3587473de7fdb79ff65d7c77536.jpg
879,"<h1 class=""listing-item__header"">
    Huawei Mate X6 SCELLÉ
</h1>",Neuf,Huawei,1 285 000 ,Plateau,https://i.roamcdn.net/hz/ed/listing-thumb-543w/01c1dee4be7a260116ca4593a24495a0/-/horizon-files-prod/ed/picture/qv4wrw2j/3f4fb67646a0319c5594f8fe369ca47b5be7303d.jpg
880,"<h1 class=""listing-item__header"">
    Huawei Mate X6 512go dual SIM 5G
</h1>",Neuf,Huawei,1 250 000 ,Plateau,https://i.roamcdn.net/hz/ed/listing-thumb-543w/12f1ea456b4a3c9f407aa62f58e1bf8d/-/horizon-files-prod/ed/picture/qpdm9mzj/5f0ba2ff342a6f223dc6d54fc924c8d1585ce147.jpg
881,"<h1 class=""listing-item__header"">
    iPhone 14 pro
</h1>",Venant,iPhone,440 000 ,Yoff,https://i.roamcdn.net/hz/ed/listing-thumb-543w/4a2416b3754560bb0714856fc68c6c28/-/horizon-files-prod/ed/picture/qenvz5g9/729c31a5b69cd63e5d0a28cbd1b995f8d7cd5719.jpg
882,"<h1 class=""listing-item__header"">
    iPhone 14 plus
</h1>",Venant,iPhone,330 000 ,Yoff,https://i.roamcdn.net/hz/ed/listing-thumb-543w/8e7140a214cbf2b2ecc55ec531f7c1d7/-/horizon-files-prod/ed/picture/qde7m9em/9cafa1d695ccfbe4117fc4207d45b46ad656db13.jpg
883,"<h1 class=""listing-item__header"">
    VENTE FLASH IPHONE 16 PRO MAX 256GB
</h1>",Neuf,iPhone,800 000 ,Yoff,https://i.roamcdn.net/hz/ed/listing-thumb-543w/f7cef5f4dff9f5f029ed3b498588a234/-/horizon-files-prod/ed/picture/qngp8r6e/e93c9431e9b697167a01572f66378d5806f02376.jpg
884,"<h1 class=""listing-item__header"">
    iPhone 13 Pro Max 256gb en bon état
</h1>",D'occasion,iPhone,375 000 ,Liberte 6 extension,https://i.roamcdn.net/hz/ed/listing-thumb-543w/0d0e894377ac52fff1bde9df56da8fa4/-/horizon-files-prod/ed/picture/q0g7678w/d4cd941037aa68156223318ba074d90b9b5e373e.jpg
885,"<h1 class=""listing-item__header"">
    Oppo Reno12 FS 512Go
</h1>",Neuf,Oppo,290 000 ,Plateau,https://i.roamcdn.net/hz/ed/listing-thumb-543w/3fbd6abf6c1231ffdbe546589e7451f0/-/horizon-files-prod/ed/picture/qngpvp79/b2d3adba2255421648a2a523fc7ff35b3ab1679a.jpg
886,"<h1 class=""listing-item__header"">
    iphone 8 simple-64Go- VENANT AUTHENTİQUE
</h1>",Venant,iPhone,60 000 ,Médina,https://i.roamcdn.net/hz/ed/listing-thumb-543w/78e42d1b663069f0d6f431c5e7147757/-/horizon-files-prod/ed/picture/qwep020g/e957d742d35e6febce0ed259c8e7023cefc35f21.jpg
887,"<h1 class=""listing-item__header"">
    iPhone 16 pro sim physique
</h1>",Neuf,iPhone,670 000 ,Médina,https://i.roamcdn.net/hz/ed/listing-thumb-543w/20eafa147714024f6cf27b843e668421/-/horizon-files-prod/ed/picture/qkr8eq9m/20d5c19e5ed42741aec8ec5311328dc0ae079046.jpg
888,"<h1 class=""listing-item__header"">
    Iphone 13 Pro Max 128 Giga
</h1>",D'occasion,iPhone,430 000 ,Médina,https://i.roamcdn.net/hz/ed/listing-thumb-543w/06b59332046f17fcdba9f81520f24442/-eyJvciI6MH0%3D/horizon-files-prod/ed/picture/qq42x6zk/fecfefd600643e85b6399c7694e298f800dbce6d.jpg
889,"<h1 class=""listing-item__header"">
    iPhone 15 plus
</h1>",Venant,iPhone,530 000 ,Parcelles Assainies,https://i.roamcdn.net/hz/ed/listing-thumb-543w/879be8a6ddd20718b05db1ba1ff345b9/-/horizon-files-prod/ed/picture/q44n98d8/5139ddf807df63fb8980379614a91ba96bcc34c4.jpg
890,"<h1 class=""listing-item__header"">
    14 pro 128gb et 256gb SIM physique
</h1>",Venant,iPhone,400 000 ,Médina,https://i.roamcdn.net/hz/ed/listing-thumb-543w/ab5e1770e5c08756ff0663cb99b4522a/-/horizon-files-prod/ed/picture/q2j0vqkj/f366995b30a1a4dec0ace596cf3900cac27941b4.jpg
891,"<h1 class=""listing-item__header"">
    iPhone 16 Pro
</h1>",Neuf,iPhone,720 000 ,Sacré-cœur,https://i.roamcdn.net/hz/ed/listing-thumb-543w/fb268487a5389c690aa42c753d694d3c/-/horizon-files-prod/ed/picture/qj4qder5/17fc41e80c160325efa3d89b724e3495ee1b823a.jpg
892,"<h1 class=""listing-item__header"">
    iPhone XR
</h1>",Neuf,iPhone,135 000 ,Sacré-cœur,https://i.roamcdn.net/hz/ed/listing-thumb-543w/28af3480d79891108ec101682e9bf97c/-/horizon-files-prod/ed/picture/qm5gj8wm/cc573b36b716ec05378e1662e906dcf380f22ba5.jpg
893,"<h1 class=""listing-item__header"">
    Samsung Galaxy Z Fold 3 - 256Gb
</h1>",Venant,Samsung,280 000 ,Colobane,https://i.roamcdn.net/hz/ed/listing-thumb-543w/d6ad847fc130fd351e05ddbc273937b8/-/horizon-files-prod/ed/picture/qdek82r7/4fc1f6a5a59bb59ed37bf28d6c4da9475cc17d8e.jpg
894,"<h1 class=""listing-item__header"">
    15pro max 256G
</h1>",Venant,iPhone,640 000 ,Médina,https://i.roamcdn.net/hz/ed/listing-thumb-543w/aa3a05e5c2dd92a4b5f35967d6a2d96a/-/horizon-files-prod/ed/picture/qq42n72k/d8a91c80628859f17f9ffaf931cc7af8c276e42e.jpg
895,"<h1 class=""listing-item__header"">
    16pro max 512G
</h1>",Neuf,iPhone,880 000 ,Médina,https://i.roamcdn.net/hz/ed/listing-thumb-543w/a2f5b6564fe042202d4c84280adb9e57/-/horizon-files-prod/ed/picture/qxjp9qv0/cd62bc01cbd848c9a7479e04e9171f2c0dfccaed.jpg
896,"<h1 class=""listing-item__header"">
    Samsung galaxy  S24+ 256GB 12GB
</h1>",Venant,Samsung,380 000 ,Pikine,https://i.roamcdn.net/hz/ed/listing-thumb-543w/60ab789de1eadf41e5d53a9139e02e5f/-/horizon-files-prod/ed/picture/qv4wrewk/56fae2b40ae04c689dcf1fa42fe82a45659cc45d.jpg
897,"<h1 class=""listing-item__header"">
    iPhone 12 scellé
</h1>",Neuf,iPhone,260 000 ,Sicap Liberté,https://i.roamcdn.net/hz/ed/listing-thumb-543w/b506448bbb2c6e98203ee6e42955aad2/-/horizon-files-prod/ed/picture/qm5gjzx2/87bc90f8c5cd6e88cf563d63e2207ff579a3c093.jpg
898,"<h1 class=""listing-item__header"">
    iphone 8 simple-64Go- VENANT AUTHENTİQUE
</h1>",Venant,iPhone,60 000 ,Médina,https://i.roamcdn.net/hz/ed/listing-thumb-543w/78e42d1b663069f0d6f431c5e7147757/-/horizon-files-prod/ed/picture/qwep020g/e957d742d35e6febce0ed259c8e7023cefc35f21.jpg
899,"<h1 class=""listing-item__header"">
    iPhone 12 simple -64 Go- VENANT AUTHENTİQUE
</h1>",Venant,iPhone,175 000 ,Médina,https://i.roamcdn.net/hz/ed/listing-thumb-543w/c1b63f5207785812ebd5b426249656a1/-/horizon-files-prod/ed/picture/q8v4wrgp/94de9e8ed7e9c5d9cf2bddc690caab258bef9337.jpg
900,"<h1 class=""listing-item__header"">
    Iphone 13promax 128g
</h1>",Venant,iPhone,380 000 ,Parcelles Assainies,https://i.roamcdn.net/hz/ed/listing-thumb-543w/a48cdb6ef62a1d59e7fbbeef23f07f21/-/horizon-files-prod/ed/picture/qxjpm6m2/718ad535e9566f5dae2bf4990ac70d63d10796cd.jpg
901,"<h1 class=""listing-item__header"">
    IPHONE 13 Simple
</h1>",Venant,iPhone,240 000 ,Plateau,https://i.roamcdn.net/hz/ed/listing-thumb-543w/51dd433b800fbcdcc2070c19f7f81f8a/-/horizon-files-prod/ed/picture/qde7qwm4/1176a957fb1a47fb16f6fb60e7a79b38c1ac5e73.jpg
902,"<h1 class=""listing-item__header"">
    13u PRO MAX
</h1>",Venant,iPhone,350 000 ,Plateau,https://i.roamcdn.net/hz/ed/listing-thumb-543w/51429a974c004cc3f2a551573f468bba/-/horizon-files-prod/ed/picture/qrz8wqmq/1cb7eb49b62c972c7bb08c3c9a6b7462b8c044d0.jpg
903,"<h1 class=""listing-item__header"">
    IPHONE 15 PRO
</h1>",Venant,iPhone,520 000 ,Plateau,https://i.roamcdn.net/hz/ed/listing-thumb-543w/d08d297bbf735ce40aeac734cfecbca2/-/horizon-files-prod/ed/picture/qpdm9w5j/a7c1cc07c07d3630543ece00d5d5f27bb3d4475c.jpg
904,"<h1 class=""listing-item__header"">
    S24 ULTRA
</h1>",Venant,Samsung,500 000 ,Plateau,https://i.roamcdn.net/hz/ed/listing-thumb-543w/795ec38d701b38be039492332e3adc78/-/horizon-files-prod/ed/picture/qrz8wqkq/3c8abe97e6d2836b0f8cd6fed55530c6ccac0217.jpg
905,"<h1 class=""listing-item__header"">
    Redmi 13C 256GB
</h1>",Neuf,REDMI,75 000 ,Médina,https://i.roamcdn.net/hz/ed/listing-thumb-543w/27166add333e7ea25feb276f860f947c/-/horizon-files-prod/ed/picture/q0g7w4dk/08f3977742cc3ed1070002a91c3a25ac5c311b67.jpg
906,"<h1 class=""listing-item__header"">
    SAMSUNG A51 128Go 5G
</h1>",Venant,Samsung,70 000 ,Médina,https://i.roamcdn.net/hz/ed/listing-thumb-543w/e1855526b0598c05716f910df97e24ca/-/horizon-files-prod/ed/picture/qde7mz94/1c1a8ed6835787468cede6b452d53cf2d933d5c4.jpg
907,"<h1 class=""listing-item__header"">
    Samsung S21 ultra
</h1>",Venant,Samsung,175 000 ,Sicap Liberté,https://i.roamcdn.net/hz/ed/listing-thumb-543w/1d3b7716297ab216e74d1accfe622b92/-/horizon-files-prod/ed/picture/qpdm9w00/17ee4cacd9cadab52374700bef373ef71dd561cc.jpg
908,"<h1 class=""listing-item__header"">
    XIAOMI 13T PRO
</h1>",Venant,Xiaomi,575 000 ,Plateau,https://i.roamcdn.net/hz/ed/listing-thumb-543w/14a9a6f52c90cc93ad72021b56d7faeb/-/horizon-files-prod/ed/picture/q2j0vrk8/cbd2a3233c591442fa9799954b288db95179f1df.jpg
909,"<h1 class=""listing-item__header"">
    Samsung a 55 256GB
</h1>",Neuf,Samsung,230 000 ,Plateau,https://i.roamcdn.net/hz/ed/listing-thumb-543w/bd81829c4fa7d9fc8c12539a1555c44b/-/horizon-files-prod/ed/picture/qkr8k588/743539add734aacc3bac4771f7356f3c3a00ba86.jpg
910,"<h1 class=""listing-item__header"">
    iphone 8 simple-64Go- VENANT AUTHENTİQUE
</h1>",Venant,iPhone,60 000 ,Médina,https://i.roamcdn.net/hz/ed/listing-thumb-543w/78e42d1b663069f0d6f431c5e7147757/-/horizon-files-prod/ed/picture/qwep020g/e957d742d35e6febce0ed259c8e7023cefc35f21.jpg
911,"<h1 class=""listing-item__header"">
    iPhone 12 simple -64 Go- VENANT AUTHENTİQUE
</h1>",Venant,iPhone,175 000 ,Médina,https://i.roamcdn.net/hz/ed/listing-thumb-543w/c1b63f5207785812ebd5b426249656a1/-/horizon-files-prod/ed/picture/q8v4wrgp/94de9e8ed7e9c5d9cf2bddc690caab258bef9337.jpg
912,"<h1 class=""listing-item__header"">
    Samsung s24 ultra 256GB scellé
</h1>",Neuf,Samsung,620 000 ,Plateau,https://i.roamcdn.net/hz/ed/listing-thumb-543w/5728373966261322ae22b84d2990ac4b/-/horizon-files-prod/ed/picture/qgqwr5ze/ef0fd9e9d2036d35562b1c0477057086058371e7.jpg
913,"<h1 class=""listing-item__header"">
    16 pro max tous les couleurs sim physique
</h1>",Neuf,iPhone,800 000 ,Médina,https://i.roamcdn.net/hz/ed/listing-thumb-543w/46beb8940549b5ebe77a35bb8c722ac5/-eyJvciI6MjcwfQ%3D%3D/horizon-files-prod/ed/picture/q6xdme47/a91917d5ca683be439b3a2bcef32db6bb74ce076.jpg
914,"<h1 class=""listing-item__header"">
    LG velvet venant 128go ram 8go
</h1>",Venant,LG,99 900 ,Colobane,https://i.roamcdn.net/hz/ed/listing-thumb-543w/0ae0d0fae28a1ebd1d0ecd85dda5c68b/-/horizon-files-prod/ed/picture/qngpjdkz/41aa6b4f364016a9d35341da8fecb866c34bad15.jpg
915,"<h1 class=""listing-item__header"">
    Samsung galaxy A35 5G!!Mémoire 128GB  RAM 8
</h1>",Venant,Samsung,185 000 ,Parcelles Assainies,https://i.roamcdn.net/hz/ed/listing-thumb-543w/aea823706cfccfb2e7172546407268e3/-/horizon-files-prod/ed/picture/qngpv5kw/c4aa4ddf35a2e126c5b7e45ae3d71d736f8ec07c.jpg
916,"<h1 class=""listing-item__header"">
    iPhone 12pro 128
</h1>",Venant,iPhone,225 000 ,Plateau,https://i.roamcdn.net/hz/ed/listing-thumb-543w/dd997521b79b30c730bf8ee074bbe98e/-/horizon-files-prod/ed/picture/qv4wrm0g/d5ecdf54cd178f9e0a2fa9c54385122de20cdaa9.jpg
917,"<h1 class=""listing-item__header"">
    Samsung S24 128GB   Ram 8GB
</h1>",Venant,Samsung,285 000 ,Parcelles Assainies,https://i.roamcdn.net/hz/ed/listing-thumb-543w/5dde322c47f2765f030c378743d00bb9/-/horizon-files-prod/ed/picture/qpdm9pqx/eb030720396cc9a68a935a97723867177a7271d6.jpg
918,"<h1 class=""listing-item__header"">
    Huawei p30 pro 256go ram 8go
</h1>",Neuf,Huawei,149 900 ,Colobane,https://i.roamcdn.net/hz/ed/listing-thumb-543w/564571865b9b0166971c5aa8be6aadff/-/horizon-files-prod/ed/picture/qm5g7m4w/9e23694b27d9fb15213a0793fed2042340a60a51.jpg
919,"<h1 class=""listing-item__header"">
    Samsung note 10+  256go ram12
</h1>",Venant,Samsung,160 000 ,Colobane,https://i.roamcdn.net/hz/ed/listing-thumb-543w/7139df9ac5551015076a613b0d4d5ad4/-/horizon-files-prod/ed/picture/q44n9jm2/78e25f92455b7a09b0807a1d7d537372b90a10cb.jpg
920,"<h1 class=""listing-item__header"">
    Samsung Fold 5 512GB
</h1>",Neuf,Samsung,625 000 ,Plateau,https://i.roamcdn.net/hz/ed/listing-thumb-543w/e6e2fe870fe583f02816c3f268deed7d/-/horizon-files-prod/ed/picture/q0g76p58/8f2e1b9ffa0966c15e693d5c87fad6856b147500.jpg
921,"<h1 class=""listing-item__header"">
    IPhone 12 Pro 128GB
</h1>",Venant,iPhone,215 000 ,Plateau,https://i.roamcdn.net/hz/ed/listing-thumb-543w/06ce84a38d42aac6b6ae5cbd0a753933/-/horizon-files-prod/ed/picture/qzvpw658/bf4d45ac61794ec54392b57cf2e7e9c34ccf6f0c.jpg
922,"<h1 class=""listing-item__header"">
    iphone 8 simple-64Go- VENANT AUTHENTİQUE
</h1>",Venant,iPhone,60 000 ,Médina,https://i.roamcdn.net/hz/ed/listing-thumb-543w/78e42d1b663069f0d6f431c5e7147757/-/horizon-files-prod/ed/picture/qwep020g/e957d742d35e6febce0ed259c8e7023cefc35f21.jpg
923,"<h1 class=""listing-item__header"">
    Samsung galaxy fold 6 256G
</h1>",Neuf,Samsung,750 000 ,Liberte 6 extension,https://i.roamcdn.net/hz/ed/listing-thumb-543w/fb52b15c5a77dff4c6ebb42103a77b2c/-/horizon-files-prod/ed/picture/qq42e5v6/b910e6b186d4206e3759a489da1e8d6e88f16450.jpg
924,"<h1 class=""listing-item__header"">
    iPhone 12 Pro Max 256go
</h1>",Venant,iPhone,325 000 ,Plateau,https://i.roamcdn.net/hz/ed/listing-thumb-543w/6992f88bd8d949a5729c6c5cbfbb76ce/-/horizon-files-prod/ed/picture/q44nq95r/d9bd9a105f4d0364d05a3d1d73c3ce5c3d786e8a.jpg
925,"<h1 class=""listing-item__header"">
    iPhone 13 Pro Max 128go et 256go
</h1>",Neuf,iPhone,460 000 ,Plateau,https://i.roamcdn.net/hz/ed/listing-thumb-543w/092d943be60bfc5b88dec4d609929179/-/horizon-files-prod/ed/picture/qj4rn8z6/b1123b7694141e70a70b6026edf225d168d7c4a8.jpg
926,"<h1 class=""listing-item__header"">
    iPhone 16pro Max sim physique 512GB
</h1>",Neuf,iPhone,1 000 000 ,Plateau,https://i.roamcdn.net/hz/ed/listing-thumb-543w/9df56e871e808ab6b2cf11237e071b78/-/horizon-files-prod/ed/picture/qq42nq26/c5720550e8b9819746e1b164432e5e2a32139dea.jpg
927,"<h1 class=""listing-item__header"">
    Samsung Galaxy Fold 6
</h1>",Neuf,Samsung,800 000 ,Plateau,https://i.roamcdn.net/hz/ed/listing-thumb-543w/6d755713ca60bb81b1c61977ae3bfb4d/-/horizon-files-prod/ed/picture/q0g76p7k/fe62d7b2ce6f46a976f5f6d2b92d775c3050e101.jpg
928,"<h1 class=""listing-item__header"">
    iPhone 12 Pro 128go
</h1>",Venant,iPhone,240 000 ,Médina,https://i.roamcdn.net/hz/ed/listing-thumb-543w/96ae40a7dc4ee5661d441162af94dd16/-/horizon-files-prod/ed/picture/q0g76pwk/60c32fe96b928201884654c95a36cb3297da02ef.jpg
929,"<h1 class=""listing-item__header"">
    Samsung galaxy A55 5G 128GB 8GB ram
</h1>",Neuf,Samsung,190 000 ,Pikine,https://i.roamcdn.net/hz/ed/listing-thumb-543w/a5bc0120c879f645aa14c5c882f983be/-/horizon-files-prod/ed/picture/qm5gq4gw/0712268d258c4584428de341a3b55d4e4b97b2b8.jpg
930,"<h1 class=""listing-item__header"">
    iPhone 15promax
</h1>",Neuf,iPhone,735 000 ,Médina,https://i.roamcdn.net/hz/ed/listing-thumb-543w/fbc2b5ae72953dacbb8f5b946f537142/-/horizon-files-prod/ed/picture/q2j094e2/7b77cd7d5f675b16e827f212f836b6ccf7254c03.jpg
931,"<h1 class=""listing-item__header"">
    iPhone 16 pro max esim
</h1>",Neuf,Autres,750 000 ,Parcelles Assainies,https://i.roamcdn.net/hz/ed/listing-thumb-543w/98645ab4935b1f284bc0ba3225a42a3c/-/horizon-files-prod/ed/picture/q56dq7xp/8c521a01c7594384eecde1dde67e9b86f1c63478.jpg
932,"<h1 class=""listing-item__header"">
    Huawei Mate XT 512giga Ram16 Scellè neuf
</h1>",Neuf,Huawei,2 999 000 ,Médina,https://i.roamcdn.net/hz/ed/listing-thumb-543w/8aeab803c53b39dca473db8a702862de/-/horizon-files-prod/ed/picture/qv4wvnmx/359058f22e19df65fd025f1d3a41fbcc426d1916.jpg
933,"<h1 class=""listing-item__header"">
    Oppo Find N3
</h1>",Venant,Oppo,700 000 ,Plateau,https://i.roamcdn.net/hz/ed/listing-thumb-543w/f0a5f7aaf6cabb20f1309d488d772857/-/horizon-files-prod/ed/picture/q78w9x6d/e8bb7438071995da2bb26c78aee8348a8c3ea788.jpg
934,"<h1 class=""listing-item__header"">
    iphone 8 simple-64Go- VENANT AUTHENTİQUE
</h1>",Venant,iPhone,60 000 ,Médina,https://i.roamcdn.net/hz/ed/listing-thumb-543w/78e42d1b663069f0d6f431c5e7147757/-/horizon-files-prod/ed/picture/qwep020g/e957d742d35e6febce0ed259c8e7023cefc35f21.jpg
935,"<h1 class=""listing-item__header"">
    Samsung galaxy fold 6 256G
</h1>",Neuf,Samsung,750 000 ,Liberte 6 extension,https://i.roamcdn.net/hz/ed/listing-thumb-543w/fb52b15c5a77dff4c6ebb42103a77b2c/-/horizon-files-prod/ed/picture/qq42e5v6/b910e6b186d4206e3759a489da1e8d6e88f16450.jpg
936,"<h1 class=""listing-item__header"">
    iPhone 13simple 128go
</h1>",Neuf,iPhone,260 000 ,Médina,https://i.roamcdn.net/hz/ed/listing-thumb-543w/734fe298060a3ee80694d4a7c1955dfa/-/horizon-files-prod/ed/picture/qpd6zx6w/1529009116fb6910b0d577807d8832c2bffa427b.jpg
937,"<h1 class=""listing-item__header"">
    Promo Z fold 3 / 256G/ 5G
</h1>",Venant,Samsung,285 000 ,Plateau,https://i.roamcdn.net/hz/ed/listing-thumb-543w/c2bbafaaa1b232a8561346d64e131268/-/horizon-files-prod/ed/picture/qv4w56p2/6bb0af0fe7d0b6a18c5ed9ac63c9d939408726be.jpg
938,"<h1 class=""listing-item__header"">
    IPHONE 12 Pro 128G
</h1>",Neuf,iPhone,250 000 ,Gueule-Tapée,https://i.roamcdn.net/hz/ed/listing-thumb-543w/5b2e25be97865466305221ede5f2b6c5/-/horizon-files-prod/ed/picture/q9mjwrjx/69f71dce90e8bdae1df3df052745c21702cc2c10.jpg
939,"<h1 class=""listing-item__header"">
    IPHONE 12 SIMPLE 128GB AUTHENTIK
</h1>",Neuf,iPhone,285 000 ,Gueule-Tapée,https://i.roamcdn.net/hz/ed/listing-thumb-543w/f055b5f313dcb7eecc812283abc3033f/-/horizon-files-prod/ed/picture/qq4d5pdn/0949fa5a206f7e002fde70fd43d6ecadbbb94d6b.jpg
940,"<h1 class=""listing-item__header"">
    IPHONE 13 Pro 128G / IPHONE 13 PRO 256G
</h1>",Neuf,iPhone,345 000 ,Gueule-Tapée,https://i.roamcdn.net/hz/ed/listing-thumb-543w/d4abed1df31c76f3b15c92e001c2a31b/-/horizon-files-prod/ed/picture/qxj2rmqz/768326ff881d0036c42754311eb4f4b8ffa3fbd3.jpg
941,"<h1 class=""listing-item__header"">
    iPhone 14pro Esim
</h1>",Neuf,iPhone,395 000 ,Médina,https://i.roamcdn.net/hz/ed/listing-thumb-543w/0aff1d6517e2658580de1ea94fcf6caa/-/horizon-files-prod/ed/picture/qxjp90jq/f8163da0a8bf64ac7000b4b7876ef163f7492020.jpg
942,"<h1 class=""listing-item__header"">
    Pixel fold 9 pro
</h1>",Neuf,Autres,850 000 ,Parcelles Assainies,https://i.roamcdn.net/hz/ed/listing-thumb-543w/cb67788aa7b2b1a583a6810f49196996/-/horizon-files-prod/ed/picture/q44nwzjr/a3df641e7f601c0dafb5ef313e854a1ddd70d628.jpg
943,"<h1 class=""listing-item__header"">
    Iphone 16 pro max 256gb Esim
</h1>",Neuf,Autres,750 000 ,Parcelles Assainies,https://i.roamcdn.net/hz/ed/listing-thumb-543w/ee9c4f840bb20ee04f9fbb603c22b243/-/horizon-files-prod/ed/picture/qwep0vmp/1b76799ededeede1170207e11c87e757f512241a.jpg
944,"<h1 class=""listing-item__header"">
    iPhone 16 simple esim
</h1>",Neuf,Autres,530 000 ,Parcelles Assainies,https://i.roamcdn.net/hz/ed/listing-thumb-543w/692555108ad4adef97b19a212767a403/-/horizon-files-prod/ed/picture/q9mjxe08/0f110f773e27c40949a5117dedd2190486465c04.jpg
945,"<h1 class=""listing-item__header"">
    iPhone 16 plus
</h1>",Neuf,Autres,630 000 ,Parcelles Assainies,https://i.roamcdn.net/hz/ed/listing-thumb-543w/55145f14715c6aca06b64e79f2e2d883/-/horizon-files-prod/ed/picture/q0g7vepg/0a57458b10a37922a570271f945660330794edda.jpg
946,"<h1 class=""listing-item__header"">
    iphone 8 simple-64Go- VENANT AUTHENTİQUE
</h1>",Venant,iPhone,60 000 ,Médina,https://i.roamcdn.net/hz/ed/listing-thumb-543w/78e42d1b663069f0d6f431c5e7147757/-/horizon-files-prod/ed/picture/qwep020g/e957d742d35e6febce0ed259c8e7023cefc35f21.jpg
947,"<h1 class=""listing-item__header"">
    iPhone 16 pro sim physique
</h1>",Neuf,iPhone,670 000 ,Médina,https://i.roamcdn.net/hz/ed/listing-thumb-543w/20eafa147714024f6cf27b843e668421/-/horizon-files-prod/ed/picture/qkr8eq9m/20d5c19e5ed42741aec8ec5311328dc0ae079046.jpg
948,"<h1 class=""listing-item__header"">
    Google pixels 8 Pro 256GB 12GB sim esm
</h1>",Venant,Google,350 000 ,Pikine,https://i.roamcdn.net/hz/ed/listing-thumb-543w/168cf4ff996c9211590c65fd9438c765/-/horizon-files-prod/ed/picture/qkr8nx2z/ff6ca39d562e718ddc252ee027c4f56b8b49dabe.jpg
949,"<h1 class=""listing-item__header"">
    Fold 5 512gb
</h1>",Neuf,Samsung,569 000 ,Hann maristes,https://i.roamcdn.net/hz/ed/listing-thumb-543w/ab90fc43c7b359f4ced0e063add4fde8/-/horizon-files-prod/ed/picture/q56dqj8n/8445225f98af6328f69687d80b91d15dfc4afe4f.jpg
950,"<h1 class=""listing-item__header"">
    Télévision google pixelle 6 128go
</h1>",Venant,Google,139 900 ,Colobane,https://i.roamcdn.net/hz/ed/listing-thumb-543w/786d8d47c11f89c395499f8f4953886f/-/horizon-files-prod/ed/picture/qde7m8jm/4cc0240ba4b7781500fd6d255739fa586bc101f9.jpg
951,"<h1 class=""listing-item__header"">
    Samsung galaxie A25 256gb 8gb Ram
</h1>",Neuf,Samsung,124 900 ,Plateau,https://i.roamcdn.net/hz/ed/listing-thumb-543w/352c1ba8e0e80a1a91f893a93802607b/-/horizon-files-prod/ed/picture/qq42x05k/75ade601a3417c892a276797d1b9922c99dc54a3.jpg
952,"<h1 class=""listing-item__header"">
    iPhone 14 simple 128Gb et 256Gb scelle
</h1>",Neuf,iPhone,400 000 ,Liberte 6 extension,https://i.roamcdn.net/hz/ed/listing-thumb-543w/e3f4e35a3d9f7fa477ca5c0d66f898cd/-/horizon-files-prod/ed/picture/qxjp9r88/63466ba80f8307b4f4bb14a206d5b640531d3314.jpg
953,"<h1 class=""listing-item__header"">
    Xioami 14T pro 512Gb
</h1>",Neuf,Xiaomi,450 000 ,Liberte 6 extension,https://i.roamcdn.net/hz/ed/listing-thumb-543w/989718865d08f89f7d762ad9a29fe76a/-/horizon-files-prod/ed/picture/qm5gd5q6/301013a06d11b1e007a366f083dc27505a6b688b.jpg
954,"<h1 class=""listing-item__header"">
    Google pixel 9pro
</h1>",Neuf,Google,680 000 ,Plateau,https://i.roamcdn.net/hz/ed/listing-thumb-543w/72cded9a29adf1a90bafa3c3e4230c1a/-/horizon-files-prod/ed/picture/qv4wv8e8/1f9a4b6ac37c995d3fd6bbfcfe1f6d443fa7dd1a.jpg
955,"<h1 class=""listing-item__header"">
    IPhone 14 pro 128 sim
</h1>",Venant,iPhone,410 000 ,Médina,https://i.roamcdn.net/hz/ed/listing-thumb-543w/fd295fee9e73f3bd02d086fe5a877aef/-/horizon-files-prod/ed/picture/qq42xenp/e48e21db1e5a09b8e3ca52981d2d924b696513fc.jpg
956,"<h1 class=""listing-item__header"">
    iPhone 13 Pro Max 128 go
</h1>",Venant,iPhone,340 000 ,Sicap Liberté,https://i.roamcdn.net/hz/ed/listing-thumb-543w/9509798bb839b80a26d2c03e66fca27a/-/horizon-files-prod/ed/picture/qgqw74vq/43d7a2a7805e71c9bd5ce3ca50a17bb7a974ac9d.jpg
957,"<h1 class=""listing-item__header"">
    iPhone 12 Pro Max 256 go
</h1>",D'occasion,iPhone,260 000 ,Sicap Liberté,https://i.roamcdn.net/hz/ed/listing-thumb-543w/26f0fdfd52d1eaab111f6c7f2fc4be40/-/horizon-files-prod/ed/picture/q9mjxq25/4f70f5bc33708f97b37cd75416ab3836a3b2b91b.jpg
958,"<h1 class=""listing-item__header"">
    iphone 8 simple-64Go- VENANT AUTHENTİQUE
</h1>",Venant,iPhone,60 000 ,Médina,https://i.roamcdn.net/hz/ed/listing-thumb-543w/78e42d1b663069f0d6f431c5e7147757/-/horizon-files-prod/ed/picture/qwep020g/e957d742d35e6febce0ed259c8e7023cefc35f21.jpg
959,"<h1 class=""listing-item__header"">
    iPhone 12 simple -64 Go- VENANT AUTHENTİQUE
</h1>",Venant,iPhone,175 000 ,Médina,https://i.roamcdn.net/hz/ed/listing-thumb-543w/c1b63f5207785812ebd5b426249656a1/-/horizon-files-prod/ed/picture/q8v4wrgp/94de9e8ed7e9c5d9cf2bddc690caab258bef9337.jpg
960,"<h1 class=""listing-item__header"">
    One plus 10 pro venant 128go ram 8go 5g
</h1>",Venant,OnePlus,175 000 ,Colobane,https://i.roamcdn.net/hz/ed/listing-thumb-543w/ca439b4240ab05c253f78cd992c4d913/-/horizon-files-prod/ed/picture/qkr807pj/d070e625ee9b8c91ff25b1a5d58cebde318e6e53.png
961,"<h1 class=""listing-item__header"">
    OnePlus 9 Pro
</h1>",Venant,OnePlus,175 000 ,Plateau,https://i.roamcdn.net/hz/ed/listing-thumb-543w/91949f31ebe23b415da2d148bfc84d8c/-/horizon-files-prod/ed/picture/q78w4zxd/0ce6e5b1272e13f87f4c3ce0eaadc4e33eb56bf3.jpg
962,"<h1 class=""listing-item__header"">
    IPhone 13 pro max
</h1>",Venant,iPhone,345 000 ,Hann maristes,https://i.roamcdn.net/hz/ed/listing-thumb-543w/23efd6dee446eff2a1c51ef0988a3f0e/-/horizon-files-prod/ed/picture/qrz8me62/ce23872bee18871ee1847da817b2f93ecff1efb0.jpg
963,"<h1 class=""listing-item__header"">
    IPhone 13 pro 256gb
</h1>",Venant,iPhone,315 000 ,Hann maristes,https://i.roamcdn.net/hz/ed/listing-thumb-543w/59684aa93e25b9a8e43ce1786e6770b8/-/horizon-files-prod/ed/picture/q44nwv0e/16ff9b79b6247ef08c076394e7b03ef7fb37871d.jpg
964,"<h1 class=""listing-item__header"">
    Samsung galaxy A55 neuf 256go ram 8go 5g
</h1>",Neuf,Samsung,225 000 ,Parcelles Assainies,https://i.roamcdn.net/hz/ed/listing-thumb-543w/5c03506391adb0e19863d32e5961539f/-/horizon-files-prod/ed/picture/qm5gqwzm/5d6e5de8d02c7afd50aa0a43a3ba1aafbdffaca9.jpg
965,"<h1 class=""listing-item__header"">
    Xiaomi redmi note 13 256go ram 8go
</h1>",Neuf,Xiaomi,115 000 ,Parcelles Assainies,https://i.roamcdn.net/hz/ed/listing-thumb-543w/482b42c1b8e305638ca3f22231ff6b82/-/horizon-files-prod/ed/picture/qpdmnwx4/f847f5b22940f748fc8bb224c9b1627ab5dc75c9.jpg
966,"<h1 class=""listing-item__header"">
    Redmi 13c dual sim 256go ram 8go
</h1>",Neuf,Xiaomi,75 000 ,Parcelles Assainies,https://i.roamcdn.net/hz/ed/listing-thumb-543w/c3f6166769886c984b69fffea56abce7/-/horizon-files-prod/ed/picture/q8v4n89z/be77f0910efc8deadfdbe39edbfbe7b678f71818.jpg
967,"<h1 class=""listing-item__header"">
    Redmi note pro + neuf 256go ram 12go
</h1>",Neuf,Xiaomi,185 000 ,Parcelles Assainies,https://i.roamcdn.net/hz/ed/listing-thumb-543w/12de64fa3e86681b580a4c88d338b724/-/horizon-files-prod/ed/picture/q9mjwzrp/5a9d2a100bda40fa7319f396702383466b7453d7.jpg
968,"<h1 class=""listing-item__header"">
    13 pro max 256go
</h1>",Venant,iPhone,395 000 ,Point-e,https://i.roamcdn.net/hz/ed/listing-thumb-543w/b442d647a3b0f90bfa019eaad05acdfe/-/horizon-files-prod/ed/picture/q0g7v46g/c3826a589708e0bf82bc8fd4c08e661b5f82bdce.jpg
969,"<h1 class=""listing-item__header"">
    12 pro 128go
</h1>",Venant,iPhone,245 000 ,Point-e,https://i.roamcdn.net/hz/ed/listing-thumb-543w/a3c7f9e0e28e9b6c7bf2ffbb019b931c/-/horizon-files-prod/ed/picture/qq42xrnz/dc5d43165e4720961ea5f1ca8d081f1c7b180094.jpg
970,"<h1 class=""listing-item__header"">
    iphone 8 simple-64Go- VENANT AUTHENTİQUE
</h1>",Venant,iPhone,60 000 ,Médina,https://i.roamcdn.net/hz/ed/listing-thumb-543w/78e42d1b663069f0d6f431c5e7147757/-/horizon-files-prod/ed/picture/qwep020g/e957d742d35e6febce0ed259c8e7023cefc35f21.jpg
971,"<h1 class=""listing-item__header"">
    iPhone 16 pro sim physique
</h1>",Neuf,iPhone,670 000 ,Médina,https://i.roamcdn.net/hz/ed/listing-thumb-543w/20eafa147714024f6cf27b843e668421/-/horizon-files-prod/ed/picture/qkr8eq9m/20d5c19e5ed42741aec8ec5311328dc0ae079046.jpg
972,"<h1 class=""listing-item__header"">
    13 pro 128go
</h1>",Venant,iPhone,320 000 ,Point-e,https://i.roamcdn.net/hz/ed/listing-thumb-543w/10dc66f16a00c5957a9d5067fc81a9f4/-/horizon-files-prod/ed/picture/qrz8mxwj/e7fe3d12c91ceea44a29c614f60866d87e06ee09.jpg
973,"<h1 class=""listing-item__header"">
    14 pro max 256go
</h1>",Venant,iPhone,460 000 ,Point-e,https://i.roamcdn.net/hz/ed/listing-thumb-543w/308f77eef571371c0c2da9633df20b54/-/horizon-files-prod/ed/picture/qxjp9790/e83aefa8c85f91b572d2b05fb2521b4d792e5478.jpg
974,"<h1 class=""listing-item__header"">
    iPhone 14 simple 128go
</h1>",Venant,iPhone,330 000 ,Point-e,https://i.roamcdn.net/hz/ed/listing-thumb-543w/f0a93fdbdf8488d71b91180432b12f69/-/horizon-files-prod/ed/picture/qv4wvjrm/fcbe291189f57da35e3309a84ae976f193042475.jpg
975,"<h1 class=""listing-item__header"">
    13 simple 128go scellé
</h1>",Neuf,iPhone,300 000 ,Point-e,https://i.roamcdn.net/hz/ed/listing-thumb-543w/8c61c22f9cbd74ac46df650fb36c4af6/-/horizon-files-prod/ed/picture/q9mjxvz8/a82e84fe72ccebc0a59216ba8991e863f0633721.jpg
976,"<h1 class=""listing-item__header"">
    Samsung Galaxy Tab S10 ultra 5G
</h1>",Neuf,Samsung,750 000 ,Plateau,https://i.roamcdn.net/hz/ed/listing-thumb-543w/2392b2378f134fc19b651b722990c764/-/horizon-files-prod/ed/picture/qwep0600/4aa89a9afdb2558f136d0b2f8047d1c59c1a7e8e.jpg
977,"<h1 class=""listing-item__header"">
    Samsung Galaxy S24 ultra
</h1>",Neuf,Samsung,600 000 ,Plateau,https://i.roamcdn.net/hz/ed/listing-thumb-543w/ac311e2e5d5424e5dfe4fa656e5ea37b/-/horizon-files-prod/ed/picture/qngp8q8k/126b92453cba71c58af7f1f04194dc77b1df3ff6.jpg
978,"<h1 class=""listing-item__header"">
    Samsung Galaxy S24 Plus
</h1>",Venant,Samsung,435 000 ,Plateau,https://i.roamcdn.net/hz/ed/listing-thumb-543w/355a0954c2a73c06f3a6a960d7f18271/-/horizon-files-prod/ed/picture/qj4q90d4/06ae00a4fa6fed66468d02e449140745ea1dd438.jpg
979,"<h1 class=""listing-item__header"">
    Redmi A3x 128Go
</h1>",Neuf,Xiaomi,67 000 ,Plateau,https://i.roamcdn.net/hz/ed/listing-thumb-543w/76863e03845659edc9a45e9cf1570fde/-/horizon-files-prod/ed/picture/qde7mgdm/aac69a2bd79e33eb26f23eabc216f312b5a0d648.jpg
980,"<h1 class=""listing-item__header"">
    iPhone 16pro Max sim physique
</h1>",Neuf,iPhone,880 000 ,Plateau,https://i.roamcdn.net/hz/ed/listing-thumb-543w/dca2cc8584aa4d70e5b5ca1d712a1227/-/horizon-files-prod/ed/picture/q9mjxvjw/59a189e9c1c96d4796951da1283dac56b427a62e.jpg
981,"<h1 class=""listing-item__header"">
    Huawei Mate X3
</h1>",Neuf,Huawei,950 000 ,Plateau,https://i.roamcdn.net/hz/ed/listing-thumb-543w/3b8bb077f5b7bbbf1ce652ee599875b2/-/horizon-files-prod/ed/picture/qwep29p0/198387bc8cf54a58bb88c3e5bd4f9cdf513f13d0.jpg
982,"<h1 class=""listing-item__header"">
    iphone 8 simple-64Go- VENANT AUTHENTİQUE
</h1>",Venant,iPhone,60 000 ,Médina,https://i.roamcdn.net/hz/ed/listing-thumb-543w/78e42d1b663069f0d6f431c5e7147757/-/horizon-files-prod/ed/picture/qwep020g/e957d742d35e6febce0ed259c8e7023cefc35f21.jpg
983,"<h1 class=""listing-item__header"">
    iPhone 12 simple -64 Go- VENANT AUTHENTİQUE
</h1>",Venant,iPhone,175 000 ,Médina,https://i.roamcdn.net/hz/ed/listing-thumb-543w/c1b63f5207785812ebd5b426249656a1/-/horizon-files-prod/ed/picture/q8v4wrgp/94de9e8ed7e9c5d9cf2bddc690caab258bef9337.jpg
984,"<h1 class=""listing-item__header"">
    Google pixel 9pro Fold
</h1>",Neuf,Google,1 100 000 ,Plateau,https://i.roamcdn.net/hz/ed/listing-thumb-543w/7f532fb829de855483c6ba75e5a6f413/-/horizon-files-prod/ed/picture/qxjpq8j2/165066cb01624e14816aa130f245dfd084a97992.jpg
985,"<h1 class=""listing-item__header"">
    Samsung Galaxy S24 ultra
</h1>",Neuf,Samsung,600 000 ,Plateau,https://i.roamcdn.net/hz/ed/listing-thumb-543w/64e4b8c611000e4b3a9f83b20587a705/-/horizon-files-prod/ed/picture/qwepnvqm/1019b30edc203c9de934c422a0bda53989b25b59.png
986,"<h1 class=""listing-item__header"">
    Samsung Galaxy Tab S10 ultra 5G
</h1>",Neuf,Samsung,750 000 ,Plateau,https://i.roamcdn.net/hz/ed/listing-thumb-543w/1f40804163335386f4fd6dbe9a1b3c5e/-/horizon-files-prod/ed/picture/qv4wz6rm/68b3b3b17dcec5ed29559b6864db9840b3ae0400.jpg
987,"<h1 class=""listing-item__header"">
    Samsung Galaxy Fold 6
</h1>",Neuf,Samsung,800 000 ,Plateau,https://i.roamcdn.net/hz/ed/listing-thumb-543w/5fde7a82c6c311d37a04b632e6bc3dcd/-/horizon-files-prod/ed/picture/qgqw0n0k/a9d16d1fd8006a7713dd8a992aa8ae928cfd9efb.jpg
988,"<h1 class=""listing-item__header"">
    Samsung s21 256go ram 8 go
</h1>",Venant,Samsung,164 900 ,Colobane,https://i.roamcdn.net/hz/ed/listing-thumb-543w/0c18333fc19cb030dff2a304552140c7/-/horizon-files-prod/ed/picture/q44nw9pm/2186616b4b5de1af2909bb0f7cba396fe512abbd.jpg
989,"<h1 class=""listing-item__header"">
    Samsung note 20 ultra 128go ram12
</h1>",Venant,Samsung,200 000 ,Colobane,https://i.roamcdn.net/hz/ed/listing-thumb-543w/ffdcce24c5c6923b8103e5afbbb9b6fc/-/horizon-files-prod/ed/picture/q8v4r8gn/a6eeb41a110302d8815a944fab38ae77a228a664.jpg
990,"<h1 class=""listing-item__header"">
    Samsung Galaxy a55 256go ram 8go 5g
</h1>",Neuf,Samsung,220 000 ,Colobane,https://i.roamcdn.net/hz/ed/listing-thumb-543w/3828b71310c1e2793d9e5cd55a462487/-/horizon-files-prod/ed/picture/q44n6kk5/8515892c8178e4f695debe1bf727dad6e3f0b6ed.jpg
991,"<h1 class=""listing-item__header"">
    Vente iPhone 16pro Max ESim 256G desert titanium
</h1>",Neuf,iPhone,780 000 ,Dieuppeul,https://i.roamcdn.net/hz/ed/listing-thumb-543w/a03cf882cd42f8070e1ed61022d208a2/-/horizon-files-prod/ed/picture/qj4q9gpe/bed3a79adb78c165f8f18278e6b0c7ce1a0f89fd.jpg
992,"<h1 class=""listing-item__header"">
    IPAD PRO 11 POUCES 128 GB
</h1>",Neuf,iPad,689 000 ,Almadies,https://i.roamcdn.net/hz/ed/listing-thumb-543w/6d09b1d3497cbca055881c0b596a1f06/-/horizon-files-prod/ed/picture/q6xd8wq6/d3e20178a152efe0dd97d6960ddcc2a740b0429d.jpg
993,"<h1 class=""listing-item__header"">
    IPhone 15 promax
</h1>",Neuf,iPhone,599 000 ,Almadies,https://i.roamcdn.net/hz/ed/listing-thumb-543w/d910798c4ed3ea8211bef9d820450d95/-/horizon-files-prod/ed/picture/qngp8vpe/2bdd3b701298f9ad927cbc6377f6e824ee49dfd5.jpg
994,"<h1 class=""listing-item__header"">
    iphone 8 simple-64Go- VENANT AUTHENTİQUE
</h1>",Venant,iPhone,60 000 ,Médina,https://i.roamcdn.net/hz/ed/listing-thumb-543w/78e42d1b663069f0d6f431c5e7147757/-/horizon-files-prod/ed/picture/qwep020g/e957d742d35e6febce0ed259c8e7023cefc35f21.jpg
995,"<h1 class=""listing-item__header"">
    Samsung galaxy fold 6 256G
</h1>",Neuf,Samsung,750 000 ,Liberte 6 extension,https://i.roamcdn.net/hz/ed/listing-thumb-543w/fb52b15c5a77dff4c6ebb42103a77b2c/-/horizon-files-prod/ed/picture/qq42e5v6/b910e6b186d4206e3759a489da1e8d6e88f16450.jpg
996,"<h1 class=""listing-item__header"">
    iPhone 12simple 128g
</h1>",Venant,iPhone,185 000 ,Médina,https://i.roamcdn.net/hz/ed/listing-thumb-543w/d60294e16147aeefd3b5a3de37ede0b5/-/horizon-files-prod/ed/picture/qzvpwkp6/d2006b806b801ff9cbea74a51ae6c95a371dfc3e.jpg
997,"<h1 class=""listing-item__header"">
    Xiaomi redmi 13C 256go ram 8go
</h1>",Neuf,Xiaomi,89 900 ,Patte d‘oie,https://i.roamcdn.net/hz/ed/listing-thumb-543w/003408dfee0a8debf93843d377e6990d/-/horizon-files-prod/ed/picture/q785nmw5/76617578c4eaf199bd0b2491ef5b4fccefa7acce.jpg
998,"<h1 class=""listing-item__header"">
    Xiaomi redmi note 13pro 256go ram 8go
</h1>",Neuf,Xiaomi,155 000 ,Patte d‘oie,https://i.roamcdn.net/hz/ed/listing-thumb-543w/dfb690496d27043ef4288e8553bed627/-/horizon-files-prod/ed/picture/qq47pv26/600ff09429d0c2c1a17586188e82616b5b8e5087.jpg
999,"<h1 class=""listing-item__header"">
    Huawei Mate X6
</h1>",Neuf,Huawei,1 300 000 ,Plateau,https://i.roamcdn.net/hz/ed/listing-thumb-543w/6cf44f5dec5a6ee625797e30e1841b63/-/horizon-files-prod/ed/picture/q6xd8w74/5228e08352e4a08423966821c3a14e4329851a57.jpg
1000,"<h1 class=""listing-item__header"">
    Huawei Mate XT
</h1>",Neuf,Huawei,3 200 000 ,Plateau,https://i.roamcdn.net/hz/ed/listing-thumb-543w/bd12f4237d3e68e10b942080edb4b9ba/-/horizon-files-prod/ed/picture/qenvzzg6/23663bfd558401956f75b91fea8a72898ce7c4fc.jpg
1001,"<h1 class=""listing-item__header"">
    Iphone 14 pro max
</h1>",Venant,iPhone,500 000 ,Plateau,https://i.roamcdn.net/hz/ed/listing-thumb-543w/3365a7830f97bf0f46acef019ca9367a/-/horizon-files-prod/ed/picture/q8v4rr69/a0acc56cfed2d2f112c370ec5ab372f681207995.jpg
1002,"<h1 class=""listing-item__header"">
    Iphone 15 pro max
</h1>",Venant,iPhone,630 000 ,Plateau,https://i.roamcdn.net/hz/ed/listing-thumb-543w/cddaf4437472d2ef9b935c0e18fc2a7e/-/horizon-files-prod/ed/picture/q0g7vvrw/a9e1783e9a5dc00395bb28d58cdb5a05f871f692.jpg
1003,"<h1 class=""listing-item__header"">
    12 simple 64 go
</h1>",Venant,iPhone,165 000 ,Médina,https://i.roamcdn.net/hz/ed/listing-thumb-543w/30cafe2b3d878e7a99eb7cf030c8959a/-/horizon-files-prod/ed/picture/qq42xxkz/6821d72be3f38752f459acb522fac68490cb0409.jpg
1004,"<h1 class=""listing-item__header"">
    IPhone 16 simple scellé
</h1>",Neuf,iPhone,600 000 ,Médina,https://i.roamcdn.net/hz/ed/listing-thumb-543w/6ee9226679ad2ef51d184902a0c2a0fa/-/horizon-files-prod/ed/picture/q9mjxx28/d1f9741f3c05363a4838fc371d0763c36ef8ff56.jpg
1005,"<h1 class=""listing-item__header"">
    Iphone 12, 128 gb
</h1>",D'occasion,iPhone,130 000 ,Yoff,https://i.roamcdn.net/hz/ed/listing-thumb-543w/acfa686c7c78e2fa7c169aa0a0402fd4/-/horizon-files-prod/ed/picture/qde7jq9g/d623ca9f1c423d95129181f4b0543da376bcb172.jpg
1006,"<h1 class=""listing-item__header"">
    iphone 8 simple-64Go- VENANT AUTHENTİQUE
</h1>",Venant,iPhone,60 000 ,Médina,https://i.roamcdn.net/hz/ed/listing-thumb-543w/78e42d1b663069f0d6f431c5e7147757/-/horizon-files-prod/ed/picture/qwep020g/e957d742d35e6febce0ed259c8e7023cefc35f21.jpg
1007,"<h1 class=""listing-item__header"">
    Samsung galaxy fold 6 256G
</h1>",Neuf,Samsung,750 000 ,Liberte 6 extension,https://i.roamcdn.net/hz/ed/listing-thumb-543w/fb52b15c5a77dff4c6ebb42103a77b2c/-/horizon-files-prod/ed/picture/qq42e5v6/b910e6b186d4206e3759a489da1e8d6e88f16450.jpg
1008,"<h1 class=""listing-item__header"">
    Xiaomi Redmi Note 11 128GB
</h1>",Venant,Xiaomi,65 000 ,Sicap foire,https://i.roamcdn.net/hz/ed/listing-thumb-543w/73d64d0898f104d8f0f25b6035ad3756/-/horizon-files-prod/ed/picture/q6xd829n/8630543e0654342b0ddf503054426058a4172abb.jpg
1009,"<h1 class=""listing-item__header"">
    Samsung Galaxy S22 Ultra 5G 256GB
</h1>",Venant,Samsung,270 000 ,Sicap foire,https://i.roamcdn.net/hz/ed/listing-thumb-543w/d10ef9466799031032d4873c63ab64b2/-/horizon-files-prod/ed/picture/qxjp9nv8/8ec48fa3cf82442ac14aeb50362a8386185156d8.jpg
1010,"<h1 class=""listing-item__header"">
    Samsung Galaxy S24 Ultra 5G 512GB
</h1>",Venant,Samsung,480 000 ,Sicap foire,https://i.roamcdn.net/hz/ed/listing-thumb-543w/a3e9712870bcbbf2d57ca12d990876c5/-/horizon-files-prod/ed/picture/q8v4r2wz/a9bbccb107567689acce0916923552b9170e35a6.jpg
1011,"<h1 class=""listing-item__header"">
    SAMSUNG FOLD 5 512GO
</h1>",Neuf,Samsung,500 000 ,Golf,https://i.roamcdn.net/hz/ed/listing-thumb-543w/5b7231a6bb7c15b7f243f4c736e1e8e7/-/horizon-files-prod/ed/picture/qzvpwqwk/7a5b70b5a4410d75cc3d4350a981be20d37e0115.jpg
1012,"<h1 class=""listing-item__header"">
    Huawei mate X3 512GB 12GB 2sim
</h1>",Venant,Huawei,680 000 ,Pikine,https://i.roamcdn.net/hz/ed/listing-thumb-543w/3ef51dcf5a730dc09fed8d45d8107814/-/horizon-files-prod/ed/picture/q8v4rng9/c0a56ba816f2be826017ec07464afea3a1a4c8e5.jpg
1013,"<h1 class=""listing-item__header"">
    Huawei Mate X6
</h1>",Neuf,Huawei,1 500 000 ,Plateau,https://i.roamcdn.net/hz/ed/listing-thumb-543w/1030d948b76e90a3b8667e0e7dcec930/-/horizon-files-prod/ed/picture/qj4qd6k8/9dff5772eb6cea42edcabfcb2b88f81088b9bc3b.jpg
1014,"<h1 class=""listing-item__header"">
    Huawei Mate XT Ultimate
</h1>",Neuf,Huawei,3 000 000 ,Plateau,https://i.roamcdn.net/hz/ed/listing-thumb-543w/7f0d2f07cf2aa705e0e7e90bea72b041/-/horizon-files-prod/ed/picture/qkr8ppen/78840888d161d4b7495ebe6d4e1d5fe1e28a93e5.jpg
1015,"<h1 class=""listing-item__header"">
    iPhone 11 Pro 64Go original
</h1>",Venant,iPhone,135 000 ,Médina,https://i.roamcdn.net/hz/ed/listing-thumb-543w/8e20995df229573838a307dc776f016b/-/horizon-files-prod/ed/picture/q0g7vx58/87243b4b4c9cde86b34ca2af643a2ac4f32c7e07.jpg
1016,"<h1 class=""listing-item__header"">
    Xr 64giga - 128giga
</h1>",Venant,iPhone,110 000 ,Gueule-Tapée,https://i.roamcdn.net/hz/ed/listing-thumb-543w/cfc9f57ee1193f62091b11a3a809ac46/-/horizon-files-prod/ed/picture/q9mjxkpv/bda8e96fb5c8981712da5727f7028079cd75e0eb.jpg
1017,"<h1 class=""listing-item__header"">
    Samsung A35  5G 128GB
</h1>",Neuf,Samsung,190 000 ,Liberte 6 extension,https://i.roamcdn.net/hz/ed/listing-thumb-543w/f1616c88caef5771b8ca2dfc24e403bf/-/horizon-files-prod/ed/picture/qkr8nd0j/2b398b67dc0fb3685fe51624b010de8bd0c55d3e.jpg
1018,"<h1 class=""listing-item__header"">
    iphone 8 simple-64Go- VENANT AUTHENTİQUE
</h1>",Venant,iPhone,60 000 ,Médina,https://i.roamcdn.net/hz/ed/listing-thumb-543w/78e42d1b663069f0d6f431c5e7147757/-/horizon-files-prod/ed/picture/qwep020g/e957d742d35e6febce0ed259c8e7023cefc35f21.jpg
1019,"<h1 class=""listing-item__header"">
    Samsung galaxy fold 6 256G
</h1>",Neuf,Samsung,750 000 ,Liberte 6 extension,https://i.roamcdn.net/hz/ed/listing-thumb-543w/fb52b15c5a77dff4c6ebb42103a77b2c/-/horizon-files-prod/ed/picture/qq42e5v6/b910e6b186d4206e3759a489da1e8d6e88f16450.jpg
1020,"<h1 class=""listing-item__header"">
    Xiaomi 13T 256GB
</h1>",Venant,Xiaomi,200 000 ,Liberte 6 extension,https://i.roamcdn.net/hz/ed/listing-thumb-543w/08ecede5adc6b28fc799db92a6845edc/-/horizon-files-prod/ed/picture/q2j09dwd/305b74ccb70631405c579fec4c256db8bb2ae31d.jpg
1021,"<h1 class=""listing-item__header"">
    TECNO SPARK 30 C (128+8)
</h1>",Neuf,Tecno,66 000 ,Médina,https://i.roamcdn.net/hz/ed/listing-thumb-543w/5ab2434f1e414cc1339626171600c243/-/horizon-files-prod/ed/picture/qgqw7kde/c86feaecbd2131ff8fbfc00b5b106717de591d10.jpg
1022,"<h1 class=""listing-item__header"">
    Tecno Pop8 64 GO +4 GO de RAM
</h1>",Neuf,Tecno,47 000 ,Médina,https://i.roamcdn.net/hz/ed/listing-thumb-543w/b1ea6184c59c4327b650f5777c65a436/-/horizon-files-prod/ed/picture/q44nw262/8f36a9a0d266e6bedb6bc4463a64044bf6888827.jpg
1023,"<h1 class=""listing-item__header"">
    iPhone 12 Pro 128 Gb
</h1>",Venant,iPhone,225 000 ,Médina,https://i.roamcdn.net/hz/ed/listing-thumb-543w/a2f593a18c86a312026b99d4eb9015eb/-/horizon-files-prod/ed/picture/q56dq295/a3abf70f0e85aef8f7a3208b3893956a6da4f9b4.jpg
1024,"<h1 class=""listing-item__header"">
    iPhone XR 128 Gb
</h1>",Venant,iPhone,120 000 ,Médina,https://i.roamcdn.net/hz/ed/listing-thumb-543w/8b8891e3eed351e7c65aa25e70f60f49/-/horizon-files-prod/ed/picture/q9mjx2k7/da0279dfb74e4691d8c2617650bf76fc5b470616.jpg
1025,"<h1 class=""listing-item__header"">
    15 Plus 128 Gb
</h1>",Neuf,iPhone,480 000 ,Médina,https://i.roamcdn.net/hz/ed/listing-thumb-543w/af8eefabe33d8e7ae4dafa2ab12f99c8/-/horizon-files-prod/ed/picture/q8v4r2p0/f502d486c8e5f064a4242765842b5f956d2663ba.jpg
1026,"<h1 class=""listing-item__header"">
    13 pro 128 Gb
</h1>",Venant,iPhone,295 000 ,Médina,https://i.roamcdn.net/hz/ed/listing-thumb-543w/2eb8c143b1d9e9615a2277e898effe91/-/horizon-files-prod/ed/picture/qj4q9dp5/7dad6d416d97ebfe7e67509dbfa24b0a5f069f9f.jpg
1027,"<h1 class=""listing-item__header"">
    Apple Watch serie 7-45MM
</h1>",D'occasion,iPhone,135 000 ,Médina,https://i.roamcdn.net/hz/ed/listing-thumb-543w/75c106f4d0fce24156235750779a9a8a/-/horizon-files-prod/ed/picture/q44nw28m/8c5df9c7796f32cf0d4c493aef8c2a824e723b76.jpg
1028,"<h1 class=""listing-item__header"">
    Samsung Galaxy Watch ultra
</h1>",Neuf,Samsung,350 000 ,Fenêtre mermoz,https://i.roamcdn.net/hz/ed/listing-thumb-543w/4523ed98720771caa8eecd079544a13b/-/horizon-files-prod/ed/picture/q6xd878v/f1b361c97e6bcbf1fe24d47cb1a9697b17f4fbe5.jpg
1029,"<h1 class=""listing-item__header"">
    Tecno Camon 30s – 128 Go – RAM 6+6Go – Avec IA intégré.
</h1>",Neuf,Tecno,120 000 ,Colobane,https://i.roamcdn.net/hz/ed/listing-thumb-543w/777425a0ad4477aef4838af6e479c138/-/horizon-files-prod/ed/picture/q78w0q78/d40f3a7fe48bbe7a7b46ee546f025634d88be7e1.jpg
1030,"<h1 class=""listing-item__header"">
    iphone 8 simple-64Go- VENANT AUTHENTİQUE
</h1>",Venant,iPhone,60 000 ,Médina,https://i.roamcdn.net/hz/ed/listing-thumb-543w/78e42d1b663069f0d6f431c5e7147757/-/horizon-files-prod/ed/picture/qwep020g/e957d742d35e6febce0ed259c8e7023cefc35f21.jpg
1031,"<h1 class=""listing-item__header"">
    Samsung galaxy fold 6 256G
</h1>",Neuf,Samsung,750 000 ,Liberte 6 extension,https://i.roamcdn.net/hz/ed/listing-thumb-543w/fb52b15c5a77dff4c6ebb42103a77b2c/-/horizon-files-prod/ed/picture/qq42e5v6/b910e6b186d4206e3759a489da1e8d6e88f16450.jpg
1032,"<h1 class=""listing-item__header"">
    Samsung Galaxy a55 128go ram 8go 5g
</h1>",Neuf,Samsung,200 000 ,Colobane,https://i.roamcdn.net/hz/ed/listing-thumb-543w/907e18c40e2183b2d296af8d612329bb/-/horizon-files-prod/ed/picture/qngpj66g/e9113368ec0c2a3efc3d303eb9c713b4484421c0.jpg
1033,"<h1 class=""listing-item__header"">
    Honor Magic V3 512giga Ram12 + 12 Snapdragon8
</h1>",Neuf,Honor,975 000 ,Médina,https://i.roamcdn.net/hz/ed/listing-thumb-543w/1a9f010462370f48655e57d73c7c945f/-/horizon-files-prod/ed/picture/qj4q97zr/735d612e7def3a692eb1c9f44d53e89760d954b7.jpg
1034,"<h1 class=""listing-item__header"">
    iPhone 12simple 128 giga
</h1>",Venant,iPhone,185 000 ,Médina,https://i.roamcdn.net/hz/ed/listing-thumb-543w/6bde8c7d935ad196fd2267cf6faa4911/-/horizon-files-prod/ed/picture/q78w4rjn/6bb03ea0573ebb93f11731c30ee88ff26277d0ff.jpg
1035,"<h1 class=""listing-item__header"">
    iphone 15 Pro Max Double SIM Physique officiel 256 Gb
</h1>",Venant,iPhone,575 000 ,Cambérène,https://i.roamcdn.net/hz/ed/listing-thumb-543w/7ba098d5a47e62965d4a8531f24cb4ec/-/horizon-files-prod/ed/picture/qngp8zqg/0cc5d1f354b7318c5baf0a1014477684b94617b4.jpg
1036,"<h1 class=""listing-item__header"">
    iPhone 16 pro 1tera blanc scellé
</h1>",Neuf,iPhone,980 000 ,Médina,https://i.roamcdn.net/hz/ed/listing-thumb-543w/e9c84713d4d7f9109023b0763f50119e/-/horizon-files-prod/ed/picture/qngp8zvz/a4b00db55aebfa3529c5d90b613df59f9c3ed83f.jpg
1037,"<h1 class=""listing-item__header"">
    Iphone 16 Pro max sceller
</h1>",Neuf,iPhone,830 000 ,Plateau,https://i.roamcdn.net/hz/ed/listing-thumb-543w/19221a4d98b4637f9cce07ee9db2f87f/-/horizon-files-prod/ed/picture/q9mjxd6w/a5d3c8a84ca2c01b00e70f5cee71ccebe4d52fdc.jpg
1038,"<h1 class=""listing-item__header"">
    iPhone 16 pro max
</h1>",Neuf,iPhone,850 000 ,Yoff,https://i.roamcdn.net/hz/ed/listing-thumb-543w/13254bba0ba77a5d103b13f3e97ebbfd/-/horizon-files-prod/ed/picture/q0g7d746/3f2c953b08d21edeaf04e191b7f70f33f0b4fb17.jpg
1039,"<h1 class=""listing-item__header"">
    IPhone 13 128GB scellé
</h1>",Neuf,iPhone,310 000 ,Plateau,https://i.roamcdn.net/hz/ed/listing-thumb-543w/6cc50a5f234277cb9fc3359398b58099/-/horizon-files-prod/ed/picture/q2j09dnj/e3a2a7a603e72299660962c8e2f6912865b0f2d9.jpg
1040,"<h1 class=""listing-item__header"">
    iPhone 14 pro Max 128GB
</h1>",Venant,iPhone,410 000 ,Plateau,https://i.roamcdn.net/hz/ed/listing-thumb-543w/361721f6575124ec7a524038571aa757/-/horizon-files-prod/ed/picture/qkr8nqqw/cbf0a3f4f689bcc2d6d1d6a3ce6039ebb5aeede8.jpg
1041,"<h1 class=""listing-item__header"">
    iPhone 12 Pro 128GB
</h1>",Venant,iPhone,220 000 ,Plateau,https://i.roamcdn.net/hz/ed/listing-thumb-543w/e409ebe806756391d3cd27cb2cedfaab/-/horizon-files-prod/ed/picture/q44nwmm9/088376e5422053903759ea9b9e590f7fd7f02bef.jpg
1042,"<h1 class=""listing-item__header"">
    iphone 8 simple-64Go- VENANT AUTHENTİQUE
</h1>",Venant,iPhone,60 000 ,Médina,https://i.roamcdn.net/hz/ed/listing-thumb-543w/78e42d1b663069f0d6f431c5e7147757/-/horizon-files-prod/ed/picture/qwep020g/e957d742d35e6febce0ed259c8e7023cefc35f21.jpg
1043,"<h1 class=""listing-item__header"">
    iPhone 16 pro sim physique
</h1>",Neuf,iPhone,670 000 ,Médina,https://i.roamcdn.net/hz/ed/listing-thumb-543w/20eafa147714024f6cf27b843e668421/-/horizon-files-prod/ed/picture/qkr8eq9m/20d5c19e5ed42741aec8ec5311328dc0ae079046.jpg
1044,"<h1 class=""listing-item__header"">
    Z flip 3
</h1>",Venant,Samsung,149 999 ,Médina,https://i.roamcdn.net/hz/ed/listing-thumb-543w/bb46dffba365d1cdb192dcd8e7dbab5d/-/horizon-files-prod/ed/picture/q785epzm/a917e5d0ee16549ac070de70b7a1963d2211aea8.jpg
1045,"<h1 class=""listing-item__header"">
    16 plus 256 Go
</h1>",Neuf,iPhone,750 000 ,Médina,https://i.roamcdn.net/hz/ed/listing-thumb-543w/6eabf79c3fec1361dc1832d746d59a4e/-/horizon-files-prod/ed/picture/qrz8m00x/098a447263acfe4c7f77d43543b30f00472ebf17.jpg
1046,"<h1 class=""listing-item__header"">
    S24 ultra 256
</h1>",Venant,Samsung,650 000 ,Médina,https://i.roamcdn.net/hz/ed/listing-thumb-543w/ffde9787afb9561b38f295a0f2c484bc/-/horizon-files-prod/ed/picture/qv4wvqqk/8dcb487b3edff7873741359748c79dbd08a743f4.jpg
1047,"<h1 class=""listing-item__header"">
    iPhone XR 64
</h1>",Venant,iPhone,105 000 ,Plateau,https://i.roamcdn.net/hz/ed/listing-thumb-543w/8350a945089a9aafff12ff94d683f123/-/horizon-files-prod/ed/picture/q9mjnwj8/fb903fe98dda24d5e2ef2140aeed48786e9edc76.jpg
1048,"<h1 class=""listing-item__header"">
    IPhones 11
</h1>",Venant,iPhone,135 000 ,Colobane,https://i.roamcdn.net/hz/ed/listing-thumb-543w/4fcd5370e242f733bf60fcff295f4a88/-/horizon-files-prod/ed/picture/q78wvzge/f268f9341843c06991066cde092ad04a9d493606.jpg
1049,"<h1 class=""listing-item__header"">
    IPHONE 13 SIMPLE
</h1>",Neuf,iPhone,250 000 ,Gueule-Tapée,https://i.roamcdn.net/hz/ed/listing-thumb-543w/c6f818fca611dfd67bacf611ca7691e9/-/horizon-files-prod/ed/picture/q6xkezpp/8f32aeb131fa610b7ce553378863049fbfd4437e.jpg
1050,"<h1 class=""listing-item__header"">
    IPHONE 13 PRO MAX
</h1>",Venant,iPhone,430 000 ,Gueule-Tapée,https://i.roamcdn.net/hz/ed/listing-thumb-543w/d0aaacfa0852ff7ce0415ffc0960812a/-/horizon-files-prod/ed/picture/q0g7x9xd/12e8d83bbf59d32d86a39780d70743b38bd4392e.jpg
1051,"<h1 class=""listing-item__header"">
    Google Pixel 7 Pro 128GB
</h1>",Venant,Google,250 000 ,Point-e,https://i.roamcdn.net/hz/ed/listing-thumb-543w/a24672203d6f8406e9bc747cd10934df/-/horizon-files-prod/ed/picture/q44npg92/c66237c0589d421c3c95897ea503ef9aab4a26bc.jpg
1052,"<h1 class=""listing-item__header"">
    Redmi note 13pro plus 256gb
</h1>",Venant,Xiaomi,190 000 ,Liberte 6 extension,https://i.roamcdn.net/hz/ed/listing-thumb-543w/431036cf24deba8c1f972dd0d8fb311f/-/horizon-files-prod/ed/picture/qj4q9wxz/34ef6faa4ba20f268f4cc5b8c1f18943867c7a3e.jpg
1053,"<h1 class=""listing-item__header"">
    Gloogle pixel 7 pro 256GB
</h1>",Venant,Google,250 000 ,Liberte 6 extension,https://i.roamcdn.net/hz/ed/listing-thumb-543w/0488905b1395d8973cd9991c48c081fc/-/horizon-files-prod/ed/picture/q44nwm68/35b37144ba97cdc0e480a49a2a38ce1cfe8f6125.jpg
1054,"<h1 class=""listing-item__header"">
    iphone 8 simple-64Go- VENANT AUTHENTİQUE
</h1>",Venant,iPhone,60 000 ,Médina,https://i.roamcdn.net/hz/ed/listing-thumb-543w/78e42d1b663069f0d6f431c5e7147757/-/horizon-files-prod/ed/picture/qwep020g/e957d742d35e6febce0ed259c8e7023cefc35f21.jpg
1055,"<h1 class=""listing-item__header"">
    Samsung galaxy fold 6 256G
</h1>",Neuf,Samsung,750 000 ,Liberte 6 extension,https://i.roamcdn.net/hz/ed/listing-thumb-543w/fb52b15c5a77dff4c6ebb42103a77b2c/-/horizon-files-prod/ed/picture/qq42e5v6/b910e6b186d4206e3759a489da1e8d6e88f16450.jpg
1056,"<h1 class=""listing-item__header"">
    Samsung Galaxy S21 plus
</h1>",Venant,Samsung,175 000 ,Plateau,https://i.roamcdn.net/hz/ed/listing-thumb-543w/212ab071c46847b0f658b2692f947c60/-/horizon-files-prod/ed/picture/qj4q7rdw/cdfc5f368ed16adc5e15defebe0a0c914eab42e0.jpg
1057,"<h1 class=""listing-item__header"">
    Iphone 16 Promax 256G
</h1>",Neuf,iPhone,980 000 ,Médina,https://i.roamcdn.net/hz/ed/listing-thumb-543w/c70ca431c3c602a7e6e9e3d3ba6ed51e/-/horizon-files-prod/ed/picture/qq42wzde/255091866023b6babf053812629aab366225025b.jpg
1058,"<h1 class=""listing-item__header"">
    Microsoft surface pro Elite x
</h1>",Neuf,Microsoft,1 200 000 ,Médina,https://i.roamcdn.net/hz/ed/listing-thumb-543w/5ea9c1cc27526d1f6adc14a3841a7dd0/-/horizon-files-prod/ed/picture/qkr8n2g5/991d072dd2edcb9d5076bd945dee4afe7c4bc8b5.jpg
1059,"<h1 class=""listing-item__header"">
    IPhone 11 128 giga
</h1>",Venant,iPhone,150 000 ,Castor,https://i.roamcdn.net/hz/ed/listing-thumb-543w/5423c6c7ddb16b0fc597ea4c45603675/-/horizon-files-prod/ed/picture/qngpwpm0/2845b8c34de56bb0d31c1516df033c2bdd8debbf.jpg
1060,"<h1 class=""listing-item__header"">
    IPHONE 11simple 64G /128G
</h1>",Neuf,iPhone,155 000 ,Gueule-Tapée,https://i.roamcdn.net/hz/ed/listing-thumb-543w/e2efa877617e87d168b64ef92c01662e/-/horizon-files-prod/ed/picture/qdek8pz0/3bcce880f4418e854d1b159759ef2ce5a67fce61.jpg
1061,"<h1 class=""listing-item__header"">
    iPhone 11 scellé
</h1>",Neuf,iPhone,200 000 ,Plateau,https://i.roamcdn.net/hz/ed/listing-thumb-543w/3888bbc43bf168b6a308aeaa052faed8/-/horizon-files-prod/ed/picture/qzvpdk0x/e503ee8caa544c258f79de2e37f045d2ca51d272.jpg
1062,"<h1 class=""listing-item__header"">
    iPhone 14 pro Max
</h1>",Neuf,iPhone,550 000 ,Plateau,https://i.roamcdn.net/hz/ed/listing-thumb-543w/8d38f699a99d7c16bd6586b7217ea789/-/horizon-files-prod/ed/picture/qgqw7dxe/057f30228b078f74d1cc407c6467862b9e4bc4bf.jpg
1063,"<h1 class=""listing-item__header"">
    16Pro Max 256Go échange possible
</h1>",Neuf,iPhone,850 000 ,Médina,https://i.roamcdn.net/hz/ed/listing-thumb-543w/0bc5054b6b155faf7e1cfd7dbaa98ad8/-/horizon-files-prod/ed/picture/qkr8n29p/d4feb8b7a9001c42e56787becd997cf510b4f5c5.jpg
1064,"<h1 class=""listing-item__header"">
    Vente Samsung Galaxy S8 Ultra
</h1>",Neuf,Samsung,375 000 ,Plateau,https://i.roamcdn.net/hz/ed/listing-thumb-543w/06cdb63d2e2ba9d652a920c4b88cfb1e/-/horizon-files-prod/ed/picture/qm5gqpk9/f08ad9cb5b2532f52cdc0bb4092f89efe3e8fc07.jpg
1065,"<h1 class=""listing-item__header"">
    Iphone 14 Pro 1To , 15 Pro 128 &amp; 15 Pro Max 512
</h1>",Venant,iPhone,475 000 ,Plateau,https://i.roamcdn.net/hz/ed/listing-thumb-543w/a6fcceb6dfe50727d171c36936a3ea8e/-/horizon-files-prod/ed/picture/q56dqvqg/56d77c09f470a7a503111795f015db0f1849210a.jpg
1066,"<h1 class=""listing-item__header"">
    iphone 8 simple-64Go- VENANT AUTHENTİQUE
</h1>",Venant,iPhone,60 000 ,Médina,https://i.roamcdn.net/hz/ed/listing-thumb-543w/78e42d1b663069f0d6f431c5e7147757/-/horizon-files-prod/ed/picture/qwep020g/e957d742d35e6febce0ed259c8e7023cefc35f21.jpg
1067,"<h1 class=""listing-item__header"">
    Samsung galaxy fold 6 256G
</h1>",Neuf,Samsung,750 000 ,Liberte 6 extension,https://i.roamcdn.net/hz/ed/listing-thumb-543w/fb52b15c5a77dff4c6ebb42103a77b2c/-/horizon-files-prod/ed/picture/qq42e5v6/b910e6b186d4206e3759a489da1e8d6e88f16450.jpg
1068,"<h1 class=""listing-item__header"">
    iPhone 11 simple 64 giga
</h1>",Venant,iPhone,135 000 ,Médina,https://i.roamcdn.net/hz/ed/listing-thumb-543w/bf7cf65c649907c76b7a6f674197a516/-/horizon-files-prod/ed/picture/q44nw72e/ecc7e29d2315cba7b29c17dfd043f5d5697f8fe1.jpg
1069,"<h1 class=""listing-item__header"">
    IPhone 14 pro max 256gb
</h1>",Venant,iPhone,449 000 ,Hann maristes,https://i.roamcdn.net/hz/ed/listing-thumb-543w/b1a8c3bbd3b0856a924eb9496e2cfdb0/-/horizon-files-prod/ed/picture/qenvz2m2/ee28b8b017511129328698193df779239d1a6308.jpg
1070,"<h1 class=""listing-item__header"">
    One plus 10t 128go ram 8go 5g
</h1>",Venant,OnePlus,150 000 ,Colobane,https://i.roamcdn.net/hz/ed/listing-thumb-543w/f422dbd911f56359ce4c3bb77601a863/-/horizon-files-prod/ed/picture/qenvwrp5/b9fa4947edf6397cc48d76c98bb0ad040eb8f24d.png
1071,"<h1 class=""listing-item__header"">
    Google pixel fold 2
</h1>",Venant,Google,1 200 000 ,Yoff,https://i.roamcdn.net/hz/ed/listing-thumb-543w/528f80923ff32cf80964d03fe84ee33b/-/horizon-files-prod/ed/picture/qv4wvd2p/91714302a4e86e51597ecfb8a80b8242c78b62a9.jpg
1072,"<h1 class=""listing-item__header"">
    iPhone e 12simple 64g
</h1>",Venant,iPhone,182 500 ,Nord foire,https://i.roamcdn.net/hz/ed/listing-thumb-543w/3d9e1d80a049a551443b7fa3e3e75db7/-/horizon-files-prod/ed/picture/qzvpwe56/aff5bf512a32d203b873267cef58b5fc5168a4b5.jpg
1073,"<h1 class=""listing-item__header"">
    Xiaomi redmi note 13 Pro 5G CE
</h1>",Venant,Xiaomi,200 000 ,Pikine,https://i.roamcdn.net/hz/ed/listing-thumb-543w/284d31dea0e06deb250f5aa825d60896/-/horizon-files-prod/ed/picture/q78w49md/b20151901e3d05ff513f9410713bd37a40056ef1.jpg
1074,"<h1 class=""listing-item__header"">
    Samsung galaxy Z fold 5 512GB 12GB 2sim
</h1>",Venant,Samsung,550 000 ,Pikine,https://i.roamcdn.net/hz/ed/listing-thumb-543w/8aac8c84284295f6ad597487c58b8fbd/-/horizon-files-prod/ed/picture/q0g7xdvw/a060295aeb1a811844643a84e3eda14ac7d5c62c.jpg
1075,"<h1 class=""listing-item__header"">
    Samsung galaxy Z fold 5 256GB 12GB 2sim
</h1>",Venant,Samsung,500 000 ,Pikine,https://i.roamcdn.net/hz/ed/listing-thumb-543w/01bd2145f90ba41c47cc1ef02dac1569/-/horizon-files-prod/ed/picture/qpdm2kd4/651c350df3e124f0eb654783856dab05beb9460f.jpg
1076,"<h1 class=""listing-item__header"">
    Google pixel 9pro Xl
</h1>",Neuf,Google,750 000 ,Plateau,https://i.roamcdn.net/hz/ed/listing-thumb-543w/8f33d3781dc473046e55ca358db07cb4/-/horizon-files-prod/ed/picture/q6xd8zr7/a136be1085c0c1e2a4ea9f5bcf251e22af7c9d95.jpg
1077,"<h1 class=""listing-item__header"">
    Google pixel 9 128Go
</h1>",Neuf,Google,500 000 ,Plateau,https://i.roamcdn.net/hz/ed/listing-thumb-543w/9181fea99d209b4a438446b4a1678a98/-/horizon-files-prod/ed/picture/qgqw7zpk/4d074a834bb45949bdd4af6439e95caa8ec8c4f6.jpg
1078,"<h1 class=""listing-item__header"">
    iphone 8 simple-64Go- VENANT AUTHENTİQUE
</h1>",Venant,iPhone,60 000 ,Médina,https://i.roamcdn.net/hz/ed/listing-thumb-543w/78e42d1b663069f0d6f431c5e7147757/-/horizon-files-prod/ed/picture/qwep020g/e957d742d35e6febce0ed259c8e7023cefc35f21.jpg
1079,"<h1 class=""listing-item__header"">
    iPhone 12 simple -64 Go- VENANT AUTHENTİQUE
</h1>",Venant,iPhone,175 000 ,Médina,https://i.roamcdn.net/hz/ed/listing-thumb-543w/c1b63f5207785812ebd5b426249656a1/-/horizon-files-prod/ed/picture/q8v4wrgp/94de9e8ed7e9c5d9cf2bddc690caab258bef9337.jpg
1080,"<h1 class=""listing-item__header"">
    IPHONE 14 PRO MAX
</h1>",Venant,iPhone,430 000 ,Gueule-Tapée,https://i.roamcdn.net/hz/ed/listing-thumb-543w/24c0e13bd2c51c4623b7756e67c60200/-/horizon-files-prod/ed/picture/q9mj2w57/3bbc9ceb350758745e20b73bdfef8453eb522cc1.jpg
1081,"<h1 class=""listing-item__header"">
    Tecno Spark 20 - 256Go Ram 16 Go
</h1>",Neuf,Tecno,86 000 ,Castor,https://i.roamcdn.net/hz/ed/listing-thumb-543w/7dbcbe13bf2f29b0f2d1001ae94f48ad/-/horizon-files-prod/ed/picture/qxj2epkz/372942078e58e82450b30039bce7388e2aa45d0c.jpg
1082,"<h1 class=""listing-item__header"">
    Galaxy S22 ultra 256 8
</h1>",Neuf,Samsung,350 000 ,Médina,https://i.roamcdn.net/hz/ed/listing-thumb-543w/eee4ceedc0c13d89074e56a3ea01669c/-/horizon-files-prod/ed/picture/q9mjxwm8/4592a1f906f31415b4092cbadcca7dc020ffd219.jpg
1083,"<h1 class=""listing-item__header"">
    Galaxy S22 plus 256 8
</h1>",Neuf,Samsung,250 000 ,Médina,https://i.roamcdn.net/hz/ed/listing-thumb-543w/c72f5895904006d57b322cfb5b91e13a/-/horizon-files-prod/ed/picture/q2j02x8k/59aa963a5b5aacee0cf59ce3da87ec08625af751.jpg
1084,"<h1 class=""listing-item__header"">
    16 simple 128G
</h1>",Neuf,iPhone,550 000 ,Médina,https://i.roamcdn.net/hz/ed/listing-thumb-543w/8a7533340444dd83016c5e192b1405dd/-/horizon-files-prod/ed/picture/q44nwpvv/06bd009d03d43a362e8e71f3305092d8e7fe4c4e.jpg
1085,"<h1 class=""listing-item__header"">
    Samsung Galaxy note 8 venant 256go ram 6go
</h1>",Venant,Samsung,90 000 ,Colobane,https://i.roamcdn.net/hz/ed/listing-thumb-543w/2585b0a6e9d8b47125f0f3bd1ce35ff0/-/horizon-files-prod/ed/picture/q9mjn82w/8064245eb2fce3508d7b50b957c7c80e4c98e73d.jpg
1086,"<h1 class=""listing-item__header"">
    Tecno pop 9 64go ram 6go 4g 13megapixel
</h1>",Neuf,Tecno,55 000 ,Colobane,https://i.roamcdn.net/hz/ed/listing-thumb-543w/0ce9eeed6d1e0f98578322ce60832cd8/-/horizon-files-prod/ed/picture/qrz8rqm8/504637b3c8f76bc31fb2840e6e933d156f798d29.jpg
1087,"<h1 class=""listing-item__header"">
    Samsung galaxy A05 neuf 128go
</h1>",Neuf,Samsung,65 000 ,Parcelles Assainies,https://i.roamcdn.net/hz/ed/listing-thumb-543w/d0b6eada8678370440b2b2ac8d715e3e/-/horizon-files-prod/ed/picture/qzvdgg7x/3ca0018271bcdf5a5d200dd0cf220cd15ba6677b.jpg
1088,"<h1 class=""listing-item__header"">
    Xr 128go scellé
</h1>",Neuf,iPhone,180 000 ,Plateau,https://i.roamcdn.net/hz/ed/listing-thumb-543w/7e52df50e4de014813b34da7d5fa2cea/-/horizon-files-prod/ed/picture/q78w5qk8/f9e9380b808a03646e34e64e848eb3a6e783de66.jpg
1089,"<h1 class=""listing-item__header"">
    iPhone 11 Pro Max 256G scellé
</h1>",Neuf,iPhone,275 000 ,Plateau,https://i.roamcdn.net/hz/ed/listing-thumb-543w/257b3eeefc959edb717663cca29412f2/-/horizon-files-prod/ed/picture/qpdmrjvx/bee213fa252a3898ee78560ab2bdf55587613270.jpg
1090,"<h1 class=""listing-item__header"">
    iphone 8 simple-64Go- VENANT AUTHENTİQUE
</h1>",Venant,iPhone,60 000 ,Médina,https://i.roamcdn.net/hz/ed/listing-thumb-543w/78e42d1b663069f0d6f431c5e7147757/-/horizon-files-prod/ed/picture/qwep020g/e957d742d35e6febce0ed259c8e7023cefc35f21.jpg
1091,"<h1 class=""listing-item__header"">
    iPhone 12 simple -64 Go- VENANT AUTHENTİQUE
</h1>",Venant,iPhone,175 000 ,Médina,https://i.roamcdn.net/hz/ed/listing-thumb-543w/c1b63f5207785812ebd5b426249656a1/-/horizon-files-prod/ed/picture/q8v4wrgp/94de9e8ed7e9c5d9cf2bddc690caab258bef9337.jpg
1092,"<h1 class=""listing-item__header"">
    IPhone 11 64 giga
</h1>",Venant,iPhone,135 000 ,Castor,https://i.roamcdn.net/hz/ed/listing-thumb-543w/77ab538cfd8fdecb66b22efe41b194ae/-/horizon-files-prod/ed/picture/q0g7d7ek/d47c463d37293d05c206483a312f1a62c558fee0.jpg
1093,"<h1 class=""listing-item__header"">
    iPhone 13 simple
</h1>",Neuf,iPhone,290 000 ,Médina,https://i.roamcdn.net/hz/ed/listing-thumb-543w/ed34e4cd09a083e78084f253f2caf65a/-/horizon-files-prod/ed/picture/q78w40nj/1830e5839a1fdb32e9090f4b4cd0907e4b83c763.jpg
1094,"<h1 class=""listing-item__header"">
    Iphone 16Plus 256Go scelle sim physique
</h1>",Neuf,iPhone,680 000 ,Médina,https://i.roamcdn.net/hz/ed/listing-thumb-543w/331c954c3afac6c7055cfce20fc70010/-/horizon-files-prod/ed/picture/q0g7v9m8/1276fbf6da48051c39b24d1e8c665f1544af4150.jpg
1095,"<h1 class=""listing-item__header"">
    Iphone 15Pro 128Go
</h1>",Venant,iPhone,450 000 ,Médina,https://i.roamcdn.net/hz/ed/listing-thumb-543w/2c54ff37c30ead9dad43f83fbc0ee694/-/horizon-files-prod/ed/picture/q6xd8v0d/65c99d9aecce8965bc38fe4073dbd81475af1a54.jpg
1096,"<h1 class=""listing-item__header"">
    Huawei p3 pro 128go ram8
</h1>",Neuf,Huawei,124 900 ,Colobane,https://i.roamcdn.net/hz/ed/listing-thumb-543w/0ea306ce8475ea484ebd5e2b7f387637/-/horizon-files-prod/ed/picture/qm5gqjzw/1e22cd37e8b6c73ff2d8eb8e852255bcc9143c4b.jpg
1097,"<h1 class=""listing-item__header"">
    iPhone 13 mini
</h1>",Venant,iPhone,210 000 ,Yoff,https://i.roamcdn.net/hz/ed/listing-thumb-543w/882416b9ab1169679556a6445f50b1a7/-/horizon-files-prod/ed/picture/qngpnqzw/c927be0fc7d4291ba2026cf01c16bdadb4432753.jpg
1098,"<h1 class=""listing-item__header"">
    Samsung galaxy S23 256GB 8GB ram 2sim
</h1>",Venant,Samsung,230 000 ,Pikine,https://i.roamcdn.net/hz/ed/listing-thumb-543w/02a6bf27d71f48db697de263e3dd9df0/-/horizon-files-prod/ed/picture/q6xdv6zj/dbbbc21e36c57d3af4e93c790fecdf195fbd7869.jpg
1099,"<h1 class=""listing-item__header"">
    Honor magique V2 512GB 16GB 2sim
</h1>",Venant,Honor,650 000 ,Pikine,https://i.roamcdn.net/hz/ed/listing-thumb-543w/091fd87e63afc2f077771d5db8f79c23/-/horizon-files-prod/ed/picture/qpdmrj2v/88ed07780142d9c0c9f0b1ab727a31ea9339e344.jpg
1100,"<h1 class=""listing-item__header"">
    Xiaomi Mi 13 256GB 8GB ram 2sim 5G
</h1>",Venant,Xiaomi,230 000 ,Pikine,https://i.roamcdn.net/hz/ed/listing-thumb-543w/b9471fb1291f3df029dc9b4967b4c194/-/horizon-files-prod/ed/picture/qm5gqjdq/a7f5440b0aea576a2f685674464fec685a822a72.jpg
1101,"<h1 class=""listing-item__header"">
    16 pro max
</h1>",Neuf,iPhone,860 000 ,Médina,https://i.roamcdn.net/hz/ed/listing-thumb-543w/f6c3ad97167d3e11539a8aa3e56be326/-/horizon-files-prod/ed/picture/qpdmrjj0/62226381c35a5f94820eec8a1f5b5d64d14d3d02.jpg
1102,"<h1 class=""listing-item__header"">
    iphone 8 simple-64Go- VENANT AUTHENTİQUE
</h1>",Venant,iPhone,60 000 ,Médina,https://i.roamcdn.net/hz/ed/listing-thumb-543w/78e42d1b663069f0d6f431c5e7147757/-/horizon-files-prod/ed/picture/qwep020g/e957d742d35e6febce0ed259c8e7023cefc35f21.jpg
1103,"<h1 class=""listing-item__header"">
    iPhone 12 simple -64 Go- VENANT AUTHENTİQUE
</h1>",Venant,iPhone,175 000 ,Médina,https://i.roamcdn.net/hz/ed/listing-thumb-543w/c1b63f5207785812ebd5b426249656a1/-/horizon-files-prod/ed/picture/q8v4wrgp/94de9e8ed7e9c5d9cf2bddc690caab258bef9337.jpg
1104,"<h1 class=""listing-item__header"">
    15 simple
</h1>",Neuf,iPhone,410 000 ,Médina,https://i.roamcdn.net/hz/ed/listing-thumb-543w/20e6e6e969f041387fa955339e6eff76/-/horizon-files-prod/ed/picture/qj4q9xx6/7377eae6633743639e8d49499c0beb7c01905e4a.jpg
1105,"<h1 class=""listing-item__header"">
    Samsung galaxie fold 3/256
</h1>",Neuf,Samsung,285 000 ,Plateau,https://i.roamcdn.net/hz/ed/listing-thumb-543w/3e3269a4de48983bf8b25c8cfe8500ee/-/horizon-files-prod/ed/picture/qv4wkez5/379a77edaa8897c19b5c219cf38e086461f1fea8.jpg
1106,"<h1 class=""listing-item__header"">
    iPhone xr
</h1>",Venant,iPhone,110 000 ,Yoff,https://i.roamcdn.net/hz/ed/listing-thumb-543w/9d620dc5bb84d0afa5b8fd29df94ae52/-/horizon-files-prod/ed/picture/qpdmq442/5027d43f7d941a2876fc2bb626d2c5975a9cc441.jpg
1107,"<h1 class=""listing-item__header"">
    12-128GB
</h1>",D'occasion,iPhone,175 000 ,Médina,https://i.roamcdn.net/hz/ed/listing-thumb-543w/9e2b4e00dd554b47756ed658ef0a8db0/-/horizon-files-prod/ed/picture/q9mjxnmj/e9089c7131c1529953fa8e7790339e3d761d5088.jpg
1108,"<h1 class=""listing-item__header"">
    Oppo Reno10pro 512giga
</h1>",Neuf,Oppo,200 000 ,Parcelles Assainies,https://i.roamcdn.net/hz/ed/listing-thumb-543w/8b5912c1cf43f999f810b77249aad5a3/-/horizon-files-prod/ed/picture/qv4wvdex/42563ee9173dd6f4a38c854d8554f5a944468a55.jpg
1109,"<h1 class=""listing-item__header"">
    Oppo reno 11pro 512giga
</h1>",Neuf,Oppo,200 000 ,Parcelles Assainies,https://i.roamcdn.net/hz/ed/listing-thumb-543w/cac0c53c369343540673dec320879b56/-/horizon-files-prod/ed/picture/qwep0r20/9b934cd7745c51b0c4a01b19e00c3e2b464779b4.jpg
1110,"<h1 class=""listing-item__header"">
    iPhone 16 simple
</h1>",Neuf,iPhone,600 000 ,Médina,https://i.roamcdn.net/hz/ed/listing-thumb-543w/096dbaa57c22603e13bd7052d854ab27/-/horizon-files-prod/ed/picture/qzvpwj2g/779cf127cee95d5a89e2a53065b6be9033487cac.jpg
1111,"<h1 class=""listing-item__header"">
    Samsung galaxy Z flip 3 128GB 8GB ram
</h1>",Venant,Samsung,165 000 ,Pikine,https://i.roamcdn.net/hz/ed/listing-thumb-543w/a51ac5ef45d6e3c0bdfcbd7576c6094a/-/horizon-files-prod/ed/picture/qpdm20jp/0aa8429b8d10efae761caf7d8467e84b720ac08a.jpg
1112,"<h1 class=""listing-item__header"">
    Iphone 15
</h1>",Neuf,iPhone,570 000 ,Point-e,https://i.roamcdn.net/hz/ed/listing-thumb-543w/e2d8af6f0e0b7ab26c6846c2aab431c0/-/horizon-files-prod/ed/picture/qxjpw2dz/a568ed2df8d0b50f6401918b7dd359f31dabe601.jpg
1113,"<h1 class=""listing-item__header"">
    Iphone 11simple
</h1>",Venant,iPhone,170 000 ,Plateau,https://i.roamcdn.net/hz/ed/listing-thumb-543w/11cba7ad42b7cd3f44194510e3e0607e/-/horizon-files-prod/ed/picture/qrz8m6gg/d8a3efbc68bfeaded1b780413d10fdfe2c643718.jpg
1114,"<h1 class=""listing-item__header"">
    iphone 8 simple-64Go- VENANT AUTHENTİQUE
</h1>",Venant,iPhone,60 000 ,Médina,https://i.roamcdn.net/hz/ed/listing-thumb-543w/78e42d1b663069f0d6f431c5e7147757/-/horizon-files-prod/ed/picture/qwep020g/e957d742d35e6febce0ed259c8e7023cefc35f21.jpg
1115,"<h1 class=""listing-item__header"">
    iPhone 12 simple -64 Go- VENANT AUTHENTİQUE
</h1>",Venant,iPhone,175 000 ,Médina,https://i.roamcdn.net/hz/ed/listing-thumb-543w/c1b63f5207785812ebd5b426249656a1/-/horizon-files-prod/ed/picture/q8v4wrgp/94de9e8ed7e9c5d9cf2bddc690caab258bef9337.jpg
1116,"<h1 class=""listing-item__header"">
    IPhone 14 pro Max 128 go
</h1>",Venant,iPhone,450 000 ,Sicap Liberté,https://i.roamcdn.net/hz/ed/listing-thumb-543w/8f5210bdf901d1c8ad59a2f4a103346c/-/horizon-files-prod/ed/picture/q8v4rkj6/3d53862f453115ca72ae638a0aa7dcf75b149593.jpg
1117,"<h1 class=""listing-item__header"">
    IPhone 12 Pro Max 256 go
</h1>",D'occasion,iPhone,250 000 ,Sicap Liberté,https://i.roamcdn.net/hz/ed/listing-thumb-543w/3ee35771daff4f2f6b7111eabc501e5b/-/horizon-files-prod/ed/picture/q9mjxrpx/678c2c2b93fb805e10f9ed0ad3a4a96f12b5c0d7.jpg
1118,"<h1 class=""listing-item__header"">
    IPhone 13 Pro Max 256 go
</h1>",Venant,iPhone,380 000 ,Sicap Liberté,https://i.roamcdn.net/hz/ed/listing-thumb-543w/d7513b41b645dc1e3e6e0abd09bde51b/-/horizon-files-prod/ed/picture/q6xd8rgz/1b0a52a4da46afaad7ddae76195dd451f616805b.jpg
1119,"<h1 class=""listing-item__header"">
    iPhone 13 Pro 128 go
</h1>",Venant,iPhone,310 000 ,Sicap Liberté,https://i.roamcdn.net/hz/ed/listing-thumb-543w/9b7a47ad9e14dd3ee4d1a282bc130cbd/-/horizon-files-prod/ed/picture/qde7md50/aa8a2e42c866e47e2cd7fc38f7faf4c4b527d203.jpg
1120,"<h1 class=""listing-item__header"">
    iPad 9eme génération 2021
</h1>",Neuf,iPad,220 000 ,Sicap Liberté,https://i.roamcdn.net/hz/ed/listing-thumb-543w/32af034753d0b43efa452821b0d887eb/-/horizon-files-prod/ed/picture/qpdmrnxm/9750f023ce888663872bd619e309c79badb31514.jpg
1121,"<h1 class=""listing-item__header"">
    GALAXY SAMSUNG A16 128GB RAM 4GB
</h1>",Neuf,Samsung,119 000 ,Plateau,https://i.roamcdn.net/hz/ed/listing-thumb-543w/119aec039deb7b2cd19a171421dd897d/-/horizon-files-prod/ed/picture/qzvpdv7n/1634ed8d5da9cc622246c4aa5375ae9a48c87fa1.jpg
1122,"<h1 class=""listing-item__header"">
    GALAXY SAMSUNG A16 256GB RAM8
</h1>",Neuf,Samsung,135 000 ,Plateau,https://i.roamcdn.net/hz/ed/listing-thumb-543w/c9988ec23958ba1894b560cb8c414948/-/horizon-files-prod/ed/picture/q2j098ek/409788ac2f54cf63fe0568fb6b65f490bec847a5.jpg
1123,"<h1 class=""listing-item__header"">
    14 pro max 256Go scellé
</h1>",Neuf,iPhone,600 000 ,Plateau,https://i.roamcdn.net/hz/ed/listing-thumb-543w/a2ddd1b7a07f61b3a16f6aa19b65c0ad/-/horizon-files-prod/ed/picture/qj4q7v48/30f6626773de3930944f32aaa4e88d6e493ba3d8.jpg
1124,"<h1 class=""listing-item__header"">
    Galaxy s24 + buds 3 pro
</h1>",Neuf,Samsung,500 000 ,Colobane,https://i.roamcdn.net/hz/ed/listing-thumb-543w/58c7245f9a37a6df01f349d758ceceea/-/horizon-files-prod/ed/picture/q9mjx9wj/725d3e9d5f85f0303480860f3141e7a9d4e6c32a.jpg
1125,"<h1 class=""listing-item__header"">
    Samsung Galaxy S21 128Go
</h1>",Venant,Samsung,150 000 ,Colobane,https://i.roamcdn.net/hz/ed/listing-thumb-543w/3b0bbe1872770339c7c51ef209f8b673/-/horizon-files-prod/ed/picture/qrz8j46j/09e3729bb02e79b4088f981685978643aa96744f.png
1126,"<h1 class=""listing-item__header"">
    iphone 8 simple-64Go- VENANT AUTHENTİQUE
</h1>",Venant,iPhone,60 000 ,Médina,https://i.roamcdn.net/hz/ed/listing-thumb-543w/78e42d1b663069f0d6f431c5e7147757/-/horizon-files-prod/ed/picture/qwep020g/e957d742d35e6febce0ed259c8e7023cefc35f21.jpg
1127,"<h1 class=""listing-item__header"">
    Samsung galaxy fold 6 256G
</h1>",Neuf,Samsung,750 000 ,Liberte 6 extension,https://i.roamcdn.net/hz/ed/listing-thumb-543w/fb52b15c5a77dff4c6ebb42103a77b2c/-/horizon-files-prod/ed/picture/qq42e5v6/b910e6b186d4206e3759a489da1e8d6e88f16450.jpg
1128,"<h1 class=""listing-item__header"">
    Samsung S9 256Go 2 Sim
</h1>",Venant,Samsung,79 000 ,Médina,https://i.roamcdn.net/hz/ed/listing-thumb-543w/78e7e803b239e4a53987ddbaa71281cd/-/horizon-files-prod/ed/picture/q78w4xrg/355efbc1fd9049e41f28cde086bba9a5448fdf74.jpg
1129,"<h1 class=""listing-item__header"">
    iPhone 14 pro
</h1>",Venant,iPhone,370 000 ,Yoff,https://i.roamcdn.net/hz/ed/listing-thumb-543w/036b0eefdd76ca714ca4233a3821908b/-/horizon-files-prod/ed/picture/qzvpwr89/1aa80659b28ee3837dd1c17e22d07391f32443c5.jpg
1130,"<h1 class=""listing-item__header"">
    Samsung Z fold 4 512GB 2SIM Scélle
</h1>",Neuf,Samsung,480 000 ,Plateau,https://i.roamcdn.net/hz/ed/listing-thumb-543w/e1e0f4d3d99641fd4df72d02a6c37a0f/-/horizon-files-prod/ed/picture/qkr8n682/6717f9f941e0a238f11321792e3a19ae3bfe040b.jpg
1131,"<h1 class=""listing-item__header"">
    iPhone 13 Pro Max 128GB scellé
</h1>",Neuf,iPhone,415 000 ,Plateau,https://i.roamcdn.net/hz/ed/listing-thumb-543w/47cb88480ac54d3dd63618e72532c694/-/horizon-files-prod/ed/picture/q8v4rk44/b3c42e29ae7c167ad48059c458a4667e034ddc77.jpg
1132,"<h1 class=""listing-item__header"">
    iPhone 15plus 128Go eSIM
</h1>",Neuf,iPhone,420 000 ,Médina,https://i.roamcdn.net/hz/ed/listing-thumb-543w/f896b51ee68c1b31adbdd377384530ad/-/horizon-files-prod/ed/picture/q78w4x5x/58aa846e0be6965034e1def4f83e978abc1638e1.jpg
1133,"<h1 class=""listing-item__header"">
    iPhone 12 Pro 128GB scellé
</h1>",Neuf,iPhone,275 000 ,Plateau,https://i.roamcdn.net/hz/ed/listing-thumb-543w/5ca0f1e67560cc258d34f6bb529e9faf/-/horizon-files-prod/ed/picture/qngp80pg/b0104d051d856bef30aaa7ae79a4cfa172f512fa.jpg
1134,"<h1 class=""listing-item__header"">
    IPhone 11 Pro 256GB
</h1>",Neuf,iPhone,255 000 ,Plateau,https://i.roamcdn.net/hz/ed/listing-thumb-543w/f9f0e522f5e5ffcdbea1e3d053077e20/-/horizon-files-prod/ed/picture/qxjp9w2v/73743935a72109a3974f223572c8954cc86efc17.jpg
1135,"<h1 class=""listing-item__header"">
    iPhone 15 128GB SIM
</h1>",Neuf,iPhone,445 000 ,Plateau,https://i.roamcdn.net/hz/ed/listing-thumb-543w/da361e56ab02fcbc7cd7031ba482c18e/-/horizon-files-prod/ed/picture/qngp80xz/c7aea5233fb8e0d06b583620fb34d66a4ef71a3a.jpg
1136,"<h1 class=""listing-item__header"">
    iPhone 14 Pro Max 128GB SIM
</h1>",Venant,iPhone,420 000 ,Plateau,https://i.roamcdn.net/hz/ed/listing-thumb-543w/38f1ab2bf89e2328da5e88399d894b78/-/horizon-files-prod/ed/picture/qv4wv9ek/aeb78b940a9f8e75f5c35fcc470af18c392a6be3.jpg
1137,"<h1 class=""listing-item__header"">
    LG wing venant 128go ram 8go 5g
</h1>",Venant,LG,165 000 ,Colobane,https://i.roamcdn.net/hz/ed/listing-thumb-543w/3eb61556a942c6c762cf98c41ce8d98a/-/horizon-files-prod/ed/picture/q2j00qvg/5fcd997b4731e9c872ac9a6cd315f82bc8808384.jpg
1138,"<h1 class=""listing-item__header"">
    iphone 8 simple-64Go- VENANT AUTHENTİQUE
</h1>",Venant,iPhone,60 000 ,Médina,https://i.roamcdn.net/hz/ed/listing-thumb-543w/78e42d1b663069f0d6f431c5e7147757/-/horizon-files-prod/ed/picture/qwep020g/e957d742d35e6febce0ed259c8e7023cefc35f21.jpg
1139,"<h1 class=""listing-item__header"">
    Samsung galaxy fold 6 256G
</h1>",Neuf,Samsung,750 000 ,Liberte 6 extension,https://i.roamcdn.net/hz/ed/listing-thumb-543w/fb52b15c5a77dff4c6ebb42103a77b2c/-/horizon-files-prod/ed/picture/qq42e5v6/b910e6b186d4206e3759a489da1e8d6e88f16450.jpg
1140,"<h1 class=""listing-item__header"">
    Samsung note 10 plus 512go ram 12 go
</h1>",Venant,Samsung,175 000 ,Colobane,https://i.roamcdn.net/hz/ed/listing-thumb-543w/fb6e577e19919b6f019d90822d32f5bd/-/horizon-files-prod/ed/picture/qm5gjq6j/be77148db2a29e3e31451c8c32c79cfb1c0ecb45.jpg
1141,"<h1 class=""listing-item__header"">
    Huawei y9 2019 ram 6go 4g
</h1>",Venant,Huawei,50 000 ,Colobane,https://i.roamcdn.net/hz/ed/listing-thumb-543w/015d2570010ab6cd58f50983d38bc24d/-/horizon-files-prod/ed/picture/q8v56260/d41072ac6ffa470ebc21eaa8edbb94fa784e88e1.png
1142,"<h1 class=""listing-item__header"">
    16 simple 128GB
</h1>",Neuf,iPhone,570 000 ,Médina,https://i.roamcdn.net/hz/ed/listing-thumb-543w/a9335f0931589ea278bf0112543bc3ff/-/horizon-files-prod/ed/picture/q2j0974d/8ab301842a8c3ea760616f853976c84f3720dfbd.jpg
1143,"<h1 class=""listing-item__header"">
    Samsung A05 64GB
</h1>",Neuf,Samsung,53 000 ,Castor,https://i.roamcdn.net/hz/ed/listing-thumb-543w/cc4868985fc416d7212fd2c1e7193ef3/-/horizon-files-prod/ed/picture/qzvpezq9/54157a2de54de424a67d20912ca4752e061aa143.jpg
1144,"<h1 class=""listing-item__header"">
    iPhone 15 pro Max 512Go scellé
</h1>",Neuf,iPhone,850 000 ,Plateau,https://i.roamcdn.net/hz/ed/listing-thumb-543w/384dd79949f808766fb7afece8bebb46/-/horizon-files-prod/ed/picture/qwep5dw4/b634a321aeab70b5feb5922b4fbbe4ec54bd5bf1.png
1145,"<h1 class=""listing-item__header"">
    Oppo Reno 10 Pro 5G
</h1>",Neuf,Oppo,225 000 ,Plateau,https://i.roamcdn.net/hz/ed/listing-thumb-543w/884d752310d87788f73a90baa9e4fae8/-/horizon-files-prod/ed/picture/qwe2qr00/7aa0af95f0c08417a2c7965b8b823bfa89cb3146.jpg
1146,"<h1 class=""listing-item__header"">
    Vente Pixel 9 Pro Fold 5G
</h1>",Neuf,Google,995 000 ,Plateau,https://i.roamcdn.net/hz/ed/listing-thumb-543w/70cc0a9cec834fc8b1f8a8211a003a44/-/horizon-files-prod/ed/picture/qenvw672/25c35ec8e7bf7a9b91b66c6d162b4458db216e20.jpg
1147,"<h1 class=""listing-item__header"">
    Vente Samsung Galaxy TAP S9 WiFi
</h1>",Venant,Samsung,325 000 ,Plateau,https://i.roamcdn.net/hz/ed/listing-thumb-543w/4413369e0b90fdb4be896501acc965d1/-/horizon-files-prod/ed/picture/qngpwn6k/d8603bf47e81d2d94814dde9ea8d83c40d7409c5.jpg
1148,"<h1 class=""listing-item__header"">
    15plus 128G
</h1>",Venant,iPhone,450 000 ,Médina,https://i.roamcdn.net/hz/ed/listing-thumb-543w/2b947c2a9031d6e60b54cb440727fbc7/-/horizon-files-prod/ed/picture/q0g7vnzj/6e666116ac56574a52efdf97537623b7362ebc7e.jpg
1149,"<h1 class=""listing-item__header"">
    iPhone 16 simple 256 pink
</h1>",Neuf,iPhone,630 000 ,Médina,https://i.roamcdn.net/hz/ed/listing-thumb-543w/c4f435f678862a8ca63a0d58f3a4ac65/-/horizon-files-prod/ed/picture/qpdmr07j/d9018ce894d67a3f4ea08261688edaaa276860fc.jpg
1150,"<h1 class=""listing-item__header"">
    iphone 8 simple-64Go- VENANT AUTHENTİQUE
</h1>",Venant,iPhone,60 000 ,Médina,https://i.roamcdn.net/hz/ed/listing-thumb-543w/78e42d1b663069f0d6f431c5e7147757/-/horizon-files-prod/ed/picture/qwep020g/e957d742d35e6febce0ed259c8e7023cefc35f21.jpg
1151,"<h1 class=""listing-item__header"">
    iPhone 12 simple -64 Go- VENANT AUTHENTİQUE
</h1>",Venant,iPhone,175 000 ,Médina,https://i.roamcdn.net/hz/ed/listing-thumb-543w/c1b63f5207785812ebd5b426249656a1/-/horizon-files-prod/ed/picture/q8v4wrgp/94de9e8ed7e9c5d9cf2bddc690caab258bef9337.jpg
1152,"<h1 class=""listing-item__header"">
    IPhone 16 pro max
</h1>",Neuf,iPhone,810 000 ,Hann maristes,https://i.roamcdn.net/hz/ed/listing-thumb-543w/0d0f991ae04d1c733cd969bd8dc490b7/-/horizon-files-prod/ed/picture/q9mjx5w7/ba2967e8dc4afde32bd8cfb769b5488f5bbf936f.jpg
1153,"<h1 class=""listing-item__header"">
    15pro 128G
</h1>",Venant,iPhone,490 000 ,Médina,https://i.roamcdn.net/hz/ed/listing-thumb-543w/7f5ddb692e38259fef405967a7241dd9/-/horizon-files-prod/ed/picture/qgqw7pdm/ebdcaaf07ffca02442f918fb80d3f5223a45b216.jpg
1154,"<h1 class=""listing-item__header"">
    IPhone 15 pro max 512gb
</h1>",Venant,iPhone,639 000 ,Hann maristes,https://i.roamcdn.net/hz/ed/listing-thumb-543w/0c23f68cc8e6128cc7953bd38f43ff77/-/horizon-files-prod/ed/picture/q0g7vnkk/eef8abfb1206032f1674e8f8bc49f0ccc2fc3d3a.jpg
1155,"<h1 class=""listing-item__header"">
    iPhone 16 Pro Max 256G Scellé
</h1>",Neuf,iPhone,880 000 ,Gueule-Tapée,https://i.roamcdn.net/hz/ed/listing-thumb-543w/e0add6ad77ed7810d3690e4663f875bc/-/horizon-files-prod/ed/picture/q0g7vn26/ed5db2605a2971089de51e28ee1e7ca85431e2fa.jpg
1156,"<h1 class=""listing-item__header"">
    Xr 128giga Version IPhone 16
</h1>",Venant,iPhone,150 000 ,Gueule-Tapée,https://i.roamcdn.net/hz/ed/listing-thumb-543w/e435322018d16dc89d869d6126f566fe/-/horizon-files-prod/ed/picture/qrz8mrg5/28790920a2156157cf634abe047b204209370df2.jpg
1157,"<h1 class=""listing-item__header"">
    iPhone 13Simple 128giga
</h1>",Venant,iPhone,245 000 ,Gueule-Tapée,https://i.roamcdn.net/hz/ed/listing-thumb-543w/c428a047043ec8e943bf52405dd884f4/-/horizon-files-prod/ed/picture/qj4q96v6/51b834a11fb9d2ce4129deab700f950cfdb8df32.jpg
1158,"<h1 class=""listing-item__header"">
    Samsung S21 G5 - 128giga
</h1>",Venant,Samsung,170 000 ,Gueule-Tapée,https://i.roamcdn.net/hz/ed/listing-thumb-543w/2082619185913ebfe528788db4690ac2/-/horizon-files-prod/ed/picture/qenvz9d2/166338a5125890cea7a2250d87e02114f0bb507a.jpg
1159,"<h1 class=""listing-item__header"">
    Vente Google Pixel 8a 5G
</h1>",Neuf,Google,290 000 ,Plateau,https://i.roamcdn.net/hz/ed/listing-thumb-543w/c0f5c50f1cd4f2ff3cf634f733fa30a2/-/horizon-files-prod/ed/picture/qde7682j/4479cb67aa51ac81d81c811bf969348528b8c33b.jpg
1160,"<h1 class=""listing-item__header"">
    Vente Samsung Galaxy S24+ 5G
</h1>",Venant,Samsung,380 000 ,Plateau,https://i.roamcdn.net/hz/ed/listing-thumb-543w/5fa08a110aef2c70056f3e847fa9af26/-/horizon-files-prod/ed/picture/qv4wxgqk/0597fcdd3643a87e5593124a5c3c3b6a5329fb44.jpg
1161,"<h1 class=""listing-item__header"">
    Google pixel 9 pro
</h1>",Neuf,Google,550 000 ,Yoff,https://i.roamcdn.net/hz/ed/listing-thumb-543w/e33d91124e8dd0e91e00b8bf568b06d4/-/horizon-files-prod/ed/picture/qxjp985z/abd6c5fc440363960b124a2348ec26b7e16ff277.jpg
1162,"<h1 class=""listing-item__header"">
    iphone 8 simple-64Go- VENANT AUTHENTİQUE
</h1>",Venant,iPhone,60 000 ,Médina,https://i.roamcdn.net/hz/ed/listing-thumb-543w/78e42d1b663069f0d6f431c5e7147757/-/horizon-files-prod/ed/picture/qwep020g/e957d742d35e6febce0ed259c8e7023cefc35f21.jpg
1163,"<h1 class=""listing-item__header"">
    iPhone 16 pro sim physique
</h1>",Neuf,iPhone,670 000 ,Médina,https://i.roamcdn.net/hz/ed/listing-thumb-543w/20eafa147714024f6cf27b843e668421/-/horizon-files-prod/ed/picture/qkr8eq9m/20d5c19e5ed42741aec8ec5311328dc0ae079046.jpg
1164,"<h1 class=""listing-item__header"">
    iPhone 16 Pro 256GB SIM
</h1>",Neuf,iPhone,775 000 ,Fenêtre mermoz,https://i.roamcdn.net/hz/ed/listing-thumb-543w/092e426a11fa314fb55e490809b7b905/-/horizon-files-prod/ed/picture/q9mjrr98/4aa8deaaf1ec61ff2c4fd38e29dbb8d29654ab88.jpg
1165,"<h1 class=""listing-item__header"">
    Google pixels 9 pro XL 256GB 16GB
</h1>",Venant,Google,750 000 ,Pikine,https://i.roamcdn.net/hz/ed/listing-thumb-543w/6fe909613812ca97005993bf7fd54b01/-/horizon-files-prod/ed/picture/q6xd42z7/0c84a91c908bcb6ae5a02eec9761c3d489bbaa1c.jpg
1166,"<h1 class=""listing-item__header"">
    HUAWEI NOVA 2PLUS
</h1>",Neuf,Huawei,50 000 ,Hlm,https://i.roamcdn.net/hz/ed/listing-thumb-543w/0d619f6fa784b8d2036a3039523c8a83/-/horizon-files-prod/ed/picture/qxjp98vz/7ec69b4cc453b1f6c8ffd5a7787e85a6dacc9f1c.jpg
1167,"<h1 class=""listing-item__header"">
    SONY XPERIA 8
</h1>",Neuf,Sony,60 000 ,Hlm,https://i.roamcdn.net/hz/ed/listing-thumb-543w/cd52f45206e0b1c7c751d16afbf43ec4/-/horizon-files-prod/ed/picture/q44nw5vp/5413f921f2e3cc0b1c7bc6b1e42626f33754aec5.jpg
1168,"<h1 class=""listing-item__header"">
    HUAWEI P20 LITE
</h1>",Neuf,Huawei,60 000 ,Hlm,https://i.roamcdn.net/hz/ed/listing-thumb-543w/a2e51f6cf2a3a5ff51240917bc688fd8/-/horizon-files-prod/ed/picture/q9mjxkqj/f280c7863c9021e0e3ba66517a40930ca7c72ace.jpg
1169,"<h1 class=""listing-item__header"">
    iPhone XR 64gb
</h1>",Venant,iPhone,105 000 ,Castor,https://i.roamcdn.net/hz/ed/listing-thumb-543w/33665d17b19986d4b2a79c5cb55413a4/-/horizon-files-prod/ed/picture/q0g7580w/68f03e95c92251aea1d56cae8fab4be299bec93e.png
1170,"<h1 class=""listing-item__header"">
    Vente Google Pixel 8 5G
</h1>",Neuf,Google,245 000 ,Plateau,https://i.roamcdn.net/hz/ed/listing-thumb-543w/f6d0cf714ef541a47142eceb6177ed1b/-/horizon-files-prod/ed/picture/q56d59z7/e5f2e1bd768a49445ab4af0fbb02ba33f6ced491.jpg
1171,"<h1 class=""listing-item__header"">
    Google pixel 8pro venant 128go ram 8go 5g
</h1>",Venant,Google,350 000 ,Colobane,https://i.roamcdn.net/hz/ed/listing-thumb-543w/468801f6e0ff962d54df92340162ddc9/-/horizon-files-prod/ed/picture/qj4qxn28/64e25a2c8508300e680de478c0903064560ddff7.png
1172,"<h1 class=""listing-item__header"">
    iPhone 16 Plus
</h1>",Neuf,iPhone,590 000 ,Plateau,https://i.roamcdn.net/hz/ed/listing-thumb-543w/395a093c79119526755e922830160571/-/horizon-files-prod/ed/picture/qgqw7mjq/d94040b6737b8f02608f48cde10b41bbee4fdccb.jpg
1173,"<h1 class=""listing-item__header"">
    iPhone 14 simple
</h1>",Venant,iPhone,300 000 ,Yoff,https://i.roamcdn.net/hz/ed/listing-thumb-543w/47136536abebfae6675a4986f269b8ad/-/horizon-files-prod/ed/picture/qpdmrg8r/f9fc3520bf6e9a5b70694e7417de54e800f9181c.jpg
1174,"<h1 class=""listing-item__header"">
    iphone 8 simple-64Go- VENANT AUTHENTİQUE
</h1>",Venant,iPhone,60 000 ,Médina,https://i.roamcdn.net/hz/ed/listing-thumb-543w/78e42d1b663069f0d6f431c5e7147757/-/horizon-files-prod/ed/picture/qwep020g/e957d742d35e6febce0ed259c8e7023cefc35f21.jpg
1175,"<h1 class=""listing-item__header"">
    iPhone 16 pro sim physique
</h1>",Neuf,iPhone,670 000 ,Médina,https://i.roamcdn.net/hz/ed/listing-thumb-543w/20eafa147714024f6cf27b843e668421/-/horizon-files-prod/ed/picture/qkr8eq9m/20d5c19e5ed42741aec8ec5311328dc0ae079046.jpg
1176,"<h1 class=""listing-item__header"">
    IPhone 16 pro max
</h1>",Venant,iPhone,749 900 ,Hann maristes,https://i.roamcdn.net/hz/ed/listing-thumb-543w/3992a698dbb16d91e434b4e17820fafb/-/horizon-files-prod/ed/picture/qxjp9j52/2256e342360e447609e4b93b8e4a67af6e5730e9.jpg
1177,"<h1 class=""listing-item__header"">
    IPhone 15 pro 128 go
</h1>",Venant,iPhone,520 000 ,Sicap Liberté,https://i.roamcdn.net/hz/ed/listing-thumb-543w/74afd868201667e09583ef3398a5ab10/-/horizon-files-prod/ed/picture/q0g7vknz/90b64c570a74c63f415036404bfa49f3de922fdb.jpg
1178,"<h1 class=""listing-item__header"">
    16 simple 128G
</h1>",Neuf,iPhone,550 000 ,Médina,https://i.roamcdn.net/hz/ed/listing-thumb-543w/2b3addd7ff426ad8061550edcb100c35/-/horizon-files-prod/ed/picture/qm5gq0pz/f66be68ad2b39e4c43cbe8f2189efbe7ab2e5963.jpg
1179,"<h1 class=""listing-item__header"">
    IPhone 16 pro max 256 go
</h1>",Neuf,iPhone,930 000 ,Sicap Liberté,https://i.roamcdn.net/hz/ed/listing-thumb-543w/d81a166ea8173607f755703c49964b24/-/horizon-files-prod/ed/picture/qenvzrnk/b6538a3c23478e2314429f625c7bf143bb294925.jpg
1180,"<h1 class=""listing-item__header"">
    IPhone 14 pro Max 256 go
</h1>",Venant,iPhone,530 000 ,Sicap Liberté,https://i.roamcdn.net/hz/ed/listing-thumb-543w/e2bfeeb4cd4030d064d58d7d70f5e462/-/horizon-files-prod/ed/picture/q56dqp6n/94fd18b62072b0db2b7f4bba30482254502010eb.jpg
1181,"<h1 class=""listing-item__header"">
    iPhone 14 Pro Max 1000 go
</h1>",Venant,iPhone,600 000 ,Sicap Liberté,https://i.roamcdn.net/hz/ed/listing-thumb-543w/2486f26b8257b9a47935574a8a3951ad/-/horizon-files-prod/ed/picture/qpdmrgdq/ea12a59f0052b1f416fd1e65cd64c61b46aff21b.jpg
1182,"<h1 class=""listing-item__header"">
    iPhone 11 Pro
</h1>",Venant,iPhone,160 000 ,Yoff,https://i.roamcdn.net/hz/ed/listing-thumb-543w/f0b7b723a726b024cd3ff0a20da4637e/-/horizon-files-prod/ed/picture/qj4q964w/d62f995d290b19ff38fd0682d151e3131e07b2ec.jpg
1183,"<h1 class=""listing-item__header"">
    iPhone 14 pro max
</h1>",Venant,iPhone,450 000 ,Yoff,https://i.roamcdn.net/hz/ed/listing-thumb-543w/9b5e0065f75b2f11a5a8a013257bf4de/-/horizon-files-prod/ed/picture/qm5gp846/522d2045a0756ee9ad444d331a0d2572065fa060.jpg
1184,"<h1 class=""listing-item__header"">
    Huawei p30 lite 128go ram 6 go
</h1>",Venant,Huawei,59 900 ,Colobane,https://i.roamcdn.net/hz/ed/listing-thumb-543w/0f3b729a21245eb4b265a44a61b9eedb/-/horizon-files-prod/ed/picture/qkr8vrqm/b1aebcb293481ea0d1190254692985b82f725773.jpg
1185,"<h1 class=""listing-item__header"">
    SAMSUNG S24 5G
</h1>",Venant,Samsung,280 000 ,Guediawaye,https://i.roamcdn.net/hz/ed/listing-thumb-543w/2336f1a21d68c8077a5b7f9b8ab415d8/-/horizon-files-prod/ed/picture/q0g7v7rd/5fe19152e0070c240db2ad942f880156035faefe.jpg
1186,"<h1 class=""listing-item__header"">
    iphone 8 simple-64Go- VENANT AUTHENTİQUE
</h1>",Venant,iPhone,60 000 ,Médina,https://i.roamcdn.net/hz/ed/listing-thumb-543w/78e42d1b663069f0d6f431c5e7147757/-/horizon-files-prod/ed/picture/qwep020g/e957d742d35e6febce0ed259c8e7023cefc35f21.jpg
1187,"<h1 class=""listing-item__header"">
    Samsung galaxy fold 6 256G
</h1>",Neuf,Samsung,750 000 ,Liberte 6 extension,https://i.roamcdn.net/hz/ed/listing-thumb-543w/fb52b15c5a77dff4c6ebb42103a77b2c/-/horizon-files-prod/ed/picture/qq42e5v6/b910e6b186d4206e3759a489da1e8d6e88f16450.jpg
1188,"<h1 class=""listing-item__header"">
    SAMSUNG S21 5G
</h1>",Venant,Samsung,135 000 ,Guediawaye,https://i.roamcdn.net/hz/ed/listing-thumb-543w/7deb5bf4477b196fa6051a30e0c7dd59/-/horizon-files-prod/ed/picture/q6xd8dpn/e70f3eda3078ccfbe42087346ef39381682ad58b.jpg
1189,"<h1 class=""listing-item__header"">
    Vente Google Pixel 8 Pro 5G
</h1>",Venant,Google,345 000 ,Plateau,https://i.roamcdn.net/hz/ed/listing-thumb-543w/237514241434a879bc112c7d96458014/-/horizon-files-prod/ed/picture/qwep84km/abd554f4c15f6a10d809af2ead9833f3bcceb183.jpg
1190,"<h1 class=""listing-item__header"">
    16 version xr 128go original
</h1>",Venant,iPhone,200 000 ,Plateau,https://i.roamcdn.net/hz/ed/listing-thumb-543w/596a9eb3d9760fff0920eb426927fdb9/-/horizon-files-prod/ed/picture/q8v4r4xz/0c1f12d6d65685ac1c9f6587201f62cf509a2f0e.jpg
1191,"<h1 class=""listing-item__header"">
    Oneplus 11 128GB 8GB ram 2sim
</h1>",Venant,OnePlus,265 000 ,Pikine,https://i.roamcdn.net/hz/ed/listing-thumb-543w/774c07887edea0a0dec1abb787ae1b96/-/horizon-files-prod/ed/picture/q0g7x00j/f70a607c8e6dc7f915c1099af971134217246c05.jpg
1192,"<h1 class=""listing-item__header"">
    Oneplus 10 Pro 256GB 8GB ram 2sim
</h1>",Venant,OnePlus,200 000 ,Pikine,https://i.roamcdn.net/hz/ed/listing-thumb-543w/7286ccf6e153709c2cdd1d63060c9d44/-/horizon-files-prod/ed/picture/qgqwk669/89921189e60811c9dbb2069576c9234cd8c45176.jpg
1193,"<h1 class=""listing-item__header"">
    Samsung S9 256Go
</h1>",Venant,Samsung,95 000 ,Plateau,https://i.roamcdn.net/hz/ed/listing-thumb-543w/6ede223bae5f29e6e0799b6185d0816a/-/horizon-files-prod/ed/picture/qde7mk55/9043d3014704f4a749f1a8466939460a3bd50ad3.jpg
1194,"<h1 class=""listing-item__header"">
    OPPO RENO 7A
</h1>",Venant,Oppo,100 000 ,Hlm,https://i.roamcdn.net/hz/ed/listing-thumb-543w/ef669d8e33d73796ce7a7e66d80a723c/-/horizon-files-prod/ed/picture/qxjp9pjn/e81d4baa32fddd451fa4bb7327f2b474add80b4a.jpg
1195,"<h1 class=""listing-item__header"">
    iPhone 16 Pro 1TB SIM
</h1>",Neuf,iPhone,1 050 000 ,Fenêtre mermoz,https://i.roamcdn.net/hz/ed/listing-thumb-543w/59907fb7180a6741d17aa4ad2ff3d7d3/-/horizon-files-prod/ed/picture/qngp8pg0/01c1fb47e2906f1f5335f9d174475d8c30a11f42.jpg
1196,"<h1 class=""listing-item__header"">
    TECHNO SPARK 30 TRANSFORMERS 256
</h1>",Neuf,Tecno,103 000 ,Guediawaye,https://i.roamcdn.net/hz/ed/listing-thumb-543w/2acf45cf25e98907e22141f581cd7453/-/horizon-files-prod/ed/picture/qq428jez/d3800ec9a2f06be10bfba4fd4bb103a90f73d937.jpg
1197,"<h1 class=""listing-item__header"">
    OPPO A77
</h1>",Venant,Oppo,90 000 ,Hlm,https://i.roamcdn.net/hz/ed/listing-thumb-543w/859d28b13a8e9f788f8ad69823b07472/-/horizon-files-prod/ed/picture/qm5gqgmq/87645236b1aff97a592532f36c41f6c93267ce2e.jpg
1198,"<h1 class=""listing-item__header"">
    iphone 8 simple-64Go- VENANT AUTHENTİQUE
</h1>",Venant,iPhone,60 000 ,Médina,https://i.roamcdn.net/hz/ed/listing-thumb-543w/78e42d1b663069f0d6f431c5e7147757/-/horizon-files-prod/ed/picture/qwep020g/e957d742d35e6febce0ed259c8e7023cefc35f21.jpg
1199,"<h1 class=""listing-item__header"">
    iPhone 12 simple -64 Go- VENANT AUTHENTİQUE
</h1>",Venant,iPhone,175 000 ,Médina,https://i.roamcdn.net/hz/ed/listing-thumb-543w/c1b63f5207785812ebd5b426249656a1/-/horizon-files-prod/ed/picture/q8v4wrgp/94de9e8ed7e9c5d9cf2bddc690caab258bef9337.jpg
1200,"<h1 class=""listing-item__header"">
    Fold 3
</h1>",Venant,Samsung,270 000 ,Yoff,https://i.roamcdn.net/hz/ed/listing-thumb-543w/8f758c455623836c49611236887222eb/-/horizon-files-prod/ed/picture/qwep0zd0/d085dd937007922d42b7017f4561427f13289f44.jpg
1201,"<h1 class=""listing-item__header"">
    Samsung Galaxy Z Fold 6 256GB
</h1>",Neuf,Samsung,799 000 ,Fenêtre mermoz,https://i.roamcdn.net/hz/ed/listing-thumb-543w/6325419997cd95eb291ca79cddfaa4c9/-/horizon-files-prod/ed/picture/qxjp604j/bb7a4c394078368f2afd913a928367c33d7c2879.jpg
1202,"<h1 class=""listing-item__header"">
    REALME GT5
</h1>",Neuf,Huawei,325 000 ,Hlm,https://i.roamcdn.net/hz/ed/listing-thumb-543w/af3b21c32110e129f8ef3cb97b4606e6/-/horizon-files-prod/ed/picture/qv4wve6v/2246920e03970f1d30b4f6770f53ac3eabb51a5a.jpg
1203,"<h1 class=""listing-item__header"">
    XIAOMI 11 ULTRA
</h1>",Neuf,Xiaomi,300 000 ,Hlm,https://i.roamcdn.net/hz/ed/listing-thumb-543w/72031c7e5a32fbb6099a8b47daad476b/-/horizon-files-prod/ed/picture/qzvpwd96/ff8a98e70f590f911ed8b09442b07ddefa655270.jpg
1204,"<h1 class=""listing-item__header"">
    Galaxy s24 ultra512
</h1>",Neuf,Samsung,670 000 ,Médina,https://i.roamcdn.net/hz/ed/listing-thumb-543w/f7befa7b7d881f365dfd0ee5d12d499b/-/horizon-files-prod/ed/picture/q44n26xv/456bbb1fc977a03cd4b4144d9539415e4dfbed76.jpg
1205,"<h1 class=""listing-item__header"">
    15 pro max 256
</h1>",Neuf,iPhone,720 000 ,Médina,https://i.roamcdn.net/hz/ed/listing-thumb-543w/a47e24fcedae4561e3cda32af75fe251/-/horizon-files-prod/ed/picture/qgqwkdv2/4b88c5681039eaea0cb2026921a16967c9e89481.jpg
1206,"<h1 class=""listing-item__header"">
    XIAOMI 13 ULTRA
</h1>",Neuf,Xiaomi,550 000 ,Hlm,https://i.roamcdn.net/hz/ed/listing-thumb-543w/993c527041f1dd0ae861e1e0bf2d1940/-/horizon-files-prod/ed/picture/q56dqx0g/38d95d5bcaeeefea05f3f48bfe9e7dfb058ead9c.jpg
1207,"<h1 class=""listing-item__header"">
    HUAWEI P20 LITE
</h1>",Neuf,Huawei,60 000 ,Colobane,https://i.roamcdn.net/hz/ed/listing-thumb-543w/f650c23e17d457ff497053d283fe183c/-/horizon-files-prod/ed/picture/qxjp92vj/8bed3970cac6c53f72ad8122fdf04e0f262dd333.jpg
1208,"<h1 class=""listing-item__header"">
    HUAWEI MATE 10PRO
</h1>",Neuf,Huawei,90 000 ,Colobane,https://i.roamcdn.net/hz/ed/listing-thumb-543w/6e74e1b7ddf9f7fa1d59a13436e83f3c/-/horizon-files-prod/ed/picture/q44nw8ge/645cc31fade8f6bf22e8f25c08005c49146fd3f2.jpg
1209,"<h1 class=""listing-item__header"">
    OPPO RENO 9PRO
</h1>",Neuf,Oppo,270 000 ,Colobane,https://i.roamcdn.net/hz/ed/listing-thumb-543w/623ecfffb78258839e8f83d40ac69a37/-/horizon-files-prod/ed/picture/q8v4r57j/820417d52aa0e91d40381eca89a156581e36aaaa.jpg
1210,"<h1 class=""listing-item__header"">
    iphone 8 simple-64Go- VENANT AUTHENTİQUE
</h1>",Venant,iPhone,60 000 ,Médina,https://i.roamcdn.net/hz/ed/listing-thumb-543w/78e42d1b663069f0d6f431c5e7147757/-/horizon-files-prod/ed/picture/qwep020g/e957d742d35e6febce0ed259c8e7023cefc35f21.jpg
1211,"<h1 class=""listing-item__header"">
    iPhone 12 simple -64 Go- VENANT AUTHENTİQUE
</h1>",Venant,iPhone,175 000 ,Médina,https://i.roamcdn.net/hz/ed/listing-thumb-543w/c1b63f5207785812ebd5b426249656a1/-/horizon-files-prod/ed/picture/q8v4wrgp/94de9e8ed7e9c5d9cf2bddc690caab258bef9337.jpg
1212,"<h1 class=""listing-item__header"">
    Samsung Galaxy S24 Ultra Scellé neuf 256Go RAM 12
</h1>",Neuf,Samsung,569 000 ,Plateau,https://i.roamcdn.net/hz/ed/listing-thumb-543w/cd931b5ae552067ecacac4adba0f9b7e/-/horizon-files-prod/ed/picture/qkr8ngz8/c9169f6655b1be1416cd2059111365a845f80b57.jpg
1213,"<h1 class=""listing-item__header"">
    OPPO RENO 7A
</h1>",Neuf,Oppo,120 000 ,Colobane,https://i.roamcdn.net/hz/ed/listing-thumb-543w/e112cd38e03d98a53c14e86b21e91e0e/-/horizon-files-prod/ed/picture/q56dqxkg/c0dc0a79fc449aa6dc0ec9e74abb1486755aa6d1.jpg
1214,"<h1 class=""listing-item__header"">
    GALAXY S10 PLUS
</h1>",Neuf,Samsung,140 000 ,Colobane,https://i.roamcdn.net/hz/ed/listing-thumb-543w/5bd874b63d5a027e7a9fc71eb64f9abc/-/horizon-files-prod/ed/picture/q2j09qx8/d12d266a73ccb51a6c5eed8e4de7e819b282eb46.jpg
1215,"<h1 class=""listing-item__header"">
    ONE PLUS 12R
</h1>",Neuf,OnePlus,320 000 ,Colobane,https://i.roamcdn.net/hz/ed/listing-thumb-543w/ab51badae825afdfc3cca96f3e00ed49/-/horizon-files-prod/ed/picture/qxjp927j/46fc3b97565f345052daf979b841ed892127d7a7.jpg
1216,"<h1 class=""listing-item__header"">
    SAMSUNG A02
</h1>",Neuf,Samsung,50 000 ,Colobane,https://i.roamcdn.net/hz/ed/listing-thumb-543w/e62871859b5a922166b99df889c17507/-/horizon-files-prod/ed/picture/q8v4r58j/06870b0615c248076014fe46307638552a3adef8.jpg
1217,"<h1 class=""listing-item__header"">
    SAMSUNG A02S
</h1>",Neuf,Samsung,60 000 ,Colobane,https://i.roamcdn.net/hz/ed/listing-thumb-543w/42ab94c2b205f85b1e5554b45cce42e8/-/horizon-files-prod/ed/picture/qngp8xve/c55800879966b2d022a4c8988d270a886418befe.jpg
1218,"<h1 class=""listing-item__header"">
    Vente Google Pixel 9 5G
</h1>",Neuf,Google,425 000 ,Plateau,https://i.roamcdn.net/hz/ed/listing-thumb-543w/9830b6ddcdac526dd5112ea922856a1a/-/horizon-files-prod/ed/picture/qgqw0m00/95df5b856074fae0536a44130151efa41cda3092.jpg
1219,"<h1 class=""listing-item__header"">
    Vente honor Magic 6 Pro 5G
</h1>",D'occasion,Honor,450 000 ,Plateau,https://i.roamcdn.net/hz/ed/listing-thumb-543w/12bde0d09154a56ce2e034d89f794bcb/-/horizon-files-prod/ed/picture/q56dqx8e/d915fb39a8608420db388aec9842ebf8f0e8d988.jpg
1220,"<h1 class=""listing-item__header"">
    iPhone 16 Pro Max 256GB eSIM
</h1>",Neuf,iPhone,800 000 ,Fenêtre mermoz,https://i.roamcdn.net/hz/ed/listing-thumb-543w/747177cdfa2e3419f696d3cfcf7cec6c/-/horizon-files-prod/ed/picture/qv4wkn2p/de1c17292eeb39b9aaf313c2b8bbea14ca04c3c1.jpg
1221,"<h1 class=""listing-item__header"">
    Iphone 16 Simple 128Go scellé Sim physique
</h1>",Neuf,iPhone,540 000 ,Médina,https://i.roamcdn.net/hz/ed/listing-thumb-543w/b1490d6bac42dbb361c51a6e84aeae30/-/horizon-files-prod/ed/picture/qzvpwdvn/72ed9f838bcbc37fe49335675b592a1cbb838c93.jpg
1222,"<h1 class=""listing-item__header"">
    iphone 8 simple-64Go- VENANT AUTHENTİQUE
</h1>",Venant,iPhone,60 000 ,Médina,https://i.roamcdn.net/hz/ed/listing-thumb-543w/78e42d1b663069f0d6f431c5e7147757/-/horizon-files-prod/ed/picture/qwep020g/e957d742d35e6febce0ed259c8e7023cefc35f21.jpg
1223,"<h1 class=""listing-item__header"">
    iPhone 16 pro sim physique
</h1>",Neuf,iPhone,670 000 ,Médina,https://i.roamcdn.net/hz/ed/listing-thumb-543w/20eafa147714024f6cf27b843e668421/-/horizon-files-prod/ed/picture/qkr8eq9m/20d5c19e5ed42741aec8ec5311328dc0ae079046.jpg
1224,"<h1 class=""listing-item__header"">
    iPhone 13
</h1>",Venant,iPhone,245 000 ,Yoff,https://i.roamcdn.net/hz/ed/listing-thumb-543w/e298101ee17963ba497a08f0bb2a6af8/-/horizon-files-prod/ed/picture/q0g7v2qz/4df0a3017f7fa582fe2ef04d85ffa008bbc36395.jpg
1225,"<h1 class=""listing-item__header"">
    TCL Smartphone 50 5G - 128Go Ram 4Ggo
</h1>",Neuf,Autres,70 000 ,Castor,https://i.roamcdn.net/hz/ed/listing-thumb-543w/2b18c76619c6899044af095316735f10/-/horizon-files-prod/ed/picture/q0g7v24m/43178e625048edee4debf9fc86828a32a85a1ace.jpg
1226,"<h1 class=""listing-item__header"">
    Huawei p30 pro 256go go scellé
</h1>",Neuf,Huawei,149 900 ,Colobane,https://i.roamcdn.net/hz/ed/listing-thumb-543w/875200e4e6d29ffe25cd5c4d1d17a800/-/horizon-files-prod/ed/picture/qgqwzkx0/ee01f5c2e1bbb23037564966b9200e2cbd2853a2.jpg
1227,"<h1 class=""listing-item__header"">
    12 pro max 256 go
</h1>",D'occasion,iPhone,255 000 ,Sicap Liberté,https://i.roamcdn.net/hz/ed/listing-thumb-543w/47c1fe74137bff4f778552fc9997e88c/-/horizon-files-prod/ed/picture/qj4q9jgw/e5e4b0692fcd92d74761ea113b27e5f539efe75d.jpg
1228,"<h1 class=""listing-item__header"">
    I phone 11
</h1>",Venant,iPhone,135 000 ,Parcelles Assainies,https://i.roamcdn.net/hz/ed/listing-thumb-543w/b84c904869d52244d3dea1613d303bdd/-/horizon-files-prod/ed/picture/qm5g9jqm/697631a3904935ea5969799f5af4ed5ef34cbd1b.jpg
1229,"<h1 class=""listing-item__header"">
    iPhone 13 256 GB comme neuf
</h1>",Neuf,iPhone,480 000 ,Colobane,https://i.roamcdn.net/hz/ed/listing-thumb-543w/7f63f0a0f5d30e8bd6018e7aabc261dd/-/horizon-files-prod/ed/picture/qxj204dj/59bee5996fdf5dd7b057cadb0448aa602869965f.jpg
1230,"<h1 class=""listing-item__header"">
    Samsung galaxie A35 5g   256 GIGA copie conforme
</h1>",Neuf,Samsung,42 500 ,Grand-Yoff,https://i.roamcdn.net/hz/ed/listing-thumb-543w/62076afc31779e6aaae266056ad2179a/-/horizon-files-prod/ed/picture/q56dq4vx/c3f5e2c149a7e04c3b379f5c7fbfb5ef4f58cbac.jpg
1231,"<h1 class=""listing-item__header"">
    Tecno spark30c   128 GIGA copie conforme USA
</h1>",Neuf,Tecno,42 000 ,Grand-Yoff,https://i.roamcdn.net/hz/ed/listing-thumb-543w/45c09dfb8eb510146d09ec304a22a89f/-/horizon-files-prod/ed/picture/q78w479x/e9279d1801860dfbeb591f27c979c247fd840893.jpg
1232,"<h1 class=""listing-item__header"">
    Samsung galaxie  A55   256 giga copie conforme
</h1>",Neuf,Samsung,42 000 ,Grand-Yoff,https://i.roamcdn.net/hz/ed/listing-thumb-543w/7b17f25fd2a7d05612f063349c8ae107/-/horizon-files-prod/ed/picture/qgqw7gzn/80acf0ac2387acef0af6ce5ee346e826e1ecf3f7.jpg
1233,"<h1 class=""listing-item__header"">
    Samsung Galaxy A9 Pro  128 giga
</h1>",Venant,Samsung,115 000 ,Grand-Yoff,https://i.roamcdn.net/hz/ed/listing-thumb-543w/6864d2a81cb875edadc948a56d1ba544/-/horizon-files-prod/ed/picture/q6xd86mn/6cbb52beb1358f9a8fe8a1a13df78dc1bb856316.jpg
1234,"<h1 class=""listing-item__header"">
    iphone 8 simple-64Go- VENANT AUTHENTİQUE
</h1>",Venant,iPhone,60 000 ,Médina,https://i.roamcdn.net/hz/ed/listing-thumb-543w/78e42d1b663069f0d6f431c5e7147757/-/horizon-files-prod/ed/picture/qwep020g/e957d742d35e6febce0ed259c8e7023cefc35f21.jpg
1235,"<h1 class=""listing-item__header"">
    iPhone 12 simple -64 Go- VENANT AUTHENTİQUE
</h1>",Venant,iPhone,175 000 ,Médina,https://i.roamcdn.net/hz/ed/listing-thumb-543w/c1b63f5207785812ebd5b426249656a1/-/horizon-files-prod/ed/picture/q8v4wrgp/94de9e8ed7e9c5d9cf2bddc690caab258bef9337.jpg
1236,"<h1 class=""listing-item__header"">
    Tecno pop9   128 giga copie conforme
</h1>",Neuf,Tecno,42 000 ,Grand-Yoff,https://i.roamcdn.net/hz/ed/listing-thumb-543w/1889d44d37685a9d1b9ed493aa529f12/-/horizon-files-prod/ed/picture/qm5gqrn2/5faa9a7b2a56115e405248eb61b5855e6e1e5339.jpg
1237,"<h1 class=""listing-item__header"">
    Tecno Phantom x2 pro 256 giga
</h1>",Neuf,Tecno,42 000 ,Grand-Yoff,https://i.roamcdn.net/hz/ed/listing-thumb-543w/2799a2f77a1f009daedfdfcad4eb97ed/-/horizon-files-prod/ed/picture/q8v56k2r/6307433af91e021c7402a6ade07d4da798aa894b.jpg
1238,"<h1 class=""listing-item__header"">
    Redmi 14C 128g
</h1>",D'occasion,Xiaomi,70 000 ,Castor,https://i.roamcdn.net/hz/ed/listing-thumb-543w/0c6e89a3790852b0d84a481bc2ffea33/-/horizon-files-prod/ed/picture/qpdm567j/656e25280ba2e420d3fd276edc8fea188381ff00.jpg
1239,"<h1 class=""listing-item__header"">
    Fold 3 512gb
</h1>",Neuf,Samsung,349 900 ,Hann maristes,https://i.roamcdn.net/hz/ed/listing-thumb-543w/461ea3f29a1aa593a1be07a66a469a56/-/horizon-files-prod/ed/picture/qrz8mzgq/3cf931eb2efb086b3cb1f972acd15300fcb6da9e.jpg
1240,"<h1 class=""listing-item__header"">
    IPhone 13 Pro Max 128 go
</h1>",Venant,iPhone,355 000 ,Sicap Liberté,https://i.roamcdn.net/hz/ed/listing-thumb-543w/d07529126be6a132e58230f1a13ecf3f/-/horizon-files-prod/ed/picture/qde7mev4/8f912f3c54b9ca066072773290ac07d67594e7a1.jpg
1241,"<h1 class=""listing-item__header"">
    iPhone 13 Pro Max 256 go
</h1>",Venant,iPhone,405 000 ,Sicap Liberté,https://i.roamcdn.net/hz/ed/listing-thumb-543w/fef41715c7ea74792f68479041abfb6a/-/horizon-files-prod/ed/picture/q44nw4wm/2f95c51797eccfb8b49f081a2c683110d4445760.jpg
1242,"<h1 class=""listing-item__header"">
    Samsung s23 ultra 512 go
</h1>",Venant,Samsung,450 000 ,Sicap Liberté,https://i.roamcdn.net/hz/ed/listing-thumb-543w/bb454b5dc560d36f19125e035e104688/-/horizon-files-prod/ed/picture/qwep0e0k/a4ccc11684bc71c19c92c374fcb1510664bb7fdc.jpg
1243,"<h1 class=""listing-item__header"">
    iPhone SE 64 2020
</h1>",Venant,iPhone,80 000 ,Sicap Liberté,https://i.roamcdn.net/hz/ed/listing-thumb-543w/20861b3051af328ab212e680520241f0/-/horizon-files-prod/ed/picture/qngp8g80/1de633f364823a7f420634e495d7dc36f9bc4b43.jpg
1244,"<h1 class=""listing-item__header"">
    Samsung s21 simple
</h1>",Venant,Samsung,130 000 ,Sicap Liberté,https://i.roamcdn.net/hz/ed/listing-thumb-543w/86aed431aec0ca8519d7b1a31fc758f6/-/horizon-files-prod/ed/picture/q9mjxmx5/392453c7811c7af8da5ebb010b9b12dcdbde8240.jpg
1245,"<h1 class=""listing-item__header"">
    Samsung Zflip6 256Go
</h1>",Venant,Samsung,480 000 ,Plateau,https://i.roamcdn.net/hz/ed/listing-thumb-543w/39d5f4d2f0a1ecba59b400cfa1eb491d/-/horizon-files-prod/ed/picture/qgqw7qkr/909c90be3ca9aa491419dbccde9b4445e09a157b.jpg
1246,"<h1 class=""listing-item__header"">
    iphone 8 simple-64Go- VENANT AUTHENTİQUE
</h1>",Venant,iPhone,60 000 ,Médina,https://i.roamcdn.net/hz/ed/listing-thumb-543w/78e42d1b663069f0d6f431c5e7147757/-/horizon-files-prod/ed/picture/qwep020g/e957d742d35e6febce0ed259c8e7023cefc35f21.jpg
1247,"<h1 class=""listing-item__header"">
    iPhone 12 simple -64 Go- VENANT AUTHENTİQUE
</h1>",Venant,iPhone,175 000 ,Médina,https://i.roamcdn.net/hz/ed/listing-thumb-543w/c1b63f5207785812ebd5b426249656a1/-/horizon-files-prod/ed/picture/q8v4wrgp/94de9e8ed7e9c5d9cf2bddc690caab258bef9337.jpg
1248,"<h1 class=""listing-item__header"">
    iPhone 13 simple 128 giga
</h1>",Venant,iPhone,240 000 ,Médina,https://i.roamcdn.net/hz/ed/listing-thumb-543w/5acdabfbfde166852c99fb24478c4cf9/-/horizon-files-prod/ed/picture/q44nw42m/bef640472cdca7b5c207ef135ef83feab55f482e.jpg
1249,"<h1 class=""listing-item__header"">
    Redmi 12 128GB 4GB ram 2sim
</h1>",Venant,Xiaomi,110 000 ,Pikine,https://i.roamcdn.net/hz/ed/listing-thumb-543w/4e881003a3d584804f107a94f338cd5f/-/horizon-files-prod/ed/picture/q8v4rv2n/2b0718e127f286860e5ae85afafaa7018d7ef3d3.jpg
1250,"<h1 class=""listing-item__header"">
    Oneplus 12R 512GB 16GB 2sim
</h1>",Venant,OnePlus,325 000 ,Pikine,https://i.roamcdn.net/hz/ed/listing-thumb-543w/02b0f7c3c5b565f63370f60b3a1de608/-/horizon-files-prod/ed/picture/q44n2wk4/519ba81b439f24d23cc6ad32132dd4561f023bbb.jpg
1251,"<h1 class=""listing-item__header"">
    iPhone XR
</h1>",Neuf,iPhone,107 000 ,Médina,https://i.roamcdn.net/hz/ed/listing-thumb-543w/f2be86c18beb1eee904507ab299bfdad/-/horizon-files-prod/ed/picture/qwep0egg/6b69956a581f6e8cce1aabd96336d5ed6398b8ab.jpg
1252,"<h1 class=""listing-item__header"">
    Tablette Samsung Galaxy TAB A7
</h1>",Venant,Samsung,55 000 ,Derkle,https://i.roamcdn.net/hz/ed/listing-thumb-543w/db54ec7e16cfda6307c031db53812a83/-/horizon-files-prod/ed/picture/qgqwkw48/419cfef814a35e429eff83cf8344cc8d4543305e.jpg
1253,"<h1 class=""listing-item__header"">
    15plus 256G
</h1>",Venant,iPhone,495 000 ,Médina,https://i.roamcdn.net/hz/ed/listing-thumb-543w/0e24e3d8d1ce83e0d8ae485ed016a20c/-/horizon-files-prod/ed/picture/qenvzn5x/f65d181cd854aebd7fff4f869db310e4dcf4c737.jpg
1254,"<h1 class=""listing-item__header"">
    15pro 256G
</h1>",Venant,iPhone,520 000 ,Médina,https://i.roamcdn.net/hz/ed/listing-thumb-543w/9637e79dd23c5273c13c4720e35a12a3/-/horizon-files-prod/ed/picture/q56dq64r/34f936954e32aa3fc48efe80e1fc8b7dcf647931.jpg
1255,"<h1 class=""listing-item__header"">
    iPhone 14plus 128g SIM physique
</h1>",Venant,iPhone,345 000 ,Parcelles Assainies,https://i.roamcdn.net/hz/ed/listing-thumb-543w/fbaeafa6f828013699413741816ac2b4/-/horizon-files-prod/ed/picture/q2j052mv/70b080a6ce219707881d4a6d62df062b592610f0.jpg
1256,"<h1 class=""listing-item__header"">
    fold5 256Go /512Go scellé
</h1>",Neuf,Samsung,620 000 ,Plateau,https://i.roamcdn.net/hz/ed/listing-thumb-543w/1e339e3e1d5f11feebc654ef6da00d6c/-/horizon-files-prod/ed/picture/qde7z4jr/87585917aaa95c53868a3923481d257e6377f1b7.png
1257,"<h1 class=""listing-item__header"">
    IPHONE 15 PRO MAX
</h1>",Venant,iPhone,630 000 ,Plateau,https://i.roamcdn.net/hz/ed/listing-thumb-543w/ee37d7d07980a981a7347f23bb862046/-/horizon-files-prod/ed/picture/qj4q9med/2d6032fb2e00c7e2c76ed08f744bd841ad879b43.jpg
1258,"<h1 class=""listing-item__header"">
    iphone 8 simple-64Go- VENANT AUTHENTİQUE
</h1>",Venant,iPhone,60 000 ,Médina,https://i.roamcdn.net/hz/ed/listing-thumb-543w/78e42d1b663069f0d6f431c5e7147757/-/horizon-files-prod/ed/picture/qwep020g/e957d742d35e6febce0ed259c8e7023cefc35f21.jpg
1259,"<h1 class=""listing-item__header"">
    iPhone 12 simple -64 Go- VENANT AUTHENTİQUE
</h1>",Venant,iPhone,175 000 ,Médina,https://i.roamcdn.net/hz/ed/listing-thumb-543w/c1b63f5207785812ebd5b426249656a1/-/horizon-files-prod/ed/picture/q8v4wrgp/94de9e8ed7e9c5d9cf2bddc690caab258bef9337.jpg
1260,"<h1 class=""listing-item__header"">
    Fold 3-256GB
</h1>",D'occasion,Samsung,300 000 ,Médina,https://i.roamcdn.net/hz/ed/listing-thumb-543w/9336760fd4842a9cf12f22b8248a8d24/-/horizon-files-prod/ed/picture/q2j09zxq/5ee4c653bd807fb1c0ebc038ab7043a05318d14e.jpg
1261,"<h1 class=""listing-item__header"">
    Iphone 7 Simple 32 Go - Bon État
</h1>",D'occasion,iPhone,40 000 ,Grand-Dakar,https://i.roamcdn.net/hz/ed/listing-thumb-543w/1bee888859178e0e8570889fb8ac7da8/-eyJvciI6OTB9/horizon-files-prod/ed/picture/q2j09z2q/6d110b437f357b912dec3c5ebbe196e31aa342ba.jpg
1262,"<h1 class=""listing-item__header"">
    Samsung  Z Flip 6 256GB
</h1>",Neuf,Samsung,549 000 ,Fenêtre mermoz,https://i.roamcdn.net/hz/ed/listing-thumb-543w/1c2a3341c1f2b80472dd3e738dbf8e60/-/horizon-files-prod/ed/picture/qngpdmre/cdc63414403f56c1fbf1d0b74cb399780d15cb95.jpg
1263,"<h1 class=""listing-item__header"">
    Samsung Galaxy A05 64Go
</h1>",Neuf,Samsung,55 000 ,Colobane,https://i.roamcdn.net/hz/ed/listing-thumb-543w/50fa2471033dfcde5986721a5f2bc6f7/-/horizon-files-prod/ed/picture/q56xk44p/a851bab8ce305d0fe901c6ffd867f3437aa8e520.jpg
1264,"<h1 class=""listing-item__header"">
    Tecno Camon 30s Pro – Memoire 256Gb – Ram (8Gb+8Gb)
</h1>",Neuf,Tecno,159 900 ,Colobane,https://i.roamcdn.net/hz/ed/listing-thumb-543w/c895408d3faaada780da77a5c832efae/-/horizon-files-prod/ed/picture/qj4qz5m6/3ceb8f7966952192a56f37226b7d345a36c91737.png
1265,"<h1 class=""listing-item__header"">
    S21 ultra venant 256go ram 12go 5g
</h1>",Neuf,Samsung,230 000 ,Colobane,https://i.roamcdn.net/hz/ed/listing-thumb-543w/3828ca07509fea2d9a0d2fc2d1160581/-/horizon-files-prod/ed/picture/qxjpkewq/ab9ce404aed804dea9efc57323d183119d92ba15.png
1266,"<h1 class=""listing-item__header"">
    iPhone 13 simple
</h1>",Neuf,iPhone,235 000 ,Médina,https://i.roamcdn.net/hz/ed/listing-thumb-543w/4203106f40a10a5b7b3b7a628795e942/-/horizon-files-prod/ed/picture/qzvpw22k/781fcc7747d8db647f4cb3f31e255e2d267d8713.jpg
1267,"<h1 class=""listing-item__header"">
    iPad Pro 3e génération
</h1>",Venant,iPad,430 000 ,Médina,https://i.roamcdn.net/hz/ed/listing-thumb-543w/9df6fe2521c8f1ededd1fa98968c8fdd/-/horizon-files-prod/ed/picture/qgqw7554/6ef35693b6c6671711301ddd13cb22cf169d759e.jpg
1268,"<h1 class=""listing-item__header"">
    IPhone 13 Pro 128GB
</h1>",Venant,iPhone,295 000 ,Plateau,https://i.roamcdn.net/hz/ed/listing-thumb-543w/8a945bd535a9f7237ed50ecefdc5a7d8/-/horizon-files-prod/ed/picture/q56d27n5/5147634b0c654001f86d0ce7175e25c24071e791.jpg
1269,"<h1 class=""listing-item__header"">
    IPhone 14 pro Max 128GB
</h1>",Venant,iPhone,425 000 ,Plateau,https://i.roamcdn.net/hz/ed/listing-thumb-543w/944e995df46a249b6279d2d3ff9db540/-/horizon-files-prod/ed/picture/q2j02pvg/93fd672af54b1d17436bd515658f5d65e2df6f18.jpg
1270,"<h1 class=""listing-item__header"">
    iphone 8 simple-64Go- VENANT AUTHENTİQUE
</h1>",Venant,iPhone,60 000 ,Médina,https://i.roamcdn.net/hz/ed/listing-thumb-543w/78e42d1b663069f0d6f431c5e7147757/-/horizon-files-prod/ed/picture/qwep020g/e957d742d35e6febce0ed259c8e7023cefc35f21.jpg
1271,"<h1 class=""listing-item__header"">
    iPhone 16 pro sim physique
</h1>",Neuf,iPhone,670 000 ,Médina,https://i.roamcdn.net/hz/ed/listing-thumb-543w/20eafa147714024f6cf27b843e668421/-/horizon-files-prod/ed/picture/qkr8eq9m/20d5c19e5ed42741aec8ec5311328dc0ae079046.jpg
1272,"<h1 class=""listing-item__header"">
    IPhone 15 128GB SIM
</h1>",Neuf,iPhone,490 000 ,Plateau,https://i.roamcdn.net/hz/ed/listing-thumb-543w/853a1649ed788f58b81dfe5674521690/-/horizon-files-prod/ed/picture/qv4w0nvj/3d6de9e0d5b43ec74eb31600333c7847d3b2c6a5.jpg
1273,"<h1 class=""listing-item__header"">
    Telephone LG wing 256go ram 8
</h1>",Venant,LG,189 900 ,Colobane,https://i.roamcdn.net/hz/ed/listing-thumb-543w/f8a2cc7b12afc3fecc72691285a3b16c/-/horizon-files-prod/ed/picture/q56d2785/a7665858c2102e241962bb938accc7c89793d247.jpg
1274,"<h1 class=""listing-item__header"">
    Samsung s24 ultra en vente
</h1>",Neuf,Samsung,35 000 ,Colobane,https://i.roamcdn.net/hz/ed/listing-thumb-543w/6764fc0f20b7ce6b76a69c4afee9e091/-/horizon-files-prod/ed/picture/q2j02p5e/598f036d1115ac3c7ef0685b92788c8f6337b827.jpg
1275,"<h1 class=""listing-item__header"">
    Pixel 9 pro 256gb
</h1>",Venant,Google,500 000 ,Parcelles Assainies,https://i.roamcdn.net/hz/ed/listing-thumb-543w/339165aa5378f6cbd76ab4d49dd1652f/-/horizon-files-prod/ed/picture/qm5gk8dq/c25393e5e4881ab8f266d26dc6b78a7dfc65ab37.jpg
1276,"<h1 class=""listing-item__header"">
    IPhone 14 pro SIM fisique
</h1>",Venant,iPhone,410 000 ,Sicap Liberté,https://i.roamcdn.net/hz/ed/listing-thumb-543w/54e30f0c3463f37aab51ad97c0110768/-/horizon-files-prod/ed/picture/qv4w0nxw/367c02b6c42e7813e55d2b0ce8cf8795dba7cbb8.jpg
1277,"<h1 class=""listing-item__header"">
    iPhone 16simple 128 giga scellé pink
</h1>",Neuf,iPhone,570 000 ,Médina,https://i.roamcdn.net/hz/ed/listing-thumb-543w/2fd951a1817dbff82690700ade24ced0/-/horizon-files-prod/ed/picture/qxjpn4qn/d6cd2a75c3b41046c7281edf20a01e64d7d6f460.jpg
1278,"<h1 class=""listing-item__header"">
    Samsung A15 ram 4/128 go
</h1>",Neuf,Samsung,95 000 ,Médina,https://i.roamcdn.net/hz/ed/listing-thumb-543w/e176d19eedb73066cb30d760c21e90ca/-/horizon-files-prod/ed/picture/q2jqpw7k/08e2a6bd70899843e6acae45e068e83c3859b298.jpg
1279,"<h1 class=""listing-item__header"">
    Redmi Note 13 Pro Ram 8Go
</h1>",Neuf,Xiaomi,155 000 ,Médina,https://i.roamcdn.net/hz/ed/listing-thumb-543w/b3b59a681032aeb2e7bfa902fb91d07c/-/horizon-files-prod/ed/picture/qwe207qj/2a7ec7ce117228f17679ae8722eaaff5aa298654.png
1280,"<h1 class=""listing-item__header"">
    Google Pixel 7a
</h1>",Venant,Google,165 000 ,Plateau,https://i.roamcdn.net/hz/ed/listing-thumb-543w/769df29750ee1a008e95e6c33510fb1c/-/horizon-files-prod/ed/picture/q9mj24mj/719188837645fa90a85414d2f891ac35008eaf8a.jpg
1281,"<h1 class=""listing-item__header"">
    IPHONE 7 plus 128G 75mille
</h1>",Neuf,iPhone,80 000 ,Gueule-Tapée,https://i.roamcdn.net/hz/ed/listing-thumb-543w/45ac41418a93997d6634b36e2bb8f8b6/-/horizon-files-prod/ed/picture/q0g75558/cb58507a63155b17a69ff9e4378862c6afdf8399.jpg
1282,"<h1 class=""listing-item__header"">
    iphone 8 simple-64Go- VENANT AUTHENTİQUE
</h1>",Venant,iPhone,60 000 ,Médina,https://i.roamcdn.net/hz/ed/listing-thumb-543w/78e42d1b663069f0d6f431c5e7147757/-/horizon-files-prod/ed/picture/qwep020g/e957d742d35e6febce0ed259c8e7023cefc35f21.jpg
1283,"<h1 class=""listing-item__header"">
    iPhone 12 simple -64 Go- VENANT AUTHENTİQUE
</h1>",Venant,iPhone,175 000 ,Médina,https://i.roamcdn.net/hz/ed/listing-thumb-543w/c1b63f5207785812ebd5b426249656a1/-/horizon-files-prod/ed/picture/q8v4wrgp/94de9e8ed7e9c5d9cf2bddc690caab258bef9337.jpg
1284,"<h1 class=""listing-item__header"">
    iPhone 16/128G/256G/scelle
</h1>",Neuf,iPhone,625 000 ,Plateau,https://i.roamcdn.net/hz/ed/listing-thumb-543w/8ce41472eda4520f5727cda9a1f24f1b/-/horizon-files-prod/ed/picture/q8v42jdp/4f813138179f81607e768b68c0fdf9d9ece9abe5.jpg
1285,"<h1 class=""listing-item__header"">
    Tecno Spark 30C 128Go – Ram 8go
</h1>",Neuf,Tecno,69 900 ,Colobane,https://i.roamcdn.net/hz/ed/listing-thumb-543w/baa0a35da29a481ff4b0f1c09f818d81/-/horizon-files-prod/ed/picture/qwepnrgg/d521749f904b2df96bef3abefe06709211601ac0.jpg
1286,"<h1 class=""listing-item__header"">
    iPhone 11 Pro 256Go
</h1>",Venant,iPhone,179 000 ,Médina,https://i.roamcdn.net/hz/ed/listing-thumb-543w/2689aef6db20736dbe20c05462c983f9/-/horizon-files-prod/ed/picture/q8v42j97/a9576994a6e6fdaa30201687563f3c94f3c23b64.jpg
1287,"<h1 class=""listing-item__header"">
    Huawei y7 prime dual sim 128go
</h1>",Neuf,Huawei,45 000 ,Patte d‘oie,https://i.roamcdn.net/hz/ed/listing-thumb-543w/1c66d99fc8bd25be2ac38e98f60c5f98/-/horizon-files-prod/ed/picture/q0gwq4ew/97daa82c7fc87c6f9d57a202f90c3e48d196ac77.jpg
1288,"<h1 class=""listing-item__header"">
    Google pixel 7 pro 256GB
</h1>",Venant,Google,260 000 ,Plateau,https://i.roamcdn.net/hz/ed/listing-thumb-543w/b3efbdef5c3ea843e810399eea1c6ca6/-/horizon-files-prod/ed/picture/q78wde6z/93f544231bf3b2105cfd8a7272e581a613f65e40.jpg
1289,"<h1 class=""listing-item__header"">
    Samsung Fold 3 256GB
</h1>",Venant,Samsung,270 000 ,Plateau,https://i.roamcdn.net/hz/ed/listing-thumb-543w/bbf9c82f30b996917446f6d6f5919e8a/-/horizon-files-prod/ed/picture/qzvpqn0k/887cc2a13135062e2205bdc310ab2b4be8df86b9.jpg
1290,"<h1 class=""listing-item__header"">
    IPHONE 14 PRO MAX
</h1>",Venant,iPhone,500 000 ,Plateau,https://i.roamcdn.net/hz/ed/listing-thumb-543w/c14f7b8417f6981c5e863b4eab14f9bf/-/horizon-files-prod/ed/picture/qkr8d4vj/82b56e492dbafcf138cf474937a9684e6a51e3b4.jpg
1291,"<h1 class=""listing-item__header"">
    IPHONE 15 PRO MAX
</h1>",Venant,iPhone,630 000 ,Plateau,https://i.roamcdn.net/hz/ed/listing-thumb-543w/152f12ac3f79df9214d3508b959e37ad/-/horizon-files-prod/ed/picture/qq42kj8v/72e7834c0dd66affb25bb00cf9bdeb9a79ebd07a.jpg
1292,"<h1 class=""listing-item__header"">
    SAMSUNG S24 ULTRA 256Go
</h1>",Neuf,Samsung,530 000 ,Médina,https://i.roamcdn.net/hz/ed/listing-thumb-543w/60ec43cdd51acab812871f0631519ab5/-/horizon-files-prod/ed/picture/qj4qd828/ca2fc5ae15bf151cfe5dbace2ce460413b632e0a.jpg
1293,"<h1 class=""listing-item__header"">
    IPhone
</h1>",Neuf,iPhone,520 000 ,Parcelles Assainies,https://i.roamcdn.net/hz/ed/listing-thumb-543w/71c3466cc4b75cbc4620440cd1405d5e/-/horizon-files-prod/ed/picture/qj4q6wx8/4881ecdf9edb27ccf243275dc055e65b69d0c7ec.jpg
1294,"<h1 class=""listing-item__header"">
    iphone 8 simple-64Go- VENANT AUTHENTİQUE
</h1>",Venant,iPhone,60 000 ,Médina,https://i.roamcdn.net/hz/ed/listing-thumb-543w/78e42d1b663069f0d6f431c5e7147757/-/horizon-files-prod/ed/picture/qwep020g/e957d742d35e6febce0ed259c8e7023cefc35f21.jpg
1295,"<h1 class=""listing-item__header"">
    iPhone 12 simple -64 Go- VENANT AUTHENTİQUE
</h1>",Venant,iPhone,175 000 ,Médina,https://i.roamcdn.net/hz/ed/listing-thumb-543w/c1b63f5207785812ebd5b426249656a1/-/horizon-files-prod/ed/picture/q8v4wrgp/94de9e8ed7e9c5d9cf2bddc690caab258bef9337.jpg
1296,"<h1 class=""listing-item__header"">
    Iphone 13 simple 256g
</h1>",Neuf,iPhone,260 000 ,Autres,https://i.roamcdn.net/hz/ed/listing-thumb-543w/d7ccef768b4ee504c68741a3b753f828/-/horizon-files-prod/ed/picture/qq42vrmz/d850d21db8f39f65e89b0ce927a5b91948cfcfac.jpg
1297,"<h1 class=""listing-item__header"">
    Iphone 11 pro max  et 11simple
</h1>",Neuf,iPhone,175 000 ,Autres,https://i.roamcdn.net/hz/ed/listing-thumb-543w/b524e240522edbe4cf01e6f34fb9e4fb/-/horizon-files-prod/ed/picture/q0g70g8m/f8cbb730ea4d51300548d524ed61c34e9757df4b.jpg
1298,"<h1 class=""listing-item__header"">
    Huawei Nova 9
</h1>",Venant,Huawei,145 000 ,Plateau,https://i.roamcdn.net/hz/ed/listing-thumb-543w/fd6f96f98d91add98a0a213661307a89/-/horizon-files-prod/ed/picture/q56d2ez5/fbd27d76147e90b2a825e4a133864f4d7c81e19f.jpg
1299,"<h1 class=""listing-item__header"">
    iPhone xr
</h1>",Neuf,Tout les couleurs,105 000 ,Thiaroye,https://i.roamcdn.net/hz/ed/listing-thumb-543w/710b9958aa60865baeba69d6ccc208a6/-/horizon-files-prod/ed/picture/qwep947g/99a306f411ce603ec6e11bde927bf247e6acb4c1.jpg
1300,"<h1 class=""listing-item__header"">
    IPhone 15 pro Max SIM fisique
</h1>",Venant,iPhone,600 000 ,Sicap Liberté,https://i.roamcdn.net/hz/ed/listing-thumb-543w/57de1b36533a37e1a2a68e545b9d1c51/-/horizon-files-prod/ed/picture/qq42k0rw/4a13eafb3fb1fab92496e5fc09daefdfd174b7d5.jpg
1301,"<h1 class=""listing-item__header"">
    iPhone 14 simple 128 giga
</h1>",Venant,iPhone,310 000 ,Médina,https://i.roamcdn.net/hz/ed/listing-thumb-543w/c8ce877e28b2a83ec386cebf8bd3729a/-/horizon-files-prod/ed/picture/q78wd268/dff7f5e59663fa34b18375eca250fa98779941c7.jpg
1302,"<h1 class=""listing-item__header"">
    16plus 256G
</h1>",Neuf,iPhone,650 000 ,Médina,https://i.roamcdn.net/hz/ed/listing-thumb-543w/e1458a38c29ee9663d7dcb5f7ae53247/-/horizon-files-prod/ed/picture/qj4qdkgg/834c508536b56fd681265e8ccac561a798a9d8b5.jpg
1303,"<h1 class=""listing-item__header"">
    7 plus 128GB
</h1>",D'occasion,iPhone,75 000 ,Médina,https://i.roamcdn.net/hz/ed/listing-thumb-543w/85ca696b2722a976b591483d83cde084/-/horizon-files-prod/ed/picture/q78wd29m/607f7ee8be4ca24deae823a8f87af7b5e31271be.jpg
1304,"<h1 class=""listing-item__header"">
    12 pro 256 go
</h1>",Venant,iPhone,245 000 ,Médina,https://i.roamcdn.net/hz/ed/listing-thumb-543w/199db101efa23cbc76878605b184b575/-/horizon-files-prod/ed/picture/q0g7xrdx/99d14ec6e4d19685347e01334bc17e5decc0b8fb.jpg
1305,"<h1 class=""listing-item__header"">
    13 simple 256 go
</h1>",Neuf,iPhone,295 000 ,Médina,https://i.roamcdn.net/hz/ed/listing-thumb-543w/468811a46264c77e6e6c6354285e6c49/-/horizon-files-prod/ed/picture/qrz8k97j/dd8e13ec319f05d286db091eb77f0c00c60acfaa.jpg
1306,"<h1 class=""listing-item__header"">
    iphone 8 simple-64Go- VENANT AUTHENTİQUE
</h1>",Venant,iPhone,60 000 ,Médina,https://i.roamcdn.net/hz/ed/listing-thumb-543w/78e42d1b663069f0d6f431c5e7147757/-/horizon-files-prod/ed/picture/qwep020g/e957d742d35e6febce0ed259c8e7023cefc35f21.jpg
1307,"<h1 class=""listing-item__header"">
    iPhone 16 pro sim physique
</h1>",Neuf,iPhone,670 000 ,Médina,https://i.roamcdn.net/hz/ed/listing-thumb-543w/20eafa147714024f6cf27b843e668421/-/horizon-files-prod/ed/picture/qkr8eq9m/20d5c19e5ed42741aec8ec5311328dc0ae079046.jpg
1308,"<h1 class=""listing-item__header"">
    Iphone 16 plus 256Go Scellé sim physique
</h1>",Neuf,iPhone,750 000 ,Médina,https://i.roamcdn.net/hz/ed/listing-thumb-543w/9f5351351d4599857bbeac92d52aaa64/-/horizon-files-prod/ed/picture/q8v42xd0/8a98e9c81f7fa692e0e3659c5a54a419b43b76a5.jpg
1309,"<h1 class=""listing-item__header"">
    Iphone 16 Pro 128Go Scellé Sim physique
</h1>",Neuf,iPhone,685 000 ,Médina,https://i.roamcdn.net/hz/ed/listing-thumb-543w/661c7d88e35a339662b6f773439c2ad1/-/horizon-files-prod/ed/picture/q44n2qm4/62d3bf29f4b018b82c58a9afd6813e2bec0ca61d.jpg
1310,"<h1 class=""listing-item__header"">
    XIAOMI MIX FOLD 2 256GO RAM 12GO
</h1>",Neuf,Xiaomi,800 000 ,Plateau,https://i.roamcdn.net/hz/ed/listing-thumb-543w/9b305dc7425de06ede066c2825c5b940/-/horizon-files-prod/ed/picture/q78wd2wn/bdc09ea9ddbe6cf7765d1ab483c798abba0d3365.jpg
1311,"<h1 class=""listing-item__header"">
    HUAWEI PURA 70 ULTRA 512GO RAM 16GO
</h1>",Neuf,Huawei,620 000 ,Plateau,https://i.roamcdn.net/hz/ed/listing-thumb-543w/fe7f4f5e485ebe282e0a759c1d99df27/-/horizon-files-prod/ed/picture/qxjpnrp0/d0f450f96399a7b40f4902c21a66d92bda344a88.jpg
1312,"<h1 class=""listing-item__header"">
    GOOGLE PIXEL FOLD 512GO
</h1>",Neuf,Google,800 000 ,Plateau,https://i.roamcdn.net/hz/ed/listing-thumb-543w/9f4bca74ef66d470946c6bfd210d141d/-/horizon-files-prod/ed/picture/qq42k02n/100320a9f469c92c9aa4f8ce6383ec4abfff80f5.jpg
1313,"<h1 class=""listing-item__header"">
    Appel Watch SE
</h1>",Venant,iPhone,120 000 ,Pikine,https://i.roamcdn.net/hz/ed/listing-thumb-543w/40c411ea022ee88b4aa43ce8338c7e77/-/horizon-files-prod/ed/picture/qkr8dj8m/65272602c8d82750bb70211fb2691371feb63870.jpg
1314,"<h1 class=""listing-item__header"">
    iPhone 13 simple
</h1>",Neuf,iPhone,240 000 ,Médina,https://i.roamcdn.net/hz/ed/listing-thumb-543w/63c720803dfe4cac807bd53102fc801b/-/horizon-files-prod/ed/picture/qngpk6xk/f8fef5a156eb9417a5d8bddaee219192956635e3.jpg
1315,"<h1 class=""listing-item__header"">
    IPHONE 16 SIMPLE 128GO SIM PHYSIQUE
</h1>",Neuf,iPhone,570 000 ,Plateau,https://i.roamcdn.net/hz/ed/listing-thumb-543w/ef52c26cae681736ce8cb76258c897f6/-/horizon-files-prod/ed/picture/q2j026e2/4e435030c4f8db3686fcae3defd7a7394ca9b3b3.jpg
1316,"<h1 class=""listing-item__header"">
    11 pro max 512Go promo
</h1>",Neuf,iPhone,250 000 ,Plateau,https://i.roamcdn.net/hz/ed/listing-thumb-543w/87b28b39be70c179df51db952443e889/-/horizon-files-prod/ed/picture/qm5gknxr/aa4622d2ee239372d8e66ca886a602496d5ab242.jpg
1317,"<h1 class=""listing-item__header"">
    iphone 8 simple-64Go- VENANT AUTHENTİQUE
</h1>",Venant,iPhone,60 000 ,Médina,https://i.roamcdn.net/hz/ed/listing-thumb-543w/78e42d1b663069f0d6f431c5e7147757/-/horizon-files-prod/ed/picture/qwep020g/e957d742d35e6febce0ed259c8e7023cefc35f21.jpg
1318,"<h1 class=""listing-item__header"">
    Samsung galaxy fold 6 256G
</h1>",Neuf,Samsung,750 000 ,Liberte 6 extension,https://i.roamcdn.net/hz/ed/listing-thumb-543w/fb52b15c5a77dff4c6ebb42103a77b2c/-/horizon-files-prod/ed/picture/qq42e5v6/b910e6b186d4206e3759a489da1e8d6e88f16450.jpg
1319,"<h1 class=""listing-item__header"">
    SAMSUNG GALAXY A06 64GO RAM 4GO
</h1>",Neuf,Samsung,60 000 ,Plateau,https://i.roamcdn.net/hz/ed/listing-thumb-543w/016217c91a019716e5ea9a570fbfa334/-/horizon-files-prod/ed/picture/qxjpnv0w/c3547632aaf67d09337a106a64661c2d4aea3cfb.jpg
1320,"<h1 class=""listing-item__header"">
    Iphone 13pro max 256
</h1>",Venant,iPhone,390 000 ,Castor,https://i.roamcdn.net/hz/ed/listing-thumb-543w/6df825bf4f51cd4ef516c4fb6a2d1b2f/-/horizon-files-prod/ed/picture/qq4262p6/e440b6345064342b19715ce06433e3397b8a55d0.jpg
1321,"<h1 class=""listing-item__header"">
    iPhone XR 128go
</h1>",Venant,iPhone,125 000 ,Médina,https://i.roamcdn.net/hz/ed/listing-thumb-543w/f0a97f08e71d6801f570014d32c96d91/-/horizon-files-prod/ed/picture/qq42kekk/d6821037f0a3afe04d2b8398d3bef1227a4ca02e.jpg
1322,"<h1 class=""listing-item__header"">
    Samsung note 10+ 256Go
</h1>",Venant,Samsung,160 000 ,Plateau,https://i.roamcdn.net/hz/ed/listing-thumb-543w/e050adb2f60cf7fd0c02ff2a446cd0a3/-/horizon-files-prod/ed/picture/qpdm5e9p/8797a957c5ab79111cebb829060124b4c75d9240.jpg
1323,"<h1 class=""listing-item__header"">
    iPhone 16 Pro
</h1>",Neuf,iPhone,730 000 ,Médina,https://i.roamcdn.net/hz/ed/listing-thumb-543w/a7fd37d329a0927b0d58ea56b5858284/-/horizon-files-prod/ed/picture/q44n2v84/4fa5f47a69391e1ff3d131d69c61d77c684327cf.jpg
1324,"<h1 class=""listing-item__header"">
    iPhone 16 Pro Max 256Go Sim physique
</h1>",Neuf,iPhone,800 000 ,Médina,https://i.roamcdn.net/hz/ed/listing-thumb-543w/4018d015dd86416423f8b37c92aed93b/-/horizon-files-prod/ed/picture/qq42ke4p/aeb2bb00dae3f73a963e8d06c3899fd53088fd12.jpg
1325,"<h1 class=""listing-item__header"">
    IPhone 15 Pro 128GB batterie 92% sim
</h1>",Venant,iPhone,525 000 ,Pikine,https://i.roamcdn.net/hz/ed/listing-thumb-543w/d8a8f5fc7194d6a5a86365d61feba768/-/horizon-files-prod/ed/picture/qkr8derp/11238fbeaf94b498d27c792700dd1462e81e27cd.jpg
1326,"<h1 class=""listing-item__header"">
    iPhone 7 Plus
</h1>",Neuf,iPhone,68 000 ,Médina,https://i.roamcdn.net/hz/ed/listing-thumb-543w/b1a2f651e42d436f331b78f28586c496/-/horizon-files-prod/ed/picture/qngpkqrm/3ea4c1ec1c7a2818d0dd79cce2d64e886ad78b8a.jpg
1327,"<h1 class=""listing-item__header"">
    iPhone 12 Pro Max
</h1>",Neuf,iPhone,280 000 ,Médina,https://i.roamcdn.net/hz/ed/listing-thumb-543w/53fae4c92d8a546ab2228272592fd634/-/horizon-files-prod/ed/picture/qenvmkgd/f5c6309535adf3cb2cd4dee17302ef184117349e.jpg
1328,"<h1 class=""listing-item__header"">
    12pro max 128G
</h1>",Venant,iPhone,270 000 ,Médina,https://i.roamcdn.net/hz/ed/listing-thumb-543w/967f6a2bc01cd42dc1452012669c9632/-/horizon-files-prod/ed/picture/q2j02x4e/cbc81d414b38f2dccac95bfce227ece06c21acab.jpg
1329,"<h1 class=""listing-item__header"">
    iphone 8 simple-64Go- VENANT AUTHENTİQUE
</h1>",Venant,iPhone,60 000 ,Médina,https://i.roamcdn.net/hz/ed/listing-thumb-543w/78e42d1b663069f0d6f431c5e7147757/-/horizon-files-prod/ed/picture/qwep020g/e957d742d35e6febce0ed259c8e7023cefc35f21.jpg
1330,"<h1 class=""listing-item__header"">
    Samsung galaxy fold 6 256G
</h1>",Neuf,Samsung,750 000 ,Liberte 6 extension,https://i.roamcdn.net/hz/ed/listing-thumb-543w/fb52b15c5a77dff4c6ebb42103a77b2c/-/horizon-files-prod/ed/picture/qq42e5v6/b910e6b186d4206e3759a489da1e8d6e88f16450.jpg
1331,"<h1 class=""listing-item__header"">
    iPhone XR
</h1>",Venant,iPhone,135 000 ,Médina,https://i.roamcdn.net/hz/ed/listing-thumb-543w/170834686268b4a40ebcad217d083312/-eyJvciI6OTB9/horizon-files-prod/ed/picture/q8v4mvd9/114a35e1437bd89cc82ea763a593d9351dfe8671.jpg
1332,"<h1 class=""listing-item__header"">
    iPhone 11 Pro
</h1>",Venant,iPhone,200 000 ,Médina,https://i.roamcdn.net/hz/ed/listing-thumb-543w/6668bf89ff6cdbbc200a5f7ee96af9b5/-/horizon-files-prod/ed/picture/qkr8perw/db569e2bf0471e32280b5728e13d2ca98c05099e.jpg
1333,"<h1 class=""listing-item__header"">
    iPhone 12 Pro 128giga
</h1>",Neuf,iPhone,225 000 ,Médina,https://i.roamcdn.net/hz/ed/listing-thumb-543w/245500f2321347c11be049e34705b51e/-/horizon-files-prod/ed/picture/qrz8kxng/de70636814b21d0fc1ef527e0da3b137b46c96fa.jpg
1334,"<h1 class=""listing-item__header"">
    Samsung note 10 plus 256go ram12
</h1>",Venant,Samsung,159 900 ,Colobane,https://i.roamcdn.net/hz/ed/listing-thumb-543w/04423bf09eb6b84a4ca51119f53ac8d6/-/horizon-files-prod/ed/picture/qxjpn7w4/41cf68fc06715168995fe4907dcf21ee0407d454.jpg
1335,"<h1 class=""listing-item__header"">
    Google pixelle 6 128go ram 6go
</h1>",Venant,Google,139 900 ,Colobane,https://i.roamcdn.net/hz/ed/listing-thumb-543w/f27e73d2155c69449a4b9a2837479d9e/-/horizon-files-prod/ed/picture/q8v427k6/1bc6dd288969bb6b34a98c81193d1b592760954a.jpg
1336,"<h1 class=""listing-item__header"">
    LG A395 (4 SIM)
</h1>",Neuf,LG,40 000 ,Colobane,https://i.roamcdn.net/hz/ed/listing-thumb-543w/0534f5d03a33f6cbe369d6fc5864c36b/-/horizon-files-prod/ed/picture/qenvmkpx/354f177d1ceccc66b8f5f1346e15cd6a4f2aa607.jpg
1337,"<h1 class=""listing-item__header"">
    iPhone 16 plus 128Gb
</h1>",Venant,iPhone,630 000 ,Liberte 6 extension,https://i.roamcdn.net/hz/ed/listing-thumb-543w/33ca9b4259f9d76978800478f7d6feee/-/horizon-files-prod/ed/picture/qkr8dz65/cc354457b9c4d5e4d3eb70afddd732e876936a54.jpg
1338,"<h1 class=""listing-item__header"">
    iPhone 11 simple
</h1>",Venant,iPhone,160 000 ,Médina,https://i.roamcdn.net/hz/ed/listing-thumb-543w/1a62b2167dfd36f9d10823ea0426db97/-/horizon-files-prod/ed/picture/qpdm540m/d4d5af0942dcab9d8d307399ff0c11e201f0bb1b.jpg
1339,"<h1 class=""listing-item__header"">
    Honor magic 5 pro 512G.
</h1>",Venant,Honor,375 000 ,Liberte 6 extension,https://i.roamcdn.net/hz/ed/listing-thumb-543w/6c682cf9544b39c17fc256aa38af313f/-/horizon-files-prod/ed/picture/qwep96r6/8c26f8f70ae153041de5b04faf1ef05b6be21b4b.jpg
1340,"<h1 class=""listing-item__header"">
    Iphone xr 128g
</h1>",Neuf,iPhone,118 000 ,Autres,https://i.roamcdn.net/hz/ed/listing-thumb-543w/ad2fc77e9c1877affe3c4ee85432148f/-/horizon-files-prod/ed/picture/q8v4xv94/25a0460a8190263d87c4cf7ec6e9bee79091fcf3.jpg
1341,"<h1 class=""listing-item__header"">
    iphone 8 simple-64Go- VENANT AUTHENTİQUE
</h1>",Venant,iPhone,60 000 ,Médina,https://i.roamcdn.net/hz/ed/listing-thumb-543w/78e42d1b663069f0d6f431c5e7147757/-/horizon-files-prod/ed/picture/qwep020g/e957d742d35e6febce0ed259c8e7023cefc35f21.jpg
1342,"<h1 class=""listing-item__header"">
    iPhone 12 simple -64 Go- VENANT AUTHENTİQUE
</h1>",Venant,iPhone,175 000 ,Médina,https://i.roamcdn.net/hz/ed/listing-thumb-543w/c1b63f5207785812ebd5b426249656a1/-/horizon-files-prod/ed/picture/q8v4wrgp/94de9e8ed7e9c5d9cf2bddc690caab258bef9337.jpg
1343,"<h1 class=""listing-item__header"">
    Tecno camon
</h1>",Neuf,Tecno,136 000 ,Parcelles Assainies,https://i.roamcdn.net/hz/ed/listing-thumb-543w/8b9baeb7bd6a4669568e8277e45bb695/-/horizon-files-prod/ed/picture/q9mjjzrn/2d810dd53cc198bd128c43b2dcacd51e0477715c.jpg
1344,"<h1 class=""listing-item__header"">
    Iphone
</h1>",Neuf,iPhone,175 000 ,Parcelles Assainies,https://i.roamcdn.net/hz/ed/listing-thumb-543w/cf276f3fc79c23d8c39006d633c0844d/-/horizon-files-prod/ed/picture/qwepr8wj/fd200fb565b262e20479ca9185b5c02d93170c36.jpg
1345,"<h1 class=""listing-item__header"">
    iPhone XR 128gb
</h1>",Venant,iPhone,115 000 ,Castor,https://i.roamcdn.net/hz/ed/listing-thumb-543w/54b2d6e2b139a2171658ade77a2de181/-/horizon-files-prod/ed/picture/q56d8kr5/661359265d01e36d39eb65f4a2363b9553f7d641.png
1346,"<h1 class=""listing-item__header"">
    Sony Xperia 10
</h1>",Venant,Sony,60 000 ,Colobane,https://i.roamcdn.net/hz/ed/listing-thumb-543w/785779ea566b849b0cc45fb4710a20e7/-/horizon-files-prod/ed/picture/qpdm59g2/6aebd74e122e2b0b0ffb1368aeca42893c754c8f.jpg
1347,"<h1 class=""listing-item__header"">
    IPhone 13 128 go
</h1>",Venant,iPhone,260 000 ,Sicap Liberté,https://i.roamcdn.net/hz/ed/listing-thumb-543w/bf6f5443ebb9d0bb7f9c14226646c93f/-/horizon-files-prod/ed/picture/qde7zq6w/db12fc19c13d89113a445686a3033aa226e9c586.jpg
1348,"<h1 class=""listing-item__header"">
    IPhone 14 simple
</h1>",Venant,iPhone,310 000 ,Sicap Liberté,https://i.roamcdn.net/hz/ed/listing-thumb-543w/bc9199e967d95b34c179abd744a45683/-/horizon-files-prod/ed/picture/qkr8dk2w/82ced06e5dd2af23e0e1ff19764d0ffb5d5ba8c3.jpg
1349,"<h1 class=""listing-item__header"">
    iPhone 11 Pro Max
</h1>",Venant,iPhone,205 000 ,Sicap Liberté,https://i.roamcdn.net/hz/ed/listing-thumb-543w/2a88d0a8d0cc459a55142b04d643546d/-/horizon-files-prod/ed/picture/q9mj2zww/167c88e1bdb0874575830638de17e2abe68111dd.jpg
1350,"<h1 class=""listing-item__header"">
    Samsung Galaxy A53 128GB
</h1>",Venant,Samsung,125 000 ,Médina,https://i.roamcdn.net/hz/ed/listing-thumb-543w/65b80f070961fe868af9fb1782680a18/-/horizon-files-prod/ed/picture/qv4w0rp8/add826e1cf41b57962efa5c6c4e7e914da90c80d.jpg
1351,"<h1 class=""listing-item__header"">
    16pro max 256G
</h1>",Neuf,iPhone,830 000 ,Médina,https://i.roamcdn.net/hz/ed/listing-thumb-543w/5e410e1aaae4960c034fa0806400dd5b/-/horizon-files-prod/ed/picture/q56d2n66/bc713b7a1ebbaad0499474e922877d3afd054c1e.jpg
1352,"<h1 class=""listing-item__header"">
    Apple Watch SE 2023 40mm scellé
</h1>",Neuf,iPhone,140 000 ,Médina,https://i.roamcdn.net/hz/ed/listing-thumb-543w/ef44747b4e9e31883c1f30daa0438dc7/-/horizon-files-prod/ed/picture/qq42knqv/f4a53f414d66bdcabbda4d94cbc1d94b6dbe21ee.jpg
1353,"<h1 class=""listing-item__header"">
    iphone 8 simple-64Go- VENANT AUTHENTİQUE
</h1>",Venant,iPhone,60 000 ,Médina,https://i.roamcdn.net/hz/ed/listing-thumb-543w/78e42d1b663069f0d6f431c5e7147757/-/horizon-files-prod/ed/picture/qwep020g/e957d742d35e6febce0ed259c8e7023cefc35f21.jpg
1354,"<h1 class=""listing-item__header"">
    iPhone 12 simple -64 Go- VENANT AUTHENTİQUE
</h1>",Venant,iPhone,175 000 ,Médina,https://i.roamcdn.net/hz/ed/listing-thumb-543w/c1b63f5207785812ebd5b426249656a1/-/horizon-files-prod/ed/picture/q8v4wrgp/94de9e8ed7e9c5d9cf2bddc690caab258bef9337.jpg
1355,"<h1 class=""listing-item__header"">
    iPhone 15pro max 256Gb
</h1>",Venant,iPhone,630 000 ,Liberte 6 extension,https://i.roamcdn.net/hz/ed/listing-thumb-543w/030d37109b7ef5cb289382b716fbd493/-/horizon-files-prod/ed/picture/qj4qd9n8/e63ff039e60d33a4e1005ccb0605b19ff2ea6a0c.jpg
1356,"<h1 class=""listing-item__header"">
    16 PRO MAX 1 téra
</h1>",D'occasion,iPhone,1 200 000 ,Médina,https://i.roamcdn.net/hz/ed/listing-thumb-543w/e47faeb099a00952199273303a3a4a22/-/horizon-files-prod/ed/picture/qwep90dj/a7db2c5124ee0d154178ca6996714ff7cc2bc2f7.jpg
1357,"<h1 class=""listing-item__header"">
    Iphone 15 Pro max 256Go Sim physique
</h1>",Neuf,iPhone,640 000 ,Médina,https://i.roamcdn.net/hz/ed/listing-thumb-543w/4ef2c2cae47ad2e8b07c3acc7b9abaa3/-/horizon-files-prod/ed/picture/q9mj2x77/5c6806af2e618ef8b6f5061ba359fd8978bd7972.jpg
1358,"<h1 class=""listing-item__header"">
    Iphone 16 Simple 256Go scellé sim physique
</h1>",Neuf,iPhone,600 000 ,Médina,https://i.roamcdn.net/hz/ed/listing-thumb-543w/e9a02f2809fd02e3e0b3988c38131254/-/horizon-files-prod/ed/picture/qpdm5rrv/fb6f2420140f04a65cb3edb7b48526503c15c8dc.jpg
1359,"<h1 class=""listing-item__header"">
    Iphone 16 Plus 256Go scellé Sim physique
</h1>",Neuf,iPhone,700 000 ,Médina,https://i.roamcdn.net/hz/ed/listing-thumb-543w/9684f01074cd8e6d2efc8fef028a6138/-/horizon-files-prod/ed/picture/qkr8dnnz/fe591baa05c3c085b78fc296e9cde9a344f2969b.jpg
1360,"<h1 class=""listing-item__header"">
    ✅ iPhone 7 Plus- 32Go- NEUF
</h1>",Neuf,iPhone,60 000 ,Médina,https://i.roamcdn.net/hz/ed/listing-thumb-543w/109052c15fa13b5a2c37a431e369f0f0/-/horizon-files-prod/ed/picture/qkr8qv5m/1a6c456b2ad743370de1443c8a7b3dac446e2c3e.jpg
1361,"<h1 class=""listing-item__header"">
    Oppo find X2 Pro
</h1>",Venant,Oppo,175 000 ,Patte d‘oie,https://i.roamcdn.net/hz/ed/listing-thumb-543w/152538a6154d1bc44b2e02267254a591/-/horizon-files-prod/ed/picture/qde7zz50/6963eaaf74e9fda2239ddb86793cf091553bd2f0.jpg
1362,"<h1 class=""listing-item__header"">
    Huawei Y9 Prime -128Go RAM 4go
</h1>",Venant,Huawei,60 000 ,Colobane,https://i.roamcdn.net/hz/ed/listing-thumb-543w/246f1f29b8dbd924089ad3a0a2e8c024/-/horizon-files-prod/ed/picture/q785zrvn/05d30521951dd502f2723d5c9523b283dc752d66.jpg
1363,"<h1 class=""listing-item__header"">
    Samsung S21 plus 128Go
</h1>",Neuf,Samsung,170 000 ,Médina,https://i.roamcdn.net/hz/ed/listing-thumb-543w/3c0b9fb8880990149569731e16252c10/-/horizon-files-prod/ed/picture/q44n222v/747d5ead9468072daf98ffe970f7cc0652c5026b.jpg
1364,"<h1 class=""listing-item__header"">
    iPhone 12 Simple original
</h1>",Venant,iPhone,169 000 ,Médina,https://i.roamcdn.net/hz/ed/listing-thumb-543w/2828d8dd6ff8959c6014972cd514143a/-/horizon-files-prod/ed/picture/qrz84m78/0b6482adb1f7cc76cb04b62ed7e0b29d7bc7c13b.jpg
1365,"<h1 class=""listing-item__header"">
    iphone 8 simple-64Go- VENANT AUTHENTİQUE
</h1>",Venant,iPhone,60 000 ,Médina,https://i.roamcdn.net/hz/ed/listing-thumb-543w/78e42d1b663069f0d6f431c5e7147757/-/horizon-files-prod/ed/picture/qwep020g/e957d742d35e6febce0ed259c8e7023cefc35f21.jpg
1366,"<h1 class=""listing-item__header"">
    iPhone 16 pro sim physique
</h1>",Neuf,iPhone,670 000 ,Médina,https://i.roamcdn.net/hz/ed/listing-thumb-543w/20eafa147714024f6cf27b843e668421/-/horizon-files-prod/ed/picture/qkr8eq9m/20d5c19e5ed42741aec8ec5311328dc0ae079046.jpg
1367,"<h1 class=""listing-item__header"">
    iPhone 16pro 512 giga scellé
</h1>",Neuf,iPhone,930 000 ,Médina,https://i.roamcdn.net/hz/ed/listing-thumb-543w/ba10432e4ec2d37e42298372b9d4e0b6/-/horizon-files-prod/ed/picture/qq42kkkn/362ff38d1a473eaa8ea38aea4c08a463f66ab92e.jpg
1368,"<h1 class=""listing-item__header"">
    iPhone 15 pro max 1tera
</h1>",Venant,iPhone,785 000 ,Médina,https://i.roamcdn.net/hz/ed/listing-thumb-543w/ce4d2e51e8e52b0409de3f818e659166/-/horizon-files-prod/ed/picture/q0g7xx8m/b7c1caf83d78045681f37e9d695ffdac92c57735.jpg
1369,"<h1 class=""listing-item__header"">
    iPhone 16 plus 256 giga scellé pink
</h1>",Neuf,iPhone,735 000 ,Médina,https://i.roamcdn.net/hz/ed/listing-thumb-543w/92b99e5a596432b2fc5e4745d4b05e91/-/horizon-files-prod/ed/picture/qv4w0092/1608329ed6547c30e94a166438f0775cadd41b4e.jpg
1370,"<h1 class=""listing-item__header"">
    Promo Redmi 13 scellé capacité 256Go avec accessoires
</h1>",Neuf,Xiaomi,130 000 ,Almadies,https://i.roamcdn.net/hz/ed/listing-thumb-543w/6e35ee7c9922bcc32ef9ecfd0c4413bd/-/horizon-files-prod/ed/picture/qwepn4p0/f5ebd61a1394040704c99bf7f0aa20bc150ff621.jpg
1371,"<h1 class=""listing-item__header"">
    Iphone 15 Pro max 256Go Sim physique
</h1>",Venant,iPhone,630 000 ,Médina,https://i.roamcdn.net/hz/ed/listing-thumb-543w/128d7609108fac27f8529bfbb16e7bb2/-/horizon-files-prod/ed/picture/q6xd226n/92d6e1893a5aec116786ba19fde850beace3da35.jpg
1372,"<h1 class=""listing-item__header"">
    iPhone XR 64g
</h1>",Venant,iPhone,107 000 ,Nord foire,https://i.roamcdn.net/hz/ed/listing-thumb-543w/9ca1e956f3d4196728453643067cc730/-/horizon-files-prod/ed/picture/qngpkg4g/21c85636caa2f6c2efa96c483b0838bc76cdb53a.jpg
1373,"<h1 class=""listing-item__header"">
    Iphone 16 SIM PHYSIQUE
</h1>",Neuf,iPhone,549 000 ,Plateau,https://i.roamcdn.net/hz/ed/listing-thumb-543w/25856e9960fda42872417be2df9652ef/-/horizon-files-prod/ed/picture/qngpknew/751eb3f3b13a4b4aeb3f73512ad6ac8de562868e.jpg
1374,"<h1 class=""listing-item__header"">
    iPhone 16 Pro Max - Black Titanium - 256GB - 2 SIM
</h1>",Neuf,iPhone,910 000 ,Plateau,https://i.roamcdn.net/hz/ed/listing-thumb-543w/98a9f683dcb7b77018fd7b1d14269b7d/-/horizon-files-prod/ed/picture/qde7zjxj/091aa342b1755abfdd486e68f9df58f8fba3ae87.jpg
1375,"<h1 class=""listing-item__header"">
    16pro 128G
</h1>",Neuf,iPhone,680 000 ,Médina,https://i.roamcdn.net/hz/ed/listing-thumb-543w/986253fedb42e7a00d231e2b4b8f94f5/-/horizon-files-prod/ed/picture/qq42k866/b37d811fb67a8ab68a34377f02780dc9dcd922b2.jpg
1376,"<h1 class=""listing-item__header"">
    Note 20 ultra
</h1>",Neuf,Samsung,275 000 ,Hann maristes,https://i.roamcdn.net/hz/ed/listing-thumb-543w/707265aab5f1de13dc70c8f24868e7da/-/horizon-files-prod/ed/picture/q78wdrqj/577687d357e8844d9f7555bf83b734d8b26173d4.jpg
1377,"<h1 class=""listing-item__header"">
    iphone 8 simple-64Go- VENANT AUTHENTİQUE
</h1>",Venant,iPhone,60 000 ,Médina,https://i.roamcdn.net/hz/ed/listing-thumb-543w/78e42d1b663069f0d6f431c5e7147757/-/horizon-files-prod/ed/picture/qwep020g/e957d742d35e6febce0ed259c8e7023cefc35f21.jpg
1378,"<h1 class=""listing-item__header"">
    iPhone 16 pro sim physique
</h1>",Neuf,iPhone,670 000 ,Médina,https://i.roamcdn.net/hz/ed/listing-thumb-543w/20eafa147714024f6cf27b843e668421/-/horizon-files-prod/ed/picture/qkr8eq9m/20d5c19e5ed42741aec8ec5311328dc0ae079046.jpg
1379,"<h1 class=""listing-item__header"">
    IPhone 15 pro max
</h1>",Venant,iPhone,625 000 ,Hann maristes,https://i.roamcdn.net/hz/ed/listing-thumb-543w/76b112ec6230905957abfe915ccb2067/-/horizon-files-prod/ed/picture/q6xd24wd/3d794591015b5f30c8c7062221926a538e6563ab.jpg
1380,"<h1 class=""listing-item__header"">
    Xiaomi redmi note 12 Pro + 256GB 8GB
</h1>",Venant,Xiaomi,160 000 ,Pikine,https://i.roamcdn.net/hz/ed/listing-thumb-543w/9d742f63fc0e1c0f2a5754630ec69b56/-/horizon-files-prod/ed/picture/q56d5ezr/6c167415872ae57a7c3c7834e14ffe6ff37cab93.jpg
1381,"<h1 class=""listing-item__header"">
    Iphone 16 Pro max 256Go Sim physique
</h1>",Neuf,iPhone,800 000 ,Médina,https://i.roamcdn.net/hz/ed/listing-thumb-543w/c5e5cfd081b1c3055e8bac2e5c91bb06/-/horizon-files-prod/ed/picture/q56d2855/c39ced3481545fda17c979c73fea9b757e26961f.jpg
1382,"<h1 class=""listing-item__header"">
    Galaxy fold 4
</h1>",D'occasion,Samsung,360 000 ,Sicap Liberté,https://i.roamcdn.net/hz/ed/listing-thumb-543w/c403bc65a57005125ec10e032627e890/-/horizon-files-prod/ed/picture/qenvmj7j/5e309019e47b15078fc590f877243d5aad80f467.jpg
1383,"<h1 class=""listing-item__header"">
    Iphone 16 Simple 256Go scellé Sim physique
</h1>",Neuf,iPhone,630 000 ,Médina,https://i.roamcdn.net/hz/ed/listing-thumb-543w/a65bd0a41c8deffacd59a02373afdf27/-/horizon-files-prod/ed/picture/qde7zj64/9e08f002813d955581cf25031c958c63f2da8526.jpg
1384,"<h1 class=""listing-item__header"">
    iphone 15 Plus 128Go Sim Physique
</h1>",Venant,iPhone,470 000 ,Médina,https://i.roamcdn.net/hz/ed/listing-thumb-543w/a05d343d39f9d88626b912d1ed703c2e/-/horizon-files-prod/ed/picture/qm5g9wx2/50f0b9069c36d4523c51230fb710e73e9477f3c1.jpg
1385,"<h1 class=""listing-item__header"">
    Samsung Galaxy Fold 4 256Go scellé
</h1>",Neuf,Samsung,450 000 ,Médina,https://i.roamcdn.net/hz/ed/listing-thumb-543w/82c13419ec7928416a9ba20127cfe8ba/-/horizon-files-prod/ed/picture/qzvp5m5q/506ed672fd48250ccb56e30c7791dcac17edd4a2.jpg
1386,"<h1 class=""listing-item__header"">
    S22 ultra 1Tera 1000GB
</h1>",Venant,Samsung,320 000 ,Médina,https://i.roamcdn.net/hz/ed/listing-thumb-543w/0850f90d1ffd75760e4e0638b82c4a9f/-/horizon-files-prod/ed/picture/qj4q7m25/54ec47e983aed83f05ec4892a60776746ab06127.jpg
1387,"<h1 class=""listing-item__header"">
    iPhone 14Pro max 512Go
</h1>",Venant,iPhone,500 000 ,Médina,https://i.roamcdn.net/hz/ed/listing-thumb-543w/1a18889672db9f5421a7ee6e8d8d80b3/-/horizon-files-prod/ed/picture/qq42gjp4/6035e0fe01481c90d7254f93eb217699d3cd5d02.jpg
1388,"<h1 class=""listing-item__header"">
    iPhone 16 Simple 128Go scellé Sim physique
</h1>",Neuf,iPhone,570 000 ,Médina,https://i.roamcdn.net/hz/ed/listing-thumb-543w/5f399d84ceb99ebe5c15d1333daef40a/-/horizon-files-prod/ed/picture/qngpkgez/93a485c15b1bfbd4ad5873dc27aef584d2a2063d.jpg
1389,"<h1 class=""listing-item__header"">
    iphone 8 simple-64Go- VENANT AUTHENTİQUE
</h1>",Venant,iPhone,60 000 ,Médina,https://i.roamcdn.net/hz/ed/listing-thumb-543w/78e42d1b663069f0d6f431c5e7147757/-/horizon-files-prod/ed/picture/qwep020g/e957d742d35e6febce0ed259c8e7023cefc35f21.jpg
1390,"<h1 class=""listing-item__header"">
    iPhone 12 simple -64 Go- VENANT AUTHENTİQUE
</h1>",Venant,iPhone,175 000 ,Médina,https://i.roamcdn.net/hz/ed/listing-thumb-543w/c1b63f5207785812ebd5b426249656a1/-/horizon-files-prod/ed/picture/q8v4wrgp/94de9e8ed7e9c5d9cf2bddc690caab258bef9337.jpg
1391,"<h1 class=""listing-item__header"">
    iphone 16 Plus 128Go Sim physique
</h1>",Neuf,iPhone,650 000 ,Médina,https://i.roamcdn.net/hz/ed/listing-thumb-543w/472db1fa733c6eac7472f5dc3b2e1328/-/horizon-files-prod/ed/picture/qj4qd4nw/16770d68a479e40d018959e4950b74576145aade.jpg
1392,"<h1 class=""listing-item__header"">
    Samsung Z Fold 6 512Go Dual sim
</h1>",Neuf,Samsung,650 000 ,Médina,https://i.roamcdn.net/hz/ed/listing-thumb-543w/e3df8f0d56489379fd39f010ada889b9/-/horizon-files-prod/ed/picture/qgqwkj0m/a417987e6df863973ab9e40b3e526524cac629fe.jpg
1393,"<h1 class=""listing-item__header"">
    iPhone 15Pro 128Go
</h1>",Neuf,iPhone,570 000 ,Plateau,https://i.roamcdn.net/hz/ed/listing-thumb-543w/b2987f1fda88e4c70745bd5f96e0f992/-/horizon-files-prod/ed/picture/qrz8k474/7d08abef4dfe8e68a639805cf9dae26a09ebcdd1.jpg
1394,"<h1 class=""listing-item__header"">
    Samsung Galaxy A06 w64 giga ram 4giga
</h1>",Neuf,Samsung,57 000 ,Castor,https://i.roamcdn.net/hz/ed/listing-thumb-543w/cbb50ee00581c0a4761b7edc990b18f8/-/horizon-files-prod/ed/picture/qngp2pjg/76c1498bd90e01738dcc0c263c895f9f69b32f40.jpg
1395,"<h1 class=""listing-item__header"">
    8 simple 64GB
</h1>",D'occasion,iPhone,70 000 ,Médina,https://i.roamcdn.net/hz/ed/listing-thumb-543w/24fb14d45af9545e523eea536cae4688/-/horizon-files-prod/ed/picture/qxjpne2j/6915559a1026d59c6465181d9f1840e8de497176.jpg
1396,"<h1 class=""listing-item__header"">
    Iphone 16 Pro Et Pro Max
</h1>",Neuf,iPhone,1 100 000 ,Ouest foire,https://i.roamcdn.net/hz/ed/listing-thumb-543w/3308bd4f73275c9b0b302edce87a70c7/-/horizon-files-prod/ed/picture/qwep98pz/e5dce78e25c6a2c300a7c13e6511acf2ee435da6.jpg
1397,"<h1 class=""listing-item__header"">
    Fold 4 256GB
</h1>",Venant,Samsung,345 000 ,Médina,https://i.roamcdn.net/hz/ed/listing-thumb-543w/35710a8247b55954070c57f2c5622829/-/horizon-files-prod/ed/picture/q78wgg7d/a919fa7e59ce1d9e3025203541346ff12ce37b00.jpg
1398,"<h1 class=""listing-item__header"">
    Xiaomi mi 14 512GB 16GB ram
</h1>",Venant,Xiaomi,425 000 ,Pikine,https://i.roamcdn.net/hz/ed/listing-thumb-543w/a26048f5bee35ecd4eb137cada50aca4/-/horizon-files-prod/ed/picture/qq425ng6/ec6bac45df38f49f6429fec866d2598b05186f9b.jpg
1399,"<h1 class=""listing-item__header"">
    iPhone 16 plus 256
</h1>",Neuf,iPhone,600 000 ,Plateau,https://i.roamcdn.net/hz/ed/listing-thumb-543w/2f7a9756a36da7541dbfd7ca8480b629/-/horizon-files-prod/ed/picture/q8v4dxw9/1d9b014566dc6488bebfb1684a59357919cef1d3.jpg
1400,"<h1 class=""listing-item__header"">
    Samsung galaxie Fold 4
</h1>",Venant,Samsung,355 000 ,Plateau,https://i.roamcdn.net/hz/ed/listing-thumb-543w/0cee72b3ccd90af86d63c49760b4dd42/-/horizon-files-prod/ed/picture/q2j0d50k/68f2cf91cebed2a89cc7e31f04043a2d8c298d29.jpg
1401,"<h1 class=""listing-item__header"">
    iphone 8 simple-64Go- VENANT AUTHENTİQUE
</h1>",Venant,iPhone,60 000 ,Médina,https://i.roamcdn.net/hz/ed/listing-thumb-543w/78e42d1b663069f0d6f431c5e7147757/-/horizon-files-prod/ed/picture/qwep020g/e957d742d35e6febce0ed259c8e7023cefc35f21.jpg
1402,"<h1 class=""listing-item__header"">
    iPhone 12 simple -64 Go- VENANT AUTHENTİQUE
</h1>",Venant,iPhone,175 000 ,Médina,https://i.roamcdn.net/hz/ed/listing-thumb-543w/c1b63f5207785812ebd5b426249656a1/-/horizon-files-prod/ed/picture/q8v4wrgp/94de9e8ed7e9c5d9cf2bddc690caab258bef9337.jpg
1403,"<h1 class=""listing-item__header"">
    15pro 128G
</h1>",Venant,iPhone,495 000 ,Médina,https://i.roamcdn.net/hz/ed/listing-thumb-543w/ab045741bbfe3048c9ecf63746fc1c01/-/horizon-files-prod/ed/picture/q8v42n8z/01cbf2ec282957c01b8d8af0ced2c4b3dbe2ca22.jpg
1404,"<h1 class=""listing-item__header"">
    IPHONE 13 Simple
</h1>",Venant,iPhone,240 000 ,Plateau,https://i.roamcdn.net/hz/ed/listing-thumb-543w/2ea7a83e104c77301c94f31e67625521/-/horizon-files-prod/ed/picture/qgqwkz74/3b6ea9c84636e09f5c9b67c91f7cd517d4969b54.jpg
1405,"<h1 class=""listing-item__header"">
    Vente Samsung Galaxy S24 Ultra 5G
</h1>",Neuf,Samsung,665 000 ,Plateau,https://i.roamcdn.net/hz/ed/listing-thumb-543w/903188e07d1e6ea446df998871e88a8c/-/horizon-files-prod/ed/picture/qj4qd2w8/31009b5a015caa148ec17ac4e0e06161d3a98150.jpg
1406,"<h1 class=""listing-item__header"">
    Vente Google Pixel 8 5G
</h1>",D'occasion,Google,215 000 ,Plateau,https://i.roamcdn.net/hz/ed/listing-thumb-543w/da4e6bed1ec8c261da27238bea2b60b6/-/horizon-files-prod/ed/picture/qde7z46r/43235d6463d6140cc8082fd7722dc064a9e9532f.jpg
1407,"<h1 class=""listing-item__header"">
    Iphone 16 Pro Max
</h1>",Neuf,iPhone,900 000 ,Grand-Dakar,https://i.roamcdn.net/hz/ed/listing-thumb-543w/f403b71d823e0a84f3fbe97bf582ed18/-eyJvciI6OTB9/horizon-files-prod/ed/picture/q0g7xdr6/472776599467fe07e57d585dbb1eb50994ca9664.jpg
1408,"<h1 class=""listing-item__header"">
    Samsung Galaxy A03s  32GB
</h1>",Venant,Samsung,40 000 ,Sicap foire,https://i.roamcdn.net/hz/ed/listing-thumb-543w/f907f0ed3133540196680b9a4b46b188/-/horizon-files-prod/ed/picture/qrz8k5z4/d4c21e045351f8b8a029729472056179d1b36a96.jpg
1409,"<h1 class=""listing-item__header"">
    Xiaomi Redmi 10 2022 64GB
</h1>",Venant,Xiaomi,50 000 ,Sicap foire,https://i.roamcdn.net/hz/ed/listing-thumb-543w/72f0a90955fc35a25b367e436fcc014b/-/horizon-files-prod/ed/picture/q9mj2g45/137d566257c02e67cc4b394a07ac8ecffdd51ae6.jpg
1410,"<h1 class=""listing-item__header"">
    Oppo A53s  128GB
</h1>",Venant,Oppo,65 000 ,Sicap foire,https://i.roamcdn.net/hz/ed/listing-thumb-543w/6bb710d2bdc016be92d10caa296601bc/-/horizon-files-prod/ed/picture/q8v42gjj/730b5c8d122da231a1152186dac2fd906e17819f.jpg
1411,"<h1 class=""listing-item__header"">
    Samsung Galaxy A33 5G 128GB
</h1>",Venant,Samsung,75 000 ,Sicap foire,https://i.roamcdn.net/hz/ed/listing-thumb-543w/914d7d7696d4cc214824feafe5bf860f/-/horizon-files-prod/ed/picture/q9mj2gpv/11220d5232cc0326e080c7819166fc75fd1936cf.jpg
1412,"<h1 class=""listing-item__header"">
    Xiaomi Redmi 9AT 32GB
</h1>",Venant,Xiaomi,30 000 ,Sicap foire,https://i.roamcdn.net/hz/ed/listing-thumb-543w/aef20772a0e52b4d66642460b98acb93/-/horizon-files-prod/ed/picture/q78wdgkd/d51256f0afb28a014a63af121c5e24eb39f792d2.jpg
1413,"<h1 class=""listing-item__header"">
    iphone 8 simple-64Go- VENANT AUTHENTİQUE
</h1>",Venant,iPhone,60 000 ,Médina,https://i.roamcdn.net/hz/ed/listing-thumb-543w/78e42d1b663069f0d6f431c5e7147757/-/horizon-files-prod/ed/picture/qwep020g/e957d742d35e6febce0ed259c8e7023cefc35f21.jpg
1414,"<h1 class=""listing-item__header"">
    Samsung galaxy fold 6 256G
</h1>",Neuf,Samsung,750 000 ,Liberte 6 extension,https://i.roamcdn.net/hz/ed/listing-thumb-543w/fb52b15c5a77dff4c6ebb42103a77b2c/-/horizon-files-prod/ed/picture/qq42e5v6/b910e6b186d4206e3759a489da1e8d6e88f16450.jpg
1415,"<h1 class=""listing-item__header"">
    Samsung Galaxy A14 5G 128GB
</h1>",Venant,Samsung,60 000 ,Sicap foire,https://i.roamcdn.net/hz/ed/listing-thumb-543w/2d98d7bf0074017af8f8bf1613e57dc9/-/horizon-files-prod/ed/picture/qq42wj7j/ae6ee595ea0b128bf5ed7f2c4ec86ae5d39a60a4.jpg
1416,"<h1 class=""listing-item__header"">
    Samsung Galaxy A12 64GB
</h1>",Venant,Samsung,35 000 ,Sicap foire,https://i.roamcdn.net/hz/ed/listing-thumb-543w/86baafb2b1a82288aadc353543d05fb5/-/horizon-files-prod/ed/picture/qzvpqx76/337908f62e6d4db10a82cbf72599f5cf8fe83aad.jpg
1417,"<h1 class=""listing-item__header"">
    Oppo A58 128GB
</h1>",Venant,Oppo,40 000 ,Sicap foire,https://i.roamcdn.net/hz/ed/listing-thumb-543w/f93bad3ceda46275b4408a25466ad08f/-/horizon-files-prod/ed/picture/q56d2gmg/8dff5fd9b8190a25a793518a492ea3f0a5ed6859.jpg
1418,"<h1 class=""listing-item__header"">
    Xiaomi Redmi 12 256GB
</h1>",Venant,Xiaomi,65 000 ,Sicap foire,https://i.roamcdn.net/hz/ed/listing-thumb-543w/61cba849e94d4398f57ed643278607b4/-/horizon-files-prod/ed/picture/qde7zn52/47bed64f7b1f9706a9e2a067e781314f3afcc540.jpg
1419,"<h1 class=""listing-item__header"">
    Samsung Galaxy 14 128GB
</h1>",Venant,Samsung,40 000 ,Sicap foire,https://i.roamcdn.net/hz/ed/listing-thumb-543w/e86fb7e2b811bfdc4505db9bb30cc640/-/horizon-files-prod/ed/picture/q2j02g48/7c493bd220a49e70c3ecdb4ca3199d56f6110183.jpg
1420,"<h1 class=""listing-item__header"">
    Xiaomi Redmi Note 9 128GB
</h1>",Venant,Xiaomi,50 000 ,Sicap foire,https://i.roamcdn.net/hz/ed/listing-thumb-543w/c14425318baa97889393e018b55b3e9d/-/horizon-files-prod/ed/picture/qj4qdzn6/380ffce767673126da5d75fb39f7e14e4cd9d9c3.jpg
1421,"<h1 class=""listing-item__header"">
    Samsung Galaxy A51 128G
</h1>",Venant,Samsung,35 000 ,Sicap foire,https://i.roamcdn.net/hz/ed/listing-thumb-543w/993fb97ed53bde241126ec7810a67829/-/horizon-files-prod/ed/picture/qgqwk8v9/7019560cb40e0d20d22132853cedd63de91e9ab7.jpg
1422,"<h1 class=""listing-item__header"">
    Xiaomi Redmi 9T 128GB
</h1>",Venant,Xiaomi,45 000 ,Sicap foire,https://i.roamcdn.net/hz/ed/listing-thumb-543w/2de81805b3ad311884e038b61a052c58/-/horizon-files-prod/ed/picture/qm5gknzr/f33784549177e7eaf25c0ed0825218db6591fb04.jpg
1423,"<h1 class=""listing-item__header"">
    iPhone XR 64g
</h1>",Venant,iPhone,102 500 ,Nord foire,https://i.roamcdn.net/hz/ed/listing-thumb-543w/a7873f6899732c0e5eb646432bd1757e/-/horizon-files-prod/ed/picture/q8v42gwj/8bc8ea177f1236f1e97786eb6e9691f366e81adb.jpg
1424,"<h1 class=""listing-item__header"">
    Samsung Fold 4 512GB
</h1>",Venant,Samsung,350 000 ,Plateau,https://i.roamcdn.net/hz/ed/listing-thumb-543w/006a19d9e8bb8bd0b014b72900aaf6c2/-/horizon-files-prod/ed/picture/qgqwk8dq/b23f6558f77121c4c89ad6cba619cdd3f78ae5dc.jpg
1425,"<h1 class=""listing-item__header"">
    iphone 8 simple-64Go- VENANT AUTHENTİQUE
</h1>",Venant,iPhone,60 000 ,Médina,https://i.roamcdn.net/hz/ed/listing-thumb-543w/78e42d1b663069f0d6f431c5e7147757/-/horizon-files-prod/ed/picture/qwep020g/e957d742d35e6febce0ed259c8e7023cefc35f21.jpg
1426,"<h1 class=""listing-item__header"">
    iPhone 12 simple -64 Go- VENANT AUTHENTİQUE
</h1>",Venant,iPhone,175 000 ,Médina,https://i.roamcdn.net/hz/ed/listing-thumb-543w/c1b63f5207785812ebd5b426249656a1/-/horizon-files-prod/ed/picture/q8v4wrgp/94de9e8ed7e9c5d9cf2bddc690caab258bef9337.jpg
1427,"<h1 class=""listing-item__header"">
    IPhone 14 Pro Max 128GB SIM
</h1>",Venant,iPhone,395 000 ,Plateau,https://i.roamcdn.net/hz/ed/listing-thumb-543w/4d56717515f5a36ce6f2e73a26f2869f/-/horizon-files-prod/ed/picture/qngpkw0x/f69ac453966e5cae4aa10bb2957f5685cc8fca75.jpg
1428,"<h1 class=""listing-item__header"">
    IPhone 13 Pro 128GB
</h1>",Venant,iPhone,295 000 ,Plateau,https://i.roamcdn.net/hz/ed/listing-thumb-543w/a81c03b78d365aba60ea5f7c6a07276d/-/horizon-files-prod/ed/picture/qv4w0z9m/d377b1962441374a062a72848182443ecf4b0ac6.jpg
1429,"<h1 class=""listing-item__header"">
    IPhone 11 Pro 64GB
</h1>",Venant,iPhone,155 000 ,Plateau,https://i.roamcdn.net/hz/ed/listing-thumb-543w/3ba6cec8e2fe499a81e531573f11dba6/-/horizon-files-prod/ed/picture/q44n2nr5/1aabd132b30691fec76daf7c779623d2115bc229.jpg
1430,"<h1 class=""listing-item__header"">
    14pro max 256G
</h1>",Venant,iPhone,490 000 ,Médina,https://i.roamcdn.net/hz/ed/listing-thumb-543w/1f16a42db4fb8461b574597f14d6da03/-/horizon-files-prod/ed/picture/qenvmw94/0d4792c8d18a4b263b09fb509df8f2d159990966.jpg
1431,"<h1 class=""listing-item__header"">
    15 simple 128G
</h1>",Venant,iPhone,390 000 ,Médina,https://i.roamcdn.net/hz/ed/listing-thumb-543w/9d5573dddb9dcf7243d57d17213070a6/-/horizon-files-prod/ed/picture/qde7zn0g/3e8d37cf57b065c963a1776eaf33e78b8eb5bf3b.jpg
1432,"<h1 class=""listing-item__header"">
    14pro max 128G
</h1>",Venant,iPhone,480 000 ,Médina,https://i.roamcdn.net/hz/ed/listing-thumb-543w/239e4b0130a0bfb6cde2f18a91b49603/-/horizon-files-prod/ed/picture/qpdm580r/5d2288554ac770d9ccf2db748e6c8ea621f97411.jpg
1433,"<h1 class=""listing-item__header"">
    Iphone 16 Pro max 256Go Scellé Sim physique
</h1>",Neuf,iPhone,870 000 ,Médina,https://i.roamcdn.net/hz/ed/listing-thumb-543w/c3ce58a023bb9d2d9175faf4596a9e05/-/horizon-files-prod/ed/picture/qpdm586r/2403ed310009ad26d23fc978aba818e9818b6609.jpg
1434,"<h1 class=""listing-item__header"">
    Samsung Galaxy S23
</h1>",Neuf,Samsung,325 000 ,Médina,https://i.roamcdn.net/hz/ed/listing-thumb-543w/5f5e762bcb2c165f7b2f2620b38e6f58/-/horizon-files-prod/ed/picture/qenvmw59/ffe5cbfd9bfe6137459afd2a7117bf1e8c371ecb.jpg
1435,"<h1 class=""listing-item__header"">
    Google Pixel 9
</h1>",Neuf,Google,400 000 ,Médina,https://i.roamcdn.net/hz/ed/listing-thumb-543w/8811ac921115f884e659f80971a37e36/-/horizon-files-prod/ed/picture/qm5gkn5z/45505ebc8c5d7e73c5edd303543897e05311276c.jpg
1436,"<h1 class=""listing-item__header"">
    Oppo 128go ram 6 go
</h1>",Venant,Oppo,34 900 ,Colobane,https://i.roamcdn.net/hz/ed/listing-thumb-543w/581baa4a69c4cbb4782ce08c7b539fa2/-/horizon-files-prod/ed/picture/q44n2p4v/2d7e97d19a4f95e6fd1cf93ae2ea25075269fe3e.jpg
1437,"<h1 class=""listing-item__header"">
    iphone 8 simple-64Go- VENANT AUTHENTİQUE
</h1>",Venant,iPhone,60 000 ,Médina,https://i.roamcdn.net/hz/ed/listing-thumb-543w/78e42d1b663069f0d6f431c5e7147757/-/horizon-files-prod/ed/picture/qwep020g/e957d742d35e6febce0ed259c8e7023cefc35f21.jpg
1438,"<h1 class=""listing-item__header"">
    iPhone 12 simple -64 Go- VENANT AUTHENTİQUE
</h1>",Venant,iPhone,175 000 ,Médina,https://i.roamcdn.net/hz/ed/listing-thumb-543w/c1b63f5207785812ebd5b426249656a1/-/horizon-files-prod/ed/picture/q8v4wrgp/94de9e8ed7e9c5d9cf2bddc690caab258bef9337.jpg
1439,"<h1 class=""listing-item__header"">
    iPhone 14 Pro Max  128  meuve
</h1>",Neuf,iPhone,400 000 ,Médina,https://i.roamcdn.net/hz/ed/listing-thumb-543w/5dd9bbfcb0ba78996564059e0aa4f4df/-/horizon-files-prod/ed/picture/qde7zne7/19191f1b77cecc22378785561a5657bf438a116e.jpg
1440,"<h1 class=""listing-item__header"">
    Google pixelle 6 128go ram 6go
</h1>",Venant,Google,139 900 ,Colobane,https://i.roamcdn.net/hz/ed/listing-thumb-543w/820f599b3d2683f16c35f26d27bce5e2/-/horizon-files-prod/ed/picture/qq42k64n/d8e291585e1584224fceec76a53d9ab23d3fb945.jpg
1441,"<h1 class=""listing-item__header"">
    Samsung s10 plus 128go ram 6 go
</h1>",Venant,Samsung,134 900 ,Colobane,https://i.roamcdn.net/hz/ed/listing-thumb-543w/b74e84bb5dd99046c3f848d49e380c13/-/horizon-files-prod/ed/picture/qv4w0z4x/dea9e9596ba296e4838bef7f11b5edd9dfb80c9d.jpg
1442,"<h1 class=""listing-item__header"">
    iPhone 13
</h1>",Venant,iPhone,270 000 ,Plateau,https://i.roamcdn.net/hz/ed/listing-thumb-543w/5d69a43e2d60cdd57ff903ad96ed5b75/-/horizon-files-prod/ed/picture/q6xd257v/c71babfccaa5bb4525694c6d444441cdc632131c.jpg
1443,"<h1 class=""listing-item__header"">
    Galaxy fold 6 256 12
</h1>",Neuf,Samsung,790 000 ,Médina,https://i.roamcdn.net/hz/ed/listing-thumb-543w/a74c754ad92814dc10960c2e8561cbaa/-/horizon-files-prod/ed/picture/qj4qdxv4/ab79f9e97f845b89a7e00e68d8db1f55399e446e.jpg
1444,"<h1 class=""listing-item__header"">
    iPhone 11pro 256go
</h1>",Neuf,iPhone,195 000 ,Médina,https://i.roamcdn.net/hz/ed/listing-thumb-543w/5ad7950dde45f7158fbf93b17cf377d2/-/horizon-files-prod/ed/picture/q2j02wpq/31ecf798426ad3cf8918341bcd458741fef5003e.jpg
1445,"<h1 class=""listing-item__header"">
    iPhone  16 plus 256 rose
</h1>",Neuf,iPhone,730 000 ,Médina,https://i.roamcdn.net/hz/ed/listing-thumb-543w/7d22b6500da77366149ce7b2b3613d70/-/horizon-files-prod/ed/picture/q0g7x9qz/7544df6927a9cee6430f7fa19791620abf8852cf.jpg
1446,"<h1 class=""listing-item__header"">
    iPhone 14 Pro Max 256 esim 🇺🇸
</h1>",Venant,iPhone,430 000 ,Médina,https://i.roamcdn.net/hz/ed/listing-thumb-543w/02c005b02c8f2de8a87bf28bd8b42090/-/horizon-files-prod/ed/picture/q6xd2vgv/3450b8176e068c0eb5b2e92ebe8fa1cff899da01.jpg
1447,"<h1 class=""listing-item__header"">
    iPhone 16 plus  sim 128
</h1>",Neuf,iPhone,585 000 ,Médina,https://i.roamcdn.net/hz/ed/listing-thumb-543w/471b32205cbdd4de64c1e0467acba0c7/-/horizon-files-prod/ed/picture/qwep9kdz/e004e079a917b7d354b43780261ac0d5d9152be4.jpg
1448,"<h1 class=""listing-item__header"">
    Honor magic V3 512 giga Ram16
</h1>",Venant,Honor,950 000 ,Médina,https://i.roamcdn.net/hz/ed/listing-thumb-543w/c0704004af376c3ff0fcc0bae68a1158/-/horizon-files-prod/ed/picture/qrz8kjgn/951c25fb6f93eaf86f1775687467ea63dd1acd11.jpg
1449,"<h1 class=""listing-item__header"">
    iphone 8 simple-64Go- VENANT AUTHENTİQUE
</h1>",Venant,iPhone,60 000 ,Médina,https://i.roamcdn.net/hz/ed/listing-thumb-543w/78e42d1b663069f0d6f431c5e7147757/-/horizon-files-prod/ed/picture/qwep020g/e957d742d35e6febce0ed259c8e7023cefc35f21.jpg
1450,"<h1 class=""listing-item__header"">
    Samsung galaxy fold 6 256G
</h1>",Neuf,Samsung,750 000 ,Liberte 6 extension,https://i.roamcdn.net/hz/ed/listing-thumb-543w/fb52b15c5a77dff4c6ebb42103a77b2c/-/horizon-files-prod/ed/picture/qq42e5v6/b910e6b186d4206e3759a489da1e8d6e88f16450.jpg
1451,"<h1 class=""listing-item__header"">
    iPhone 12pro 128go
</h1>",Neuf,iPhone,255 000 ,Médina,https://i.roamcdn.net/hz/ed/listing-thumb-543w/020316b532c6796629880d7959e00e97/-/horizon-files-prod/ed/picture/qpdm5jgx/21f374bfdcc3ab78ae36e88bc14e9840ea128837.jpg
1452,"<h1 class=""listing-item__header"">
    iPhone XR
</h1>",Neuf,iPhone,110 000 ,Médina,https://i.roamcdn.net/hz/ed/listing-thumb-543w/8f6f1abff99dbc7ac29933eaa01ed907/-/horizon-files-prod/ed/picture/qj4qdx68/3833a6520d1e34e8439e97fd9edcce7560cb62cb.jpg
1453,"<h1 class=""listing-item__header"">
    Téléphone incassable
</h1>",Venant,Autres,28 000 ,Colobane,https://i.roamcdn.net/hz/ed/listing-thumb-543w/0a37d58cb9398259ced8757d45432885/-/horizon-files-prod/ed/picture/q9mj2n8n/f623875df07193e9631c4e58279c7ce5a0662840.jpg
1454,"<h1 class=""listing-item__header"">
    Note 20 Ultra 128
</h1>",Venant,Samsung,195 000 ,Médina,https://i.roamcdn.net/hz/ed/listing-thumb-543w/d1c9ed70d7ede843836bda46a089d52a/-/horizon-files-prod/ed/picture/qv4wzzpv/82ecd551fb83cae6e260f96364fd29a47664d804.jpg
1455,"<h1 class=""listing-item__header"">
    Vente honor 200 Lite 5G
</h1>",Neuf,Honor,175 000 ,Plateau,https://i.roamcdn.net/hz/ed/listing-thumb-543w/c1a3643c32c04fee992674425d67268c/-/horizon-files-prod/ed/picture/q6xd2rg8/e44b42e040130ad1ad72bfa5f0798eb6f9b02d56.jpg
1456,"<h1 class=""listing-item__header"">
    iPhone 15 pro
</h1>",Neuf,iPhone,700 000 ,Médina,https://i.roamcdn.net/hz/ed/listing-thumb-543w/8548de63efc19cd0bf7c066fdd73bb28/-/horizon-files-prod/ed/picture/q44n2rwe/dacec4caa4a0199d6b6429d08fa9591895bbff7d.jpg
1457,"<h1 class=""listing-item__header"">
    Samsung galaxy S23 ultra 512GB 12GB 2sim CE
</h1>",Venant,Samsung,430 000 ,Pikine,https://i.roamcdn.net/hz/ed/listing-thumb-543w/d5b86cee38b3eb33d0a1e55c5c0cd8fb/-/horizon-files-prod/ed/picture/q9mjdqdv/4c0d46570504f865cee38ccb5c853f1a0ff0dc50.jpg
1458,"<h1 class=""listing-item__header"">
    16 simple 512
</h1>",Neuf,iPhone,675 000 ,Médina,https://i.roamcdn.net/hz/ed/listing-thumb-543w/937c140fd361dcf4d82fab571dc64311/-/horizon-files-prod/ed/picture/qrz8k6k2/8b36b353f1a33b6f97d64458ee799e62b8391774.jpg
1459,"<h1 class=""listing-item__header"">
    iPhone 16 pro Max 512Go
</h1>",Neuf,iPhone,1 050 000 ,Plateau,https://i.roamcdn.net/hz/ed/listing-thumb-543w/4f16fa6d5998523ce88d876a52a19a3a/-/horizon-files-prod/ed/picture/qrz8kz7m/5d55051ac20ee7ace932e42109bcddd57d44b9d8.jpg
1460,"<h1 class=""listing-item__header"">
    Samsung S24 256Go
</h1>",Venant,Samsung,380 000 ,Plateau,https://i.roamcdn.net/hz/ed/listing-thumb-543w/4e27d5042ad0bf7410f29da114c4eb6a/-/horizon-files-prod/ed/picture/qv4w09xp/0bc2f28b0ec1cf503278e72795abccac0b1d265f.jpg
1461,"<h1 class=""listing-item__header"">
    iphone 8 simple-64Go- VENANT AUTHENTİQUE
</h1>",Venant,iPhone,60 000 ,Médina,https://i.roamcdn.net/hz/ed/listing-thumb-543w/78e42d1b663069f0d6f431c5e7147757/-/horizon-files-prod/ed/picture/qwep020g/e957d742d35e6febce0ed259c8e7023cefc35f21.jpg
1462,"<h1 class=""listing-item__header"">
    iPhone 12 simple -64 Go- VENANT AUTHENTİQUE
</h1>",Venant,iPhone,175 000 ,Médina,https://i.roamcdn.net/hz/ed/listing-thumb-543w/c1b63f5207785812ebd5b426249656a1/-/horizon-files-prod/ed/picture/q8v4wrgp/94de9e8ed7e9c5d9cf2bddc690caab258bef9337.jpg
1463,"<h1 class=""listing-item__header"">
    IPHONE 16 256 GB
</h1>",Neuf,iPhone,660 000 ,Médina,https://i.roamcdn.net/hz/ed/listing-thumb-543w/39483ee2d61f2a8d094092a5295ecfcb/-/horizon-files-prod/ed/picture/qzvp5gq8/9643d996a50bf251fb8fd6926aa86b7c57e57823.jpg
1464,"<h1 class=""listing-item__header"">
    IPHONE 13 PROMAX 128GB
</h1>",Venant,iPhone,370 000 ,Médina,https://i.roamcdn.net/hz/ed/listing-thumb-543w/d4da5555b2c95c907f2844bae587f1c5/-/horizon-files-prod/ed/picture/qxjpe4nv/7b872ee9fea3cbfa73a8a164d0ba3c789d9683f4.jpg
1465,"<h1 class=""listing-item__header"">
    IPHONE 11 64GB
</h1>",Venant,iPhone,143 000 ,Médina,https://i.roamcdn.net/hz/ed/listing-thumb-543w/d0076e46eb2ce0e1f2ac44a2c271cc80/-/horizon-files-prod/ed/picture/qq42k7vp/57c85a34754f99fa7dd4410b492a342adacd95ff.jpg
1466,"<h1 class=""listing-item__header"">
    IPHONE XR 64GB
</h1>",Venant,iPhone,110 000 ,Médina,https://i.roamcdn.net/hz/ed/listing-thumb-543w/c4f847f52e7e4d82eee0571f39fd8e3b/-/horizon-files-prod/ed/picture/q8v425x0/75b7fa798ab6c0b435710222e5e7c2ba5cab025e.jpg
1467,"<h1 class=""listing-item__header"">
    IPHONE 12 PRO 128 GB
</h1>",Venant,iPhone,240 000 ,Médina,https://i.roamcdn.net/hz/ed/listing-thumb-543w/f2bab2b94d3bb805522e8c9de9dc3d7f/-/horizon-files-prod/ed/picture/qrz8k26g/1ebf4190886b8ee8d5e5d537a26fc6939c79504d.jpg
1468,"<h1 class=""listing-item__header"">
    IPHONE 13 PRO 128GB
</h1>",Venant,iPhone,320 000 ,Médina,https://i.roamcdn.net/hz/ed/listing-thumb-543w/5bf367ea9e05ed33d7d462bbe8bc30b3/-/horizon-files-prod/ed/picture/q0g7xp9x/d5f8c8d77072ab32f84f2904cef319747102f4cf.jpg
1469,"<h1 class=""listing-item__header"">
    IPHONE 7PLUS 128GB
</h1>",Venant,iPhone,65 000 ,Médina,https://i.roamcdn.net/hz/ed/listing-thumb-543w/6516482c0cb700fb81e38b7bc06d768b/-/horizon-files-prod/ed/picture/q44n2j6z/78b0f22dafa171f3c6644bd234539de3bf8f8a7a.jpg
1470,"<h1 class=""listing-item__header"">
    IPHONE XR 64GB
</h1>",Venant,iPhone,110 000 ,Médina,https://i.roamcdn.net/hz/ed/listing-thumb-543w/fedb220221e2f268e371b84baeb770d6/-/horizon-files-prod/ed/picture/qxjpndk4/754199cdbcc1a978320134c24d451096489f418a.jpg
1471,"<h1 class=""listing-item__header"">
    IPHONE 11PRO 256GB
</h1>",Venant,iPhone,190 000 ,Médina,https://i.roamcdn.net/hz/ed/listing-thumb-543w/57c5c9bbc9e2859f22e0f5731cbca8f9/-/horizon-files-prod/ed/picture/qkr8dm05/72e120e518e1ed2e0a5f3d359e2e2e40231878b7.jpg
1472,"<h1 class=""listing-item__header"">
    Xiaomi redmi note 13pro 256go ram 8go
</h1>",Neuf,Xiaomi,155 000 ,Parcelles Assainies,https://i.roamcdn.net/hz/ed/listing-thumb-543w/6cfa90491870781fb4409e60ef204470/-/horizon-files-prod/ed/picture/qde7wvng/7654dde3751eade32b81fc990c6f2a6f667b211c.png
1473,"<h1 class=""listing-item__header"">
    iphone 8 simple-64Go- VENANT AUTHENTİQUE
</h1>",Venant,iPhone,60 000 ,Médina,https://i.roamcdn.net/hz/ed/listing-thumb-543w/78e42d1b663069f0d6f431c5e7147757/-/horizon-files-prod/ed/picture/qwep020g/e957d742d35e6febce0ed259c8e7023cefc35f21.jpg
1474,"<h1 class=""listing-item__header"">
    iPhone 12 simple -64 Go- VENANT AUTHENTİQUE
</h1>",Venant,iPhone,175 000 ,Médina,https://i.roamcdn.net/hz/ed/listing-thumb-543w/c1b63f5207785812ebd5b426249656a1/-/horizon-files-prod/ed/picture/q8v4wrgp/94de9e8ed7e9c5d9cf2bddc690caab258bef9337.jpg
1475,"<h1 class=""listing-item__header"">
    Villaon v20 se neuf 32go ram 4go original
</h1>",Neuf,Autres,29 000 ,Parcelles Assainies,https://i.roamcdn.net/hz/ed/listing-thumb-543w/25a22fdacfa4b710ed4f4b9fca39e5e8/-/horizon-files-prod/ed/picture/qwepg0xm/d5c1e5c48c75269b397188fbbc611c4cd83ebbe9.jpg
1476,"<h1 class=""listing-item__header"">
    Samsung galaxy A35 5g 256go ram 8go
</h1>",Neuf,Samsung,190 000 ,Parcelles Assainies,https://i.roamcdn.net/hz/ed/listing-thumb-543w/25940163715e422855bda5cbcdd1cd56/-/horizon-files-prod/ed/picture/qv4w9p2p/07aed82c373cc270e05c30cca4256de1f8fd9da1.jpg
1477,"<h1 class=""listing-item__header"">
    Galaxy A15 256go ram 8go
</h1>",Neuf,Samsung,110 000 ,Parcelles Assainies,https://i.roamcdn.net/hz/ed/listing-thumb-543w/21482728b11eec13f20195cc7e3ae30e/-/horizon-files-prod/ed/picture/qq4242en/a395f5dbe52c890c96f80f5f9e94c83eb7f47596.jpg
1478,"<h1 class=""listing-item__header"">
    Samsung Galaxie A05
</h1>",Neuf,Samsung,54 500 ,Médina,https://i.roamcdn.net/hz/ed/listing-thumb-543w/432f11a17d41f79d393aeafbb7558418/-/horizon-files-prod/ed/picture/qde7j467/e7dc2d2cfa05642f82e3b4013d19f7d2f097375b.jpg
1479,"<h1 class=""listing-item__header"">
    Samsung Galaxy A06
</h1>",Neuf,Samsung,69 800 ,Médina,https://i.roamcdn.net/hz/ed/listing-thumb-543w/2fb016d0d1a14aa9f3f1a081ce21b18b/-/horizon-files-prod/ed/picture/qj4q7294/34aa49595347a23f467881640e46308a79df360b.jpg
1480,"<h1 class=""listing-item__header"">
    Samsung Galaxy a52 128go
</h1>",Venant,Samsung,100 000 ,Colobane,https://i.roamcdn.net/hz/ed/listing-thumb-543w/0a7658d98cf3c6b2d67cbc2ababb279e/-/horizon-files-prod/ed/picture/qdekv9vj/5f7e9b2705160f43036bec915dc8e55500705faa.jpg
1481,"<h1 class=""listing-item__header"">
    Samsung Galaxy note 20 128go ram
</h1>",Venant,Samsung,140 000 ,Colobane,https://i.roamcdn.net/hz/ed/listing-thumb-543w/d22cb0a0e61626430b088df3940499d0/-/horizon-files-prod/ed/picture/qngxq88m/a4fa5c8141277e512874e64cf12f208e29278dc4.jpg
1482,"<h1 class=""listing-item__header"">
    SAMSUNG A53 128GB
</h1>",Venant,Samsung,115 000 ,Médina,https://i.roamcdn.net/hz/ed/listing-thumb-543w/c83f33019e4117185ad72b1e7dbc3d77/-/horizon-files-prod/ed/picture/qxjpqk9q/5b0fea0c47a5ae7818f69a4222a4d8b7094d027d.jpg
1483,"<h1 class=""listing-item__header"">
    Huawei mate 50 pro
</h1>",Venant,Huawei,349 000 ,Hann maristes,https://i.roamcdn.net/hz/ed/listing-thumb-543w/b804dbad84cabc2b3df6327a7188c2af/-/horizon-files-prod/ed/picture/q56d2xd7/a6c38d0c66a136d7c73abfb2e9d4ba9c8e289a4d.jpg
1484,"<h1 class=""listing-item__header"">
    IPhones à vendre
</h1>",Neuf,iPhone,1 ,Grand-Dakar,https://i.roamcdn.net/hz/ed/listing-thumb-543w/d435062618ff57d8f4f90a9ee58f4ab7/-/horizon-files-prod/ed/picture/q44nqr8m/04c9aafd5f40f254a993876e39a9af815965a5ca.jpg
1485,"<h1 class=""listing-item__header"">
    iphone 8 simple-64Go- VENANT AUTHENTİQUE
</h1>",Venant,iPhone,60 000 ,Médina,https://i.roamcdn.net/hz/ed/listing-thumb-543w/78e42d1b663069f0d6f431c5e7147757/-/horizon-files-prod/ed/picture/qwep020g/e957d742d35e6febce0ed259c8e7023cefc35f21.jpg
1486,"<h1 class=""listing-item__header"">
    Samsung galaxy fold 6 256G
</h1>",Neuf,Samsung,750 000 ,Liberte 6 extension,https://i.roamcdn.net/hz/ed/listing-thumb-543w/fb52b15c5a77dff4c6ebb42103a77b2c/-/horizon-files-prod/ed/picture/qq42e5v6/b910e6b186d4206e3759a489da1e8d6e88f16450.jpg
1487,"<h1 class=""listing-item__header"">
    XR-64GB
</h1>",D'occasion,iPhone,115 000 ,Médina,https://i.roamcdn.net/hz/ed/listing-thumb-543w/4ef9090d1a6dff69dc45c7cd613aba86/-/horizon-files-prod/ed/picture/q8v42mnn/a72c2b47a772b1f84e6424e3f0a61c39bf7f263d.jpg
1488,"<h1 class=""listing-item__header"">
    Vente Nothing phone 2A 5G
</h1>",Venant,Autres,265 000 ,Plateau,https://i.roamcdn.net/hz/ed/listing-thumb-543w/b4f5bd5f45d730faab1a2b36180b4e89/-/horizon-files-prod/ed/picture/q0g78m7w/f40ed4c23dc046a06f4b1f1e9c0deb52a0a5da3c.jpg
1489,"<h1 class=""listing-item__header"">
    iPhone 13pro Max 128go
</h1>",Venant,iPhone,320 000 ,Castor,https://i.roamcdn.net/hz/ed/listing-thumb-543w/15475895bf381820b3693eb456410adb/-/horizon-files-prod/ed/picture/qngpj64g/cd6414d5a8f4d6c9d7a8e772023b9775f2ea688b.jpg
1490,"<h1 class=""listing-item__header"">
    Samsung Galaxy S22 venant 128go ram 8go 5g
</h1>",Neuf,Samsung,190 000 ,Colobane,https://i.roamcdn.net/hz/ed/listing-thumb-543w/2702b48525cadeaa0ad6cd70166f9379/-/horizon-files-prod/ed/picture/qv4wdjzk/187a2a8c63dd420ca519d512425120af30007294.jpg
1491,"<h1 class=""listing-item__header"">
    iPhone 16simple 256 descellé pink
</h1>",Neuf,iPhone,640 000 ,Médina,https://i.roamcdn.net/hz/ed/listing-thumb-543w/196291dedbdaf94ad48cf33b06666486/-/horizon-files-prod/ed/picture/qm5gkgvj/695f5ed064854a5eb4fbd62b794efc9ab9b1cb62.jpg
1492,"<h1 class=""listing-item__header"">
    IPhone 13 Pro 256GB scellé
</h1>",Neuf,iPhone,385 000 ,Plateau,https://i.roamcdn.net/hz/ed/listing-thumb-543w/e8ad2bdb359fcc32b0f40346e45c2bad/-/horizon-files-prod/ed/picture/q2j02072/91756ff3457816b3fb1671f8ab6375e260a4ea09.jpg
1493,"<h1 class=""listing-item__header"">
    IPhone 11 Pro 256GB
</h1>",Neuf,iPhone,255 000 ,Plateau,https://i.roamcdn.net/hz/ed/listing-thumb-543w/d16ae67fe2984019373954e9007c6efa/-/horizon-files-prod/ed/picture/q8v424m4/14ea85a98faa3cf70908061a0ae3e784b6681cb4.jpg
1494,"<h1 class=""listing-item__header"">
    Samsung Z Fold 4 512GB
</h1>",Venant,Samsung,355 000 ,Plateau,https://i.roamcdn.net/hz/ed/listing-thumb-543w/728104510c70ab9aee3bbb9a7e31bc46/-/horizon-files-prod/ed/picture/qj4qdqqw/53b3e33624e67e7dcfd4e7804f37859938384508.jpg
1495,"<h1 class=""listing-item__header"">
    IPad 10e Génération - 64GB | Wifi-Cellulaire
</h1>",Venant,iPad,300 000 ,Point-e,https://i.roamcdn.net/hz/ed/listing-thumb-543w/0c7bc1f316926110a30fe70afd8b3979/-/horizon-files-prod/ed/picture/qj4qdqmv/c5ee6a051be6eb56feb45ac5e0aa950e147ce8af.jpg
1496,"<h1 class=""listing-item__header"">
    iphone 8 simple-64Go- VENANT AUTHENTİQUE
</h1>",Venant,iPhone,60 000 ,Médina,https://i.roamcdn.net/hz/ed/listing-thumb-543w/78e42d1b663069f0d6f431c5e7147757/-/horizon-files-prod/ed/picture/qwep020g/e957d742d35e6febce0ed259c8e7023cefc35f21.jpg
1497,"<h1 class=""listing-item__header"">
    iPhone 16 pro sim physique
</h1>",Neuf,iPhone,670 000 ,Médina,https://i.roamcdn.net/hz/ed/listing-thumb-543w/20eafa147714024f6cf27b843e668421/-/horizon-files-prod/ed/picture/qkr8eq9m/20d5c19e5ed42741aec8ec5311328dc0ae079046.jpg
1498,"<h1 class=""listing-item__header"">
    Oppo 128go ram 6 go
</h1>",Venant,Oppo,34 900 ,Colobane,https://i.roamcdn.net/hz/ed/listing-thumb-543w/3032e795b7e4cff4e24a2e5720c22529/-/horizon-files-prod/ed/picture/qrz8kvp8/e2531081b65ada08537d06b5b7b8dd41c29475a8.jpg
1499,"<h1 class=""listing-item__header"">
    Samsung galaxy xcover5 64go ram4
</h1>",Venant,Samsung,59 900 ,Colobane,https://i.roamcdn.net/hz/ed/listing-thumb-543w/9d1e274f61b71dba6060c5a963cf7187/-/horizon-files-prod/ed/picture/qrz8kv98/0a325c8be9f6e928e255b318201c25a9403f39af.jpg
1500,"<h1 class=""listing-item__header"">
    Nokia c1 16go ram
</h1>",Neuf,Nokia,39 900 ,Colobane,https://i.roamcdn.net/hz/ed/listing-thumb-543w/8e7b873eb2ea8ff3b59974b406f489d5/-/horizon-files-prod/ed/picture/qenvmqez/fac76e88d89646fc3a05e0e56205d88914ebdf5f.jpg
1501,"<h1 class=""listing-item__header"">
    Google pixelle 6 128go  ram 6 5g
</h1>",Venant,Google,140 000 ,Colobane,https://i.roamcdn.net/hz/ed/listing-thumb-543w/2554b83490519dd62501db20ea372c90/-/horizon-files-prod/ed/picture/q6xd2kjj/a734431b50322880867cd71384aa899860535547.jpg
1502,"<h1 class=""listing-item__header"">
    16Plus 128Go Scellé Sim physique
</h1>",Neuf,iPhone,680 000 ,Médina,https://i.roamcdn.net/hz/ed/listing-thumb-543w/8ab2d91a5754a4b33218573c9c91a2e6/-/horizon-files-prod/ed/picture/qngpzge0/7293549297cdad2148889d2e5727a927105faacb.jpg
1503,"<h1 class=""listing-item__header"">
    Samsung A06 128gb original
</h1>",Neuf,Samsung,63 900 ,Plateau,https://i.roamcdn.net/hz/ed/listing-thumb-543w/564192717a69cbeebbf6f5624526e381/-/horizon-files-prod/ed/picture/qngpkxzm/4403d8452697a783475799ae7acb6b9f30afb8da.jpg
1504,"<h1 class=""listing-item__header"">
    IPHONE XR 64GB
</h1>",Venant,iPhone,110 000 ,Médina,https://i.roamcdn.net/hz/ed/listing-thumb-543w/e79374edc48daff6cb8b6e9fc68ea4ce/-/horizon-files-prod/ed/picture/qv4w0eqj/5f111d3d669b03e8082582126d373fc20f65a8b9.jpg
1505,"<h1 class=""listing-item__header"">
    Redmi 14c 128g
</h1>",Neuf,Xiaomi,68 000 ,Castor,https://i.roamcdn.net/hz/ed/listing-thumb-543w/608a7b95cb2a751e1e4f6f3041f6506a/-/horizon-files-prod/ed/picture/qde7zk64/ad8d61596a64790c3fa748c96e28b307834180d2.jpg
1506,"<h1 class=""listing-item__header"">
    iPhone 14Pro Max 256GB
</h1>",Venant,iPhone,525 000 ,Sacré-cœur,https://i.roamcdn.net/hz/ed/listing-thumb-543w/36401b9fe82c45df67feb79e3f4590ce/-/horizon-files-prod/ed/picture/qj4qdrw5/e1f49d5eddbac77c9430f19767499b6b61a4e170.jpg
1507,"<h1 class=""listing-item__header"">
    iPhone 13 Pro
</h1>",D'occasion,iPhone,255 000 ,Sicap Liberté,https://i.roamcdn.net/hz/ed/listing-thumb-543w/99ed22ca213f25e104afccb7f46ddce4/-/horizon-files-prod/ed/picture/qgqwk90m/84e01473a7ec1f717fff3c3124234663e3050491.jpg
1508,"<h1 class=""listing-item__header"">
    iphone 8 simple-64Go- VENANT AUTHENTİQUE
</h1>",Venant,iPhone,60 000 ,Médina,https://i.roamcdn.net/hz/ed/listing-thumb-543w/78e42d1b663069f0d6f431c5e7147757/-/horizon-files-prod/ed/picture/qwep020g/e957d742d35e6febce0ed259c8e7023cefc35f21.jpg
1509,"<h1 class=""listing-item__header"">
    iPhone 12 simple -64 Go- VENANT AUTHENTİQUE
</h1>",Venant,iPhone,175 000 ,Médina,https://i.roamcdn.net/hz/ed/listing-thumb-543w/c1b63f5207785812ebd5b426249656a1/-/horizon-files-prod/ed/picture/q8v4wrgp/94de9e8ed7e9c5d9cf2bddc690caab258bef9337.jpg
1510,"<h1 class=""listing-item__header"">
    Samsung galaxie A15 128gb original
</h1>",Neuf,Samsung,83 900 ,Plateau,https://i.roamcdn.net/hz/ed/listing-thumb-543w/22833e5562407706014bdf3d4d91e4ae/-/horizon-files-prod/ed/picture/q2j02q5g/cd6ff166e5f8020fa631212ab550910ba036f562.jpg
1511,"<h1 class=""listing-item__header"">
    Samsung galaxie A15 256gb original
</h1>",Neuf,Samsung,108 900 ,Plateau,https://i.roamcdn.net/hz/ed/listing-thumb-543w/66dba305839803271f7e496c6a1d9164/-/horizon-files-prod/ed/picture/q78wd5gq/9ddefa172736b8c600aa3c92ff8536ae8e7b7804.jpg
1512,"<h1 class=""listing-item__header"">
    Samsung galaxie A16 128gb original
</h1>",Neuf,Samsung,89 400 ,Plateau,https://i.roamcdn.net/hz/ed/listing-thumb-543w/4826e6a282628763e5b4e02b85ea8a06/-/horizon-files-prod/ed/picture/qde7zk24/ca5122a0688ca9dd7046a832025647794e6485a5.jpg
1513,"<h1 class=""listing-item__header"">
    Samsung galaxie A16 256gb original
</h1>",Neuf,Samsung,119 900 ,Plateau,https://i.roamcdn.net/hz/ed/listing-thumb-543w/e7e50624b68a73a473c9fc25bfd4a548/-/horizon-files-prod/ed/picture/qwep92nd/76da3121dba9e9fdc3b71d44563b1b6d12cbaf7e.jpg
1514,"<h1 class=""listing-item__header"">
    Samsung galaxy A05S neuf 128go
</h1>",Neuf,Samsung,75 000 ,Parcelles Assainies,https://i.roamcdn.net/hz/ed/listing-thumb-543w/60b8c25d9a4f935f9b645905bc1e96c3/-/horizon-files-prod/ed/picture/qde7jr95/641846d304b20ae259957b541092e0523fdb91bb.jpg
1515,"<h1 class=""listing-item__header"">
    Google pixel 6pro 128g
</h1>",D'occasion,Google,150 000 ,Castor,https://i.roamcdn.net/hz/ed/listing-thumb-543w/9a0549c9c687470c3eadbc7f14029f83/-/horizon-files-prod/ed/picture/qpdm5dr2/a2c65576d932dd36bed6c1e4597debe56bfc2eaf.jpg
1516,"<h1 class=""listing-item__header"">
    Redmi 14c 128g
</h1>",Venant,Xiaomi,70 000 ,Castor,https://i.roamcdn.net/hz/ed/listing-thumb-543w/60329d23687e83a1ac9ec61e760d9236/-/horizon-files-prod/ed/picture/qrz8kz9x/c2b215a0cf1f6dcd9720f1e03731aed0d95bd343.jpg
1517,"<h1 class=""listing-item__header"">
    iPhone 16 plus 256go scellé
</h1>",Neuf,iPhone,800 000 ,Plateau,https://i.roamcdn.net/hz/ed/listing-thumb-543w/a1e1e62eaa14e2b78e731396eb0d1750/-/horizon-files-prod/ed/picture/q56d24je/8e06d0f762c7a892e71878cffa4002345ebded8d.jpg
1518,"<h1 class=""listing-item__header"">
    iPhone 12/ 128Go / scellé
</h1>",Neuf,iPhone,310 000 ,Plateau,https://i.roamcdn.net/hz/ed/listing-thumb-543w/e7d708989098d9f3f61b945edc4df54b/-/horizon-files-prod/ed/picture/qzvpq4mg/e19cc53908f685c703e61a58ddca0fe9a6283603.jpg
1519,"<h1 class=""listing-item__header"">
    iPhone 13 Pro max
</h1>",Venant,iPhone,360 000 ,Yoff,https://i.roamcdn.net/hz/ed/listing-thumb-543w/9098b4507ec7ad198048c69555b6fa79/-/horizon-files-prod/ed/picture/qkr8dg58/09bd3e0fee78c2c0c97ac8187ed1b1017ecf54dc.jpg
1520,"<h1 class=""listing-item__header"">
    iphone 8 simple-64Go- VENANT AUTHENTİQUE
</h1>",Venant,iPhone,60 000 ,Médina,https://i.roamcdn.net/hz/ed/listing-thumb-543w/78e42d1b663069f0d6f431c5e7147757/-/horizon-files-prod/ed/picture/qwep020g/e957d742d35e6febce0ed259c8e7023cefc35f21.jpg
1521,"<h1 class=""listing-item__header"">
    iPhone 16 pro sim physique
</h1>",Neuf,iPhone,670 000 ,Médina,https://i.roamcdn.net/hz/ed/listing-thumb-543w/20eafa147714024f6cf27b843e668421/-/horizon-files-prod/ed/picture/qkr8eq9m/20d5c19e5ed42741aec8ec5311328dc0ae079046.jpg
1522,"<h1 class=""listing-item__header"">
    iPhone 14 Pro Max
</h1>",Venant,iPhone,420 000 ,Yoff,https://i.roamcdn.net/hz/ed/listing-thumb-543w/e268b5ddd3c7195fcd33907b7d4401cd/-/horizon-files-prod/ed/picture/q44n284e/695234836d78160e32cad2f72fcb104189b609c5.jpg
1523,"<h1 class=""listing-item__header"">
    iPhone 15 pro max
</h1>",Venant,iPhone,620 000 ,Yoff,https://i.roamcdn.net/hz/ed/listing-thumb-543w/e2ecfc66c42da35a10fb343bc9d04552/-/horizon-files-prod/ed/picture/q9mj28ej/d2994affc2c871dafb5b8d57b21ac1d18414a7cc.jpg
1524,"<h1 class=""listing-item__header"">
    iPhone 7 32Go
</h1>",Venant,iPhone,55 000 ,Médina,https://i.roamcdn.net/hz/ed/listing-thumb-543w/a29c71f9a68f45083cdd382dfdfe22aa/-/horizon-files-prod/ed/picture/qgqwkgxk/f19a47142b22d4ff53d0c0e847abeedfb71d31c0.jpg
1525,"<h1 class=""listing-item__header"">
    Samsung galaxy S22 256GB 8GB ram 2sim
</h1>",Venant,Samsung,180 000 ,Pikine,https://i.roamcdn.net/hz/ed/listing-thumb-543w/81dad9578b75e8e6dfe8d0e92454130d/-/horizon-files-prod/ed/picture/qde7jk6m/5d94daae1bf129d1a20b654e0923f34ab2210943.jpg
1526,"<h1 class=""listing-item__header"">
    IPHONE 14 PRO MAX
</h1>",Venant,iPhone,459 000 ,Hann maristes,https://i.roamcdn.net/hz/ed/listing-thumb-543w/288ea74a6b8319ffea8921db77c8cbe3/-/horizon-files-prod/ed/picture/q6xd26j7/d23c67f2661c82f2dbc0fddd9406e8c17cf3303a.jpg
1527,"<h1 class=""listing-item__header"">
    Iphone 16 &amp; 16 Pro Max SIM Physique 🇪🇺
</h1>",Neuf,iPhone,575 000 ,Plateau,https://i.roamcdn.net/hz/ed/listing-thumb-543w/4962e532bd2ba9b8a9c8654a88d43df5/-/horizon-files-prod/ed/picture/qzvpqvg9/c94daaaed707c4b0586404f25078fa05f6d25647.jpg
1528,"<h1 class=""listing-item__header"">
    Google Pixel 8 Pro
</h1>",Venant,Google,350 000 ,Sangalkam,https://i.roamcdn.net/hz/ed/listing-thumb-543w/4b05ecb05886732f44d4250c11584fef/-/horizon-files-prod/ed/picture/qj4qdjmw/8b5cc08bc62a440386dedc923f45bbfb916750dc.jpg
1529,"<h1 class=""listing-item__header"">
    Samsung Galaxy WATCH 6 Classique
</h1>",Venant,Samsung,165 000 ,Sacré-cœur,https://i.roamcdn.net/hz/ed/listing-thumb-543w/50651853c07d6eb2917f9d16f5880ebb/-/horizon-files-prod/ed/picture/q2j02rz2/255ccb2d99d6f7288e8f7f57a1b13f823967110e.jpg
1530,"<h1 class=""listing-item__header"">
    Tecno Spark 30C - 128 Go Ram 8(4+4)Go - 50 MP, 5000 mAh
</h1>",Neuf,Tecno,69 000 ,Castor,https://i.roamcdn.net/hz/ed/listing-thumb-543w/ab760491e52c147386e82ec6f1eeac34/-/horizon-files-prod/ed/picture/qm5g0nn6/d66def5b44027c58ac8af446878e2190df11b9de.jpg
1531,"<h1 class=""listing-item__header"">
    iPhone 16 Plus Pink scelle SIM physique 256 Gb
</h1>",Neuf,iPhone,780 000 ,Cambérène,https://i.roamcdn.net/hz/ed/listing-thumb-543w/0112a8b76864fe7fb594248db1205d3e/-/horizon-files-prod/ed/picture/q0g7x2gm/c1ade2b2bffbba4567af4b8cb2f057378c01e075.jpg
1532,"<h1 class=""listing-item__header"">
    iphone 8 simple-64Go- VENANT AUTHENTİQUE
</h1>",Venant,iPhone,60 000 ,Médina,https://i.roamcdn.net/hz/ed/listing-thumb-543w/78e42d1b663069f0d6f431c5e7147757/-/horizon-files-prod/ed/picture/qwep020g/e957d742d35e6febce0ed259c8e7023cefc35f21.jpg
1533,"<h1 class=""listing-item__header"">
    iPhone 12 simple -64 Go- VENANT AUTHENTİQUE
</h1>",Venant,iPhone,175 000 ,Médina,https://i.roamcdn.net/hz/ed/listing-thumb-543w/c1b63f5207785812ebd5b426249656a1/-/horizon-files-prod/ed/picture/q8v4wrgp/94de9e8ed7e9c5d9cf2bddc690caab258bef9337.jpg
1534,"<h1 class=""listing-item__header"">
    iPhone 16 pro 128 giga jamais utilise
</h1>",Neuf,iPhone,725 000 ,Médina,https://i.roamcdn.net/hz/ed/listing-thumb-543w/b3fdf9441d8588fb4e297318c5d696b4/-/horizon-files-prod/ed/picture/q0g7x2pm/6135af1d79dc73f6e89eb4c827288e58690dc7a7.jpg
1535,"<h1 class=""listing-item__header"">
    iPhone 15 pro sim fisique
</h1>",Venant,iPhone,510 000 ,Sicap Liberté,https://i.roamcdn.net/hz/ed/listing-thumb-543w/799bca66157fea9499f3ae4e9b4d58c0/-/horizon-files-prod/ed/picture/qq42kdq7/832fc5365df66fb7f9963a1b079d8c3c6844839c.jpg
1536,"<h1 class=""listing-item__header"">
    iphone 14Pro Max 128Go Sim physique
</h1>",Venant,iPhone,450 000 ,Médina,https://i.roamcdn.net/hz/ed/listing-thumb-543w/42de1ffd373152f64900450636a3f780/-/horizon-files-prod/ed/picture/qm5gk5zj/646368f157292833654ffc721cd3ef7a0015493e.jpg
1537,"<h1 class=""listing-item__header"">
    Redmi 14c 256giga
</h1>",Neuf,Xiaomi,69 000 ,Parcelles Assainies,https://i.roamcdn.net/hz/ed/listing-thumb-543w/089ba2a0f10cde2e66379ed8557bfe77/-/horizon-files-prod/ed/picture/qv4w048k/6adcbf3c24fbb058f8b72e02e31a584226fe1534.jpg
1538,"<h1 class=""listing-item__header"">
    Redmi 13c 256giga
</h1>",Neuf,Xiaomi,59 000 ,Parcelles Assainies,https://i.roamcdn.net/hz/ed/listing-thumb-543w/f833848bf7c4f4673643c35f2afd1231/-/horizon-files-prod/ed/picture/qwep9e45/723d7e0c49e27a8fc1573ddd4e1aa6f2714b4a4c.jpg
1539,"<h1 class=""listing-item__header"">
    Google pixels 7 128GB 8GB ram sim esm
</h1>",Venant,Google,175 000 ,Pikine,https://i.roamcdn.net/hz/ed/listing-thumb-543w/b1a33852d64d4d0ab90279476b4c4d55/-/horizon-files-prod/ed/picture/qkr820zn/2cfca2da1f1005b6e50161c79c1c4dad6fbfeff5.jpg
1540,"<h1 class=""listing-item__header"">
    IPhone 12 Pro Max 256 go
</h1>",D'occasion,iPhone,270 000 ,Sicap Liberté,https://i.roamcdn.net/hz/ed/listing-thumb-543w/d600ab8b11e06935142d046300f64d64/-/horizon-files-prod/ed/picture/q6xd2xpn/027353016f82857249872062d652964366a4f135.jpg
1541,"<h1 class=""listing-item__header"">
    Google pixel 7pro 256g
</h1>",Venant,Google,230 000 ,Castor,https://i.roamcdn.net/hz/ed/listing-thumb-543w/036a04e9294440987b6784f7491143fb/-/horizon-files-prod/ed/picture/q78wd84z/0635a841702876ebc4cafef9b855d2db9afd7a6a.jpg
1542,"<h1 class=""listing-item__header"">
    Xiaomi redmi 13 neuf 256go ram 8go
</h1>",Neuf,Xiaomi,105 000 ,Patte d‘oie,https://i.roamcdn.net/hz/ed/listing-thumb-543w/a97e7684b70a63214f520c24f0bcc73c/-/horizon-files-prod/ed/picture/q44n00mr/a896134d98d4580b5c231f6eaaa54adae9d07dad.jpg
1543,"<h1 class=""listing-item__header"">
    Xiaomi redmi note 13 256GB 8GB ram
</h1>",Neuf,Xiaomi,135 000 ,Pikine,https://i.roamcdn.net/hz/ed/listing-thumb-543w/eb666f35c19a4a466ab22fdd9f18de4a/-/horizon-files-prod/ed/picture/qq42vezw/a4561d498851bab4fc05425180400f78d96029ea.jpg
1544,"<h1 class=""listing-item__header"">
    iphone 8 simple-64Go- VENANT AUTHENTİQUE
</h1>",Venant,iPhone,60 000 ,Médina,https://i.roamcdn.net/hz/ed/listing-thumb-543w/78e42d1b663069f0d6f431c5e7147757/-/horizon-files-prod/ed/picture/qwep020g/e957d742d35e6febce0ed259c8e7023cefc35f21.jpg
1545,"<h1 class=""listing-item__header"">
    iPhone 12 simple -64 Go- VENANT AUTHENTİQUE
</h1>",Venant,iPhone,175 000 ,Médina,https://i.roamcdn.net/hz/ed/listing-thumb-543w/c1b63f5207785812ebd5b426249656a1/-/horizon-files-prod/ed/picture/q8v4wrgp/94de9e8ed7e9c5d9cf2bddc690caab258bef9337.jpg
1546,"<h1 class=""listing-item__header"">
    iPhone 13 / 128Go
</h1>",Venant,iPhone,270 000 ,Plateau,https://i.roamcdn.net/hz/ed/listing-thumb-543w/f4dbf098389604ac0cab55ee16db2a3e/-/horizon-files-prod/ed/picture/q0g70epe/463e1f4a22997ebd6966ffc00c77610d6bb42f6d.png
1547,"<h1 class=""listing-item__header"">
    GALAXY SAMSUNG A15 128GB RAM 6GB
</h1>",Neuf,Samsung,105 000 ,Plateau,https://i.roamcdn.net/hz/ed/listing-thumb-543w/ecb2919732f45167c68a330766e4ab26/-/horizon-files-prod/ed/picture/q56d26r6/21de8eba8bb62399d0a194fc924a6c8c7fd07b41.jpg
1548,"<h1 class=""listing-item__header"">
    Sony Xperia
</h1>",Venant,Sony,44 000 ,Plateau,https://i.roamcdn.net/hz/ed/listing-thumb-543w/2b1f7444e035426ccbe06a29f318d995/-/horizon-files-prod/ed/picture/q0g7xpqk/4481e26585f2cd058af11c49099758cc7e3d7f8f.jpg
1549,"<h1 class=""listing-item__header"">
    IPhone 14 plus 512 go
</h1>",Venant,iPhone,420 000 ,Sicap Liberté,https://i.roamcdn.net/hz/ed/listing-thumb-543w/027ea778e93afc9385592ae578d1d781/-/horizon-files-prod/ed/picture/qkr8dmj8/65fbce2d680f60db7db6836899a48815e6a0bb4c.jpg
1550,"<h1 class=""listing-item__header"">
    15 simple scellé
</h1>",Neuf,iPhone,585 000 ,Médina,https://i.roamcdn.net/hz/ed/listing-thumb-543w/a0d7c499cd17d56d3dd72e7179d2a8cc/-/horizon-files-prod/ed/picture/q56d47n0/8a7688836b74b8d62e5ff42549c9988bc38fb8dc.jpg
1551,"<h1 class=""listing-item__header"">
    15 promax 512 go
</h1>",Neuf,iPhone,750 000 ,Médina,https://i.roamcdn.net/hz/ed/listing-thumb-543w/6f2ef838e1fd2cb58e29feb65a56bf5e/-/horizon-files-prod/ed/picture/q56d2w0g/b995cc330f0eececc07c1164602c1d187d98f499.jpg
1552,"<h1 class=""listing-item__header"">
    11 simple 128 go
</h1>",Venant,iPhone,155 000 ,Médina,https://i.roamcdn.net/hz/ed/listing-thumb-543w/32f4a359b3b456910add198c28c0ee79/-/horizon-files-prod/ed/picture/qde7zrp2/64ebd912d97b6e2467103fb685277928d56b3a46.jpg
1553,"<h1 class=""listing-item__header"">
    Samsung galaxy A06 -128 Go – RAM 4 Go – Ecran 6.7″
</h1>",Neuf,Samsung,64 500 ,Castor,https://i.roamcdn.net/hz/ed/listing-thumb-543w/ce4504408773faa7a65222737ba9a1bb/-/horizon-files-prod/ed/picture/qenvje5k/4aa56de48ef72068fde98808811969b0cb57a750.jpg
1554,"<h1 class=""listing-item__header"">
    Google pixels 9pro XL 128go
</h1>",D'occasion,Google,575 000 ,Médina,https://i.roamcdn.net/hz/ed/listing-thumb-543w/2ed556f028787b3a4231f4a53357f74a/-/horizon-files-prod/ed/picture/q9mj202j/4ef9761da9206800874f242c011501ffd71bca4a.jpg
1555,"<h1 class=""listing-item__header"">
    13 simple 128 go
</h1>",Venant,iPhone,245 000 ,Médina,https://i.roamcdn.net/hz/ed/listing-thumb-543w/5a2fc9209d502f9d96a39f8a1765f2a6/-/horizon-files-prod/ed/picture/q0g7xpzw/7f74ccc9f642793637667a7601664a0004c0d4c3.jpg
1556,"<h1 class=""listing-item__header"">
    iphone 8 simple-64Go- VENANT AUTHENTİQUE
</h1>",Venant,iPhone,60 000 ,Médina,https://i.roamcdn.net/hz/ed/listing-thumb-543w/78e42d1b663069f0d6f431c5e7147757/-/horizon-files-prod/ed/picture/qwep020g/e957d742d35e6febce0ed259c8e7023cefc35f21.jpg
1557,"<h1 class=""listing-item__header"">
    iPhone 16 pro sim physique
</h1>",Neuf,iPhone,670 000 ,Médina,https://i.roamcdn.net/hz/ed/listing-thumb-543w/20eafa147714024f6cf27b843e668421/-/horizon-files-prod/ed/picture/qkr8eq9m/20d5c19e5ed42741aec8ec5311328dc0ae079046.jpg
1558,"<h1 class=""listing-item__header"">
    13 simple Scellé
</h1>",Neuf,iPhone,295 000 ,Médina,https://i.roamcdn.net/hz/ed/listing-thumb-543w/0b098f8a4b36d60ccf38e4f70168a135/-/horizon-files-prod/ed/picture/q6xd27m7/f0c9ac51278f906d652a9e326b1284641c84be18.jpg
1559,"<h1 class=""listing-item__header"">
    Samsung S21 256 go
</h1>",Venant,Samsung,145 000 ,Médina,https://i.roamcdn.net/hz/ed/listing-thumb-543w/9ffad215165de5f5ca0e80a6efd7dfe5/-/horizon-files-prod/ed/picture/qkr8dm2n/34a34be8e1340b2b93c174f519b974077525321e.jpg
1560,"<h1 class=""listing-item__header"">
    iphone 11 pro 64 go
</h1>",Venant,iPhone,165 000 ,Médina,https://i.roamcdn.net/hz/ed/listing-thumb-543w/a9c06f218b918e2e2e127c9812adb96b/-/horizon-files-prod/ed/picture/qxjpndxz/d9e97944b4f591535cd967791db720896546c3ce.jpg
1561,"<h1 class=""listing-item__header"">
    Iphone 13 pro 256 go
</h1>",Venant,iPhone,330 000 ,Médina,https://i.roamcdn.net/hz/ed/listing-thumb-543w/d65c03e6c93be1ff2cf91a0f99d9fa87/-/horizon-files-prod/ed/picture/q0g7xp5w/2f422e246bc8f8185bb76fc8e38b711e0d14aaeb.jpg
1562,"<h1 class=""listing-item__header"">
    Tecno POP 9 64go mémoire ram 4go
</h1>",Neuf,Tecno,55 000 ,Parcelles Assainies,https://i.roamcdn.net/hz/ed/listing-thumb-543w/dd305b9dea76cf412f0f2c3adf696a6d/-/horizon-files-prod/ed/picture/q0g7568e/60d44646ae2362b798e293050388a5a5d0d61cf6.jpg
1563,"<h1 class=""listing-item__header"">
    iPhone 12 mini
</h1>",Venant,iPhone,160 000 ,Yoff,https://i.roamcdn.net/hz/ed/listing-thumb-543w/26c204e019a08f35675089852ced5f80/-/horizon-files-prod/ed/picture/qj4q70w8/2c0d5124ea0e480e9cf0a90b06510b681da2b4bb.jpg
1564,"<h1 class=""listing-item__header"">
    16 plus 256 go SIM Physic
</h1>",Neuf,iPhone,775 000 ,Médina,https://i.roamcdn.net/hz/ed/listing-thumb-543w/2cf3934af26335f3735f8495e33874be/-/horizon-files-prod/ed/picture/qde7zrn0/00bd2f941f7caf9c7aaa21900b9df72f8f233bc3.jpg
1565,"<h1 class=""listing-item__header"">
    IPHONE 11 PRO 64GB
</h1>",Venant,iPhone,165 000 ,Médina,https://i.roamcdn.net/hz/ed/listing-thumb-543w/eb92bedf6e400f2be2d5131a0066e633/-/horizon-files-prod/ed/picture/q78wdv0m/0c85ce54a0f2586bfbf466de36646df3007cbab2.jpg
1566,"<h1 class=""listing-item__header"">
    IPHONE 12 128GB
</h1>",Venant,iPhone,190 000 ,Médina,https://i.roamcdn.net/hz/ed/listing-thumb-543w/e92902e197d5239ad9c723165dcde729/-/horizon-files-prod/ed/picture/q56d2wzr/2bd6231f2f9536e05b0fde6706ec6a09eff095f1.jpg
1567,"<h1 class=""listing-item__header"">
    I PHONE 16 PRO MAX
</h1>",Neuf,iPhone,975 000 ,Almadies,https://i.roamcdn.net/hz/ed/listing-thumb-543w/7ccd3fb09a2eea81087e3fb9ee310837/-/horizon-files-prod/ed/picture/q2j02zwk/941e6afd13ad3004ab89dc50e8a9518cd02af677.jpg
1568,"<h1 class=""listing-item__header"">
    iphone 8 simple-64Go- VENANT AUTHENTİQUE
</h1>",Venant,iPhone,60 000 ,Médina,https://i.roamcdn.net/hz/ed/listing-thumb-543w/78e42d1b663069f0d6f431c5e7147757/-/horizon-files-prod/ed/picture/qwep020g/e957d742d35e6febce0ed259c8e7023cefc35f21.jpg
1569,"<h1 class=""listing-item__header"">
    iPhone 16 pro sim physique
</h1>",Neuf,iPhone,670 000 ,Médina,https://i.roamcdn.net/hz/ed/listing-thumb-543w/20eafa147714024f6cf27b843e668421/-/horizon-files-prod/ed/picture/qkr8eq9m/20d5c19e5ed42741aec8ec5311328dc0ae079046.jpg
1570,"<h1 class=""listing-item__header"">
    IPHONE 15 PRO
</h1>",Venant,iPhone,500 000 ,Plateau,https://i.roamcdn.net/hz/ed/listing-thumb-543w/49a904115ac94c35b859afcba674291b/-/horizon-files-prod/ed/picture/qde7zr00/e0131c31f62fcf1c1da81c51546fbc9a9b57916e.jpg
1571,"<h1 class=""listing-item__header"">
    IPHONE 14 PRO MAX
</h1>",Venant,iPhone,500 000 ,Plateau,https://i.roamcdn.net/hz/ed/listing-thumb-543w/36cca0b39f547370616d80950bd0babd/-/horizon-files-prod/ed/picture/qj4qdmpr/5c5aef6b090fbc6d70b1a94c38bdaaa253f14feb.jpg
1572,"<h1 class=""listing-item__header"">
    iPhone 15simple 128Go
</h1>",Neuf,iPhone,400 000 ,Plateau,https://i.roamcdn.net/hz/ed/listing-thumb-543w/94d068b6d30b0b1f72a236177317143b/-/horizon-files-prod/ed/picture/q8v420m6/204a1cac826a6945a143b85e09436215f90fa6be.jpg
1573,"<h1 class=""listing-item__header"">
    Samsung Z Fold 5 512GB
</h1>",Neuf,Samsung,660 000 ,Plateau,https://i.roamcdn.net/hz/ed/listing-thumb-543w/59588c1916ae7884087cfddc519a636c/-/horizon-files-prod/ed/picture/q6xd27dg/c6fc37a7b3e8478be14cb0bbc459e37d4b729d96.jpg
1574,"<h1 class=""listing-item__header"">
    IPhone 12 Pro Max 256GB
</h1>",Neuf,iPhone,345 000 ,Plateau,https://i.roamcdn.net/hz/ed/listing-thumb-543w/a576f8578966d22005e2740c45808729/-/horizon-files-prod/ed/picture/q56d2wd0/6d3fb74a40498a7c3a259327ced96e2b735fde3f.jpg
1575,"<h1 class=""listing-item__header"">
    Samsung note 20 ultra 256GB
</h1>",Neuf,Samsung,317 000 ,Plateau,https://i.roamcdn.net/hz/ed/listing-thumb-543w/51fdb4f1b55bfb248252764dc84b9776/-/horizon-files-prod/ed/picture/qj4q7vv4/8c37deb17708870a7944390ffcd8952b2089cb75.jpg
1576,"<h1 class=""listing-item__header"">
    Samsung s24 ultra 512GB scelle
</h1>",Neuf,Samsung,665 000 ,Plateau,https://i.roamcdn.net/hz/ed/listing-thumb-543w/7460fbda6974f89cb31c1bca89ae54a2/-/horizon-files-prod/ed/picture/q8v4xqj7/fc474aa7c33a7563336dbfe5ecfd0772ef31024f.jpg
1577,"<h1 class=""listing-item__header"">
    Samsung Fold 4 512GB
</h1>",Venant,Samsung,350 000 ,Plateau,https://i.roamcdn.net/hz/ed/listing-thumb-543w/2c8b79bddf6499da35361311e503d2b8/-/horizon-files-prod/ed/picture/qrz84gm4/5c839ac6176737dc2d0a56f564675bbf8008fc7f.jpg
1578,"<h1 class=""listing-item__header"">
    Tecno Camon 30 256gb 16gb Ram
</h1>",Neuf,Tecno,133 900 ,Plateau,https://i.roamcdn.net/hz/ed/listing-thumb-543w/9920b28a253681dcde370cbfc615dc77/-/horizon-files-prod/ed/picture/qpdmqkxw/9a7670bc15d5e2e38144bfc93938957b3bf6d0b6.jpg
1579,"<h1 class=""listing-item__header"">
    XR 128GB
</h1>",Venant,iPhone,130 000 ,Médina,https://i.roamcdn.net/hz/ed/listing-thumb-543w/472b92d8e15c7ccd5cf592926b6ca038/-/horizon-files-prod/ed/picture/qzvp5g99/1fadb0bac3b0166fae9451a9459d3f4afaf27a20.jpg
1580,"<h1 class=""listing-item__header"">
    iphone 8 simple-64Go- VENANT AUTHENTİQUE
</h1>",Venant,iPhone,60 000 ,Médina,https://i.roamcdn.net/hz/ed/listing-thumb-543w/78e42d1b663069f0d6f431c5e7147757/-/horizon-files-prod/ed/picture/qwep020g/e957d742d35e6febce0ed259c8e7023cefc35f21.jpg
1581,"<h1 class=""listing-item__header"">
    iPhone 16 pro sim physique
</h1>",Neuf,iPhone,670 000 ,Médina,https://i.roamcdn.net/hz/ed/listing-thumb-543w/20eafa147714024f6cf27b843e668421/-/horizon-files-prod/ed/picture/qkr8eq9m/20d5c19e5ed42741aec8ec5311328dc0ae079046.jpg
1582,"<h1 class=""listing-item__header"">
    13 simple 128GB
</h1>",Venant,iPhone,250 000 ,Médina,https://i.roamcdn.net/hz/ed/listing-thumb-543w/3b32a1bdfaf1aa9d6ad8456aec4d6431/-/horizon-files-prod/ed/picture/qrz84den/f7291838de4573962b604bb2ea135247d46eb506.jpg
1583,"<h1 class=""listing-item__header"">
    Redmi 13C 256gb
</h1>",Neuf,Xiaomi,78 000 ,Castor,https://i.roamcdn.net/hz/ed/listing-thumb-543w/712d58b3fb2e648fcf415b37cd24fb57/-/horizon-files-prod/ed/picture/qgqwj68m/2db9b0fd0d7a09fe5aa37f37484bf26e2af2c129.jpg
1584,"<h1 class=""listing-item__header"">
    Samsung galaxy A15 neuf 128go
</h1>",Neuf,Samsung,85 000 ,Patte d‘oie,https://i.roamcdn.net/hz/ed/listing-thumb-543w/fe5ed570825a6b753e769b840263ac12/-/horizon-files-prod/ed/picture/q44n7w2m/f7e15e841dbc2c09e1f46d7f11b33b7cc6c46ffe.jpg
1585,"<h1 class=""listing-item__header"">
    IPHONE 11 64GB
</h1>",Venant,iPhone,147 000 ,Médina,https://i.roamcdn.net/hz/ed/listing-thumb-543w/c21268775713e2cca8b7eb5be1d3e77c/-/horizon-files-prod/ed/picture/qq428pkk/f12daf4363085a56f3782f0912ceb00f67de420c.jpg
1586,"<h1 class=""listing-item__header"">
    12 pro 256Go scellé
</h1>",Neuf,iPhone,320 000 ,Plateau,https://i.roamcdn.net/hz/ed/listing-thumb-543w/16810ad83f09f3e2495b9ea255718616/-/horizon-files-prod/ed/picture/qpdmqkdx/fb6f94533f623a092b926686d7394b7dc112b99e.png
1587,"<h1 class=""listing-item__header"">
    iPhone 16promax 256Go
</h1>",Neuf,iPhone,875 000 ,Plateau,https://i.roamcdn.net/hz/ed/listing-thumb-543w/849043353dcc8ec2abaea6dc67f078f0/-/horizon-files-prod/ed/picture/qzvp5gvd/d19decef3ff27f613e18e7139a87cc3ccf7103a3.jpg
1588,"<h1 class=""listing-item__header"">
    Samsung s21 256go ram 8 go
</h1>",Venant,Samsung,165 000 ,Colobane,https://i.roamcdn.net/hz/ed/listing-thumb-543w/bedebe2619c04d4c0b1b11abada3225b/-/horizon-files-prod/ed/picture/q9mj6p47/951e4bb5dc3aaf88f6ab1947edb089f5ebf4df35.jpg
1589,"<h1 class=""listing-item__header"">
    IPhone 13 Pro 128GB
</h1>",Venant,iPhone,295 000 ,Plateau,https://i.roamcdn.net/hz/ed/listing-thumb-543w/d4b2a46a9105711826da75b110bee297/-/horizon-files-prod/ed/picture/qq428mx6/4f605b6a6f1e5eac8d5f84d5c957928b69561d71.jpg
1590,"<h1 class=""listing-item__header"">
    IPhone 11 Pro 64GB
</h1>",Venant,iPhone,159 000 ,Plateau,https://i.roamcdn.net/hz/ed/listing-thumb-543w/c0d584c2c3e7acdcf75f8e34b6b61c98/-/horizon-files-prod/ed/picture/qm5g9z9r/85a6966789b57a84430e37144fa157e80c9f022b.jpg
1591,"<h1 class=""listing-item__header"">
    iPhone 11 Pro Max
</h1>",Venant,iPhone,220 000 ,Sicap Liberté,https://i.roamcdn.net/hz/ed/listing-thumb-543w/e07f1d0684ff4a2af742641d22eafef7/-/horizon-files-prod/ed/picture/qpdmqx70/72d653eaf61be1da0da7cbb4cac3f04b0878e955.jpg
1592,"<h1 class=""listing-item__header"">
    iphone 8 simple-64Go- VENANT AUTHENTİQUE
</h1>",Venant,iPhone,60 000 ,Médina,https://i.roamcdn.net/hz/ed/listing-thumb-543w/78e42d1b663069f0d6f431c5e7147757/-/horizon-files-prod/ed/picture/qwep020g/e957d742d35e6febce0ed259c8e7023cefc35f21.jpg
1593,"<h1 class=""listing-item__header"">
    iPhone 16 pro sim physique
</h1>",Neuf,iPhone,670 000 ,Médina,https://i.roamcdn.net/hz/ed/listing-thumb-543w/20eafa147714024f6cf27b843e668421/-/horizon-files-prod/ed/picture/qkr8eq9m/20d5c19e5ed42741aec8ec5311328dc0ae079046.jpg
1594,"<h1 class=""listing-item__header"">
    iPhone 16 plus ESIM 128Gb
</h1>",Venant,iPhone,590 000 ,Liberte 6 extension,https://i.roamcdn.net/hz/ed/listing-thumb-543w/34fe0f07bb0c49cfca6aeaeafcb712f3/-/horizon-files-prod/ed/picture/q78wrkgd/d01947485ff745b69b254c7ce366293644f7e617.jpg
1595,"<h1 class=""listing-item__header"">
    Samsung z flip 5 512GB
</h1>",Venant,Samsung,380 000 ,Liberte 6 extension,https://i.roamcdn.net/hz/ed/listing-thumb-543w/8c5e84b24e65a0d8acb4dac5ae5bd8b4/-/horizon-files-prod/ed/picture/qwep5dkg/18b684a607e54480151ac2aa43ddb5f4887dacc2.jpg
1596,"<h1 class=""listing-item__header"">
    IPhone 13 Pro automatique
</h1>",Venant,iPhone,320 000 ,Sicap Liberté,https://i.roamcdn.net/hz/ed/listing-thumb-543w/3e434e3f80fae3e7006b700f97f9beb8/-/horizon-files-prod/ed/picture/qenvj6p6/e4421606088eeab3c4d8635f601548797cf71c6e.jpg
1597,"<h1 class=""listing-item__header"">
    IPHONE XR 64Gb / 128Gb
</h1>",Neuf,iPhone,125 000 ,Gueule-Tapée,https://i.roamcdn.net/hz/ed/listing-thumb-543w/41a44f25e06a28f8df8f7f8f8e19d455/-/horizon-files-prod/ed/picture/q56x0x9e/8e4960fcbd8c67fdf80b8e8567027e22a4304759.jpg
1598,"<h1 class=""listing-item__header"">
    IPHONE 13 Pro Max 128G
</h1>",Neuf,iPhone,390 000 ,Gueule-Tapée,https://i.roamcdn.net/hz/ed/listing-thumb-543w/59816c25a6569580cdf14598e9ebfe4b/-/horizon-files-prod/ed/picture/qgqwzd04/3913ecf4237353e26655253b0ff90bed59207c80.jpg
1599,"<h1 class=""listing-item__header"">
    IPHONE 14 Pro Max / 256G Authentique
</h1>",Neuf,iPhone,550 000 ,Gueule-Tapée,https://i.roamcdn.net/hz/ed/listing-thumb-543w/7b34c094234d84e0ce807fec87853502/-/horizon-files-prod/ed/picture/q6xdzvmj/6fd4ce522e8f022f4735990161477b155317e59a.jpg
1600,"<h1 class=""listing-item__header"">
    Samsung galaxy S21 5G 128GB 8GB ram
</h1>",Venant,Samsung,150 000 ,Pikine,https://i.roamcdn.net/hz/ed/listing-thumb-543w/f13a598d3ea9801e2ba7aca19d90480c/-/horizon-files-prod/ed/picture/qde7jnz4/2a71d140baaebc4ef3b08b0603469f5a4f6d2190.jpg
1601,"<h1 class=""listing-item__header"">
    12 SIMPLE 128 GIGA
</h1>",Venant,iPhone,200 000 ,Médina,https://i.roamcdn.net/hz/ed/listing-thumb-543w/6748e981b64eaf20b09648b539603f37/-/horizon-files-prod/ed/picture/q8v4dr86/1a950b37995113692a203515d7a55827c1b97695.jpg
1602,"<h1 class=""listing-item__header"">
    8 SIMPLE 64 GIGA
</h1>",Venant,iPhone,72 000 ,Médina,https://i.roamcdn.net/hz/ed/listing-thumb-543w/ee784ae6ab62f2eeee087f9133c74a17/-/horizon-files-prod/ed/picture/qxjpz99q/f1c3993052dc216245f4bd0fee899dad64581030.jpg
1603,"<h1 class=""listing-item__header"">
    7 PLUS 128 GIGA
</h1>",Venant,iPhone,70 000 ,Médina,https://i.roamcdn.net/hz/ed/listing-thumb-543w/1d0291e8861d0aebf9bbd0a8be7d2ae8/-/horizon-files-prod/ed/picture/qwep800p/10433c73101175492687da5b79e3787287b5b7ee.jpg
1604,"<h1 class=""listing-item__header"">
    iphone 8 simple-64Go- VENANT AUTHENTİQUE
</h1>",Venant,iPhone,60 000 ,Médina,https://i.roamcdn.net/hz/ed/listing-thumb-543w/78e42d1b663069f0d6f431c5e7147757/-/horizon-files-prod/ed/picture/qwep020g/e957d742d35e6febce0ed259c8e7023cefc35f21.jpg
1605,"<h1 class=""listing-item__header"">
    iPhone 12 simple -64 Go- VENANT AUTHENTİQUE
</h1>",Venant,iPhone,175 000 ,Médina,https://i.roamcdn.net/hz/ed/listing-thumb-543w/c1b63f5207785812ebd5b426249656a1/-/horizon-files-prod/ed/picture/q8v4wrgp/94de9e8ed7e9c5d9cf2bddc690caab258bef9337.jpg
1606,"<h1 class=""listing-item__header"">
    7 SIMPLE 64 GIGA
</h1>",Venant,iPhone,55 000 ,Médina,https://i.roamcdn.net/hz/ed/listing-thumb-543w/6cd3dcadf1164878fadd0c6e936cc787/-/horizon-files-prod/ed/picture/qv4wqvvm/630072d2a8f963a0dfca7121466877e662c9061c.jpg
1607,"<h1 class=""listing-item__header"">
    Infinix HOT 40 Pro 256Go Ram 16(8+8)Go
</h1>",Neuf,Infinix,90 000 ,Castor,https://i.roamcdn.net/hz/ed/listing-thumb-543w/ed25dd51e16720501658c58925522b27/-/horizon-files-prod/ed/picture/qzvdkxdv/2c13964fc245bae84d6fc0960f9e23cad322f423.jpg
1608,"<h1 class=""listing-item__header"">
    Honor 200 dual sim 512Gb
</h1>",Venant,Honor,270 000 ,Liberte 6 extension,https://i.roamcdn.net/hz/ed/listing-thumb-543w/f9db69e9a93ae1ab92bbe25770e004ea/-/horizon-files-prod/ed/picture/qj4q7n4r/4cab8d8e5cae281aba83b1546f160c8c82f04b52.jpg
1609,"<h1 class=""listing-item__header"">
    iPhone 13 mini 256gb
</h1>",Venant,iPhone,210 000 ,Liberte 6 extension,https://i.roamcdn.net/hz/ed/listing-thumb-543w/c238f7de84487ad0f0255b2a605dece4/-/horizon-files-prod/ed/picture/qxjpe5d4/3a6dc8677493bf3fb60966d451557ad66c014e7e.jpg
1610,"<h1 class=""listing-item__header"">
    13-128GB
</h1>",Neuf,iPhone,300 000 ,Médina,https://i.roamcdn.net/hz/ed/listing-thumb-543w/18abbc1acb492ed57abf826558e8c9cc/-/horizon-files-prod/ed/picture/qzvp572x/25071da2d559220ca7f0cf2e1e79b04286f0dfda.jpg
1611,"<h1 class=""listing-item__header"">
    15-128GB
</h1>",Neuf,iPhone,450 000 ,Médina,https://i.roamcdn.net/hz/ed/listing-thumb-543w/e1c5e98a9535a75f7b716051904d602a/-/horizon-files-prod/ed/picture/qngpnmrv/0b4d9c68114eb2c8247de646be43dfbb236e6252.jpg
1612,"<h1 class=""listing-item__header"">
    Tecno Camon 30S 128gb 12gb Ram
</h1>",Neuf,Tecno,117 500 ,Plateau,https://i.roamcdn.net/hz/ed/listing-thumb-543w/56a438a3a437dadf2acfbf62aad349ce/-/horizon-files-prod/ed/picture/qv4w572m/bd985ab1c67de5b008de3c2ea91377cce4caa865.jpg
1613,"<h1 class=""listing-item__header"">
    GALAXY TECNO SPARK 20C 256GB RAM 4GB
</h1>",Neuf,Tecno,98 000 ,Plateau,https://i.roamcdn.net/hz/ed/listing-thumb-543w/d16f86b720aaf5ac31914c1058ea29ec/-/horizon-files-prod/ed/picture/q9mj6ep8/735815bbcb1e1fcbd51112b7b47b5b850c3cc0e2.jpg
1614,"<h1 class=""listing-item__header"">
    Samsung galaxy A05 neuf 128go
</h1>",Neuf,Samsung,65 000 ,Parcelles Assainies,https://i.roamcdn.net/hz/ed/listing-thumb-543w/6478d802bd01085b47932389bb1d1ed4/-/horizon-files-prod/ed/picture/qpdm0rr2/6d55319ddeaa71608909056752f4aaebd70a87e4.jpg
1615,"<h1 class=""listing-item__header"">
    IPHONE 12 PRO 128GB
</h1>",Venant,iPhone,240 000 ,Médina,https://i.roamcdn.net/hz/ed/listing-thumb-543w/52c1fa9e595217a0c5c77845ae685876/-/horizon-files-prod/ed/picture/qm5g9x7z/458fcb13747d0e8ebcb75b790dc962b3c7b927f1.jpg
1616,"<h1 class=""listing-item__header"">
    iphone 8 simple-64Go- VENANT AUTHENTİQUE
</h1>",Venant,iPhone,60 000 ,Médina,https://i.roamcdn.net/hz/ed/listing-thumb-543w/78e42d1b663069f0d6f431c5e7147757/-/horizon-files-prod/ed/picture/qwep020g/e957d742d35e6febce0ed259c8e7023cefc35f21.jpg
1617,"<h1 class=""listing-item__header"">
    iPhone 16 pro sim physique
</h1>",Neuf,iPhone,670 000 ,Médina,https://i.roamcdn.net/hz/ed/listing-thumb-543w/20eafa147714024f6cf27b843e668421/-/horizon-files-prod/ed/picture/qkr8eq9m/20d5c19e5ed42741aec8ec5311328dc0ae079046.jpg
1618,"<h1 class=""listing-item__header"">
    IPHONE 11 PRO 256GB
</h1>",Venant,iPhone,190 000 ,Médina,https://i.roamcdn.net/hz/ed/listing-thumb-543w/d1bd435db060a3a9642c89e0feaa67f7/-/horizon-files-prod/ed/picture/qq428jrn/4d4ff01f60b086b626152c8f82276319e6e7998c.jpg
1619,"<h1 class=""listing-item__header"">
    IPHONE 11 PROMAX 256GB
</h1>",Venant,iPhone,235 000 ,Médina,https://i.roamcdn.net/hz/ed/listing-thumb-543w/7f9cf709e4100268cc0a495a2490ecf8/-/horizon-files-prod/ed/picture/qzvp5n0r/484a632b161eb0de877ff2b62941d1f7b24f7252.jpg
1620,"<h1 class=""listing-item__header"">
    iPhone 11 Pro 64Go
</h1>",Venant,iPhone,169 000 ,Médina,https://i.roamcdn.net/hz/ed/listing-thumb-543w/2a44cf7418f9dd0d438ad278f4046655/-/horizon-files-prod/ed/picture/qm5g97q9/034ffcaa93fd8bc921fd2195266d047fbb4c6ad3.jpg
1621,"<h1 class=""listing-item__header"">
    iPhone 16+ ESIM
</h1>",Neuf,iPhone,625 000 ,Ouest foire,https://i.roamcdn.net/hz/ed/listing-thumb-543w/c30d5b11de397c655642091dbe394623/-/horizon-files-prod/ed/picture/qrz84xmm/cd07df704985ae2ed6add987d1fa7ca38f409a7a.jpg
1622,"<h1 class=""listing-item__header"">
    Redmi Xiaomi A3X 64gb original
</h1>",Neuf,Xiaomi,48 000 ,Plateau,https://i.roamcdn.net/hz/ed/listing-thumb-543w/025a97d2e818c437f1152747f1cda7e4/-/horizon-files-prod/ed/picture/qngpn6mw/fd784621628a6d7fb0e6daf6027e597e536840ba.jpg
1623,"<h1 class=""listing-item__header"">
    Redmi Xiaomi A3X 128gigas Original
</h1>",Neuf,Xiaomi,55 000 ,Plateau,https://i.roamcdn.net/hz/ed/listing-thumb-543w/06c6a09d7641c4aa62c689f688ad3aa5/-/horizon-files-prod/ed/picture/qzvp5mgk/f069a7159e55d984953f91b95fa889e138143225.jpg
1624,"<h1 class=""listing-item__header"">
    iPhone 12
</h1>",Neuf,iPhone,175 000 ,Yoff,https://i.roamcdn.net/hz/ed/listing-thumb-543w/b4eab9e9f993586ea8beca86141293a6/-/horizon-files-prod/ed/picture/q6xdrz64/2448cd360e7cc8f06bc2302310407e20c050b9b8.jpg
1625,"<h1 class=""listing-item__header"">
    iPhone 7 Plus 128Go
</h1>",Venant,iPhone,75 000 ,Plateau,https://i.roamcdn.net/hz/ed/listing-thumb-543w/d32f3b41eadee8d014a703b6026a2103/-/horizon-files-prod/ed/picture/qq428j44/b170082c9ad340e5312bec070243a89a8b868170.png
1626,"<h1 class=""listing-item__header"">
    Samsung note 10 plus 256go ram 12
</h1>",Venant,Samsung,159 900 ,Colobane,https://i.roamcdn.net/hz/ed/listing-thumb-543w/d480137f28e9af23cd1b4cbac78a14b5/-/horizon-files-prod/ed/picture/qwep5vem/fab085ff7939c89ffd1bdde589037df8b5be419d.jpg
1627,"<h1 class=""listing-item__header"">
    Samsung note 20 ultra 128go ram12
</h1>",Venant,Samsung,210 000 ,Colobane,https://i.roamcdn.net/hz/ed/listing-thumb-543w/06735afba01565fbe009aeb17ce838eb/-/horizon-files-prod/ed/picture/q9mj6e0p/c5dcc9742b67c392dfbcc42c7c3eadd47949fd76.jpg
1628,"<h1 class=""listing-item__header"">
    iphone 8 simple-64Go- VENANT AUTHENTİQUE
</h1>",Venant,iPhone,60 000 ,Médina,https://i.roamcdn.net/hz/ed/listing-thumb-543w/78e42d1b663069f0d6f431c5e7147757/-/horizon-files-prod/ed/picture/qwep020g/e957d742d35e6febce0ed259c8e7023cefc35f21.jpg
1629,"<h1 class=""listing-item__header"">
    Samsung galaxy fold 6 256G
</h1>",Neuf,Samsung,750 000 ,Liberte 6 extension,https://i.roamcdn.net/hz/ed/listing-thumb-543w/fb52b15c5a77dff4c6ebb42103a77b2c/-/horizon-files-prod/ed/picture/qq42e5v6/b910e6b186d4206e3759a489da1e8d6e88f16450.jpg
1630,"<h1 class=""listing-item__header"">
    iPhone 11 Pro Max
</h1>",Venant,iPhone,200 000 ,Plateau,https://i.roamcdn.net/hz/ed/listing-thumb-543w/7a9675dd7c2150463ff5da9fa194731e/-/horizon-files-prod/ed/picture/qv4w57m8/12e4db65f30eec136cbdcbdac5819b9fa25d08d7.jpg
1631,"<h1 class=""listing-item__header"">
    16plus 256G
</h1>",Neuf,iPhone,690 000 ,Médina,https://i.roamcdn.net/hz/ed/listing-thumb-543w/71ed3f6cd59329fea6a6d17dc36ef09b/-/horizon-files-prod/ed/picture/qv4w582g/6bca2b9f492c9835845afa7f744564f0b0c49bff.jpg
1632,"<h1 class=""listing-item__header"">
    Samsung A06 128Go
</h1>",Neuf,Samsung,75 000 ,Plateau,https://i.roamcdn.net/hz/ed/listing-thumb-543w/3351268726e1d8db5ebf56014fda78a4/-/horizon-files-prod/ed/picture/q9mj67en/95fc4f912436d5c668ae07f34aaa9f40bfdf5259.jpg
1633,"<h1 class=""listing-item__header"">
    Promo 13 pro 256go
</h1>",Venant,iPhone,370 000 ,Plateau,https://i.roamcdn.net/hz/ed/listing-thumb-543w/2c902842ff1d00d68b60603b6f1b9b59/-/horizon-files-prod/ed/picture/q44nqkrm/77e8eab65c688858bf0a1c56ceba434d187041ad.png
1634,"<h1 class=""listing-item__header"">
    TECNO POP9 COPIE 128G RAM4
</h1>",Neuf,Tecno,35 000 ,Colobane,https://i.roamcdn.net/hz/ed/listing-thumb-543w/bacf87ad0353aed58b0a33830012256c/-/horizon-files-prod/ed/picture/qngpn600/82f2b54ca41c630aa8ea0dd79b3d580d14d1d589.jpg
1635,"<h1 class=""listing-item__header"">
    Tecno spark 20c copie 128g ram
</h1>",Neuf,Tecno,35 000 ,Colobane,https://i.roamcdn.net/hz/ed/listing-thumb-543w/553dc8e802144c0bb433cffe1ca6e976/-/horizon-files-prod/ed/picture/qj4qrxnr/0d2b7537d781bd417df8a87edca6390369274305.jpg
1636,"<h1 class=""listing-item__header"">
    CAMON 30 PRO  Copie + AIR POD 128GO
</h1>",Neuf,Autres,37 500 ,Colobane,https://i.roamcdn.net/hz/ed/listing-thumb-543w/1507fc7eaf95bfec2b2bab242e3dd0dd/-/horizon-files-prod/ed/picture/qwep54g4/ea3f224248a9d62972acda3766a8d3e2a69fb03f.jpg
1637,"<h1 class=""listing-item__header"">
    Infinix Hot 50i – 128 Go – RAM 4 Go – Ecran 6.7″
</h1>",D'occasion,Infinix,65 000 ,Colobane,https://i.roamcdn.net/hz/ed/listing-thumb-543w/0287bcaa7f8c960c13eae5c58c43fd1f/-/horizon-files-prod/ed/picture/qxjpxnrq/0b4efde1f98411d59458bd6100b8b07f4dd7f162.jpg
1638,"<h1 class=""listing-item__header"">
    Tecno spark 20c copie 128g ram 4
</h1>",Neuf,Tecno,35 000 ,Colobane,https://i.roamcdn.net/hz/ed/listing-thumb-543w/f6e8206d8f62c563d8a9bb7e5f8111fb/-/horizon-files-prod/ed/picture/qkr82r7p/0538710a24aa8309388eb96b4dd37ca1a9a0ae87.jpg
1639,"<h1 class=""listing-item__header"">
    TECNO POP8  COPIE 64 RAM 4
</h1>",Neuf,Tecno,35 000 ,Colobane,https://i.roamcdn.net/hz/ed/listing-thumb-543w/e547ea4dfe89d800da0981961cef45c5/-/horizon-files-prod/ed/picture/qj4q7kp6/3d71db62251b1a39ee248d40c665d4109819f2f7.jpg
1640,"<h1 class=""listing-item__header"">
    iphone 8 simple-64Go- VENANT AUTHENTİQUE
</h1>",Venant,iPhone,60 000 ,Médina,https://i.roamcdn.net/hz/ed/listing-thumb-543w/78e42d1b663069f0d6f431c5e7147757/-/horizon-files-prod/ed/picture/qwep020g/e957d742d35e6febce0ed259c8e7023cefc35f21.jpg
1641,"<h1 class=""listing-item__header"">
    Samsung galaxy fold 6 256G
</h1>",Neuf,Samsung,750 000 ,Liberte 6 extension,https://i.roamcdn.net/hz/ed/listing-thumb-543w/fb52b15c5a77dff4c6ebb42103a77b2c/-/horizon-files-prod/ed/picture/qq42e5v6/b910e6b186d4206e3759a489da1e8d6e88f16450.jpg
1642,"<h1 class=""listing-item__header"">
    iPhone 16 pro max 1tera Scellè
</h1>",Neuf,iPhone,1 250 000 ,Médina,https://i.roamcdn.net/hz/ed/listing-thumb-543w/cd8d656bde1ab54a02c944ef526090bd/-/horizon-files-prod/ed/picture/qm5g9e2m/a3a4cfb148fa0674305264e3a86bb06b648b084d.jpg
1643,"<h1 class=""listing-item__header"">
    iPhone 16 pro 128 giga scellé
</h1>",Neuf,iPhone,715 000 ,Médina,https://i.roamcdn.net/hz/ed/listing-thumb-543w/8b610bdb60fbb5627df9301d81d6bc3e/-/horizon-files-prod/ed/picture/qkr8q7z5/1ce4f2fb2e2075d189253e9f3c147149a3f78850.jpg
1644,"<h1 class=""listing-item__header"">
    iPhone XR 64 giga
</h1>",Venant,iPhone,110 000 ,Médina,https://i.roamcdn.net/hz/ed/listing-thumb-543w/73b9f2d15c802fefa2db15978d6caf19/-/horizon-files-prod/ed/picture/qpdmq96w/40b78b836842735047a0331f58196d8ff980e10f.jpg
1645,"<h1 class=""listing-item__header"">
    Vente Asus ZenFone 10
</h1>",Neuf,Asus,290 000 ,Plateau,https://i.roamcdn.net/hz/ed/listing-thumb-543w/fd9c951fd37c80125aac5eefe193865e/-/horizon-files-prod/ed/picture/qkrgjjjx/f48135d22696ed007b886bbeb20506cba7f109ca.jpg
1646,"<h1 class=""listing-item__header"">
    Vente Google Pixel 8a
</h1>",Neuf,Google,280 000 ,Plateau,https://i.roamcdn.net/hz/ed/listing-thumb-543w/cc31c284aa8044f89bfebccab8e95efd/-/horizon-files-prod/ed/picture/qrz880k9/30f4093c5da4f943e1ddda7e8ef4e26df8e8967a.jpg
1647,"<h1 class=""listing-item__header"">
    Samsung S24
</h1>",Neuf,Samsung,325 000 ,Plateau,https://i.roamcdn.net/hz/ed/listing-thumb-543w/554132cf7bad078e5796c8d65271e3e2/-/horizon-files-prod/ed/picture/q9mj6qj0/b5c840c1ea0b1d587a3f0f3281380524a7aee81b.jpg
1648,"<h1 class=""listing-item__header"">
    Promo 11 64Go
</h1>",Venant,iPhone,140 000 ,Plateau,https://i.roamcdn.net/hz/ed/listing-thumb-543w/b959c938966e0a7d8a48dbe2fee1516d/-/horizon-files-prod/ed/picture/qj4q7ejw/ba84d023de6a6dc476b2cf8f58e58c5383677241.jpg
1649,"<h1 class=""listing-item__header"">
    Samsung S21 128Go 2 Sim
</h1>",Venant,Samsung,139 000 ,Médina,https://i.roamcdn.net/hz/ed/listing-thumb-543w/4c2bcca32d70ad4c5c949584960ec645/-/horizon-files-prod/ed/picture/qngpnqmz/34588857cd7ce7119db11be2aba989aa4754e84e.jpg
1650,"<h1 class=""listing-item__header"">
    Samsung fold 3 512 go
</h1>",Venant,Samsung,320 000 ,Sicap Liberté,https://i.roamcdn.net/hz/ed/listing-thumb-543w/fef06f0afe55566e4e118b29b59e4b1a/-/horizon-files-prod/ed/picture/q6xd4j9j/94b0413b2935411455ada40701704bff95b63353.jpg
1651,"<h1 class=""listing-item__header"">
    IPhone 13 128 go
</h1>",Venant,iPhone,260 000 ,Sicap Liberté,https://i.roamcdn.net/hz/ed/listing-thumb-543w/9f5d88a49ade88918b4aa08b15d41e36/-/horizon-files-prod/ed/picture/qwep5x44/28f79c8171504661d8ff45f63b5d439c04d2e762.jpg
1652,"<h1 class=""listing-item__header"">
    iphone 8 simple-64Go- VENANT AUTHENTİQUE
</h1>",Venant,iPhone,60 000 ,Médina,https://i.roamcdn.net/hz/ed/listing-thumb-543w/78e42d1b663069f0d6f431c5e7147757/-/horizon-files-prod/ed/picture/qwep020g/e957d742d35e6febce0ed259c8e7023cefc35f21.jpg
1653,"<h1 class=""listing-item__header"">
    iPhone 12 simple -64 Go- VENANT AUTHENTİQUE
</h1>",Venant,iPhone,175 000 ,Médina,https://i.roamcdn.net/hz/ed/listing-thumb-543w/c1b63f5207785812ebd5b426249656a1/-/horizon-files-prod/ed/picture/q8v4wrgp/94de9e8ed7e9c5d9cf2bddc690caab258bef9337.jpg
1654,"<h1 class=""listing-item__header"">
    iPhone 11 64Go
</h1>",Venant,iPhone,139 000 ,Médina,https://i.roamcdn.net/hz/ed/listing-thumb-543w/1dbe551e1709a8ce333d8fced1bb610d/-/horizon-files-prod/ed/picture/qv4w5jzj/7315a25dd3d922560fc5b0102b8e3f93cf690a13.jpg
1655,"<h1 class=""listing-item__header"">
    Xiaomi Redmi A3 128GB
</h1>",Venant,Xiaomi,40 000 ,Sicap foire,https://i.roamcdn.net/hz/ed/listing-thumb-543w/758c994f8efc8e2be61a916f82c02c9d/-/horizon-files-prod/ed/picture/qm5gjmd2/14214430c99a3cd2c9959bb91adef58cb2c8c4a0.jpg
1656,"<h1 class=""listing-item__header"">
    Oppo Reno 6 5G 128GB
</h1>",Venant,Oppo,80 000 ,Sicap foire,https://i.roamcdn.net/hz/ed/listing-thumb-543w/48efdea9a48dcd0d7b8b2fe3b22f5935/-/horizon-files-prod/ed/picture/qxjpwwjq/e77ab2b634316b96bf0cb872205ba398e7dfb6cb.jpg
1657,"<h1 class=""listing-item__header"">
    Blackview A80 Plus 64GB
</h1>",Venant,Blackview,35 000 ,Sicap foire,https://i.roamcdn.net/hz/ed/listing-thumb-543w/e4662f55613e19045d0553aae5b4e49b/-/horizon-files-prod/ed/picture/qkr8pvdw/ae7ae843b99416c2ca1be959d9293232dd4f742c.jpg
1658,"<h1 class=""listing-item__header"">
    IPHONE 13 PRO MAX
</h1>",Venant,iPhone,400 000 ,Plateau,https://i.roamcdn.net/hz/ed/listing-thumb-543w/6c676696930982464f547259d17a4d68/-/horizon-files-prod/ed/picture/qpdmq4nj/3e7ba2f3859aa6b441c8c67128f58717f0760ccd.jpg
1659,"<h1 class=""listing-item__header"">
    Realme 11 2021 32GB
</h1>",Venant,Xiaomi,35 000 ,Sicap foire,https://i.roamcdn.net/hz/ed/listing-thumb-543w/ed3956912c451b4febb43e0d978e1c4a/-/horizon-files-prod/ed/picture/q0g757rg/c19d5b8b6afd7270393fa3ba7fd73bee49b42cfc.jpg
1660,"<h1 class=""listing-item__header"">
    IPHONE 15 PRO MAX
</h1>",Venant,iPhone,630 000 ,Plateau,https://i.roamcdn.net/hz/ed/listing-thumb-543w/5a00223be130743f12b4339c8919eef9/-/horizon-files-prod/ed/picture/qkr8vzpp/e0f993191f36c9b9039645c2c86c9f206e1013eb.jpg
1661,"<h1 class=""listing-item__header"">
    Huawei Mate XT 512 giga Ram16 Scellè
</h1>",Neuf,Huawei,3 500 000 ,Médina,https://i.roamcdn.net/hz/ed/listing-thumb-543w/9013cfa6a436f33af5f506c676a5f711/-/horizon-files-prod/ed/picture/q78wm0eq/3a6838c62b657c7e4306f00ee588d19328c8d69a.jpg
1662,"<h1 class=""listing-item__header"">
    Samsung Galaxy Z Fold 6
</h1>",Venant,Samsung,775 000 ,Plateau,https://i.roamcdn.net/hz/ed/listing-thumb-543w/0388d925c43c16e6095e973adc3e41fe/-/horizon-files-prod/ed/picture/qwep5x6g/92eef2900056547b02873ce124fffce2e9029621.jpg
1663,"<h1 class=""listing-item__header"">
    iPhone 13  128Go
</h1>",Venant,iPhone,255 000 ,Médina,https://i.roamcdn.net/hz/ed/listing-thumb-543w/c2c26ae5cfc74085d5282026b85afc1a/-/horizon-files-prod/ed/picture/qenvj8z6/708b2136a0433780e31972940cfa023529fe00da.jpg
1664,"<h1 class=""listing-item__header"">
    iphone 8 simple-64Go- VENANT AUTHENTİQUE
</h1>",Venant,iPhone,60 000 ,Médina,https://i.roamcdn.net/hz/ed/listing-thumb-543w/78e42d1b663069f0d6f431c5e7147757/-/horizon-files-prod/ed/picture/qwep020g/e957d742d35e6febce0ed259c8e7023cefc35f21.jpg
1665,"<h1 class=""listing-item__header"">
    Samsung galaxy fold 6 256G
</h1>",Neuf,Samsung,750 000 ,Liberte 6 extension,https://i.roamcdn.net/hz/ed/listing-thumb-543w/fb52b15c5a77dff4c6ebb42103a77b2c/-/horizon-files-prod/ed/picture/qq42e5v6/b910e6b186d4206e3759a489da1e8d6e88f16450.jpg
1666,"<h1 class=""listing-item__header"">
    Sharp aquos r7 256go ram 12go 5g
</h1>",Venant,Sharp,140 000 ,Colobane,https://i.roamcdn.net/hz/ed/listing-thumb-543w/23daf6a9e4c5b090197c82ec2fafd547/-/horizon-files-prod/ed/picture/q2j0g9p2/f35e1b29f66bc1900203222ad2f973f81278933b.png
1667,"<h1 class=""listing-item__header"">
    11 pro max 256Go
</h1>",Venant,iPhone,240 000 ,Plateau,https://i.roamcdn.net/hz/ed/listing-thumb-543w/7bd45a39743d1ddcead1c36470fb26f9/-/horizon-files-prod/ed/picture/q8v4x8mp/c511df2bbda7b614586e840d1e76222118f5057b.jpg
1668,"<h1 class=""listing-item__header"">
    IPhone 13 Pro Max 256go
</h1>",Venant,iPhone,425 000 ,Plateau,https://i.roamcdn.net/hz/ed/listing-thumb-543w/2da5201b9556efe7ace5195e7760a402/-/horizon-files-prod/ed/picture/qwep5xrp/fe731516c4f14691ba505449cd817aa644626982.jpg
1669,"<h1 class=""listing-item__header"">
    Samsung Galaxy Z Fold6
</h1>",Neuf,Samsung,855 000 ,Plateau,https://i.roamcdn.net/hz/ed/listing-thumb-543w/21d81be05c04e71ea78f6ea16dc0a903/-/horizon-files-prod/ed/picture/qrz84wv9/577a7d2ca858907a941b26517e5f803fbc33b9e1.jpg
1670,"<h1 class=""listing-item__header"">
    iPhone 15 plus 128 giga Esim USA
</h1>",Venant,iPhone,480 000 ,Médina,https://i.roamcdn.net/hz/ed/listing-thumb-543w/7e76343ef79c99e12f06af4f84b4405e/-/horizon-files-prod/ed/picture/qrz800rm/cfdba194b72db166d28cef6d1cc47fa58a02d038.jpg
1671,"<h1 class=""listing-item__header"">
    iPhone 16 plus 128 giga
</h1>",Neuf,iPhone,650 000 ,Médina,https://i.roamcdn.net/hz/ed/listing-thumb-543w/6e040fd050ac82fab413d1af59b3f896/-/horizon-files-prod/ed/picture/q9mjderx/605d88113a9d3535acb753ee5745cc0d2e2af46f.jpg
1672,"<h1 class=""listing-item__header"">
    Telephone lG wing 128go ram 8go
</h1>",Venant,LG,179 900 ,Colobane,https://i.roamcdn.net/hz/ed/listing-thumb-543w/57896440cf7e9825789e7885012cbf77/-/horizon-files-prod/ed/picture/qq42wd4k/f0c07954d56220f5650f41aeb0754f0ebd573ff1.jpg
1673,"<h1 class=""listing-item__header"">
    Samsung note10nplus 256go ram 12
</h1>",Venant,Samsung,160 000 ,Colobane,https://i.roamcdn.net/hz/ed/listing-thumb-543w/326302b2e4d82df99a968950c9792ca2/-/horizon-files-prod/ed/picture/qj4qpxvr/bd5ec895bb66930abad67f194e336e2ce2299749.jpg
1674,"<h1 class=""listing-item__header"">
    Huawei p30 pro 128go ram8
</h1>",Neuf,Huawei,129 900 ,Colobane,https://i.roamcdn.net/hz/ed/listing-thumb-543w/a452b2b9c37a1434778cc64a1f9ddc8a/-/horizon-files-prod/ed/picture/qkr8qnmw/3eef884ade99a68e156a231b2ce79de899dfc08c.jpg
1675,"<h1 class=""listing-item__header"">
    Iphone venant authentique 🇺🇸
</h1>",Venant,iPhone,255 000 ,Médina,https://i.roamcdn.net/hz/ed/listing-thumb-543w/de0f2b30ce0f85648a08f7dee2ababfe/-/horizon-files-prod/ed/picture/qzvp5wrd/4140e97881aec3e59199ea44fb79e31d20d57b4e.jpg
1676,"<h1 class=""listing-item__header"">
    iphone 8 simple-64Go- VENANT AUTHENTİQUE
</h1>",Venant,iPhone,60 000 ,Médina,https://i.roamcdn.net/hz/ed/listing-thumb-543w/78e42d1b663069f0d6f431c5e7147757/-/horizon-files-prod/ed/picture/qwep020g/e957d742d35e6febce0ed259c8e7023cefc35f21.jpg
1677,"<h1 class=""listing-item__header"">
    iPhone 12 simple -64 Go- VENANT AUTHENTİQUE
</h1>",Venant,iPhone,175 000 ,Médina,https://i.roamcdn.net/hz/ed/listing-thumb-543w/c1b63f5207785812ebd5b426249656a1/-/horizon-files-prod/ed/picture/q8v4wrgp/94de9e8ed7e9c5d9cf2bddc690caab258bef9337.jpg
1678,"<h1 class=""listing-item__header"">
    Promo décembre Samsung A16 128go-256go
</h1>",Neuf,Samsung,130 000 ,Médina,https://i.roamcdn.net/hz/ed/listing-thumb-543w/99336f2b4e75c89f664d0b2f11c29066/-/horizon-files-prod/ed/picture/qkr8vn7j/e1e8aa7ca50a2443a6f921644c936597e709f29b.jpg
1679,"<h1 class=""listing-item__header"">
    Techno spark30
</h1>",Neuf,Tecno,70 000 ,Médina,https://i.roamcdn.net/hz/ed/listing-thumb-543w/7b4d4b9843caf52a4c7e4a0304c0430f/-/horizon-files-prod/ed/picture/qq428x9v/f96f0e267735214d42d98d86868fe67a9340782d.jpg
1680,"<h1 class=""listing-item__header"">
    Motorola Moto G04 128gb
</h1>",Venant,Motorola,45 000 ,Sicap foire,https://i.roamcdn.net/hz/ed/listing-thumb-543w/5757eb5593441630a3d7147144980125/-/horizon-files-prod/ed/picture/qq42wwqn/e39631e1ab38664774b7b4738324676753ae38ef.jpg
1681,"<h1 class=""listing-item__header"">
    Samsung Galaxy A35 5G 256GB
</h1>",Venant,Samsung,115 000 ,Sicap foire,https://i.roamcdn.net/hz/ed/listing-thumb-543w/78ee23ae01c5dd8e69825e400c6b4d4a/-/horizon-files-prod/ed/picture/qgqwd58n/cf6768c716fa2e97398672df3992e4f0f0c013e9.jpg
1682,"<h1 class=""listing-item__header"">
    Samsung Galaxy A54 5G 256GB
</h1>",Venant,Samsung,135 000 ,Sicap foire,https://i.roamcdn.net/hz/ed/listing-thumb-543w/c036a8cbfd42e626851c0f9c551750e9/-/horizon-files-prod/ed/picture/qj4qxmzv/61ef7e5c58f5fe63013a4caccbd6e975570bce52.jpg
1683,"<h1 class=""listing-item__header"">
    Motorola Moto G24 128GB
</h1>",Venant,Motorola,40 000 ,Sicap foire,https://i.roamcdn.net/hz/ed/listing-thumb-543w/fb7d68e475ca742f60af2bb38734a733/-/horizon-files-prod/ed/picture/q6xdv7zn/99ba15dd82e7e7d6dfd8bdb7ad91277b13ca642e.jpg
1684,"<h1 class=""listing-item__header"">
    IPhone 15
</h1>",Neuf,iPhone,600 000 ,Point-e,https://i.roamcdn.net/hz/ed/listing-thumb-543w/1573a3d31562e24d6d0504606f4822b3/-/horizon-files-prod/ed/picture/q0gwdd48/461138dff36a726906c7829007b14cbbcc9c4c69.jpg
1685,"<h1 class=""listing-item__header"">
    Google pixel 7a venant 128gp ram 8go 5g
</h1>",Venant,Google,175 000 ,Colobane,https://i.roamcdn.net/hz/ed/listing-thumb-543w/b4d4fd993d35a84cc4a3f5751af8b483/-/horizon-files-prod/ed/picture/qpdm6j6p/b412eda89deab5b79c2fe52eb9188bdde01da376.jpg
1686,"<h1 class=""listing-item__header"">
    Samsung A05 64gigas original
</h1>",Neuf,Samsung,51 900 ,Plateau,https://i.roamcdn.net/hz/ed/listing-thumb-543w/40c4d65346ebc590bf1aef026eb3fe81/-/horizon-files-prod/ed/picture/qkr8vdez/274eec671dfee3afdbcda8d2b0eb6fb5869e91a6.jpg
1687,"<h1 class=""listing-item__header"">
    Samsung galaxy S24+ 512GB 12GB 2sim
</h1>",Venant,Samsung,430 000 ,Pikine,https://i.roamcdn.net/hz/ed/listing-thumb-543w/6b130aaef455a9ce179ac160622700ef/-/horizon-files-prod/ed/picture/qzvp5qxg/0425de403225142aa124401c63fd907d4b53227e.jpg
1688,"<h1 class=""listing-item__header"">
    iphone 8 simple-64Go- VENANT AUTHENTİQUE
</h1>",Venant,iPhone,60 000 ,Médina,https://i.roamcdn.net/hz/ed/listing-thumb-543w/78e42d1b663069f0d6f431c5e7147757/-/horizon-files-prod/ed/picture/qwep020g/e957d742d35e6febce0ed259c8e7023cefc35f21.jpg
1689,"<h1 class=""listing-item__header"">
    iPhone 16 pro sim physique
</h1>",Neuf,iPhone,670 000 ,Médina,https://i.roamcdn.net/hz/ed/listing-thumb-543w/20eafa147714024f6cf27b843e668421/-/horizon-files-prod/ed/picture/qkr8eq9m/20d5c19e5ed42741aec8ec5311328dc0ae079046.jpg
1690,"<h1 class=""listing-item__header"">
    iPhone 12 mini 128Go
</h1>",D'occasion,iPhone,149 000 ,Médina,https://i.roamcdn.net/hz/ed/listing-thumb-543w/7e2ea0cc6e7da62d4cae14c75bc3c96b/-/horizon-files-prod/ed/picture/q2j0nn22/aa214e52e1dac6f9c8f9ef89545ca4a309d88870.jpg
1691,"<h1 class=""listing-item__header"">
    Google pixel 6 128go 8go Ram 5G
</h1>",Venant,Google,139 900 ,Plateau,https://i.roamcdn.net/hz/ed/listing-thumb-543w/ef619b174760dea516522babeb462907/-/horizon-files-prod/ed/picture/qrz84krg/d3da88d3b4b63747f9373adf4b5e3a6bfd1b7670.jpg
1692,"<h1 class=""listing-item__header"">
    Sony Xperia 5 ll 128go RAM 8 5G
</h1>",Venant,Sony,99 900 ,Plateau,https://i.roamcdn.net/hz/ed/listing-thumb-543w/0cd82aeaa7d31036a45b33a3f65b35b3/-/horizon-files-prod/ed/picture/qv4w50d5/8f77aa1da9cccd3892b3b99512698274f52766c6.jpg
1693,"<h1 class=""listing-item__header"">
    iPhone 16 Plus 128GB
</h1>",Neuf,iPhone,620 000 ,Sicap Sacré-cœur,https://i.roamcdn.net/hz/ed/listing-thumb-543w/d3670f232197c0ff92711806a831b091/-/horizon-files-prod/ed/picture/q78wrrqe/7c113dd671bdfbd10eb7ab9e0771b855b6c59f45.jpg
1694,"<h1 class=""listing-item__header"">
    Tecno Spark 20
</h1>",Neuf,Tecno,85 000 ,Plateau,https://i.roamcdn.net/hz/ed/listing-thumb-543w/ed7c95ff27aa19b20539bb2e239fd3ba/-/horizon-files-prod/ed/picture/qngpnkpv/0baf448658b2eab7950694644868f0c4e8387664.jpg
1695,"<h1 class=""listing-item__header"">
    Samsung Zflip3 256Go
</h1>",Venant,Samsung,180 000 ,Plateau,https://i.roamcdn.net/hz/ed/listing-thumb-543w/6678d2b62d7c7807010825a6cc99ba95/-/horizon-files-prod/ed/picture/qrz844dj/ca0a9a06b5ab19696b0a32c92a9d2b17035437cc.jpg
1696,"<h1 class=""listing-item__header"">
    Iphone 14 Plus 128GB
</h1>",Neuf,iPhone,475 000 ,Fenêtre mermoz,https://i.roamcdn.net/hz/ed/listing-thumb-543w/2bc912644babea9ad3e3659b4942bcfa/-/horizon-files-prod/ed/picture/q4449gv5/8e2c5d7f360c0a8833a5f2aadd98c190e0241ca7.jpg
1697,"<h1 class=""listing-item__header"">
    iphone 16Pro 128Go scelle Sim physique
</h1>",Neuf,iPhone,680 000 ,Médina,https://i.roamcdn.net/hz/ed/listing-thumb-543w/793b240327de3a3ddf6b285c8a295df1/-/horizon-files-prod/ed/picture/qpdmqqrq/d717b46028dfa128371d26974cf728b52d2e5d59.jpg
1698,"<h1 class=""listing-item__header"">
    15pro max 256G
</h1>",Venant,iPhone,630 000 ,Médina,https://i.roamcdn.net/hz/ed/listing-thumb-543w/dcc9ce331a4ef54bf42823251de6dd0a/-/horizon-files-prod/ed/picture/q8v4xxr4/26c9ba9634cd771807572d0fd79716e88b978daf.jpg
1699,"<h1 class=""listing-item__header"">
    Google pixel 9 128go
</h1>",Venant,Google,375 000 ,Médina,https://i.roamcdn.net/hz/ed/listing-thumb-543w/5fe97b069e55ad7bbc882f317471e23b/-/horizon-files-prod/ed/picture/q56d885x/83dac6042da950800cf0a036c65f9f0335770bee.jpg
1700,"<h1 class=""listing-item__header"">
    iphone 8 simple-64Go- VENANT AUTHENTİQUE
</h1>",Venant,iPhone,60 000 ,Médina,https://i.roamcdn.net/hz/ed/listing-thumb-543w/78e42d1b663069f0d6f431c5e7147757/-/horizon-files-prod/ed/picture/qwep020g/e957d742d35e6febce0ed259c8e7023cefc35f21.jpg
1701,"<h1 class=""listing-item__header"">
    iPhone 16 pro sim physique
</h1>",Neuf,iPhone,670 000 ,Médina,https://i.roamcdn.net/hz/ed/listing-thumb-543w/20eafa147714024f6cf27b843e668421/-/horizon-files-prod/ed/picture/qkr8eq9m/20d5c19e5ed42741aec8ec5311328dc0ae079046.jpg
1702,"<h1 class=""listing-item__header"">
    Samsung galaxy S24 128GB 8GB
</h1>",Venant,Samsung,300 000 ,Pikine,https://i.roamcdn.net/hz/ed/listing-thumb-543w/6c936410058f5fec57d4558875839a53/-/horizon-files-prod/ed/picture/q78wvpmn/d1b2cc7827fff17accb8f2355ec0d9e99b427733.jpg
1703,"<h1 class=""listing-item__header"">
    Xiaomi mi 13T pro 512GB 12GB ram 2sim
</h1>",Venant,Xiaomi,325 000 ,Pikine,https://i.roamcdn.net/hz/ed/listing-thumb-543w/dc2564d2342bea0377b752010d645922/-/horizon-files-prod/ed/picture/q0g7dpme/20218bae1f33b63ad5f18e7ef22c38b1426e6a0f.jpg
1704,"<h1 class=""listing-item__header"">
    Xiaomi Redmi 13C
</h1>",Neuf,Xiaomi,70 000 ,Castor,https://i.roamcdn.net/hz/ed/listing-thumb-543w/e48e2d2d5b0dc348d437e22ec0447a7d/-/horizon-files-prod/ed/picture/qenv2275/5942d9767ae97f90e68300a9b5f4a1b49c728f7e.jpg
1705,"<h1 class=""listing-item__header"">
    Samsung z fold 3 256go
</h1>",Venant,Samsung,320 000 ,Plateau,https://i.roamcdn.net/hz/ed/listing-thumb-543w/cba52c2a8c55dc2950513f1dc5a9d3e1/-/horizon-files-prod/ed/picture/qkr8769v/a6739afd14e1faab1a578bcb6221b1059a430fd0.jpg
1706,"<h1 class=""listing-item__header"">
    iPhone 11 64go
</h1>",Venant,iPhone,149 900 ,Plateau,https://i.roamcdn.net/hz/ed/listing-thumb-543w/7622a8fd07392ee24a672c1be47a0001/-/horizon-files-prod/ed/picture/qenvdevz/5a3227805a8c6a76f4fd5b9ed8a63087702f2086.jpg
1707,"<h1 class=""listing-item__header"">
    16 Plus Pink Scellé
</h1>",Neuf,iPhone,730 000 ,Hann maristes,https://i.roamcdn.net/hz/ed/listing-thumb-543w/aa24d6b7f91359d05574bdc044e04b74/-/horizon-files-prod/ed/picture/qngpnzk0/9ef18ecb8cd85bd48890495c34c4dd634e21089b.jpg
1708,"<h1 class=""listing-item__header"">
    Tecno Spark 30C 128gb 8gb Ram original
</h1>",Neuf,Tecno,65 900 ,Plateau,https://i.roamcdn.net/hz/ed/listing-thumb-543w/e373cef6a40240b228cd2beb35ffb2d2/-/horizon-files-prod/ed/picture/qenvj70j/c6a10b6ba0670284dcd75ee5e8a27949fc0a2b4c.jpg
1709,"<h1 class=""listing-item__header"">
    Vente Xiaomi MI 13T Pro 5G
</h1>",Neuf,Xiaomi,295 000 ,Plateau,https://i.roamcdn.net/hz/ed/listing-thumb-543w/926e1faacc627b9003178850e4a974f9/-/horizon-files-prod/ed/picture/qngpjzgm/47069d10251632708c806d28dad3a9f631bd3ae0.jpg
1710,"<h1 class=""listing-item__header"">
    OnePlus Ace 2Pro 512Gb
</h1>",Venant,OnePlus,270 000 ,Médina,https://i.roamcdn.net/hz/ed/listing-thumb-543w/4f6cc62cee154ce508185ea72dd1716d/-/horizon-files-prod/ed/picture/q78wxkwx/5d0f41953a6856b69739dac439c1a207fcb48a2e.jpg
1711,"<h1 class=""listing-item__header"">
    ZFlip 3 256GB
</h1>",Venant,Samsung,175 000 ,Médina,https://i.roamcdn.net/hz/ed/listing-thumb-543w/017c36cdee34347281e953a56497ee54/-/horizon-files-prod/ed/picture/qxjpw58v/fecda062a8ce14c2f790e15597b4f908f4408d63.jpg
1712,"<h1 class=""listing-item__header"">
    iphone 8 simple-64Go- VENANT AUTHENTİQUE
</h1>",Venant,iPhone,60 000 ,Médina,https://i.roamcdn.net/hz/ed/listing-thumb-543w/78e42d1b663069f0d6f431c5e7147757/-/horizon-files-prod/ed/picture/qwep020g/e957d742d35e6febce0ed259c8e7023cefc35f21.jpg
1713,"<h1 class=""listing-item__header"">
    iPhone 12 simple -64 Go- VENANT AUTHENTİQUE
</h1>",Venant,iPhone,175 000 ,Médina,https://i.roamcdn.net/hz/ed/listing-thumb-543w/c1b63f5207785812ebd5b426249656a1/-/horizon-files-prod/ed/picture/q8v4wrgp/94de9e8ed7e9c5d9cf2bddc690caab258bef9337.jpg
1714,"<h1 class=""listing-item__header"">
    Google Pixel 9Pro XL 256GB
</h1>",Neuf,Google,680 000 ,Médina,https://i.roamcdn.net/hz/ed/listing-thumb-543w/5fb61aabd005769e8ca337d5ad614b14/-/horizon-files-prod/ed/picture/q8v4kjmr/4ba050038f162c0c77cfcd22f0ba6cacd8b72e1e.jpg
1715,"<h1 class=""listing-item__header"">
    Oppo F15 venant 256go ram 8go
</h1>",Venant,Oppo,70 000 ,Colobane,https://i.roamcdn.net/hz/ed/listing-thumb-543w/ca55a4be20818790ac57ba2a5e4d307d/-/horizon-files-prod/ed/picture/qj4qx9pw/bd4cc60de0feac28e012da9415711c7277723ff6.jpg
1716,"<h1 class=""listing-item__header"">
    ITEL A70 – 128 Go – RAM 8 Go – 6.6″
</h1>",Neuf,Itel,49 900 ,Colobane,https://i.roamcdn.net/hz/ed/listing-thumb-543w/883bec9b3b8fcbc261c51dcd6f934ca2/-/horizon-files-prod/ed/picture/qzvdkqzg/eed0cb8c5d32a9d34c7a4d9ac6014971bf5f0151.jpg
1717,"<h1 class=""listing-item__header"">
    16 plus 256GB
</h1>",Neuf,iPhone,790 000 ,Médina,https://i.roamcdn.net/hz/ed/listing-thumb-543w/4c49abb7dcab2f2e3e67f0915305e000/-/horizon-files-prod/ed/picture/q2j0ndde/436ae6552defe5e1116ef11095357d3bd576a851.jpg
1718,"<h1 class=""listing-item__header"">
    Samsung galaxy Z fold 6 256GB 12GB 2sim
</h1>",Venant,Samsung,790 000 ,Pikine,https://i.roamcdn.net/hz/ed/listing-thumb-543w/7769af37fa3c905cc97ee5e9d1353bc1/-/horizon-files-prod/ed/picture/qxjpxm00/f5799af1092f49790c7ef537d2ebf5ed41604c3b.jpg
1719,"<h1 class=""listing-item__header"">
    Samsung galaxy S24 ultra 512GB 12GB 2SIM
</h1>",Venant,Samsung,600 000 ,Pikine,https://i.roamcdn.net/hz/ed/listing-thumb-543w/de997a30a0375bb020e0aa2392bc5f3f/-/horizon-files-prod/ed/picture/qxjpz2mz/1781175cf06ebbf1ce6b5123139004da0e52b400.jpg
1720,"<h1 class=""listing-item__header"">
    Xiaomi Poco X4 GT 256GB 8GB 5G
</h1>",Venant,Xiaomi,175 000 ,Pikine,https://i.roamcdn.net/hz/ed/listing-thumb-543w/877c16c9b87f6771b1adcf4e0cd53201/-/horizon-files-prod/ed/picture/qq42844k/295136193e323c21832a75b681001af449adac95.jpg
1721,"<h1 class=""listing-item__header"">
    iPhone 11 Pro 64GB
</h1>",Venant,iPhone,160 000 ,Plateau,https://i.roamcdn.net/hz/ed/listing-thumb-543w/d8ffe432c418639f127f342a19d9c8d3/-/horizon-files-prod/ed/picture/qkr8vq08/6418758e5bdab444dc83a5e1d9500ae35a09515f.jpg
1722,"<h1 class=""listing-item__header"">
    Honor Magic 7pro
</h1>",Neuf,Honor,850 000 ,Plateau,https://i.roamcdn.net/hz/ed/listing-thumb-543w/6f4c54d180df8c6e9337a141792d7f14/-/horizon-files-prod/ed/picture/qenv7076/8ed5e6a463fe01714a456acd5d4e21c45e78736b.jpg
1723,"<h1 class=""listing-item__header"">
    iphone 8 simple-64Go- VENANT AUTHENTİQUE
</h1>",Venant,iPhone,60 000 ,Médina,https://i.roamcdn.net/hz/ed/listing-thumb-543w/78e42d1b663069f0d6f431c5e7147757/-/horizon-files-prod/ed/picture/qwep020g/e957d742d35e6febce0ed259c8e7023cefc35f21.jpg
1724,"<h1 class=""listing-item__header"">
    iPhone 12 simple -64 Go- VENANT AUTHENTİQUE
</h1>",Venant,iPhone,175 000 ,Médina,https://i.roamcdn.net/hz/ed/listing-thumb-543w/c1b63f5207785812ebd5b426249656a1/-/horizon-files-prod/ed/picture/q8v4wrgp/94de9e8ed7e9c5d9cf2bddc690caab258bef9337.jpg
1725,"<h1 class=""listing-item__header"">
    Nokia 3310 original
</h1>",Neuf,Nokia,29 900 ,Colobane,https://i.roamcdn.net/hz/ed/listing-thumb-543w/3a1e0fbe1379e207f172f99ccf969034/-/horizon-files-prod/ed/picture/qv4w5xn5/123585e66f4cfcc2f8f38ddf7ba400c0771f1c6c.jpg
1726,"<h1 class=""listing-item__header"">
    Sony x peria 5 128go ramb8 go
</h1>",Venant,Sony,99 900 ,Colobane,https://i.roamcdn.net/hz/ed/listing-thumb-543w/121d3142a86c80f29e06d4642a19f36c/-/horizon-files-prod/ed/picture/qzvp5egx/1ccb96d0ec8eff176e3c0927b066bfb3af12f0d3.jpg
1727,"<h1 class=""listing-item__header"">
    Tecno Pop9| 64Go
</h1>",Neuf,Tecno,52 000 ,Médina,https://i.roamcdn.net/hz/ed/listing-thumb-543w/5fe887b28e70b364d777fe8f077a6dba/-/horizon-files-prod/ed/picture/qgqwjz60/fd70ce6e8bfd5a3c926d7ce8b3cf9b00655b0e64.jpg
1728,"<h1 class=""listing-item__header"">
    Samsung Galaxy Xcover 4
</h1>",Venant,Samsung,20 000 ,Sicap foire,https://i.roamcdn.net/hz/ed/listing-thumb-543w/fcd1d28e861b06ad5d542c0b30c258a6/-/horizon-files-prod/ed/picture/qv4w5x6m/359f89849dda50deb9e994fbe9b86dc5c3b687fa.jpg
1729,"<h1 class=""listing-item__header"">
    Samsung Galaxy A12 128GB
</h1>",Venant,Samsung,40 000 ,Sicap foire,https://i.roamcdn.net/hz/ed/listing-thumb-543w/7ab2fadb84a1b1931afb5beda4b7fc5d/-/horizon-files-prod/ed/picture/qzvp5ekn/e8f8fda9bab6e7e97f6433030674bf67d7ef7253.jpg
1730,"<h1 class=""listing-item__header"">
    Samsung Galaxy 13 64GB
</h1>",Venant,Samsung,40 000 ,Sicap foire,https://i.roamcdn.net/hz/ed/listing-thumb-543w/b750bcd34f6d8d3e87f2dde3b6da8ade/-/horizon-files-prod/ed/picture/qgqwjzr0/ae832db75266fbd5e1c3810f8ce3b504cd87a85c.jpg
1731,"<h1 class=""listing-item__header"">
    Galaxy s21 128 go
</h1>",Venant,Samsung,140 000 ,Sicap Liberté,https://i.roamcdn.net/hz/ed/listing-thumb-543w/3b6b5ed86e5b21b03d46b9302999ed40/-/horizon-files-prod/ed/picture/q2j0drpq/984c9734530fb220c1d04d4514d63d17aeddcfee.jpg
1732,"<h1 class=""listing-item__header"">
    IPhone 13 écran message
</h1>",Venant,iPhone,210 000 ,Sicap Liberté,https://i.roamcdn.net/hz/ed/listing-thumb-543w/8fef746f95d4d464c47a7524419dc319/-/horizon-files-prod/ed/picture/qwep80xp/1d44c82b1b16101dce4bf1cd46604a82186a56d0.jpg
1733,"<h1 class=""listing-item__header"">
    Honor X7 128GB
</h1>",Venant,Honor,60 000 ,Sicap foire,https://i.roamcdn.net/hz/ed/listing-thumb-543w/c783147218dabb95ea04e8a98ec24521/-/horizon-files-prod/ed/picture/q78wr94n/7c5d3bfb77b132b1fae2e3a17d8333ff5097dd3c.jpg
1734,"<h1 class=""listing-item__header"">
    iphone 8 simple-64Go- VENANT AUTHENTİQUE
</h1>",Venant,iPhone,60 000 ,Médina,https://i.roamcdn.net/hz/ed/listing-thumb-543w/78e42d1b663069f0d6f431c5e7147757/-/horizon-files-prod/ed/picture/qwep020g/e957d742d35e6febce0ed259c8e7023cefc35f21.jpg
1735,"<h1 class=""listing-item__header"">
    Samsung galaxy fold 6 256G
</h1>",Neuf,Samsung,750 000 ,Liberte 6 extension,https://i.roamcdn.net/hz/ed/listing-thumb-543w/fb52b15c5a77dff4c6ebb42103a77b2c/-/horizon-files-prod/ed/picture/qq42e5v6/b910e6b186d4206e3759a489da1e8d6e88f16450.jpg
1736,"<h1 class=""listing-item__header"">
    Samsung Galaxy M13 128GB
</h1>",Venant,Samsung,60 000 ,Sicap foire,https://i.roamcdn.net/hz/ed/listing-thumb-543w/2e82bd2cd43535401909b13216e61172/-/horizon-files-prod/ed/picture/qkr8v2nm/8524f99062434b7cf87015ece80c6221e69e32dd.jpg
1737,"<h1 class=""listing-item__header"">
    Xiaomi Redmi 8 64GB
</h1>",Venant,Xiaomi,35 000 ,Sicap foire,https://i.roamcdn.net/hz/ed/listing-thumb-543w/6f5fe687c6c34239e74dd5820a6227c9/-/horizon-files-prod/ed/picture/qrz84549/a556001d612b8b02f92c021b6ad16d3a4b5822a7.jpg
1738,"<h1 class=""listing-item__header"">
    Tecno Mobile Spark Go 2023 64GB
</h1>",Venant,Tecno,40 000 ,Sicap foire,https://i.roamcdn.net/hz/ed/listing-thumb-543w/ce20bc359d7685ffc4dcb6510d3c1da8/-/horizon-files-prod/ed/picture/qwep5j50/db0af3b5a2aba678be5ec12a8f2ebb397e688f7f.jpg
1739,"<h1 class=""listing-item__header"">
    Oppo Reno 2z 128GB
</h1>",Venant,Oppo,55 000 ,Sicap foire,https://i.roamcdn.net/hz/ed/listing-thumb-543w/7833639e33c523511aa9c273f0403dfd/-/horizon-files-prod/ed/picture/qenvj2j9/0466de800c14c4b7b96cc042097958c6a1cdb00a.jpg
1740,"<h1 class=""listing-item__header"">
    iPhone 14 pro max 256go
</h1>",Neuf,iPhone,630 000 ,Plateau,https://i.roamcdn.net/hz/ed/listing-thumb-543w/f9f91e752787d9baa2caeaa573c95eb7/-/horizon-files-prod/ed/picture/qq42qxxv/0759c8dc3fc6be1ef6ffdb540f94238ea7879ce6.jpg
1741,"<h1 class=""listing-item__header"">
    Motorola E14 64G
</h1>",Venant,Motorola,35 000 ,Sicap foire,https://i.roamcdn.net/hz/ed/listing-thumb-543w/98b6537f18bdbf728f69ca6816c03bab/-/horizon-files-prod/ed/picture/qrz84509/a01f68307ce3583e67c353620c16e6b905ea60e8.jpg
1742,"<h1 class=""listing-item__header"">
    Samsung Galaxy A32 5G 128GB
</h1>",Venant,Samsung,60 000 ,Sicap foire,https://i.roamcdn.net/hz/ed/listing-thumb-543w/60380f7fc31b481b3cb5245e020a1f14/-/horizon-files-prod/ed/picture/qwep5j80/933d48a379793e290cbc753ee9c75d9f98344b9b.jpg
1743,"<h1 class=""listing-item__header"">
    iPhone 12 mini 128Go
</h1>",Venant,iPhone,149 000 ,Médina,https://i.roamcdn.net/hz/ed/listing-thumb-543w/0aa02a339b79075524f5af2b6ffc8d8c/-/horizon-files-prod/ed/picture/qm5g9dnj/bb94ae24c943ab7affc561c5fb9957c307146eab.jpg
1744,"<h1 class=""listing-item__header"">
    iPhone 12 original
</h1>",Venant,iPhone,165 000 ,Médina,https://i.roamcdn.net/hz/ed/listing-thumb-543w/b4d01818e39fd129b62a2c19015baa11/-/horizon-files-prod/ed/picture/qngpn2wg/b87ec5545cd95385d584b0ac991fc5a0eeecfbcb.jpg
1745,"<h1 class=""listing-item__header"">
    Google Pixel 9 Pro Fold 256GB
</h1>",Neuf,Google,1 149 000 ,Fenêtre mermoz,https://i.roamcdn.net/hz/ed/listing-thumb-543w/eb0dbcc032a8d317f8c720c7865486fb/-/horizon-files-prod/ed/picture/qenvwzx5/a725a968a6e67f8f2b24a03252057f4e104a7fdd.jpg
1746,"<h1 class=""listing-item__header"">
    iphone 8 simple-64Go- VENANT AUTHENTİQUE
</h1>",Venant,iPhone,60 000 ,Médina,https://i.roamcdn.net/hz/ed/listing-thumb-543w/78e42d1b663069f0d6f431c5e7147757/-/horizon-files-prod/ed/picture/qwep020g/e957d742d35e6febce0ed259c8e7023cefc35f21.jpg
1747,"<h1 class=""listing-item__header"">
    iPhone 12 simple -64 Go- VENANT AUTHENTİQUE
</h1>",Venant,iPhone,175 000 ,Médina,https://i.roamcdn.net/hz/ed/listing-thumb-543w/c1b63f5207785812ebd5b426249656a1/-/horizon-files-prod/ed/picture/q8v4wrgp/94de9e8ed7e9c5d9cf2bddc690caab258bef9337.jpg
1748,"<h1 class=""listing-item__header"">
    Google pixel 8Pro 256go
</h1>",Venant,Google,370 000 ,Plateau,https://i.roamcdn.net/hz/ed/listing-thumb-543w/27d04c69473b447920604ac51b99f986/-/horizon-files-prod/ed/picture/qwep5wwd/32bc5e98b814fd4b2a28621578335f8007daf39e.jpg
1749,"<h1 class=""listing-item__header"">
    Google pixel 7Pro 256Go
</h1>",Venant,Google,280 000 ,Plateau,https://i.roamcdn.net/hz/ed/listing-thumb-543w/daec6eb7596e246298c51b2b09edcb58/-/horizon-files-prod/ed/picture/q0g70ddj/858155ae1c51b09d3c67b9128e6953c9e62a8e0d.jpg
1750,"<h1 class=""listing-item__header"">
    iPhone 15pro max 256GB dual sim
</h1>",Venant,iPhone,650 000 ,Liberte 6 extension,https://i.roamcdn.net/hz/ed/listing-thumb-543w/ea23fdd7f6ba37dd47cecfc1c7799538/-/horizon-files-prod/ed/picture/qzvp5xxv/6f0011921d679c693ebdfcd68719b06ec3dec53b.jpg
1751,"<h1 class=""listing-item__header"">
    Samsung Galaxy A15 5G - 128go  4Go
</h1>",Neuf,Samsung,85 000 ,Castor,https://i.roamcdn.net/hz/ed/listing-thumb-543w/10da0579f2b6f52903a329574ea71a84/-/horizon-files-prod/ed/picture/qxjp62nq/9819a68458bf2358bc3e99760c11ff663ee4f463.jpg
1752,"<h1 class=""listing-item__header"">
    Samsung Fold 4 512GB
</h1>",Venant,Samsung,355 000 ,Plateau,https://i.roamcdn.net/hz/ed/listing-thumb-543w/285303285218a547c7229611fba5d8a1/-/horizon-files-prod/ed/picture/qkr8v0r8/486acda1b69b48283894c2f71b7900983984472d.jpg
1753,"<h1 class=""listing-item__header"">
    TÉLÉPHONE SAMSUNG A03S 64GB RAM 4GB
</h1>",Neuf,Samsung,100 000 ,Plateau,https://i.roamcdn.net/hz/ed/listing-thumb-543w/8d98e18e33ede88e11e3e6578c8f5424/-/horizon-files-prod/ed/picture/qq4286qj/df7d3c411b6612d37c7e24d3e6f75b1e4fca406f.jpg
1754,"<h1 class=""listing-item__header"">
    Samsung Fold 3 256GB 2SIM
</h1>",Neuf,Samsung,347 000 ,Plateau,https://i.roamcdn.net/hz/ed/listing-thumb-543w/cfb171a91a2e0054844cb032aa5903ff/-/horizon-files-prod/ed/picture/q6xd4577/2f82479415231c15ed09c232a4a5021ac088c685.jpg
1755,"<h1 class=""listing-item__header"">
    IPhone 14pro max 256go
</h1>",Venant,iPhone,470 000 ,Médina,https://i.roamcdn.net/hz/ed/listing-thumb-543w/0361a96bd336cecdf2014ac3615f8554/-/horizon-files-prod/ed/picture/qv4w5zmp/585ea1f6dd417239304a3b6118e745d4a2045a75.jpg
1756,"<h1 class=""listing-item__header"">
    Huawei Mate x3 512GB
</h1>",Neuf,Huawei,775 000 ,Plateau,https://i.roamcdn.net/hz/ed/listing-thumb-543w/097604fa12c12acebe15d7bfd9657b35/-/horizon-files-prod/ed/picture/q6xd4v07/3fecdd06d9f6dbe6893dbe3e8c964d6266615d4f.jpg
1757,"<h1 class=""listing-item__header"">
    16 pro max 256go - 512go -1000go
</h1>",Neuf,iPhone,990 000 ,Médina,https://i.roamcdn.net/hz/ed/listing-thumb-543w/664aad82e4b040fbcfe3dccab6bc725e/-/horizon-files-prod/ed/picture/q8v4x9j9/124109ba40da5ba7778de9ac31281f9da1f11f35.jpg
1758,"<h1 class=""listing-item__header"">
    iphone 8 simple-64Go- VENANT AUTHENTİQUE
</h1>",Venant,iPhone,60 000 ,Médina,https://i.roamcdn.net/hz/ed/listing-thumb-543w/78e42d1b663069f0d6f431c5e7147757/-/horizon-files-prod/ed/picture/qwep020g/e957d742d35e6febce0ed259c8e7023cefc35f21.jpg
1759,"<h1 class=""listing-item__header"">
    iPhone 12 simple -64 Go- VENANT AUTHENTİQUE
</h1>",Venant,iPhone,175 000 ,Médina,https://i.roamcdn.net/hz/ed/listing-thumb-543w/c1b63f5207785812ebd5b426249656a1/-/horizon-files-prod/ed/picture/q8v4wrgp/94de9e8ed7e9c5d9cf2bddc690caab258bef9337.jpg
1760,"<h1 class=""listing-item__header"">
    Huawei p60 pro 256GB scellé
</h1>",Neuf,Huawei,475 000 ,Plateau,https://i.roamcdn.net/hz/ed/listing-thumb-543w/ef194a68edc76d56709adb0ab32733d7/-/horizon-files-prod/ed/picture/qq4285jw/61ed5ada11f36399a7ea1abc4ae69909dbfe8292.jpg
1761,"<h1 class=""listing-item__header"">
    IPHONE XR 64 - 128go venant authentique
</h1>",Venant,iPhone,110 000 ,Médina,https://i.roamcdn.net/hz/ed/listing-thumb-543w/1f12157519482092bbbb9ffd95bc2a29/-/horizon-files-prod/ed/picture/qj4rwg8z/6f4eb09cc4329af5c43a86ff1aa521042be89905.jpg
1762,"<h1 class=""listing-item__header"">
    S20 Ultra
</h1>",Neuf,Samsung,175 000 ,Gueule-Tapée,https://i.roamcdn.net/hz/ed/listing-thumb-543w/54100cd2051e8c0bed216a6ffb535e5d/-/horizon-files-prod/ed/picture/qngp20xx/e08da12b2abcd376011b72f6f9e4a019072b869f.jpg
1763,"<h1 class=""listing-item__header"">
    Galaxy Note 20 Ultra 128G / Ram 12G
</h1>",Neuf,Samsung,185 000 ,Gueule-Tapée,https://i.roamcdn.net/hz/ed/listing-thumb-543w/2659763c5f074b540b7a2a35b05750b7/-/horizon-files-prod/ed/picture/q56dvrdr/55368838b62fa56140a89c9250e17886f51bc81c.jpg
1764,"<h1 class=""listing-item__header"">
    Tecno spark 20 neuf 256go ram 8go
</h1>",Neuf,Tecno,82 000 ,Patte d‘oie,https://i.roamcdn.net/hz/ed/listing-thumb-543w/d6a95bdf1511a2c309244df15406b14c/-/horizon-files-prod/ed/picture/q6xdz886/d2576d1bbc6cfdeb5fcf58c99a9db8b786b42e71.jpg
1765,"<h1 class=""listing-item__header"">
    Redmi Note 13  RAM : 8GB
ROM : 512GB/128GB
</h1>",Neuf,Xiaomi,135 000 ,Keur Massar,https://i.roamcdn.net/hz/ed/listing-thumb-543w/80e6379bd9f5e5ca99b9fedbabc70d08/-/horizon-files-prod/ed/picture/q9mj6r2p/748d5bc3c2a6f0341ce2d5e02a005ec543cb9bdc.jpg
1766,"<h1 class=""listing-item__header"">
    Fold 3
</h1>",Venant,Samsung,300 000 ,Yoff,https://i.roamcdn.net/hz/ed/listing-thumb-543w/dfe6a8953e8917bda4bb8a0c765f581b/-/horizon-files-prod/ed/picture/qngp9z6z/07dcb4338a6e6f855ada435d71c4703e8bcb25e0.jpg
1767,"<h1 class=""listing-item__header"">
    IPhone 13pro max 128go
</h1>",Venant,iPhone,375 000 ,Médina,https://i.roamcdn.net/hz/ed/listing-thumb-543w/632e495bb08d74518f04129f513680e1/-/horizon-files-prod/ed/picture/qngpn0mz/28898a60c4ccaa3afe6ded21fb5aeab8a9b18722.jpg
1768,"<h1 class=""listing-item__header"">
    Google Pixel 8 5G
</h1>",Venant,Google,245 000 ,Plateau,https://i.roamcdn.net/hz/ed/listing-thumb-543w/0bf849296354df216f842d0dc4b7fa95/-/horizon-files-prod/ed/picture/q6xd4ren/64995a0c189b465d699e7cd0a725629a35c3291f.jpg
1769,"<h1 class=""listing-item__header"">
    Sharp aquos zéro 6 128go
</h1>",Venant,Sharp,59 900 ,Colobane,https://i.roamcdn.net/hz/ed/listing-thumb-543w/24feef4c002bea3c6c3cf12e5aecd5f2/-/horizon-files-prod/ed/picture/q448gz4m/3542513e5a099d4fef59811ea0c4d79112a92100.jpg
1770,"<h1 class=""listing-item__header"">
    iphone 8 simple-64Go- VENANT AUTHENTİQUE
</h1>",Venant,iPhone,60 000 ,Médina,https://i.roamcdn.net/hz/ed/listing-thumb-543w/78e42d1b663069f0d6f431c5e7147757/-/horizon-files-prod/ed/picture/qwep020g/e957d742d35e6febce0ed259c8e7023cefc35f21.jpg
1771,"<h1 class=""listing-item__header"">
    iPhone 12 simple -64 Go- VENANT AUTHENTİQUE
</h1>",Venant,iPhone,175 000 ,Médina,https://i.roamcdn.net/hz/ed/listing-thumb-543w/c1b63f5207785812ebd5b426249656a1/-/horizon-files-prod/ed/picture/q8v4wrgp/94de9e8ed7e9c5d9cf2bddc690caab258bef9337.jpg
1772,"<h1 class=""listing-item__header"">
    iPhone 12 mini
</h1>",Venant,iPhone,140 000 ,Yoff,https://i.roamcdn.net/hz/ed/listing-thumb-543w/cc027350760c6aa44f670779e3319534/-/horizon-files-prod/ed/picture/qxjpep9j/76634ecd2501dd0afc46c69d051fa610c5eef130.jpg
1773,"<h1 class=""listing-item__header"">
    Samsung fold 6 256Go
</h1>",Venant,Samsung,600 000 ,Médina,https://i.roamcdn.net/hz/ed/listing-thumb-543w/86016ce707a1007a098e7e42d71353b6/-/horizon-files-prod/ed/picture/q56d8r22/80722ed33656b5e0311270ad486ae876963e3c76.jpg
1774,"<h1 class=""listing-item__header"">
    iPhone 15 Plus 256 sim
</h1>",D'occasion,iPhone,375 000 ,Médina,https://i.roamcdn.net/hz/ed/listing-thumb-543w/27d839fb784241bc9af22a25bbb3d718/-/horizon-files-prod/ed/picture/qq42607w/a9f89118a5f3ea8342cac803b6c4c8bf253ed64c.jpg
1775,"<h1 class=""listing-item__header"">
    iPhone 14 pro max
</h1>",Venant,iPhone,530 000 ,Yoff,https://i.roamcdn.net/hz/ed/listing-thumb-543w/c01c7a9792c6c564d50bcf62c7874874/-/horizon-files-prod/ed/picture/qq428w76/4bf0bcc9bf48d1de7049fa25fc44308b50525f68.jpg
1776,"<h1 class=""listing-item__header"">
    Vente Google Pixel 9 Pro XL 5G
</h1>",Neuf,Google,675 000 ,Plateau,https://i.roamcdn.net/hz/ed/listing-thumb-543w/3eca64ddf59c8092b725f5c8019f8d12/-/horizon-files-prod/ed/picture/q9mjd2g7/e958d03ad1f3b87c69328065cc191b0b97fe601f.jpg
1777,"<h1 class=""listing-item__header"">
    iPhone 15 scellé
</h1>",Neuf,iPhone,520 000 ,Plateau,https://i.roamcdn.net/hz/ed/listing-thumb-543w/425f3b6db6838cbb227e988811daa1fa/-/horizon-files-prod/ed/picture/qgqwm6j8/6d504fe952f1a2c4cc1ffdcae64cbe569202185b.png
1778,"<h1 class=""listing-item__header"">
    iPhone 13 scellé 128go
</h1>",Neuf,iPhone,350 000 ,Plateau,https://i.roamcdn.net/hz/ed/listing-thumb-543w/5c80e515382c1827ccb43a9041816848/-/horizon-files-prod/ed/picture/q9mjkv20/cefae090c02525516e723b9cf5c25d80fc78713d.png
1779,"<h1 class=""listing-item__header"">
    Pixel 5a venant 128go ram 8go 5g
</h1>",Venant,Google,129 900 ,Colobane,https://i.roamcdn.net/hz/ed/listing-thumb-543w/f0f6acc002c642d58196b34e1d3e2c77/-/horizon-files-prod/ed/picture/q9mj96dp/c96fd80c36531ef693e9685029dd9ad51d206f82.jpg
1780,"<h1 class=""listing-item__header"">
    iphone 8 simple-64Go- VENANT AUTHENTİQUE
</h1>",Venant,iPhone,60 000 ,Médina,https://i.roamcdn.net/hz/ed/listing-thumb-543w/78e42d1b663069f0d6f431c5e7147757/-/horizon-files-prod/ed/picture/qwep020g/e957d742d35e6febce0ed259c8e7023cefc35f21.jpg
1781,"<h1 class=""listing-item__header"">
    iPhone 12 simple -64 Go- VENANT AUTHENTİQUE
</h1>",Venant,iPhone,175 000 ,Médina,https://i.roamcdn.net/hz/ed/listing-thumb-543w/c1b63f5207785812ebd5b426249656a1/-/horizon-files-prod/ed/picture/q8v4wrgp/94de9e8ed7e9c5d9cf2bddc690caab258bef9337.jpg
1782,"<h1 class=""listing-item__header"">
    Télévision sony xperia 5
</h1>",Neuf,Sony,99 900 ,Colobane,https://i.roamcdn.net/hz/ed/listing-thumb-543w/0eb45001adc14b3c8bc36fa71f94191d/-/horizon-files-prod/ed/picture/qpdmqgzq/95a7e2ed666b293c2e0a7a8414e06aac06eed5ac.jpg
1783,"<h1 class=""listing-item__header"">
    Google pixels 9 pro XL 256GB 16GB
</h1>",Neuf,Google,790 000 ,Pikine,https://i.roamcdn.net/hz/ed/listing-thumb-543w/3eeffab609509cbce0809d35294a947b/-/horizon-files-prod/ed/picture/qm5g90xj/8098b9e7469522420f84998ffb932720412d3480.jpg
1784,"<h1 class=""listing-item__header"">
    Fold 4 512giga
</h1>",Neuf,Samsung,390 000 ,Hann maristes,https://i.roamcdn.net/hz/ed/listing-thumb-543w/a036dee86a5fffb0b3af604533dcd401/-/horizon-files-prod/ed/picture/qrz84r4x/43313c800d11ff789e73241917d375cb15284366.jpg
1785,"<h1 class=""listing-item__header"">
    11 PROMAX 256 GIGA
</h1>",Venant,iPhone,230 000 ,Médina,https://i.roamcdn.net/hz/ed/listing-thumb-543w/ccc71eb3217a7859139130ea9ee34baf/-/horizon-files-prod/ed/picture/qngpz8vv/80f5d0898c31f6b9db84e332b69a574211e73ba8.jpg
1786,"<h1 class=""listing-item__header"">
    iPhone 16 Pro max 256Go scellé
</h1>",Neuf,iPhone,840 000 ,Médina,https://i.roamcdn.net/hz/ed/listing-thumb-543w/33a6739f472954d740ef38a39043b9a6/-/horizon-files-prod/ed/picture/q8v4de5p/16d6b073a5180ba7367b4590dc6b714f03404850.jpg
1787,"<h1 class=""listing-item__header"">
    16Simple 256Go Sim physique scellé
</h1>",Neuf,iPhone,640 000 ,Médina,https://i.roamcdn.net/hz/ed/listing-thumb-543w/f735b7e651549eb7f51f8ced475cae40/-/horizon-files-prod/ed/picture/q6xdzkd4/f317f713dac66782533cb778c3b7f625dc3678a8.jpg
1788,"<h1 class=""listing-item__header"">
    16Plus 256Go Sim physique scellé
</h1>",Neuf,iPhone,750 000 ,Médina,https://i.roamcdn.net/hz/ed/listing-thumb-543w/d98ad68ffd7e95c85c7ba57965af4eb7/-/horizon-files-prod/ed/picture/qq42v44e/710105c26be2e8b9ec47ca96126c9c7d3081477a.jpg
1789,"<h1 class=""listing-item__header"">
    iPhone 15Pro max 256Go Sim physique
</h1>",Venant,iPhone,640 000 ,Médina,https://i.roamcdn.net/hz/ed/listing-thumb-543w/f0c7d7d2a70e5809d283106ebf722e51/-/horizon-files-prod/ed/picture/qngpwwg9/6d9b50c4555c33379960ea05c7c747f194a6aacc.jpg
1790,"<h1 class=""listing-item__header"">
    Honor Magic Vs2
</h1>",Venant,Honor,595 000 ,Plateau,https://i.roamcdn.net/hz/ed/listing-thumb-543w/f84d5cea86828144ad3527d852da3647/-/horizon-files-prod/ed/picture/qgqw0dxm/db1904e61725cbb4c6c27825e05ceddb2df15162.jpg
1791,"<h1 class=""listing-item__header"">
    iphone 8 simple-64Go- VENANT AUTHENTİQUE
</h1>",Venant,iPhone,60 000 ,Médina,https://i.roamcdn.net/hz/ed/listing-thumb-543w/78e42d1b663069f0d6f431c5e7147757/-/horizon-files-prod/ed/picture/qwep020g/e957d742d35e6febce0ed259c8e7023cefc35f21.jpg
1792,"<h1 class=""listing-item__header"">
    Samsung galaxy fold 6 256G
</h1>",Neuf,Samsung,750 000 ,Liberte 6 extension,https://i.roamcdn.net/hz/ed/listing-thumb-543w/fb52b15c5a77dff4c6ebb42103a77b2c/-/horizon-files-prod/ed/picture/qq42e5v6/b910e6b186d4206e3759a489da1e8d6e88f16450.jpg
1793,"<h1 class=""listing-item__header"">
    iPhone 15 plus
</h1>",Neuf,iPhone,530 000 ,Yoff,https://i.roamcdn.net/hz/ed/listing-thumb-543w/177a3a7102efc93bac66492af2a2ac51/-/horizon-files-prod/ed/picture/q44nq578/1c6b345dd7e0db5972a568b75ab3dee6bd8b7637.jpg
1794,"<h1 class=""listing-item__header"">
    Samsung galaxie A15 256Go
</h1>",Neuf,Samsung,117 000 ,Plateau,https://i.roamcdn.net/hz/ed/listing-thumb-543w/cc8e82445f515d3526f1f7ef8037472e/-/horizon-files-prod/ed/picture/q44nq5p8/42be25a8f95ee18003a609810af4d9822173cece.jpg
1795,"<h1 class=""listing-item__header"">
    Samsung galaxie fold4 256Go
</h1>",Neuf,Samsung,465 000 ,Plateau,https://i.roamcdn.net/hz/ed/listing-thumb-543w/988b615f474ef96ded4b484eefa5ed8f/-/horizon-files-prod/ed/picture/q8v4xm9z/b363f81274549d03449c8395470bd8a96356fc86.jpg
1796,"<h1 class=""listing-item__header"">
    Nokia 3 128G
</h1>",Neuf,Nokia,35 000 ,Gueule-Tapée,https://i.roamcdn.net/hz/ed/listing-thumb-543w/147fd2ac5ba40321ca2d0893839cfbe5/-eyJvciI6OTB9/horizon-files-prod/ed/picture/q2j0nkrp/4ce818a7218159b7dec1df75a613e8a8af47e50b.jpg
1797,"<h1 class=""listing-item__header"">
    IPHONE 16 PRO MAX 256GO SIM PHYSIQUE
</h1>",Neuf,iPhone,849 999 ,Plateau,https://i.roamcdn.net/hz/ed/listing-thumb-543w/de50b5eb8a71e4516e966a3153a256ba/-/horizon-files-prod/ed/picture/q56dz62g/9fee7927a61e7a3901d489fa78cb0ef27549fc04.jpg
1798,"<h1 class=""listing-item__header"">
    IPHONE 16 PRO MAX 1TO 2 SIM PHYSIQUE
</h1>",Neuf,iPhone,1 150 000 ,Plateau,https://i.roamcdn.net/hz/ed/listing-thumb-543w/a6f7105670f71f5c47f7d7cd98100735/-/horizon-files-prod/ed/picture/qrz86ejm/322f9f852bbd62aae9db08bbeb2397b5f58f1f2e.jpg
1799,"<h1 class=""listing-item__header"">
    IPHONE 16 PRO MAX 512GO SIM PHYSIQUE
</h1>",Neuf,iPhone,1 050 000 ,Plateau,https://i.roamcdn.net/hz/ed/listing-thumb-543w/5b24f970c5bfe2f760df1410b8fa531d/-/horizon-files-prod/ed/picture/qxjpwqn4/9a1ad19861a8fe5303b6c847093c60df4a60de38.jpg
1800,"<h1 class=""listing-item__header"">
    8plus 64g
</h1>",Venant,iPhone,85 000 ,Médina,https://i.roamcdn.net/hz/ed/listing-thumb-543w/d37e80594828ec62be8c71a32917219f/-/horizon-files-prod/ed/picture/qgqwjwdk/4bffcd4f704a79814bd6a104554341c02d991998.jpg
1801,"<h1 class=""listing-item__header"">
    Xr 128go
</h1>",Venant,iPhone,125 000 ,Médina,https://i.roamcdn.net/hz/ed/listing-thumb-543w/69564a8bd71620c975bcfdaa3764cd80/-/horizon-files-prod/ed/picture/qpdmjx42/464d615d8dd4dae299df7ac1b2b1b241202e9873.jpg
1802,"<h1 class=""listing-item__header"">
    12 Simple 64go
</h1>",Venant,iPhone,170 000 ,Médina,https://i.roamcdn.net/hz/ed/listing-thumb-543w/2833a1f4932d200ef09c209ee388c493/-/horizon-files-prod/ed/picture/qq4262gw/82f0fecb1387977656caf5f43ef4a0ba837b5876.jpg
1803,"<h1 class=""listing-item__header"">
    iphone 8 simple-64Go- VENANT AUTHENTİQUE
</h1>",Venant,iPhone,60 000 ,Médina,https://i.roamcdn.net/hz/ed/listing-thumb-543w/78e42d1b663069f0d6f431c5e7147757/-/horizon-files-prod/ed/picture/qwep020g/e957d742d35e6febce0ed259c8e7023cefc35f21.jpg
1804,"<h1 class=""listing-item__header"">
    iPhone 12 simple -64 Go- VENANT AUTHENTİQUE
</h1>",Venant,iPhone,175 000 ,Médina,https://i.roamcdn.net/hz/ed/listing-thumb-543w/c1b63f5207785812ebd5b426249656a1/-/horizon-files-prod/ed/picture/q8v4wrgp/94de9e8ed7e9c5d9cf2bddc690caab258bef9337.jpg
1805,"<h1 class=""listing-item__header"">
    13 Simple 128et 256g
</h1>",Venant,iPhone,260 000 ,Médina,https://i.roamcdn.net/hz/ed/listing-thumb-543w/9da1856bab6ea49b690e305e7a9d628d/-/horizon-files-prod/ed/picture/qwepkd5j/beaff09e910397661fcc89dd22b930a8ba1522db.jpg
1806,"<h1 class=""listing-item__header"">
    Xiaomi redmi A3X neuf 128go
</h1>",Neuf,Xiaomi,65 000 ,Parcelles Assainies,https://i.roamcdn.net/hz/ed/listing-thumb-543w/a1712c6db3fba5b397800be12c3ba015/-/horizon-files-prod/ed/picture/qenv9vv4/87dd90310e2290f91c0a0a6fccfed32e598ccc85.jpg
1807,"<h1 class=""listing-item__header"">
    Xiaomi redmi note 13pro plus 512go
</h1>",Neuf,Xiaomi,249 900 ,Parcelles Assainies,https://i.roamcdn.net/hz/ed/listing-thumb-543w/e9c3e9218426b70af6d2b005b3d22af5/-/horizon-files-prod/ed/picture/q6xdn88j/852988cc2bd3cdd3005d594b2fd4d45590b17993.png
1808,"<h1 class=""listing-item__header"">
    IPhone 13 Pro max
</h1>",Venant,iPhone,350 000 ,Médina,https://i.roamcdn.net/hz/ed/listing-thumb-543w/cf8c8fd9b4a8d45b425ba15a2b63bcd9/-/horizon-files-prod/ed/picture/qv4w5wgp/32e4b839c0dd3328e2d81b0e99f44028a68597b0.jpg
1809,"<h1 class=""listing-item__header"">
    IPhone 12pro 128g
</h1>",Venant,iPhone,235 000 ,Médina,https://i.roamcdn.net/hz/ed/listing-thumb-543w/9b537b44ac406873a175a4fb64cc2644/-/horizon-files-prod/ed/picture/q9mj6jkx/b479b86024476587f8790c10cfada64c67b91a4a.jpg
1810,"<h1 class=""listing-item__header"">
    Samsung Galaxy S20 5G
</h1>",Venant,Samsung,149 900 ,Plateau,https://i.roamcdn.net/hz/ed/listing-thumb-543w/9ba448febede247aa12a5a5a3bc747d3/-/horizon-files-prod/ed/picture/qkr8vgd2/1366466bdd0a54ed16bcadb3cc6b5515385e19fb.jpg
1811,"<h1 class=""listing-item__header"">
    15pro max 256G
</h1>",Venant,iPhone,630 000 ,Médina,https://i.roamcdn.net/hz/ed/listing-thumb-543w/2708c7737015f6ce8f3d35375fb17aae/-/horizon-files-prod/ed/picture/q8v4x524/18dce17935a56c6e3409bf9ef951726a7d2ee7bf.jpg
1812,"<h1 class=""listing-item__header"">
    Fold 4
</h1>",Venant,Samsung,170 000 ,Yoff,https://i.roamcdn.net/hz/ed/listing-thumb-543w/bf3ae58356c37f5d253d94c90f9510cf/-/horizon-files-prod/ed/picture/qzvp547d/3833a2b74d3c106d3663996e2e526a956265db68.jpg
1813,"<h1 class=""listing-item__header"">
    iPad Pro M4 256 11 pouces scellé
</h1>",Neuf,iPad,690 000 ,Médina,https://i.roamcdn.net/hz/ed/listing-thumb-543w/81755d2f87556232a1fff929fbee278c/-/horizon-files-prod/ed/picture/qxjpe60m/aded4df7f0aa64b6f38c8a0dd31e98abe52070bf.jpg
1814,"<h1 class=""listing-item__header"">
    Iphone 12 simple 128go
</h1>",Neuf,iPhone,195 000 ,Guediawaye,https://i.roamcdn.net/hz/ed/listing-thumb-543w/e77c9520619b937debf8fe3076158bd1/-/horizon-files-prod/ed/picture/qq428djv/240ef105d94285f3c3cab2ab139e09a897a9241a.jpg
1815,"<h1 class=""listing-item__header"">
    iphone 8 simple-64Go- VENANT AUTHENTİQUE
</h1>",Venant,iPhone,60 000 ,Médina,https://i.roamcdn.net/hz/ed/listing-thumb-543w/78e42d1b663069f0d6f431c5e7147757/-/horizon-files-prod/ed/picture/qwep020g/e957d742d35e6febce0ed259c8e7023cefc35f21.jpg
1816,"<h1 class=""listing-item__header"">
    iPhone 16 pro sim physique
</h1>",Neuf,iPhone,670 000 ,Médina,https://i.roamcdn.net/hz/ed/listing-thumb-543w/20eafa147714024f6cf27b843e668421/-/horizon-files-prod/ed/picture/qkr8eq9m/20d5c19e5ed42741aec8ec5311328dc0ae079046.jpg
1817,"<h1 class=""listing-item__header"">
    iPhone 16 pro max 256 giga noir
</h1>",Neuf,iPhone,850 000 ,Médina,https://i.roamcdn.net/hz/ed/listing-thumb-543w/155cc55eb907ba1d3f1a957bf7f16c97/-/horizon-files-prod/ed/picture/qwep5zvj/1561e0e5e8e4d630b305160279fed81759c2b55a.jpg
1818,"<h1 class=""listing-item__header"">
    Fold 3
</h1>",Venant,Samsung,320 000 ,Yoff,https://i.roamcdn.net/hz/ed/listing-thumb-543w/c711a75552ae80a56f59f124360ea304/-/horizon-files-prod/ed/picture/qwep8xzg/d51d5f4c3fd1044c76d0c8387333bdbc51cea5eb.jpg
1819,"<h1 class=""listing-item__header"">
    iPhone 13Promax 256Go
</h1>",Venant,iPhone,410 000 ,Plateau,https://i.roamcdn.net/hz/ed/listing-thumb-543w/dcc76cd3f7244a534939defbab2eaef2/-/horizon-files-prod/ed/picture/q6xd4688/570d4452d540923d2563155645821d32eec8c7d2.jpg
1820,"<h1 class=""listing-item__header"">
    Iphone 16 Promax 512Go
</h1>",Neuf,iPhone,970 000 ,Plateau,https://i.roamcdn.net/hz/ed/listing-thumb-543w/957a084c979c776dc057d182139c8098/-/horizon-files-prod/ed/picture/qq428dkp/e68d8759cf3b919f8a8771a77df437b5214e8add.jpg
1821,"<h1 class=""listing-item__header"">
    iPhone 11 Pro Max
</h1>",Neuf,iPhone,235 000 ,Plateau,https://i.roamcdn.net/hz/ed/listing-thumb-543w/57a77ffac5eae027e6aba3e9d7b76fd2/-/horizon-files-prod/ed/picture/qde76v68/7821da91502c7d6cbf2014e17e4fa359757d33c2.jpg
1822,"<h1 class=""listing-item__header"">
    Xiaomi 12T Pro 12 Go RAM 256 Go
</h1>",Neuf,Xiaomi,420 000 ,Plateau,https://i.roamcdn.net/hz/ed/listing-thumb-543w/8a09797217acd6a25637faec29797bb4/-/horizon-files-prod/ed/picture/qxjjr5q2/674de02f34ecd0b98795f4ede88d1cccc46fa03c.jpg
1823,"<h1 class=""listing-item__header"">
    Galaxy S24 Ultra 256G ram 12
</h1>",Venant,iPhone,700 000 ,Gueule-Tapée,https://i.roamcdn.net/hz/ed/listing-thumb-543w/77b857a6d4f3af1a360fd4e24bf52d0f/-/horizon-files-prod/ed/picture/qpd6kmd4/7a965442425630fdfa5221edab8bd9df32eb62bd.jpg
1824,"<h1 class=""listing-item__header"">
    Samsung S10 5G
</h1>",Neuf,Samsung,145 000 ,Gueule-Tapée,https://i.roamcdn.net/hz/ed/listing-thumb-543w/f44317ad44ab5bd2a2db11dea5c23848/-/horizon-files-prod/ed/picture/q2j058rv/6a871fc3f2974d3ee33c3dc4b854f4faffe80556.jpg
1825,"<h1 class=""listing-item__header"">
    Google Pixel 9 Pro XL
</h1>",Neuf,Google,755 000 ,Plateau,https://i.roamcdn.net/hz/ed/listing-thumb-543w/5b233b78cdd17d195c1c03c2c0874c95/-/horizon-files-prod/ed/picture/q78wr7w8/42ea428ef8e4d750eed57153ad5d31ef64afc52d.jpg
1826,"<h1 class=""listing-item__header"">
    Samsung Galaxy note 9 venant 128go ram 8go
</h1>",Venant,Samsung,110 000 ,Colobane,https://i.roamcdn.net/hz/ed/listing-thumb-543w/b5de9c189180cdb59a67bebdae41fa4a/-/horizon-files-prod/ed/picture/qwepkz5m/f7d260de36f69532e0a3eaa5573972e2d5714ebe.jpg
1827,"<h1 class=""listing-item__header"">
    iphone 8 simple-64Go- VENANT AUTHENTİQUE
</h1>",Venant,iPhone,60 000 ,Médina,https://i.roamcdn.net/hz/ed/listing-thumb-543w/78e42d1b663069f0d6f431c5e7147757/-/horizon-files-prod/ed/picture/qwep020g/e957d742d35e6febce0ed259c8e7023cefc35f21.jpg
1828,"<h1 class=""listing-item__header"">
    iPhone 12 simple -64 Go- VENANT AUTHENTİQUE
</h1>",Venant,iPhone,175 000 ,Médina,https://i.roamcdn.net/hz/ed/listing-thumb-543w/c1b63f5207785812ebd5b426249656a1/-/horizon-files-prod/ed/picture/q8v4wrgp/94de9e8ed7e9c5d9cf2bddc690caab258bef9337.jpg
1829,"<h1 class=""listing-item__header"">
    Sony Xperia 5 iii 256go ram 12go
</h1>",Venant,Sony,140 000 ,Médina,https://i.roamcdn.net/hz/ed/listing-thumb-543w/ee88aca61f7db787580a18d187474d4c/-/horizon-files-prod/ed/picture/qenvp4r9/1befb6b1f86f25aba86d80bd8f47f1b63610822a.jpg
1830,"<h1 class=""listing-item__header"">
    Redmi note 13pro+
</h1>",Neuf,Xiaomi,200 000 ,Parcelles Assainies,https://i.roamcdn.net/hz/ed/listing-thumb-543w/37e2c770b5cb261ec87289adffbe8d26/-/horizon-files-prod/ed/picture/q0g70g7m/277e47604014f8d78d82f4bfbc9b5e0b42266e05.jpg
1831,"<h1 class=""listing-item__header"">
    Vente Redmi Note 13 Pro 5G
</h1>",Venant,Xiaomi,170 000 ,Plateau,https://i.roamcdn.net/hz/ed/listing-thumb-543w/d0facc537d5ea7f3487a53622624d195/-/horizon-files-prod/ed/picture/q78wm47e/1dfbcb62366882713d1f289eea831127d3121efa.jpg
1832,"<h1 class=""listing-item__header"">
    Iphone 16 pro max 256giga scellé usa
</h1>",Neuf,iPhone,825 000 ,Virage,https://i.roamcdn.net/hz/ed/listing-thumb-543w/95f1cf43af3ea7698ba8063819b1798a/-/horizon-files-prod/ed/picture/qzvp694x/7fa64ddb142331c6e7fd5c7d2f7eee064ba381e4.jpg
1833,"<h1 class=""listing-item__header"">
    Samsung Galaxy note 10 plus
</h1>",Venant,Samsung,150 000 ,Pikine,https://i.roamcdn.net/hz/ed/listing-thumb-543w/dcdf05ff3dc9346952ea0dff1be9d9a6/-/horizon-files-prod/ed/picture/q78wr8we/863d4aa1315508afee9cf1e9952c49b18cfc488e.jpg
1834,"<h1 class=""listing-item__header"">
    iPhone XR 64 go
</h1>",Venant,iPhone,110 000 ,Sicap Liberté,https://i.roamcdn.net/hz/ed/listing-thumb-543w/6ef500b2ae54b9632cc5548e262d335e/-/horizon-files-prod/ed/picture/qxjpej6v/31f4aa7dfc94369f4adde413ab1c0be88450b687.jpg
1835,"<h1 class=""listing-item__header"">
    iPhone SE 2020
</h1>",Venant,iPhone,90 000 ,Sicap Liberté,https://i.roamcdn.net/hz/ed/listing-thumb-543w/5a0dd54bf5f0d7416b8a50faef99a7e2/-/horizon-files-prod/ed/picture/qwep5ez5/58f5d0925608357f68f7c8cb6f9b0990a64e7321.jpg
1836,"<h1 class=""listing-item__header"">
    iPhone 13 Pro Max
</h1>",Venant,iPhone,380 000 ,Yoff,https://i.roamcdn.net/hz/ed/listing-thumb-543w/c2537130312f2f67817e32373f925351/-/horizon-files-prod/ed/picture/qq426k6e/3fee28d668d29b9e945045ac76edbd0df6e3671f.jpg
1837,"<h1 class=""listing-item__header"">
    iPhone 14 pro max 128 giga
</h1>",Venant,iPhone,475 000 ,Médina,https://i.roamcdn.net/hz/ed/listing-thumb-543w/23dbed9b735c7bf49232996d882f3f7f/-/horizon-files-prod/ed/picture/qv4w5m28/d6e56658e3466ed78bc4025f86022e062f5b0a7f.jpg
1838,"<h1 class=""listing-item__header"">
    Google pixel9 pro fold 256giga Ram16 Scelle
</h1>",Neuf,Google,950 000 ,Médina,https://i.roamcdn.net/hz/ed/listing-thumb-543w/1f32496f42b70848e0640b6b030878be/-/horizon-files-prod/ed/picture/q56d8wm2/0238da2ec56d56f267e5c1eb6dbe464fd7fb94c2.jpg
1839,"<h1 class=""listing-item__header"">
    iphone 8 simple-64Go- VENANT AUTHENTİQUE
</h1>",Venant,iPhone,60 000 ,Médina,https://i.roamcdn.net/hz/ed/listing-thumb-543w/78e42d1b663069f0d6f431c5e7147757/-/horizon-files-prod/ed/picture/qwep020g/e957d742d35e6febce0ed259c8e7023cefc35f21.jpg
1840,"<h1 class=""listing-item__header"">
    iPhone 16 pro sim physique
</h1>",Neuf,iPhone,670 000 ,Médina,https://i.roamcdn.net/hz/ed/listing-thumb-543w/20eafa147714024f6cf27b843e668421/-/horizon-files-prod/ed/picture/qkr8eq9m/20d5c19e5ed42741aec8ec5311328dc0ae079046.jpg
1841,"<h1 class=""listing-item__header"">
    iPhone 14 simple 128 giga
</h1>",Venant,iPhone,310 000 ,Médina,https://i.roamcdn.net/hz/ed/listing-thumb-543w/69e1666cbc544e22883067fc7abb3e2b/-/horizon-files-prod/ed/picture/qde7jr5j/1fa6115ba87d31ae00771d2fcca7a7d32fdef24b.jpg
1842,"<h1 class=""listing-item__header"">
    IPhone 11 pro 64go
</h1>",Venant,iPhone,195 000 ,Médina,https://i.roamcdn.net/hz/ed/listing-thumb-543w/056c18be6d14f1e57d7dd009f821ef32/-/horizon-files-prod/ed/picture/q9mjm6p7/0f0f3bf38018e568678b6d8b507d0154ad9041ab.jpg
1843,"<h1 class=""listing-item__header"">
    Samsung S22
</h1>",Venant,Samsung,175 000 ,Castor,https://i.roamcdn.net/hz/ed/listing-thumb-543w/43f5016fbad2fdc13451e6aeba1b2fb8/-/horizon-files-prod/ed/picture/qm5g9mdg/681cac12c04710c5ec192ca79b48b8a05391acfc.jpg
1844,"<h1 class=""listing-item__header"">
    Samsung S21 plus 128gb R8
</h1>",Venant,Samsung,160 000 ,Castor,https://i.roamcdn.net/hz/ed/listing-thumb-543w/e5fe39ec9c4937d3700bc02b1460df72/-/horizon-files-prod/ed/picture/qxjpedx2/a7fe4703289c6513c2846bb7e86c6b000e2cc0a2.jpg
1845,"<h1 class=""listing-item__header"">
    HONOR MAGIC V3
</h1>",Neuf,Honor,1 250 000 ,Plateau,https://i.roamcdn.net/hz/ed/listing-thumb-543w/ed94c1ecdb080168b8adbb7b92075977/-/horizon-files-prod/ed/picture/qj4q7mx5/af4490720288e1f6ae80e8328a030bba548bf9b0.jpg
1846,"<h1 class=""listing-item__header"">
    one plus OPEN
</h1>",Venant,OnePlus,800 000 ,Plateau,https://i.roamcdn.net/hz/ed/listing-thumb-543w/6ae4a11f23b2f23173e46e2e4b78871c/-/horizon-files-prod/ed/picture/qde7jr24/92fff91595cc384515f41a9265c2e329208b0489.jpg
1847,"<h1 class=""listing-item__header"">
    iPhone 16pro Max 512GB dual SIM
</h1>",Venant,iPhone,950 000 ,Liberte 6 extension,https://i.roamcdn.net/hz/ed/listing-thumb-543w/760f2d08243c05d49dad4031c108c76c/-/horizon-files-prod/ed/picture/q9mj60n7/b21a38755cfee9ff8d6b556d961f74a226459efe.jpg
1848,"<h1 class=""listing-item__header"">
    15pro 128G
</h1>",Venant,iPhone,470 000 ,Médina,https://i.roamcdn.net/hz/ed/listing-thumb-543w/a4fe840bd82b72821ced4f82f96bb0cf/-/horizon-files-prod/ed/picture/q8v4x090/c65dc0b9cbdbab3b409366a30a5ca45113e7ace6.jpg
1849,"<h1 class=""listing-item__header"">
    XIAOMI MIXED FOLD 4 VERSSION ENGLAIS
</h1>",Neuf,Xiaomi,1 200 000 ,Plateau,https://i.roamcdn.net/hz/ed/listing-thumb-543w/f651e8d240b03b837a0320c594e6ebdb/-/horizon-files-prod/ed/picture/q44nqj0m/34c066d241b885cf7efc5b622866342bb4692c34.jpg
1850,"<h1 class=""listing-item__header"">
    IPad Pro 128GB 12.9 wifi cellulaire 5eme génération
</h1>",Venant,iPad,420 000 ,Liberte 6 extension,https://i.roamcdn.net/hz/ed/listing-thumb-543w/8233f3fbf648f673876d6675b6d7ef0c/-/horizon-files-prod/ed/picture/q78wrvxq/4dd07bd3ab34109a9b01d151ff6f1453f054ee27.jpg
1851,"<h1 class=""listing-item__header"">
    iphone 8 simple-64Go- VENANT AUTHENTİQUE
</h1>",Venant,iPhone,60 000 ,Médina,https://i.roamcdn.net/hz/ed/listing-thumb-543w/78e42d1b663069f0d6f431c5e7147757/-/horizon-files-prod/ed/picture/qwep020g/e957d742d35e6febce0ed259c8e7023cefc35f21.jpg
1852,"<h1 class=""listing-item__header"">
    iPhone 16 pro sim physique
</h1>",Neuf,iPhone,670 000 ,Médina,https://i.roamcdn.net/hz/ed/listing-thumb-543w/20eafa147714024f6cf27b843e668421/-/horizon-files-prod/ed/picture/qkr8eq9m/20d5c19e5ed42741aec8ec5311328dc0ae079046.jpg
1853,"<h1 class=""listing-item__header"">
    Samsung galaxy A15 neuf 256go ram 8go
</h1>",Neuf,Samsung,110 000 ,Patte d‘oie,https://i.roamcdn.net/hz/ed/listing-thumb-543w/6c088aa82e28580bbbfb6a4ee74a6b83/-/horizon-files-prod/ed/picture/qrzvdxen/c302da559c5543dbe314a8efdbf296650bd99fab.jpg
1854,"<h1 class=""listing-item__header"">
    Samsung galaxie fold4
</h1>",Venant,Samsung,380 000 ,Plateau,https://i.roamcdn.net/hz/ed/listing-thumb-543w/7e15618d849b477c367253eb14f52bcd/-/horizon-files-prod/ed/picture/qq428q26/0dcc57b16015582b3de96bf45e2711a561cd3375.jpg
1855,"<h1 class=""listing-item__header"">
    iPhone 14 pro Max 128GB SIM
</h1>",Venant,iPhone,425 000 ,Plateau,https://i.roamcdn.net/hz/ed/listing-thumb-543w/da70d6b32ed0abdf9f1d5239da3c2cca/-/horizon-files-prod/ed/picture/q9mj60j5/03d093ec4bb8e81a3a1ef7b606ccf0c4e0a3ec43.jpg
1856,"<h1 class=""listing-item__header"">
    Samsung Z Fold 4 512GB
</h1>",Venant,Samsung,360 000 ,Plateau,https://i.roamcdn.net/hz/ed/listing-thumb-543w/7e172b12e58c3013d4a55bf20ea52f2f/-/horizon-files-prod/ed/picture/q6xd47d6/ad373a172ea81158f0b2c6f5ec7cae013b9772df.jpg
1857,"<h1 class=""listing-item__header"">
    IPHONE 15 PRO MAX
</h1>",Venant,iPhone,600 000 ,Plateau,https://i.roamcdn.net/hz/ed/listing-thumb-543w/dc3cc136cc877e467ed3c8a4ef353107/-/horizon-files-prod/ed/picture/qq428qdj/551f68db68fcf21af7c093525b2f0977d3e8e66a.jpg
1858,"<h1 class=""listing-item__header"">
    Google pixel 8 venant 128go ram 8go 5g
</h1>",Venant,Google,225 000 ,Colobane,https://i.roamcdn.net/hz/ed/listing-thumb-543w/75fd7b13d8eaec7fcd3dd73b411e1a39/-/horizon-files-prod/ed/picture/q6xdvep4/3f9daa68d16845ec655622819d6b685588470685.png
1859,"<h1 class=""listing-item__header"">
    Itel a18s 32go ram 4go
</h1>",Neuf,Itel,35 000 ,Colobane,https://i.roamcdn.net/hz/ed/listing-thumb-543w/e70a1473eeeece5141bfb1ff5bd18048/-/horizon-files-prod/ed/picture/q7856dxg/499029bf30497c643bc8bb9ec42d21068efd6a93.jpg
1860,"<h1 class=""listing-item__header"">
    Huawei pura 70
</h1>",Neuf,Huawei,369 000 ,Hann maristes,https://i.roamcdn.net/hz/ed/listing-thumb-543w/470e0425cfd5a2e2e8afbafc7e7c6a9c/-/horizon-files-prod/ed/picture/qwep8qkp/f1a91c17b03979d10c108a696451f3c32cef17d2.jpg
1861,"<h1 class=""listing-item__header"">
    IPhone 11
</h1>",Venant,iPhone,155 000 ,Hann maristes,https://i.roamcdn.net/hz/ed/listing-thumb-543w/39cb270ffddeb280e19a97d7483310f2/-/horizon-files-prod/ed/picture/q8v4dr8p/f96aafe931ae2c10797b83566ede7aba94d2565c.jpg
1862,"<h1 class=""listing-item__header"">
    iPhone 15Pro max 256Go
</h1>",Venant,iPhone,570 000 ,Médina,https://i.roamcdn.net/hz/ed/listing-thumb-543w/4063a73b3e40e3e590203c634c99a64d/-/horizon-files-prod/ed/picture/qde76xdg/9d3da24af927d138e2df440e8f784142891c8839.jpg
1863,"<h1 class=""listing-item__header"">
    iphone 8 simple-64Go- VENANT AUTHENTİQUE
</h1>",Venant,iPhone,60 000 ,Médina,https://i.roamcdn.net/hz/ed/listing-thumb-543w/78e42d1b663069f0d6f431c5e7147757/-/horizon-files-prod/ed/picture/qwep020g/e957d742d35e6febce0ed259c8e7023cefc35f21.jpg
1864,"<h1 class=""listing-item__header"">
    Samsung galaxy fold 6 256G
</h1>",Neuf,Samsung,750 000 ,Liberte 6 extension,https://i.roamcdn.net/hz/ed/listing-thumb-543w/fb52b15c5a77dff4c6ebb42103a77b2c/-/horizon-files-prod/ed/picture/qq42e5v6/b910e6b186d4206e3759a489da1e8d6e88f16450.jpg
1865,"<h1 class=""listing-item__header"">
    iPhone 16simple 128g
</h1>",Neuf,iPhone,588 000 ,Nord foire,https://i.roamcdn.net/hz/ed/listing-thumb-543w/066e31c9ff375c774808fb06c6746b2f/-/horizon-files-prod/ed/picture/qxjpz420/c7eab0b4fc21488256dc9aaea80e56c92f58209c.jpg
1866,"<h1 class=""listing-item__header"">
    iPhone X max
</h1>",Venant,iPhone,125 000 ,Yoff,https://i.roamcdn.net/hz/ed/listing-thumb-543w/f870bf3788c31a613a560dda98a69812/-/horizon-files-prod/ed/picture/qngpzek0/4901a164d285e7a5ea598a8f9531abb51acadab7.jpg
1867,"<h1 class=""listing-item__header"">
    S23 ultra 512 giga
</h1>",Neuf,Samsung,440 000 ,Yoff,https://i.roamcdn.net/hz/ed/listing-thumb-543w/2cdcc40220d8dc951ce9c12ab2bc4639/-/horizon-files-prod/ed/picture/qgqw8mwe/ab7bd6cc66526ae5f1c254f26f0ff0a30a319c97.jpg
1868,"<h1 class=""listing-item__header"">
    Samsung note10 plus 256go ram 12 2sim
</h1>",Venant,Samsung,175 000 ,Fass,https://i.roamcdn.net/hz/ed/listing-thumb-543w/78bec45529edcc1fea3bf8d383fdaf34/-/horizon-files-prod/ed/picture/q6xdmgzd/00b9a14413d720c38adf5c7cd7498954ba34868e.jpg
1869,"<h1 class=""listing-item__header"">
    Redmi A3Pro
</h1>",Neuf,Autres,58 000 ,Castor,https://i.roamcdn.net/hz/ed/listing-thumb-543w/52b4e4fe8d66d1327336771fb837911f/-/horizon-files-prod/ed/picture/qkr8qw0j/bfb914ec2249bb061d4bf55951917262f0ac0577.jpg
1870,"<h1 class=""listing-item__header"">
    Samsung z fliP 3
</h1>",Neuf,Samsung,220 000 ,Plateau,https://i.roamcdn.net/hz/ed/listing-thumb-543w/420b87c5a677becebc3736c141011a45/-/horizon-files-prod/ed/picture/qv4wddek/26908540fd8b5fa42879818d5734b08225c7b94c.jpg
1871,"<h1 class=""listing-item__header"">
    S23 ultra 512 go 2sim
</h1>",Venant,Samsung,460 000 ,Sicap Liberté,https://i.roamcdn.net/hz/ed/listing-thumb-543w/c2b92ac8582731a23b518082829e48c1/-/horizon-files-prod/ed/picture/qq42vj8w/afa77cbe745dbb6ea872981a45f34a8019877676.jpg
1872,"<h1 class=""listing-item__header"">
    iPhone 13 simple 128GB
</h1>",Neuf,iPhone,250 000 ,Plateau,https://i.roamcdn.net/hz/ed/listing-thumb-543w/8d3e4020b77a178cf4715669bbc67524/-/horizon-files-prod/ed/picture/q2j0ded6/ea4bfef46e9f6ba9162797756b30ee45f4874d72.jpg
1873,"<h1 class=""listing-item__header"">
    Samsung fold 3
</h1>",Neuf,Samsung,275 000 ,Plateau,https://i.roamcdn.net/hz/ed/listing-thumb-543w/6696c48c8aad6a0a77b3c3a293d3d499/-/horizon-files-prod/ed/picture/qkr8q4qn/d0d4bfe4bff0a76286cf0f9e5e74bf994df91a81.jpg
1874,"<h1 class=""listing-item__header"">
    Samsung fold 5 256GB
</h1>",Neuf,Samsung,610 000 ,Plateau,https://i.roamcdn.net/hz/ed/listing-thumb-543w/3c57b65d19993ad83b63545c79f8a660/-/horizon-files-prod/ed/picture/qm5g4x49/053142bbe7ddb4b12c9c75f02d55cc1da8eb2d49.jpg
1875,"<h1 class=""listing-item__header"">
    iphone 8 simple-64Go- VENANT AUTHENTİQUE
</h1>",Venant,iPhone,60 000 ,Médina,https://i.roamcdn.net/hz/ed/listing-thumb-543w/78e42d1b663069f0d6f431c5e7147757/-/horizon-files-prod/ed/picture/qwep020g/e957d742d35e6febce0ed259c8e7023cefc35f21.jpg
1876,"<h1 class=""listing-item__header"">
    iPhone 12 simple -64 Go- VENANT AUTHENTİQUE
</h1>",Venant,iPhone,175 000 ,Médina,https://i.roamcdn.net/hz/ed/listing-thumb-543w/c1b63f5207785812ebd5b426249656a1/-/horizon-files-prod/ed/picture/q8v4wrgp/94de9e8ed7e9c5d9cf2bddc690caab258bef9337.jpg
1877,"<h1 class=""listing-item__header"">
    FOLF Z4  / 256 Go
</h1>",Neuf,Samsung,450 000 ,Nord foire,https://i.roamcdn.net/hz/ed/listing-thumb-543w/4855e03609f33abedc5f94b78337e3a9/-/horizon-files-prod/ed/picture/qgqw0654/069efbc77b9e996eb9754aa6645bdab6cb9d20f3.jpg
1878,"<h1 class=""listing-item__header"">
    Google pixels 8 Pro 256GB 12GB sim esm
</h1>",Venant,Google,360 000 ,Pikine,https://i.roamcdn.net/hz/ed/listing-thumb-543w/4936717694f40a9d4eb4fb7e2793fecf/-/horizon-files-prod/ed/picture/qxjpzxrn/6fc5ad4145c909b85b8d8c7827839880b40eeee0.jpg
1879,"<h1 class=""listing-item__header"">
    Xiaomi 14t Pro 512Go
</h1>",Neuf,Xiaomi,445 000 ,Plateau,https://i.roamcdn.net/hz/ed/listing-thumb-543w/0eb0478d4db44a02b81f341ba101de43/-/horizon-files-prod/ed/picture/qkr8q4x5/b54dc099c78aff1a090a5ac1ec5d6487d4b9c934.jpg
1880,"<h1 class=""listing-item__header"">
    14 simple 128G
</h1>",Venant,iPhone,290 000 ,Médina,https://i.roamcdn.net/hz/ed/listing-thumb-543w/3026d50084f98cdcd4e0268097581024/-/horizon-files-prod/ed/picture/qrz80prj/5abde3049cd0bb2bfec2c4f0e5615f64783132fd.jpg
1881,"<h1 class=""listing-item__header"">
    iPhone 12 Pro max
</h1>",Venant,iPhone,270 000 ,Yoff,https://i.roamcdn.net/hz/ed/listing-thumb-543w/5614ea9fd1a5d384f076f2a66120d41c/-/horizon-files-prod/ed/picture/q6xd58ep/869c73ea27a03f3fd4671fa279a329397c3df2d5.jpg
1882,"<h1 class=""listing-item__header"">
    Iphone 16 Simple 128Go scellé Sim physique
</h1>",Neuf,iPhone,550 000 ,Médina,https://i.roamcdn.net/hz/ed/listing-thumb-543w/9ac76728dc888e3777ecd53f401deecc/-/horizon-files-prod/ed/picture/q0g7zewg/dcda583d0914e47a1c15a5de88c1956defe36ec6.jpg
1883,"<h1 class=""listing-item__header"">
    Samsung Galaxy S10+ 128 Giga
</h1>",Venant,Samsung,120 000 ,Médina,https://i.roamcdn.net/hz/ed/listing-thumb-543w/014f47716adb3f45466a9670b3de862d/-/horizon-files-prod/ed/picture/q78wgrrx/f88b6d94fe279b82e1644a8808b1d73c219bb197.jpg
1884,"<h1 class=""listing-item__header"">
    iPhone 11 Pro 64 Giga
</h1>",Venant,iPhone,165 000 ,Médina,https://i.roamcdn.net/hz/ed/listing-thumb-543w/d87a9fc9fa0de6a07c44714757bcd4ee/-/horizon-files-prod/ed/picture/qenv2e7z/af59a97df6004a68223ef915c80370e781e437b8.jpg
1885,"<h1 class=""listing-item__header"">
    Samsung Galaxy S21 ultra
</h1>",Venant,Samsung,200 000 ,Médina,https://i.roamcdn.net/hz/ed/listing-thumb-543w/bfdc133a821e68e8511c14f2e80d3f80/-/horizon-files-prod/ed/picture/qq42gev4/a2854b073db7b41df23bbdf30aa07e1b94bf3939.jpg
1886,"<h1 class=""listing-item__header"">
    Fold 4 512GB 2Sim
</h1>",Venant,Samsung,400 000 ,Médina,https://i.roamcdn.net/hz/ed/listing-thumb-543w/04d3c8586b6f8c987d2989ea5f980680/-/horizon-files-prod/ed/picture/qzvpedkd/c2555fe7ac7819a3b957a3b256d5bede99244975.jpg
1887,"<h1 class=""listing-item__header"">
    iphone 8 simple-64Go- VENANT AUTHENTİQUE
</h1>",Venant,iPhone,60 000 ,Médina,https://i.roamcdn.net/hz/ed/listing-thumb-543w/78e42d1b663069f0d6f431c5e7147757/-/horizon-files-prod/ed/picture/qwep020g/e957d742d35e6febce0ed259c8e7023cefc35f21.jpg
1888,"<h1 class=""listing-item__header"">
    iPhone 12 simple -64 Go- VENANT AUTHENTİQUE
</h1>",Venant,iPhone,175 000 ,Médina,https://i.roamcdn.net/hz/ed/listing-thumb-543w/c1b63f5207785812ebd5b426249656a1/-/horizon-files-prod/ed/picture/q8v4wrgp/94de9e8ed7e9c5d9cf2bddc690caab258bef9337.jpg
1889,"<h1 class=""listing-item__header"">
    16Pro 256Go neuf
</h1>",Neuf,iPhone,680 000 ,Médina,https://i.roamcdn.net/hz/ed/listing-thumb-543w/64c488758129fb04d022cefee3f7434c/-/horizon-files-prod/ed/picture/qv4wx728/9416a2186e89f1a437b1968322e88e3b1872fea4.jpg
1890,"<h1 class=""listing-item__header"">
    Iphone 16Pro 256Go
</h1>",Neuf,iPhone,680 000 ,Médina,https://i.roamcdn.net/hz/ed/listing-thumb-543w/f82cb4a561de6849bacecf55712697b1/-/horizon-files-prod/ed/picture/q6xdmxxz/d47716dd88d3cd792ff0cc704c6e45afa8872dad.jpg
1891,"<h1 class=""listing-item__header"">
    13 mini -128GB
</h1>",D'occasion,iPhone,230 000 ,Médina,https://i.roamcdn.net/hz/ed/listing-thumb-543w/69b8a354354e2894876f5858e085fb02/-/horizon-files-prod/ed/picture/q2j0dmdj/ecc3d1e9ef6bc4f669a6d62d679bf5b0042a07f0.jpg
1892,"<h1 class=""listing-item__header"">
    Vente Google Pixel 8a 5G
</h1>",Neuf,Google,250 000 ,Plateau,https://i.roamcdn.net/hz/ed/listing-thumb-543w/22a510512b2a02b2fc5af8af3643e91a/-/horizon-files-prod/ed/picture/qpdm7vn2/6c89fbc5bf5e224281f766fc01a90a449252c980.jpg
1893,"<h1 class=""listing-item__header"">
    iPhone 15 plus 128gb et 256gb SIM
</h1>",Neuf,iPhone,499 000 ,Médina,https://i.roamcdn.net/hz/ed/listing-thumb-543w/2966c572f1594babc7c42c96d7de5734/-/horizon-files-prod/ed/picture/qenvr2r4/48ec6827ff369d5d6651e62d84330895c66c048f.jpg
1894,"<h1 class=""listing-item__header"">
    Samsung Galaxy Fold4 256 giga
</h1>",Venant,Samsung,350 000 ,Médina,https://i.roamcdn.net/hz/ed/listing-thumb-543w/0a5221e790b3251f24b38ecdd813ae44/-/horizon-files-prod/ed/picture/q0g75kkw/b4cf9c02cab8ffb6107b4650699ef8a58be75666.jpg
1895,"<h1 class=""listing-item__header"">
    Samsung galaxy S23 128GB 8GB ram 2sim
</h1>",Venant,Samsung,200 000 ,Pikine,https://i.roamcdn.net/hz/ed/listing-thumb-543w/428c47a7c9806fdb86043e45a5d99b61/-/horizon-files-prod/ed/picture/q2j0d6d8/e6d64fa8a12ac1aff650e86139e821ca872ee120.jpg
1896,"<h1 class=""listing-item__header"">
    Haiwie pura 70 ultra
</h1>",Neuf,Huawei,670 000 ,Yoff,https://i.roamcdn.net/hz/ed/listing-thumb-543w/314235865e991e14c3b75e1967a73c10/-/horizon-files-prod/ed/picture/qpdm850m/f8cc95a340dc36e04057a4d7efbec4fa8b11c019.jpg
1897,"<h1 class=""listing-item__header"">
    Samsung S24
</h1>",Neuf,Samsung,630 000 ,Plateau,https://i.roamcdn.net/hz/ed/listing-thumb-543w/c5ce843e26edc021acd995dba78fdfd1/-/horizon-files-prod/ed/picture/q78wm6nm/c1eb5aa70a3dd376a8d0f3efdeeb25500f93687a.jpg
1898,"<h1 class=""listing-item__header"">
    S21
</h1>",Neuf,Samsung,210 000 ,Plateau,https://i.roamcdn.net/hz/ed/listing-thumb-543w/7804d2e852b981e39e3db9ee61bb7408/-/horizon-files-prod/ed/picture/q9mjdv4x/1628932ef4125d0ec7932ad983d36a6882db3d96.jpg
1899,"<h1 class=""listing-item__header"">
    iphone 8 simple-64Go- VENANT AUTHENTİQUE
</h1>",Venant,iPhone,60 000 ,Médina,https://i.roamcdn.net/hz/ed/listing-thumb-543w/78e42d1b663069f0d6f431c5e7147757/-/horizon-files-prod/ed/picture/qwep020g/e957d742d35e6febce0ed259c8e7023cefc35f21.jpg
1900,"<h1 class=""listing-item__header"">
    iPhone 16 pro sim physique
</h1>",Neuf,iPhone,670 000 ,Médina,https://i.roamcdn.net/hz/ed/listing-thumb-543w/20eafa147714024f6cf27b843e668421/-/horizon-files-prod/ed/picture/qkr8eq9m/20d5c19e5ed42741aec8ec5311328dc0ae079046.jpg
1901,"<h1 class=""listing-item__header"">
    Samsung fold 6
</h1>",Neuf,Samsung,940 000 ,Plateau,https://i.roamcdn.net/hz/ed/listing-thumb-543w/d9bc4683e1cb73fbb2da03888f18bd29/-/horizon-files-prod/ed/picture/qwep86qp/c254f06113107563a85a271933dc0a6d15ce8152.jpg
1902,"<h1 class=""listing-item__header"">
    iPhone 16 pro max 512 giga scellé
</h1>",Neuf,iPhone,990 000 ,Médina,https://i.roamcdn.net/hz/ed/listing-thumb-543w/6191e9d5cd9c519bdd5d96e99b17a687/-/horizon-files-prod/ed/picture/qq42vrpz/a03e617a5dfbb0d1597ef1f0d70ee957f9892f85.jpg
1903,"<h1 class=""listing-item__header"">
    iPhone 16 plus 256 giga scellé
</h1>",Neuf,iPhone,750 000 ,Médina,https://i.roamcdn.net/hz/ed/listing-thumb-543w/3a199dc725da277da44c9f984b3054eb/-/horizon-files-prod/ed/picture/qm5g440w/11b7f9fd8ccb3b847d761816d07fbeaead1eb762.jpg
1904,"<h1 class=""listing-item__header"">
    Xiaomi 13 ultra 512giga
</h1>",Venant,Xiaomi,395 000 ,Parcelles Assainies,https://i.roamcdn.net/hz/ed/listing-thumb-543w/65e6e79e9e08a538c8843d03509fd531/-/horizon-files-prod/ed/picture/qm5g4wxd/0453c77efde2b660de36b96bbd96d0793a56b834.jpg
1905,"<h1 class=""listing-item__header"">
    One plus 12R 256gb
</h1>",Venant,OnePlus,300 000 ,Liberte 6 extension,https://i.roamcdn.net/hz/ed/listing-thumb-543w/84b83c94e21e42dbdda1bd779d56c49e/-/horizon-files-prod/ed/picture/q9mjg8pn/fc152500582bec9b3d3220716366e0dbe9fef284.jpg
1906,"<h1 class=""listing-item__header"">
    Samsung galasy z flip 6
</h1>",Venant,Samsung,470 000 ,Liberte 6 extension,https://i.roamcdn.net/hz/ed/listing-thumb-543w/b8fa5eab29bc9a9f04b9526a2309bfef/-/horizon-files-prod/ed/picture/q9mjrqr7/479aba5df014249fc5f109b575f08a62feccb012.jpg
1907,"<h1 class=""listing-item__header"">
    Samsung S24 simple 256gb
</h1>",Venant,Samsung,400 000 ,Liberte 6 extension,https://i.roamcdn.net/hz/ed/listing-thumb-543w/03d07941b9e952c649954a95a6b78bb7/-/horizon-files-prod/ed/picture/qm5gvevg/12d0395c092e7276d9aabd0fe599aa4602190cef.jpg
1908,"<h1 class=""listing-item__header"">
    Motorola edge 40
</h1>",Venant,Motorola,200 000 ,Liberte 6 extension,https://i.roamcdn.net/hz/ed/listing-thumb-543w/d9b61695f91ba07789433d849f16b587/-/horizon-files-prod/ed/picture/qv4wzxgk/ed7866d876f355c2c5b3cafc7dbc77ba5451d813.jpg
1909,"<h1 class=""listing-item__header"">
    Watch ultra 2 black ocean band
</h1>",Neuf,iPhone,540 000 ,Fenêtre mermoz,https://i.roamcdn.net/hz/ed/listing-thumb-543w/81381b8a728ae10d9a7650ed02df6b8c/-/horizon-files-prod/ed/picture/q2j07pp2/f36e5fcd54ec69e53b8ef66d7b36c004dff78f9a.jpg
1910,"<h1 class=""listing-item__header"">
    iPhone 11 simple 64GB
</h1>",Venant,iPhone,140 000 ,Plateau,https://i.roamcdn.net/hz/ed/listing-thumb-543w/e812958b2aed0b3ce09df2a96dedbb1d/-/horizon-files-prod/ed/picture/qv4wqj92/cf821b1878395966a947780c76da104c45987507.jpg
1911,"<h1 class=""listing-item__header"">
    iphone 8 simple-64Go- VENANT AUTHENTİQUE
</h1>",Venant,iPhone,60 000 ,Médina,https://i.roamcdn.net/hz/ed/listing-thumb-543w/78e42d1b663069f0d6f431c5e7147757/-/horizon-files-prod/ed/picture/qwep020g/e957d742d35e6febce0ed259c8e7023cefc35f21.jpg
1912,"<h1 class=""listing-item__header"">
    iPhone 16 pro sim physique
</h1>",Neuf,iPhone,670 000 ,Médina,https://i.roamcdn.net/hz/ed/listing-thumb-543w/20eafa147714024f6cf27b843e668421/-/horizon-files-prod/ed/picture/qkr8eq9m/20d5c19e5ed42741aec8ec5311328dc0ae079046.jpg
1913,"<h1 class=""listing-item__header"">
    Samsung fold 3
</h1>",Neuf,Samsung,290 000 ,Plateau,https://i.roamcdn.net/hz/ed/listing-thumb-543w/ed8510fb418b06b8a8b4aed142b6112b/-/horizon-files-prod/ed/picture/q8v4d7kr/f5c17455ae2a01a20ef79cbdbafa992cb694e89e.jpg
1914,"<h1 class=""listing-item__header"">
    Samsung A15 128GB
</h1>",Neuf,Samsung,83 000 ,Castor,https://i.roamcdn.net/hz/ed/listing-thumb-543w/e138df54d9639b614608277ad7750ba1/-/horizon-files-prod/ed/picture/q2j057v2/cc1d568037dfc659fbdb39cae7785e2630c757e2.jpg
1915,"<h1 class=""listing-item__header"">
    iPhone 11 Simple 128GB
</h1>",Neuf,iPhone,160 000 ,Plateau,https://i.roamcdn.net/hz/ed/listing-thumb-543w/3d71a971a6758629e86119cbb795f088/-/horizon-files-prod/ed/picture/qkr8qzpw/b89b213dd5c48f2a8b110111d5beddaed8e169ea.jpg
1916,"<h1 class=""listing-item__header"">
    Samsung fold 4
</h1>",Neuf,Samsung,390 000 ,Plateau,https://i.roamcdn.net/hz/ed/listing-thumb-543w/d46f41245c402b17e962b8455e5451d5/-/horizon-files-prod/ed/picture/qenv7kpv/f69c91342b991bf432e800410459395202f50460.jpg
1917,"<h1 class=""listing-item__header"">
    Huawei P40 Lite 128go ram 8go
</h1>",Venant,Huawei,75 000 ,Fass,https://i.roamcdn.net/hz/ed/listing-thumb-543w/7b25fb6c0a15c86b518c00abedd80c12/-/horizon-files-prod/ed/picture/qq42v20k/e9cc6741b36e1a83b0b8dae6d7511a86ea00e2d7.jpg
1918,"<h1 class=""listing-item__header"">
    Sony Xperia one 2e génération 128go
</h1>",Venant,Sony,99 900 ,Colobane,https://i.roamcdn.net/hz/ed/listing-thumb-543w/73d5f27dd0297d58aefd7ebe914f65d7/-/horizon-files-prod/ed/picture/qrzvpndg/43a596807d2b62a9774afbf665b8ee979cf0eae7.jpg
1919,"<h1 class=""listing-item__header"">
    Samsung Galaxy A15 128go
</h1>",Neuf,Samsung,90 000 ,Plateau,https://i.roamcdn.net/hz/ed/listing-thumb-543w/a7b61bec1bc008a76e94ef69aa0e112d/-/horizon-files-prod/ed/picture/qngx477w/6ec7245878dce97da507b8251fef17024f151890.jpg
1920,"<h1 class=""listing-item__header"">
    Redmi note 13pro 256go
</h1>",Neuf,Xiaomi,155 000 ,Parcelles Assainies,https://i.roamcdn.net/hz/ed/listing-thumb-543w/73ca132f1c5df3b12a5ae0f7abb6c1d9/-/horizon-files-prod/ed/picture/qwepm4e6/0d8efbf477cc879ab4dd140c24e665855b97ad96.jpg
1921,"<h1 class=""listing-item__header"">
    iPhone X 64gb
</h1>",Réconditionné,iPhone,95 000 ,Fenêtre mermoz,https://i.roamcdn.net/hz/ed/listing-thumb-543w/028128200d617167c69bbcdb3defb2fa/-/horizon-files-prod/ed/picture/q78w97e8/0233bf6794b16a67c3c22ce0b841577d0643864b.png
1922,"<h1 class=""listing-item__header"">
    Iphone 15 Pro Max 256GB eSim
</h1>",Neuf,iPhone,725 000 ,Fenêtre mermoz,https://i.roamcdn.net/hz/ed/listing-thumb-543w/c2ae83fd85b152581a7bd5afc7bc0ebc/-/horizon-files-prod/ed/picture/qj4qp665/1639070f128735c02071eee5a73183676044be1c.jpg
1923,"<h1 class=""listing-item__header"">
    iphone 8 simple-64Go- VENANT AUTHENTİQUE
</h1>",Venant,iPhone,60 000 ,Médina,https://i.roamcdn.net/hz/ed/listing-thumb-543w/78e42d1b663069f0d6f431c5e7147757/-/horizon-files-prod/ed/picture/qwep020g/e957d742d35e6febce0ed259c8e7023cefc35f21.jpg
1924,"<h1 class=""listing-item__header"">
    iPhone 16 pro sim physique
</h1>",Neuf,iPhone,670 000 ,Médina,https://i.roamcdn.net/hz/ed/listing-thumb-543w/20eafa147714024f6cf27b843e668421/-/horizon-files-prod/ed/picture/qkr8eq9m/20d5c19e5ed42741aec8ec5311328dc0ae079046.jpg
1925,"<h1 class=""listing-item__header"">
    iPhone 15 Pro Max 1TB SIM
</h1>",Neuf,iPhone,1 000 000 ,Fenêtre mermoz,https://i.roamcdn.net/hz/ed/listing-thumb-543w/06e7926cfa60ab6ea0c3014d6eafe353/-/horizon-files-prod/ed/picture/q6xdz7rz/bc62b3610bcd56dd188687880f378c1ece823dd9.jpg
1926,"<h1 class=""listing-item__header"">
    Iphone 16 simple
</h1>",Venant,iPhone,650 000 ,Yoff,https://i.roamcdn.net/hz/ed/listing-thumb-543w/9256636268b3905c84da3e18eb6c5f01/-/horizon-files-prod/ed/picture/qm5gvkj2/198ef5af9249d3d4c2a9319dde8fb2b125527a4d.jpg
1927,"<h1 class=""listing-item__header"">
    15plus 128G
</h1>",Venant,iPhone,250 000 ,Médina,https://i.roamcdn.net/hz/ed/listing-thumb-543w/6b33e839ea93e87863a27d64c9084dc9/-/horizon-files-prod/ed/picture/qxjpzmpj/7130400dea1e9c572a0d438678c52c7f93dae6d1.jpg
1928,"<h1 class=""listing-item__header"">
    XR 64 GIGA
</h1>",Venant,iPhone,110 000 ,Médina,https://i.roamcdn.net/hz/ed/listing-thumb-543w/3516b7f933ac8410a107329cd6f2f51b/-/horizon-files-prod/ed/picture/q6xdm8wz/440ee8208e43d80bcb5e824d0c22e821599cb28a.jpg
1929,"<h1 class=""listing-item__header"">
    13 SIMPLE 128 GIGA
</h1>",Venant,iPhone,255 000 ,Médina,https://i.roamcdn.net/hz/ed/listing-thumb-543w/b4d7d7173dd5931e96f193b0b11d2e14/-/horizon-files-prod/ed/picture/qzvp6wwn/6bd6907a5601c48855526a84cbe6a4b75ea2cacf.jpg
1930,"<h1 class=""listing-item__header"">
    IPhone 12 pro max 256giga
</h1>",Venant,iPhone,300 000 ,Hann maristes,https://i.roamcdn.net/hz/ed/listing-thumb-543w/7af4c7aa922b9e70fb520845d5f9b9a4/-/horizon-files-prod/ed/picture/q2j0d99v/aeb8d8533798a9339d9ebbb5f9f8e8dea158d172.jpg
1931,"<h1 class=""listing-item__header"">
    11 PRO 64 GIGA
</h1>",Venant,iPhone,165 000 ,Médina,https://i.roamcdn.net/hz/ed/listing-thumb-543w/09ab63467c1693439a66fb6fbbd632b5/-/horizon-files-prod/ed/picture/qpdm7rrr/81bde301ce409ec911b6dffde6222ecf5e675a7c.jpg
1932,"<h1 class=""listing-item__header"">
    6S PLUS 64 GIGA
</h1>",Venant,iPhone,57 000 ,Médina,https://i.roamcdn.net/hz/ed/listing-thumb-543w/41fffb91351c8322fe22daff947b42df/-/horizon-files-prod/ed/picture/qenv7zm4/d9f2e9c8cf2729653c94a49f9f4f2d9c084c4385.jpg
1933,"<h1 class=""listing-item__header"">
    IPhone 13 Pro 128GB
</h1>",Neuf,iPhone,300 000 ,Plateau,https://i.roamcdn.net/hz/ed/listing-thumb-543w/b7d0423b9226dad34cdf6e00c8aa5279/-/horizon-files-prod/ed/picture/qpdm7r5r/b5aa7828b66041d6c3a6838bd6f6678ae4b0804a.jpg
1934,"<h1 class=""listing-item__header"">
    IPhone 11 pro 256giga
</h1>",Venant,iPhone,200 000 ,Hann maristes,https://i.roamcdn.net/hz/ed/listing-thumb-543w/ac0ba57a51ba2d83e5544a894dcdbb06/-/horizon-files-prod/ed/picture/qv4wqvd2/877e693f941323911e4b031c92f567e1230de4d7.png
1935,"<h1 class=""listing-item__header"">
    iphone 8 simple-64Go- VENANT AUTHENTİQUE
</h1>",Venant,iPhone,60 000 ,Médina,https://i.roamcdn.net/hz/ed/listing-thumb-543w/78e42d1b663069f0d6f431c5e7147757/-/horizon-files-prod/ed/picture/qwep020g/e957d742d35e6febce0ed259c8e7023cefc35f21.jpg
1936,"<h1 class=""listing-item__header"">
    iPhone 16 pro sim physique
</h1>",Neuf,iPhone,670 000 ,Médina,https://i.roamcdn.net/hz/ed/listing-thumb-543w/20eafa147714024f6cf27b843e668421/-/horizon-files-prod/ed/picture/qkr8eq9m/20d5c19e5ed42741aec8ec5311328dc0ae079046.jpg
1937,"<h1 class=""listing-item__header"">
    iPhone 13mini 128Go
</h1>",Neuf,iPhone,240 000 ,Plateau,https://i.roamcdn.net/hz/ed/listing-thumb-543w/8712a36a51248d439dd3d992593283cb/-/horizon-files-prod/ed/picture/qm5g4qnz/c44585887c30a2d67cbb0a25e776c7cf3eeabdcf.jpg
1938,"<h1 class=""listing-item__header"">
    Samsung galaxie S21
</h1>",Venant,Samsung,150 000 ,Plateau,https://i.roamcdn.net/hz/ed/listing-thumb-543w/0ec58d3f18fcd048a4fe7b65af219d3a/-/horizon-files-prod/ed/picture/qq42vx5n/821f57f541833c22cb855504fa703bcee6995761.jpg
1939,"<h1 class=""listing-item__header"">
    Honor 200 512Go
</h1>",Neuf,Honor,350 000 ,Plateau,https://i.roamcdn.net/hz/ed/listing-thumb-543w/d6f485df939607ed992b91449c3b94ed/-eyJvciI6OTB9/horizon-files-prod/ed/picture/q0g7zv8z/5945d682bcdabab9b6dfd9b84f1fb27dac5aa11c.jpg
1940,"<h1 class=""listing-item__header"">
    IPHONE 13 PRO MAX
</h1>",Venant,iPhone,400 000 ,Plateau,https://i.roamcdn.net/hz/ed/listing-thumb-543w/ead8d1b1108191b517c175f1f465227a/-/horizon-files-prod/ed/picture/q2j0d98q/a3cf54fb6a11e297441577735d15782933fe50b5.jpg
1941,"<h1 class=""listing-item__header"">
    IPHONE 11 PRO MAX
</h1>",Venant,iPhone,230 000 ,Plateau,https://i.roamcdn.net/hz/ed/listing-thumb-543w/c68143fdd7b5b8ff20be8a74d52ceca5/-/horizon-files-prod/ed/picture/qq42vx9n/05d982e665dd76f47aaa2249bf9c718fa11e9f2a.jpg
1942,"<h1 class=""listing-item__header"">
    IPHONE 11
</h1>",Venant,iPhone,165 000 ,Plateau,https://i.roamcdn.net/hz/ed/listing-thumb-543w/7d9854b2bfa3c396ebb6f19daa28e9da/-/horizon-files-prod/ed/picture/qq42vx77/dd9fcacdcbb6f2155e8b56cfd0b28954c052eb67.jpg
1943,"<h1 class=""listing-item__header"">
    IPHONE 11
</h1>",Venant,iPhone,150 000 ,Plateau,https://i.roamcdn.net/hz/ed/listing-thumb-543w/4ef133e4f789f2cc8703a902867c97fe/-/horizon-files-prod/ed/picture/q9mjdx90/c12f4c98dae8611573bba9582ce0511a6ebb5f42.jpg
1944,"<h1 class=""listing-item__header"">
    Huawei p30 pro 256go ram 8
</h1>",Neuf,Huawei,149 900 ,Colobane,https://i.roamcdn.net/hz/ed/listing-thumb-543w/c44514face611d6fdb6e633bca44b10d/-/horizon-files-prod/ed/picture/qxjpz9dv/a3cd37ae6c0539492697a58fc97cfddd6e256b0e.jpg
1945,"<h1 class=""listing-item__header"">
    Samsung Fold 3 256GB scellé
</h1>",Neuf,Samsung,349 000 ,Plateau,https://i.roamcdn.net/hz/ed/listing-thumb-543w/f3ed4bf6db44b8173044ee1adb47c367/-/horizon-files-prod/ed/picture/qj4qwdvv/4ad4b81c11332129a3a7a54b52b22ffc45a4ba69.jpg
1946,"<h1 class=""listing-item__header"">
    Samsung Fold 4 256GB scellé
</h1>",Neuf,Samsung,445 000 ,Plateau,https://i.roamcdn.net/hz/ed/listing-thumb-543w/173343a9e38e2add92ce3a59088101b3/-/horizon-files-prod/ed/picture/qq42vkpk/1b81c00659875807d98247d85772a23f2cfa0df4.jpg
1947,"<h1 class=""listing-item__header"">
    iphone 8 simple-64Go- VENANT AUTHENTİQUE
</h1>",Venant,iPhone,60 000 ,Médina,https://i.roamcdn.net/hz/ed/listing-thumb-543w/78e42d1b663069f0d6f431c5e7147757/-/horizon-files-prod/ed/picture/qwep020g/e957d742d35e6febce0ed259c8e7023cefc35f21.jpg
1948,"<h1 class=""listing-item__header"">
    iPhone 12 simple -64 Go- VENANT AUTHENTİQUE
</h1>",Venant,iPhone,175 000 ,Médina,https://i.roamcdn.net/hz/ed/listing-thumb-543w/c1b63f5207785812ebd5b426249656a1/-/horizon-files-prod/ed/picture/q8v4wrgp/94de9e8ed7e9c5d9cf2bddc690caab258bef9337.jpg
1949,"<h1 class=""listing-item__header"">
    Google pixel 8 Pro 256GB
</h1>",Venant,Google,345 000 ,Plateau,https://i.roamcdn.net/hz/ed/listing-thumb-543w/00e1391f1ee5a9424b1bf31ac18185eb/-/horizon-files-prod/ed/picture/qwep89d5/391d1ed9f1eeae324d01fbea0c6470d93f947315.jpg
1950,"<h1 class=""listing-item__header"">
    Google pixel Fold 5G 256GB
</h1>",Venant,Google,435 000 ,Plateau,https://i.roamcdn.net/hz/ed/listing-thumb-543w/a9289e41b1c3b48c5aa84b631d27b4f0/-/horizon-files-prod/ed/picture/q56d52mx/1f5cbf6ecb10fc08eb0248c0153ddb99b9bc0cef.jpg
1951,"<h1 class=""listing-item__header"">
    Vente Motorola RAZR 50 5G
</h1>",Neuf,Motorola,475 000 ,Plateau,https://i.roamcdn.net/hz/ed/listing-thumb-543w/69bc286439b2615d4e4b2dc09843d3d1/-/horizon-files-prod/ed/picture/q8v4kqz9/935018e9a5f24108bd49b089d5994288fbb43afd.jpg
1952,"<h1 class=""listing-item__header"">
    IPhone 11 pro max
</h1>",Venant,iPhone,199 900 ,Hann maristes,https://i.roamcdn.net/hz/ed/listing-thumb-543w/9fcbf2f0fcc3cfc2166e16031e4ee2ef/-/horizon-files-prod/ed/picture/qv4wq0mv/538d46fedfa34e7521e063c870ed5844a064acb9.jpg
1953,"<h1 class=""listing-item__header"">
    IPhone 14 pro max 256giga
</h1>",Venant,iPhone,459 000 ,Hann maristes,https://i.roamcdn.net/hz/ed/listing-thumb-543w/1b2c38ed158fe76b00137296cf2f3abd/-/horizon-files-prod/ed/picture/q78wmdvd/c24f5462089d0673397644045f8cef35c29d2e3f.jpg
1954,"<h1 class=""listing-item__header"">
    IPHONE 15 PRO
</h1>",Venant,iPhone,540 000 ,Plateau,https://i.roamcdn.net/hz/ed/listing-thumb-543w/bf5d9ccd64da3bdda6ca7cd2362f0eb5/-/horizon-files-prod/ed/picture/q8v4dxjj/058969275396c8373f956541a4120c7656032db3.jpg
1955,"<h1 class=""listing-item__header"">
    Redmi Note 13 Pro
</h1>",Venant,Xiaomi,179 900 ,Plateau,https://i.roamcdn.net/hz/ed/listing-thumb-543w/81664a47055c850655f54d9e4870fdf2/-/horizon-files-prod/ed/picture/q2j0ddzg/e86568ac4e99b147cf324c38379909c47c31e25f.jpg
1956,"<h1 class=""listing-item__header"">
    16 Pro 128/256Gb Américain 🇺🇸
</h1>",Neuf,iPhone,700 000 ,Médina,https://i.roamcdn.net/hz/ed/listing-thumb-543w/e04e0bfb805ae76144c1ce7a4b4b3b4e/-/horizon-files-prod/ed/picture/qenv776k/7d5753f993764bf8dd769f87fc9a76f4b78573dd.jpg
1957,"<h1 class=""listing-item__header"">
    16 PLUS 128/256GB Américaine 🇺🇸
</h1>",Neuf,iPhone,650 000 ,Médina,https://i.roamcdn.net/hz/ed/listing-thumb-543w/f5377320b0077addd07f40947b3883a3/-/horizon-files-prod/ed/picture/q0g7zzqm/207793615ce49915aa8d5072ac953a0f06f485ae.jpg
1958,"<h1 class=""listing-item__header"">
    16 PROMAX 512 AMERICAIN
</h1>",Neuf,iPhone,989 998 ,Médina,https://i.roamcdn.net/hz/ed/listing-thumb-543w/80dddbd1cc9276043094f1d319b8e578/-/horizon-files-prod/ed/picture/q9mjr2z6/ec6f5573f501dd8279c39d2ef23b49b33171a120.jpg
1959,"<h1 class=""listing-item__header"">
    iphone 8 simple-64Go- VENANT AUTHENTİQUE
</h1>",Venant,iPhone,60 000 ,Médina,https://i.roamcdn.net/hz/ed/listing-thumb-543w/78e42d1b663069f0d6f431c5e7147757/-/horizon-files-prod/ed/picture/qwep020g/e957d742d35e6febce0ed259c8e7023cefc35f21.jpg
1960,"<h1 class=""listing-item__header"">
    iPhone 12 simple -64 Go- VENANT AUTHENTİQUE
</h1>",Venant,iPhone,175 000 ,Médina,https://i.roamcdn.net/hz/ed/listing-thumb-543w/c1b63f5207785812ebd5b426249656a1/-/horizon-files-prod/ed/picture/q8v4wrgp/94de9e8ed7e9c5d9cf2bddc690caab258bef9337.jpg
1961,"<h1 class=""listing-item__header"">
    iPhone 13simple 128g
</h1>",Venant,iPhone,255 000 ,Nord foire,https://i.roamcdn.net/hz/ed/listing-thumb-543w/370ea80caf386783e01d54a1bc8e6701/-/horizon-files-prod/ed/picture/qwepkprd/8acff99a6c69ed3ae642850f4686988559a0e1f1.jpg
1962,"<h1 class=""listing-item__header"">
    iPhone 13pro 128g
</h1>",Venant,iPhone,370 000 ,Nord foire,https://i.roamcdn.net/hz/ed/listing-thumb-543w/cbe3982d1ff17c228681835b99029d22/-/horizon-files-prod/ed/picture/qde76nkj/9beb42eba2d380f00c4cf5593105e3937310431a.jpg
1963,"<h1 class=""listing-item__header"">
    Iphone 16 Plus UltraMarine Sim Physique
</h1>",Neuf,iPhone,630 000 ,Cambérène,https://i.roamcdn.net/hz/ed/listing-thumb-543w/d386b156b1d7200641dc50ec2fd4ba4b/-/horizon-files-prod/ed/picture/q2j0d57k/8cbc66c82db958223393ec0d40b453676b295c7d.jpg
1964,"<h1 class=""listing-item__header"">
    Iphone 16 pro
</h1>",Venant,iPhone,710 000 ,Plateau,https://i.roamcdn.net/hz/ed/listing-thumb-543w/00a50e4f41b5daaa18b808d53cab20b9/-/horizon-files-prod/ed/picture/q78wmgnn/c7963e3935b46852cd9636cd2d09ca62f1920c21.jpg
1965,"<h1 class=""listing-item__header"">
    Oppo Find X8 Pro
</h1>",Neuf,Oppo,799 900 ,Plateau,https://i.roamcdn.net/hz/ed/listing-thumb-543w/8659c6484fab560166c195b01f563e55/-/horizon-files-prod/ed/picture/qzvp6xw9/e4886637052abde8a3f6b07e828232eef6e17517.jpg
1966,"<h1 class=""listing-item__header"">
    iPhone 15 pro max 256 giga
</h1>",Venant,iPhone,670 000 ,Médina,https://i.roamcdn.net/hz/ed/listing-thumb-543w/1645e1ccc5b44bf1cfaf0dc43a642238/-/horizon-files-prod/ed/picture/qxjpzqqv/6576e2db3bbda09a53059db1dc125906ace5f0b6.jpg
1967,"<h1 class=""listing-item__header"">
    iPhone 13 Pro Max 1tera
</h1>",Venant,Crosscall,420 000 ,Médina,https://i.roamcdn.net/hz/ed/listing-thumb-543w/4583ed7e00f2694d5f3c06a0e3fbb067/-/horizon-files-prod/ed/picture/q44nmpp9/df19f588ad012b8aad18f773e9faff1e4ef8bbb6.jpg
1968,"<h1 class=""listing-item__header"">
    Huawei p30 pro 256go ramb8 go
</h1>",Neuf,Huawei,149 900 ,Colobane,https://i.roamcdn.net/hz/ed/listing-thumb-543w/5da82f3037a5762b174070d02bb54ed2/-/horizon-files-prod/ed/picture/qzvp6xx8/6a9d702fdb29a8063fa73f97b1f5a9fe0fc1e107.jpg
1969,"<h1 class=""listing-item__header"">
    Huawei p30 pro 128go ram8
</h1>",Neuf,Huawei,130 000 ,Colobane,https://i.roamcdn.net/hz/ed/listing-thumb-543w/200b0238453672a3ed695d750ed045ef/-/horizon-files-prod/ed/picture/qenv7wwv/e7c6639f264f22687cb5dffc56953ef5aa8e8e47.jpg
1970,"<h1 class=""listing-item__header"">
    Smartphone Samsung S23 FE
</h1>",Venant,Samsung,300 000 ,Hann maristes,https://i.roamcdn.net/hz/ed/listing-thumb-543w/9a2086c778326a335262128e92e5dcbd/-/horizon-files-prod/ed/picture/q78wmgxx/e328d790bfae28c6b32e6e05c5b0cb587d680731.jpg
1971,"<h1 class=""listing-item__header"">
    iphone 8 simple-64Go- VENANT AUTHENTİQUE
</h1>",Venant,iPhone,60 000 ,Médina,https://i.roamcdn.net/hz/ed/listing-thumb-543w/78e42d1b663069f0d6f431c5e7147757/-/horizon-files-prod/ed/picture/qwep020g/e957d742d35e6febce0ed259c8e7023cefc35f21.jpg
1972,"<h1 class=""listing-item__header"">
    iPhone 16 pro sim physique
</h1>",Neuf,iPhone,670 000 ,Médina,https://i.roamcdn.net/hz/ed/listing-thumb-543w/20eafa147714024f6cf27b843e668421/-/horizon-files-prod/ed/picture/qkr8eq9m/20d5c19e5ed42741aec8ec5311328dc0ae079046.jpg
1973,"<h1 class=""listing-item__header"">
    Smartphone Google Pixel 7a
</h1>",Venant,Google,190 000 ,Hann maristes,https://i.roamcdn.net/hz/ed/listing-thumb-543w/664372673f93612f1f21fc7eb8acfe8b/-/horizon-files-prod/ed/picture/qxjpzqw8/27083e86cbe4635652c790142a8495af561b08d0.jpg
1974,"<h1 class=""listing-item__header"">
    Smartphone Google Pixel 7 Pro 128 Go Ram 12
</h1>",Venant,Google,250 000 ,Hann maristes,https://i.roamcdn.net/hz/ed/listing-thumb-543w/14e77943b32ec924058e74ab3c112423/-/horizon-files-prod/ed/picture/qrz80768/8cdcedae740e76807e19997103c9bed1764702f9.jpg
1975,"<h1 class=""listing-item__header"">
    Redmi Note 13 Pro - 256Go Ram 8Go
</h1>",Neuf,Xiaomi,155 000 ,Castor,https://i.roamcdn.net/hz/ed/listing-thumb-543w/4d549296b5d464160d03633e85499c4f/-/horizon-files-prod/ed/picture/qj4rdmne/d1d562409b987e38d6fb0760fefed8612e8c8966.jpg
1976,"<h1 class=""listing-item__header"">
    Dongle Récepteur streaming WiFi caster SmartPhone sur TV
</h1>",Neuf,Autres,10 000 ,Patte d‘oie,https://i.roamcdn.net/hz/ed/listing-thumb-543w/92b4e35ebe79cccb6dd6a9bb2055444a/-/horizon-files-prod/ed/picture/qxjj9e52/08e118c7aad0eb03b740dcbeca69e3b924487f3b.jpg
1977,"<h1 class=""listing-item__header"">
    Google pixel 6 pro 128GB
</h1>",Venant,Google,215 000 ,Plateau,https://i.roamcdn.net/hz/ed/listing-thumb-543w/c513bbf1bbc60b561b67036656c1b5b9/-/horizon-files-prod/ed/picture/qzvp6x2d/29190f1aacd86f0c1daa8aec0fe994cd9505efbc.jpg
1978,"<h1 class=""listing-item__header"">
    14 simple 128G
</h1>",Venant,iPhone,325 000 ,Médina,https://i.roamcdn.net/hz/ed/listing-thumb-543w/b6d48da9be88e6c0d89425bed193c671/-/horizon-files-prod/ed/picture/qenv7wd5/0e185f1c0ce511397401f5eeaea183bd312cccc8.jpg
1979,"<h1 class=""listing-item__header"">
    Google pixel 7 pro 256GB
</h1>",Venant,Google,265 000 ,Plateau,https://i.roamcdn.net/hz/ed/listing-thumb-543w/8c365800f34e8d4463469fbdb242e41e/-/horizon-files-prod/ed/picture/q2j0dwpp/5927c3b6d93814083ac1f6c36794844ecd057571.jpg
1980,"<h1 class=""listing-item__header"">
    14pro max 128G
</h1>",Venant,iPhone,390 000 ,Médina,https://i.roamcdn.net/hz/ed/listing-thumb-543w/253547be9caa1148dce89e41b0c7dcbe/-/horizon-files-prod/ed/picture/qkr8qx9j/864d402fca3da859fd639b9ff5f7671f10b591e3.jpg
1981,"<h1 class=""listing-item__header"">
    Samsung Galaxy s10 plus 128giga
</h1>",Venant,Samsung,129 900 ,Colobane,https://i.roamcdn.net/hz/ed/listing-thumb-543w/7419603b127b7126d3f489b24a5ed583/-eyJvciI6MH0%3D/horizon-files-prod/ed/picture/qgq967zr/f82ff2565f618a5e0abee32a0c17d17545e3a0aa.jpg
1982,"<h1 class=""listing-item__header"">
    Samsung Z fliP 4 256go
</h1>",Venant,Samsung,230 000 ,Plateau,https://i.roamcdn.net/hz/ed/listing-thumb-543w/17e5755c63b7eacabfa42d9d1cf85dd1/-/horizon-files-prod/ed/picture/q9mj07v5/420857758358813af6f4d6b9bac474d687eca13b.jpg
1983,"<h1 class=""listing-item__header"">
    iphone 8 simple-64Go- VENANT AUTHENTİQUE
</h1>",Venant,iPhone,60 000 ,Médina,https://i.roamcdn.net/hz/ed/listing-thumb-543w/78e42d1b663069f0d6f431c5e7147757/-/horizon-files-prod/ed/picture/qwep020g/e957d742d35e6febce0ed259c8e7023cefc35f21.jpg
1984,"<h1 class=""listing-item__header"">
    Samsung galaxy fold 6 256G
</h1>",Neuf,Samsung,750 000 ,Liberte 6 extension,https://i.roamcdn.net/hz/ed/listing-thumb-543w/fb52b15c5a77dff4c6ebb42103a77b2c/-/horizon-files-prod/ed/picture/qq42e5v6/b910e6b186d4206e3759a489da1e8d6e88f16450.jpg
1985,"<h1 class=""listing-item__header"">
    IPhone 11 64 go
</h1>",Venant,iPhone,120 000 ,Sicap Liberté,https://i.roamcdn.net/hz/ed/listing-thumb-543w/d6d11268346c187ddf7d4b94ae57e24c/-/horizon-files-prod/ed/picture/q44nm64z/f4f50067f2dd60dd58b090ce60293db0a0e1866b.jpg
1986,"<h1 class=""listing-item__header"">
    IPhone 11 128 go
</h1>",Venant,iPhone,120 000 ,Sicap Liberté,https://i.roamcdn.net/hz/ed/listing-thumb-543w/2f17c9c9cbe615062b6e4d2be0d88ab6/-/horizon-files-prod/ed/picture/qwep8ke6/ee5884262bc711f9efb42a00bfc2e89396cbc0dd.jpg
1987,"<h1 class=""listing-item__header"">
    14pro 256G
</h1>",Venant,iPad,450 000 ,Médina,https://i.roamcdn.net/hz/ed/listing-thumb-543w/779bb24c5858aaafd95c245a9f436691/-/horizon-files-prod/ed/picture/qrz80649/22193d2455debd17e7d4f33892afee5ab899f0b8.jpg
1988,"<h1 class=""listing-item__header"">
    Alcatel F530, téléphone sans fil
</h1>",Neuf,Alcatel,23 000 ,Castor,https://i.roamcdn.net/hz/ed/listing-thumb-543w/2926c38f58bed89e2c77980cd7b635c8/-/horizon-files-prod/ed/picture/q6xdkxpv/7aef264f0a87eacd17b7771d0eb70f130bdbd4ec.jpg
1989,"<h1 class=""listing-item__header"">
    iphone 7 plus
</h1>",Neuf,iPhone,55 000 ,Médina,https://i.roamcdn.net/hz/ed/listing-thumb-543w/502c50f71e8021b0da49718cb0e2d0bf/-/horizon-files-prod/ed/picture/qxjpzg58/2ce8fb419afca445ecf4c2c5c47ad80a114f689d.jpg
1990,"<h1 class=""listing-item__header"">
    iPhone venant
</h1>",Venant,iPhone,135 000 ,Médina,https://i.roamcdn.net/hz/ed/listing-thumb-543w/7c56e406b7674c83da6c37124ffe43a1/-/horizon-files-prod/ed/picture/qv4wqg88/665c645786110e66a07ee84e12948f950f31b9b7.jpg
1991,"<h1 class=""listing-item__header"">
    Vente Google Pixel 9 Pro 5G
</h1>",Neuf,Google,565 000 ,Plateau,https://i.roamcdn.net/hz/ed/listing-thumb-543w/23d430e56234fedfb5da0d3ee22c60c2/-/horizon-files-prod/ed/picture/qngpz7w0/f6beb865ce44a37fd0e75f0799a9e6b7802087ae.jpg
1992,"<h1 class=""listing-item__header"">
    Samsung galaxy A06 neuf 64go ram 4go
</h1>",Neuf,Samsung,58 000 ,Patte d‘oie,https://i.roamcdn.net/hz/ed/listing-thumb-543w/8346c81e9797021736dc9f98c053050e/-/horizon-files-prod/ed/picture/qde74mz5/1cf82886f4ba69681d868d24c8e688a44374dcd1.jpg
1993,"<h1 class=""listing-item__header"">
    Itel A50 – 4G –  64Gb– Photo 8MP – 2Sim – BAh
</h1>",Neuf,Itel,45 000 ,Colobane,https://i.roamcdn.net/hz/ed/listing-thumb-543w/f77767d3bcbca26bc3fde87dcd7c269f/-/horizon-files-prod/ed/picture/q6xd6vv7/6a4a6611a5b4d860ab1777d779b262a5fdf62a80.png
1994,"<h1 class=""listing-item__header"">
    Sony Xperia one 64go ram 6go 5g
</h1>",Venant,Sony,80 000 ,Colobane,https://i.roamcdn.net/hz/ed/listing-thumb-543w/e927e4b71059db23ff3873bd42e455f6/-/horizon-files-prod/ed/picture/qkr82qe5/906a86b1b4410bcf1283242782a5b5aa87960c8f.jpg
1995,"<h1 class=""listing-item__header"">
    iphone 8 simple-64Go- VENANT AUTHENTİQUE
</h1>",Venant,iPhone,60 000 ,Médina,https://i.roamcdn.net/hz/ed/listing-thumb-543w/78e42d1b663069f0d6f431c5e7147757/-/horizon-files-prod/ed/picture/qwep020g/e957d742d35e6febce0ed259c8e7023cefc35f21.jpg
1996,"<h1 class=""listing-item__header"">
    iPhone 16 pro sim physique
</h1>",Neuf,iPhone,670 000 ,Médina,https://i.roamcdn.net/hz/ed/listing-thumb-543w/20eafa147714024f6cf27b843e668421/-/horizon-files-prod/ed/picture/qkr8eq9m/20d5c19e5ed42741aec8ec5311328dc0ae079046.jpg
1997,"<h1 class=""listing-item__header"">
    Huawei p30 pro 128go venant
</h1>",Neuf,Huawei,115 000 ,Colobane,https://i.roamcdn.net/hz/ed/listing-thumb-543w/16b9600e4582b5c028af19ab5b1e14f8/-/horizon-files-prod/ed/picture/qrz8rx7x/49a031ddd15dfb7a3b5783fd521b46da6d412c86.jpg
1998,"<h1 class=""listing-item__header"">
    Samsung Galaxy fold3 256giga Ram12
</h1>",Venant,Samsung,271 000 ,Médina,https://i.roamcdn.net/hz/ed/listing-thumb-543w/1211bd833c8df0220b049abb4dcf097f/-/horizon-files-prod/ed/picture/qgqw85v4/73da627446b625aadd421267ea0e116ffa08cd6a.jpg
1999,"<h1 class=""listing-item__header"">
    Iphone 16 pro max 256 giga scellé sim physique
</h1>",Neuf,iPhone,910 000 ,Médina,https://i.roamcdn.net/hz/ed/listing-thumb-543w/6615be147e5139f838746c45a7051613/-/horizon-files-prod/ed/picture/q44n7e0e/a23b695a6400395d266dd49661af5b9a573a419a.jpg
2000,"<h1 class=""listing-item__header"">
    TCL 50 5G - 128 Go Ram 4 Go - Dual SIM (esim)
</h1>",Neuf,Autres,80 000 ,Castor,https://i.roamcdn.net/hz/ed/listing-thumb-543w/3adecee09462caf5f3752cd0bab90d11/-/horizon-files-prod/ed/picture/qkr8q7k5/85b55b3cd6ae578cde1db2e9812f05ee9a800faa.jpg
2001,"<h1 class=""listing-item__header"">
    Google pixels 8 Pro 128GB 12GB sim esm
</h1>",Venant,Google,345 000 ,Pikine,https://i.roamcdn.net/hz/ed/listing-thumb-543w/539d9fb74c33db091f456eb1075cd3a2/-/horizon-files-prod/ed/picture/qm5g40nd/27570893c9dc0d5cc5f49a2f22415c3e928184a7.jpg
2002,"<h1 class=""listing-item__header"">
    Samsung Z fold 4 256GB scellé
</h1>",Neuf,Samsung,445 000 ,Plateau,https://i.roamcdn.net/hz/ed/listing-thumb-543w/b7856f9d8ca4d17b7b72df17dc519527/-/horizon-files-prod/ed/picture/qwep8p75/062e9f21c41147ebd672a93a7f54e97860918045.jpg
2003,"<h1 class=""listing-item__header"">
    Samsung note 20 ultra 256GB
</h1>",Neuf,Samsung,317 000 ,Plateau,https://i.roamcdn.net/hz/ed/listing-thumb-543w/de1baac2c79671a8a49e5b470cd652a0/-/horizon-files-prod/ed/picture/q8v4d4wz/6dd458de47c67117be27eae4b74d1168f69b8bb5.jpg
2004,"<h1 class=""listing-item__header"">
    Réparation écran iPhone
</h1>",D'occasion,Autres,10 000 ,Castor,https://i.roamcdn.net/hz/ed/listing-thumb-543w/ba796c8a4fd331a1541d1ee06c566281/-/horizon-files-prod/ed/picture/qenv7vj5/c01a1b5e3393072e22468cbe2587d85fcb59ec97.png
2005,"<h1 class=""listing-item__header"">
    Honor Magic V3
</h1>",Neuf,Honor,1 235 000 ,Plateau,https://i.roamcdn.net/hz/ed/listing-thumb-543w/5a88617d3cf53512a001bd51a7b19e24/-/horizon-files-prod/ed/picture/qde7674r/344358bb7275c1d9893241e05a756a92f62252c1.jpg
2006,"<h1 class=""listing-item__header"">
    Huawei p30 pro neuf 256go ram 8go
</h1>",Neuf,Huawei,155 000 ,Patte d‘oie,https://i.roamcdn.net/hz/ed/listing-thumb-543w/282496dd6d3e02edd9eba2ac552fced1/-/horizon-files-prod/ed/picture/q44n7wwm/4fb75fba2366c55bd2d4540237ff8409a1b6bbff.jpg
2007,"<h1 class=""listing-item__header"">
    iphone 8 simple-64Go- VENANT AUTHENTİQUE
</h1>",Venant,iPhone,60 000 ,Médina,https://i.roamcdn.net/hz/ed/listing-thumb-543w/78e42d1b663069f0d6f431c5e7147757/-/horizon-files-prod/ed/picture/qwep020g/e957d742d35e6febce0ed259c8e7023cefc35f21.jpg
2008,"<h1 class=""listing-item__header"">
    iPhone 16 pro sim physique
</h1>",Neuf,iPhone,670 000 ,Médina,https://i.roamcdn.net/hz/ed/listing-thumb-543w/20eafa147714024f6cf27b843e668421/-/horizon-files-prod/ed/picture/qkr8eq9m/20d5c19e5ed42741aec8ec5311328dc0ae079046.jpg
2009,"<h1 class=""listing-item__header"">
    Samsung Galaxy A15 – 128 Go – 4 Go – 6.5″ 5g
</h1>",Neuf,Samsung,85 000 ,Colobane,https://i.roamcdn.net/hz/ed/listing-thumb-543w/3d70a092b6626b65ebe8c1c9f25682f3/-/horizon-files-prod/ed/picture/qngp00wv/c3d6feafd13b792d7e5b48ebe39c6e3e4eb3eb04.jpg
2010,"<h1 class=""listing-item__header"">
    iPhone 12 PRO MAX 128 GB
</h1>",D'occasion,iPhone,200 000 ,Mermoz,https://i.roamcdn.net/hz/ed/listing-thumb-543w/5dfbd1535bcdd22cbbc36d53339cc39e/-/horizon-files-prod/ed/picture/qq42v4xj/b90a8becff3aa629ac02ded4d1d52e5ae9658e20.jpg
2011,"<h1 class=""listing-item__header"">
    HUAWEI NOVA Y90 – 128 GO – RAM 8go
</h1>",Neuf,Huawei,129 900 ,Colobane,https://i.roamcdn.net/hz/ed/listing-thumb-543w/3a5388a8f948530715b8926cc0d0286a/-/horizon-files-prod/ed/picture/q6xkj6xv/3eb3e4e879f5111713a39e770a49a0ad26734245.jpg
2012,"<h1 class=""listing-item__header"">
    Samsung galaxy S22  128GB 8GB ram
</h1>",Venant,Samsung,180 000 ,Pikine,https://i.roamcdn.net/hz/ed/listing-thumb-543w/257cc189bd71a8e1941625c80b0903b4/-/horizon-files-prod/ed/picture/qngp2jrg/8b28055eeaf76769ab020baa7be1ba48fdad813d.jpg
2013,"<h1 class=""listing-item__header"">
    Samsung galaxy A55 256GB 8GB ram
</h1>",Neuf,Samsung,195 000 ,Pikine,https://i.roamcdn.net/hz/ed/listing-thumb-543w/6f06f23157e8f6e5d42a8286baaf996d/-/horizon-files-prod/ed/picture/q9mjwexn/9ff9beec84c26151a053f013a7ff4d20beec716c.jpg
2014,"<h1 class=""listing-item__header"">
    iPhone 16Pro 128Go neuf
</h1>",Neuf,iPhone,615 000 ,Médina,https://i.roamcdn.net/hz/ed/listing-thumb-543w/62beb23efb56b5af3b0601f85ff18b21/-/horizon-files-prod/ed/picture/q9mjwepp/6d3eb6026244b396f371ae8a0707e9f86e700ead.jpg
2015,"<h1 class=""listing-item__header"">
    Huawei p40 lite 128go ram 6go
</h1>",Venant,Huawei,79 900 ,Colobane,https://i.roamcdn.net/hz/ed/listing-thumb-543w/0963b3689a49e27761066f1c4175bdce/-/horizon-files-prod/ed/picture/qq42g0q7/25846a0b128d862f3557c38ac8745da36e0fabc3.jpg
2016,"<h1 class=""listing-item__header"">
    Huawei y9 128go prime
</h1>",Venant,Huawei,64 900 ,Colobane,https://i.roamcdn.net/hz/ed/listing-thumb-543w/374d3c702e4897b1218a7e0ad7374ec0/-/horizon-files-prod/ed/picture/q0g75jmm/e149d38f60f4d3d14cb2cf9a51d7ac70313586b4.jpg
2017,"<h1 class=""listing-item__header"">
    iPhone 14 plus 256giga neuf
</h1>",Neuf,iPhone,400 000 ,Almadies,https://i.roamcdn.net/hz/ed/listing-thumb-543w/ccdfce5b50f6058e23bd8e5481af948f/-/horizon-files-prod/ed/picture/qngp2e4g/0f4f1dd443170d92fe958762dae7a48689bdd586.jpg
2018,"<h1 class=""listing-item__header"">
    Google Pixel 9 Pro Fold
</h1>",Venant,Google,1 089 900 ,Plateau,https://i.roamcdn.net/hz/ed/listing-thumb-543w/3b36f2ddc693a6f2686490d4c45cb05e/-/horizon-files-prod/ed/picture/qxjpxv98/53bfe206ab0eea6b8ee3eb84de31bd7765e0ddfc.jpg
2019,"<h1 class=""listing-item__header"">
    iphone 8 simple-64Go- VENANT AUTHENTİQUE
</h1>",Venant,iPhone,60 000 ,Médina,https://i.roamcdn.net/hz/ed/listing-thumb-543w/78e42d1b663069f0d6f431c5e7147757/-/horizon-files-prod/ed/picture/qwep020g/e957d742d35e6febce0ed259c8e7023cefc35f21.jpg
2020,"<h1 class=""listing-item__header"">
    iPhone 16 pro sim physique
</h1>",Neuf,iPhone,670 000 ,Médina,https://i.roamcdn.net/hz/ed/listing-thumb-543w/20eafa147714024f6cf27b843e668421/-/horizon-files-prod/ed/picture/qkr8eq9m/20d5c19e5ed42741aec8ec5311328dc0ae079046.jpg
2021,"<h1 class=""listing-item__header"">
    xiaomi Redmi note 12 Pro 5 G
</h1>",Venant,Xiaomi,112 500 ,Parcelles Assainies,https://i.roamcdn.net/hz/ed/listing-thumb-543w/b95e34844cadaa0884c0a24f040bf0d9/-/horizon-files-prod/ed/picture/q2j0567p/6ed0e6923b9ab4ed1aee2ee2af05ca35545d7172.jpg
2022,"<h1 class=""listing-item__header"">
    Samsung Galaxy S21 5G
</h1>",Venant,Samsung,149 900 ,Plateau,https://i.roamcdn.net/hz/ed/listing-thumb-543w/406b49f2198a7c07cb617f26a7fdb396/-/horizon-files-prod/ed/picture/qgqwz6zk/b6975f036e8ce08766038e044a22f22314b32e4a.jpg
2023,"<h1 class=""listing-item__header"">
    Google Pixel 7
</h1>",Venant,Google,165 000 ,Plateau,https://i.roamcdn.net/hz/ed/listing-thumb-543w/bc3ec8942a684f860cdcce1585045912/-/horizon-files-prod/ed/picture/q44n7g6z/fe893adec6309da51c3031d3d4f40f0576b3951a.jpg
2024,"<h1 class=""listing-item__header"">
    XIAOMI 14T PRO 512Go
</h1>",Neuf,Xiaomi,450 000 ,Plateau,https://i.roamcdn.net/hz/ed/listing-thumb-543w/ce04d25c8717b4f54453e0f6abf9253f/-/horizon-files-prod/ed/picture/qq42gnjn/111d873ae14897cdc728c4cd3f17e5cec93ce0ff.jpg
2025,"<h1 class=""listing-item__header"">
    Samsung galaxy buds2 pro
</h1>",Neuf,Samsung,120 000 ,Pikine,https://i.roamcdn.net/hz/ed/listing-thumb-543w/521ce2bddc859ec83555fb3277bbc64b/-/horizon-files-prod/ed/picture/qrz85wp9/b1313fd8b2d74260624ac5dc0b57150c56804827.jpg
2026,"<h1 class=""listing-item__header"">
    Samsung galaxy S21FE 5G 128GB 6GB ram 2sim
</h1>",Venant,Samsung,165 000 ,Pikine,https://i.roamcdn.net/hz/ed/listing-thumb-543w/c4d955eeedf39412371513656cddbd54/-/horizon-files-prod/ed/picture/q56dvnqn/ef2f9292ec673c9f9347470fa7e46cffca5598f1.jpg
2027,"<h1 class=""listing-item__header"">
    iPhone 16 Plus 256Go sim physique
</h1>",Neuf,iPhone,730 000 ,Plateau,https://i.roamcdn.net/hz/ed/listing-thumb-543w/e81ea4e4a8049d1403ddf1189a63ed62/-/horizon-files-prod/ed/picture/q78w9qdx/2941eae7d4fb4b43c4b6d83333fdc84b1c1339f8.jpg
2028,"<h1 class=""listing-item__header"">
    Huawei p30 pro 256Go ram8 plus airport ouvrir
</h1>",Neuf,Huawei,149 900 ,Fass,https://i.roamcdn.net/hz/ed/listing-thumb-543w/c3714315ad89ba92467344b107f77db3/-/horizon-files-prod/ed/picture/qj4q2g48/a7a4e6b71eb711cd842e5f297bf82c3dda476193.jpg
2029,"<h1 class=""listing-item__header"">
    Samsung z flip 5
</h1>",Venant,Samsung,195 000 ,Guediawaye,https://i.roamcdn.net/hz/ed/listing-thumb-543w/d84d80edfdb121e0eb8196cc6ed3e2e3/-eyJvciI6OTB9/horizon-files-prod/ed/picture/qenvwz0v/f4d35a745e3a456293e9a5d10f3dbf5b26811b59.jpg
2030,"<h1 class=""listing-item__header"">
    iPhone 16 simple 128Go sim physique
</h1>",Neuf,iPhone,625 000 ,Plateau,https://i.roamcdn.net/hz/ed/listing-thumb-543w/186fe80fc04fc076287bdd54e7d91ad0/-/horizon-files-prod/ed/picture/q0g75vej/4c1e8fd4fcedee12492becb550e55aa84160e924.jpg
2031,"<h1 class=""listing-item__header"">
    iphone 8 simple-64Go- VENANT AUTHENTİQUE
</h1>",Venant,iPhone,60 000 ,Médina,https://i.roamcdn.net/hz/ed/listing-thumb-543w/78e42d1b663069f0d6f431c5e7147757/-/horizon-files-prod/ed/picture/qwep020g/e957d742d35e6febce0ed259c8e7023cefc35f21.jpg
2032,"<h1 class=""listing-item__header"">
    iPhone 12 simple -64 Go- VENANT AUTHENTİQUE
</h1>",Venant,iPhone,175 000 ,Médina,https://i.roamcdn.net/hz/ed/listing-thumb-543w/c1b63f5207785812ebd5b426249656a1/-/horizon-files-prod/ed/picture/q8v4wrgp/94de9e8ed7e9c5d9cf2bddc690caab258bef9337.jpg
2033,"<h1 class=""listing-item__header"">
    Huawei p30 pro 256gb scellé
</h1>",Neuf,Huawei,170 000 ,Castor,https://i.roamcdn.net/hz/ed/listing-thumb-543w/fc83f85c4ad0f47ed199a738a756831b/-/horizon-files-prod/ed/picture/q0g75v4k/a9855c3de5bd6618dc990796d514ba85adf1648a.jpg
2034,"<h1 class=""listing-item__header"">
    iPhone 16 Pro Max
</h1>",Neuf,iPhone,889 900 ,Plateau,https://i.roamcdn.net/hz/ed/listing-thumb-543w/e9b57adbbb40934f360aaed9f564d8da/-/horizon-files-prod/ed/picture/qgqw4m5q/b43c68f67fddcd26c2b1deac1969ee96bc01c0bb.jpg
2035,"<h1 class=""listing-item__header"">
    iPhone 16
</h1>",Neuf,iPhone,585 000 ,Plateau,https://i.roamcdn.net/hz/ed/listing-thumb-543w/f2694f9ae14681e3de2a1e8909ed3563/-/horizon-files-prod/ed/picture/qv4w9eev/68754a03b44129fe9a02c49b2587b450e2cb0ebe.jpg
2036,"<h1 class=""listing-item__header"">
    iPhone 16 Plus
</h1>",Neuf,iPhone,739 900 ,Plateau,https://i.roamcdn.net/hz/ed/listing-thumb-543w/95e3a80bc169c450df52060b64c7d76d/-/horizon-files-prod/ed/picture/qm5gvpxw/6110313344c5af32f24baca8cc3fb96c3202ff35.jpg
2037,"<h1 class=""listing-item__header"">
    Google Pixel 9 Pro XL
</h1>",Venant,Google,745 000 ,Plateau,https://i.roamcdn.net/hz/ed/listing-thumb-543w/d929d9a595ef75c371656eaf4cf0718f/-/horizon-files-prod/ed/picture/qxjp87qv/8ea5b226728e608f7e4ba519e943f6073158da02.jpg
2038,"<h1 class=""listing-item__header"">
    Samsung galaxy z flip 4 128GB 8GB ram sim esim
</h1>",Venant,Samsung,225 000 ,Pikine,https://i.roamcdn.net/hz/ed/listing-thumb-543w/b7187d718d3e52b1abe78199a9257a92/-/horizon-files-prod/ed/picture/qxjp8p2j/ed3353529a0b1bb805a7e21314815348f49246c5.jpg
2039,"<h1 class=""listing-item__header"">
    iPhone 12 64gb
</h1>",Réconditionné,iPhone,184 000 ,Fenêtre mermoz,https://i.roamcdn.net/hz/ed/listing-thumb-543w/5c0fffe62dbe18df86cbd2580eb9f1ae/-/horizon-files-prod/ed/picture/qgqwzg2k/5a83ee1d684b716e5ae7aa5fd16c35219d6f3f4b.png
2040,"<h1 class=""listing-item__header"">
    Iphone 16plus 256go SIM physique
</h1>",Neuf,iPhone,760 000 ,Guediawaye,https://i.roamcdn.net/hz/ed/listing-thumb-543w/3a0317201d959ac63c828cc9e8fc034b/-/horizon-files-prod/ed/picture/qq42gvnz/771e62c0ce05553969d50a13a689bd3928487e97.jpg
2041,"<h1 class=""listing-item__header"">
    IPhone XR 128 giga
</h1>",Venant,iPhone,125 000 ,Castor,https://i.roamcdn.net/hz/ed/listing-thumb-543w/a08b245ce5671a78fef4f1a7b34d4246/-/horizon-files-prod/ed/picture/qwe26zrp/9b61c21ab6e0c0cc284d6eca89d4b929b9c2d8af.jpg
2042,"<h1 class=""listing-item__header"">
    iPhone XR 64g
</h1>",Venant,iPhone,115 000 ,Nord foire,https://i.roamcdn.net/hz/ed/listing-thumb-543w/fc1f61c028408291bb85a3d94efb2aba/-/horizon-files-prod/ed/picture/qngp20pv/b2068834a9e89e4cfc7cf5d68363a175d9aacb7f.jpg
2043,"<h1 class=""listing-item__header"">
    iphone 8 simple-64Go- VENANT AUTHENTİQUE
</h1>",Venant,iPhone,60 000 ,Médina,https://i.roamcdn.net/hz/ed/listing-thumb-543w/78e42d1b663069f0d6f431c5e7147757/-/horizon-files-prod/ed/picture/qwep020g/e957d742d35e6febce0ed259c8e7023cefc35f21.jpg
2044,"<h1 class=""listing-item__header"">
    iPhone 12 simple -64 Go- VENANT AUTHENTİQUE
</h1>",Venant,iPhone,175 000 ,Médina,https://i.roamcdn.net/hz/ed/listing-thumb-543w/c1b63f5207785812ebd5b426249656a1/-/horizon-files-prod/ed/picture/q8v4wrgp/94de9e8ed7e9c5d9cf2bddc690caab258bef9337.jpg
2045,"<h1 class=""listing-item__header"">
    Google pixels 7A 128GB 8GB ram 5G
</h1>",Venant,Google,170 000 ,Pikine,https://i.roamcdn.net/hz/ed/listing-thumb-543w/cca3797d2eb28b1dc4b81e9a6421836c/-/horizon-files-prod/ed/picture/q9mjwn40/9331c01eb79bcd7ae2f8ace4f26463f241105e79.jpg
2046,"<h1 class=""listing-item__header"">
    Samsung galaxy fold3 256g
</h1>",Venant,Samsung,280 000 ,Nord foire,https://i.roamcdn.net/hz/ed/listing-thumb-543w/55894e89ed03c5b6b64c90f4779f8713/-/horizon-files-prod/ed/picture/qrz85vxm/f9ada13246a851005d5ad3059b31cdb316170b8f.jpg
2047,"<h1 class=""listing-item__header"">
    Motorola G84 5G 256GB 12GB ram
</h1>",Neuf,Motorola,160 000 ,Pikine,https://i.roamcdn.net/hz/ed/listing-thumb-543w/c4a31194eb1d06f8130f9681901f1b38/-/horizon-files-prod/ed/picture/qde74emj/ea055dd771901a7bb7e0803b2859ad6fd46c6444.jpg
2048,"<h1 class=""listing-item__header"">
    iPhone 14pro Max 128Go sim
</h1>",Venant,iPhone,470 000 ,Plateau,https://i.roamcdn.net/hz/ed/listing-thumb-543w/9cba3faa2875b78ea2433b38ee0e2eb3/-/horizon-files-prod/ed/picture/qzvpxnz8/9516e4ef380f6e5fbba22f2692e5f8c3b9894af3.jpg
2049,"<h1 class=""listing-item__header"">
    16Pro 1000GB Sim physique
</h1>",Neuf,iPhone,940 000 ,Médina,https://i.roamcdn.net/hz/ed/listing-thumb-543w/381ae6aa167286e925ca3ce1196c40a8/-/horizon-files-prod/ed/picture/qv4wxeev/9fe8fa88aa82d18bc460b6c14209d042b0a58293.jpg
2050,"<h1 class=""listing-item__header"">
    Samsung s22 ultra 128GB
</h1>",Venant,Samsung,295 000 ,Plateau,https://i.roamcdn.net/hz/ed/listing-thumb-543w/7989b671307fe124d8fd5d252c75a15a/-/horizon-files-prod/ed/picture/q78w9jgd/281bb423152f5580bb5db9fb943a913c277649c7.jpg
2051,"<h1 class=""listing-item__header"">
    Motorola G14 256GB 8GB ram 2sim
</h1>",Neuf,Motorola,125 000 ,Pikine,https://i.roamcdn.net/hz/ed/listing-thumb-543w/6d509c9a4964c3061f35e0d2d8f606df/-/horizon-files-prod/ed/picture/q56dvx06/214626d1386dfe8484a439a5f4aa32c69a68c859.jpg
2052,"<h1 class=""listing-item__header"">
    Vente Oppo Watch X
</h1>",Neuf,Oppo,145 000 ,Plateau,https://i.roamcdn.net/hz/ed/listing-thumb-543w/d2bb100a72be3d7bd08f0d4ab52ea051/-/horizon-files-prod/ed/picture/qrz86pr4/98e7a5cc8962c6761a3c7b466da687de69a60a03.jpg
2053,"<h1 class=""listing-item__header"">
    Samsung Galaxy S24 FE Mémoire 256Go - Ram 8Go
</h1>",Neuf,Samsung,410 000 ,Mermoz,https://i.roamcdn.net/hz/ed/listing-thumb-543w/2c8b164870c459b3aeff701641fffc8e/-/horizon-files-prod/ed/picture/qzvpev0k/cd6fde4d0fcd95d7e5e6aa2e275dc7a667794a06.jpg
2054,"<h1 class=""listing-item__header"">
    Huawei p30 pro 128go scellé
</h1>",Neuf,Huawei,139 900 ,Colobane,https://i.roamcdn.net/hz/ed/listing-thumb-543w/0b3503dbdcc44b3e7eb1662a721bdd9c/-/horizon-files-prod/ed/picture/q8v4nv8z/af7a0c8a780af9a2b169fa1884f2ccd9f7640747.jpg
2055,"<h1 class=""listing-item__header"">
    iphone 8 simple-64Go- VENANT AUTHENTİQUE
</h1>",Venant,iPhone,60 000 ,Médina,https://i.roamcdn.net/hz/ed/listing-thumb-543w/78e42d1b663069f0d6f431c5e7147757/-/horizon-files-prod/ed/picture/qwep020g/e957d742d35e6febce0ed259c8e7023cefc35f21.jpg
2056,"<h1 class=""listing-item__header"">
    Samsung galaxy fold 6 256G
</h1>",Neuf,Samsung,750 000 ,Liberte 6 extension,https://i.roamcdn.net/hz/ed/listing-thumb-543w/fb52b15c5a77dff4c6ebb42103a77b2c/-/horizon-files-prod/ed/picture/qq42e5v6/b910e6b186d4206e3759a489da1e8d6e88f16450.jpg
2057,"<h1 class=""listing-item__header"">
    Xiaomi mi 11 ultra 256GB 12GB
</h1>",Neuf,Xiaomi,335 000 ,Pikine,https://i.roamcdn.net/hz/ed/listing-thumb-543w/a29aad9b7c5677fbd7fc72b2dfe1f637/-/horizon-files-prod/ed/picture/qenv5rgx/971401b6dbc87ae84d28200a0902bccad29a3c8f.jpg
2058,"<h1 class=""listing-item__header"">
    Vente Oppo Reno 12 5G
</h1>",Neuf,Oppo,225 000 ,Plateau,https://i.roamcdn.net/hz/ed/listing-thumb-543w/5ec628050eb7848f56eb41782ae791e0/-/horizon-files-prod/ed/picture/qenvxw2v/de106118ba92a26509940665c40dbcb56b8cb165.jpg
2059,"<h1 class=""listing-item__header"">
    iPhone 15 pro max 256 giga
</h1>",Venant,iPhone,680 000 ,Médina,https://i.roamcdn.net/hz/ed/listing-thumb-543w/7bc6867e1e3480eed9f8d71923b7aba3/-/horizon-files-prod/ed/picture/qq4260ep/590b6cc9ebc366dcb94b40f665b242576271e60a.jpg
2060,"<h1 class=""listing-item__header"">
    iPhone 16pro 128 giga sim physique Scellè
</h1>",Neuf,iPhone,750 000 ,Médina,https://i.roamcdn.net/hz/ed/listing-thumb-543w/1875b79528923125699e1dd2f04be92b/-/horizon-files-prod/ed/picture/qenvw4ej/efbd58c333801391c108b5568676c6db1cf19478.jpg
2061,"<h1 class=""listing-item__header"">
    Huawei mate x3 512giga
</h1>",Venant,Huawei,599 000 ,Hann maristes,https://i.roamcdn.net/hz/ed/listing-thumb-543w/c5462f9dac73ec31187d392b9f7026f8/-/horizon-files-prod/ed/picture/qm5gn2nq/d1e10b1d1b5b2ecf1b7e27b3e30efbdc8c85562c.jpg
2062,"<h1 class=""listing-item__header"">
    Samsung Fold 6 256GB
</h1>",Neuf,Samsung,850 000 ,Médina,https://i.roamcdn.net/hz/ed/listing-thumb-543w/bd26b30baf643c81f3d300cd848c4f1c/-/horizon-files-prod/ed/picture/qq4265xz/927d8c6b83e9696b4cbb80191ecce472864e770b.jpg
2063,"<h1 class=""listing-item__header"">
    IPhone 12 Mini
</h1>",Venant,iPhone,165 000 ,Médina,https://i.roamcdn.net/hz/ed/listing-thumb-543w/4f8a7e734b3169698c2dc3a2bdf47ef3/-/horizon-files-prod/ed/picture/qde7npzg/0903430233de7da8161a0747af43d38228f75619.jpg
2064,"<h1 class=""listing-item__header"">
    Vente Xiaomi Poco X6 Pro 5G
</h1>",Neuf,Xiaomi,225 000 ,Plateau,https://i.roamcdn.net/hz/ed/listing-thumb-543w/36e262493f070fb25f8086e73b38059b/-/horizon-files-prod/ed/picture/q8v447d6/6ddda7b12dded306806ccf33502c12fb24c7bf54.jpg
2065,"<h1 class=""listing-item__header"">
    Vente Samsung Galaxy S24 Ultra 5G
</h1>",Neuf,Samsung,565 000 ,Plateau,https://i.roamcdn.net/hz/ed/listing-thumb-543w/1b0a9270861655dcec8f21551e482b82/-/horizon-files-prod/ed/picture/q8v49qxp/7d5a8e26dea524e77e3128575834cbda7a0dcdf6.jpg
2066,"<h1 class=""listing-item__header"">
    Galaxie fold 4
</h1>",Venant,Samsung,365 000 ,Médina,https://i.roamcdn.net/hz/ed/listing-thumb-543w/802d0dab6f4babb0405971b7986441a9/-/horizon-files-prod/ed/picture/qwepwx20/ff368cecc8c22d65d7aca8202ec9dec695669ca0.jpg
2067,"<h1 class=""listing-item__header"">
    iphone 8 simple-64Go- VENANT AUTHENTİQUE
</h1>",Venant,iPhone,60 000 ,Médina,https://i.roamcdn.net/hz/ed/listing-thumb-543w/78e42d1b663069f0d6f431c5e7147757/-/horizon-files-prod/ed/picture/qwep020g/e957d742d35e6febce0ed259c8e7023cefc35f21.jpg
2068,"<h1 class=""listing-item__header"">
    Samsung galaxy fold 6 256G
</h1>",Neuf,Samsung,750 000 ,Liberte 6 extension,https://i.roamcdn.net/hz/ed/listing-thumb-543w/fb52b15c5a77dff4c6ebb42103a77b2c/-/horizon-files-prod/ed/picture/qq42e5v6/b910e6b186d4206e3759a489da1e8d6e88f16450.jpg
2069,"<h1 class=""listing-item__header"">
    13 promax 128 go
</h1>",Venant,iPhone,365 000 ,Médina,https://i.roamcdn.net/hz/ed/listing-thumb-543w/5370952562712eca22db5d9ee2b8044c/-/horizon-files-prod/ed/picture/qv4wzrex/1030ca4f0e6f219a273f2b2756424b56ae9fa932.jpg
2070,"<h1 class=""listing-item__header"">
    IPhone 11 simple 128Go
</h1>",Venant,iPhone,155 000 ,Médina,https://i.roamcdn.net/hz/ed/listing-thumb-543w/9f3a94b0eba3bc5dfbb6518a91b0bc98/-/horizon-files-prod/ed/picture/q6xd5w6v/cd863eef80ec347f24e5ad1dd3fab33b16034b9c.jpg
2071,"<h1 class=""listing-item__header"">
    13 simple 128Go 🎀
</h1>",Venant,iPhone,260 000 ,Médina,https://i.roamcdn.net/hz/ed/listing-thumb-543w/f8cd6575cb80866d0b5b059cdabdade2/-/horizon-files-prod/ed/picture/qrz87wqn/45c8bd0e7f18ab926ce527eca38ac668173b736c.jpg
2072,"<h1 class=""listing-item__header"">
    13 pro 128Go
</h1>",Venant,iPhone,340 000 ,Médina,https://i.roamcdn.net/hz/ed/listing-thumb-543w/ea4e8d720640ec04a11081bf33cb6b21/-/horizon-files-prod/ed/picture/q6xd5wxp/4bbbe575dee0767feb7bc53bb43c55d56464de27.jpg
2073,"<h1 class=""listing-item__header"">
    SAMSUNG GALAXY Z FOLD 6 256GO RAM 12GO
</h1>",Neuf,Samsung,800 000 ,Plateau,https://i.roamcdn.net/hz/ed/listing-thumb-543w/f1f5f3da1657604e694eba06b52134e1/-/horizon-files-prod/ed/picture/qpdm8r0x/29df80258f058461cc6b1a824d1b8a0e6e4361db.jpg
2074,"<h1 class=""listing-item__header"">
    GOOGLE PIXEL 6  128GO
</h1>",Neuf,Google,210 000 ,Plateau,https://i.roamcdn.net/hz/ed/listing-thumb-543w/fb3d9b49535f51398c40e44217c2048b/-/horizon-files-prod/ed/picture/qwepw0rd/5e34b49d9cd097ff38d0cfe76ab86667e6131f1f.jpg
2075,"<h1 class=""listing-item__header"">
    GOOGLE PIXEL 6 PRO 128GO
</h1>",Neuf,Google,320 000 ,Plateau,https://i.roamcdn.net/hz/ed/listing-thumb-543w/686db09bfdb2747a95aadf6b0649db4e/-/horizon-files-prod/ed/picture/q78wg4jq/00b03a0e66fd0ed84f18527cdbf79afa88da428c.jpg
2076,"<h1 class=""listing-item__header"">
    Google pixel Fold
</h1>",Venant,Google,600 000 ,Plateau,https://i.roamcdn.net/hz/ed/listing-thumb-543w/eb4ea1839b453de038f6939d0c3b3bdd/-/horizon-files-prod/ed/picture/q56dg5re/ef855f1b482849d00c1108d5ecfcb7ca7a6e0fc7.jpg
2077,"<h1 class=""listing-item__header"">
    SAMSUNG ZFLIP 3
</h1>",Venant,Samsung,155 000 ,Guediawaye,https://i.roamcdn.net/hz/ed/listing-thumb-543w/fdec4fe87ffad4da6de7831e1956cc8b/-/horizon-files-prod/ed/picture/q56dgg9g/f48b38ce2c7ab415e2c77ca179d5e366b03e4b9e.jpg
2078,"<h1 class=""listing-item__header"">
    SAMSUNG FOLD 3
</h1>",Venant,iPhone,270 000 ,Guediawaye,https://i.roamcdn.net/hz/ed/listing-thumb-543w/bcedeb82f0465699d4a1fcb593dd288a/-/horizon-files-prod/ed/picture/qde7nn02/fdb49a746d2a16009387214dd18f005e638b05a3.jpg
2079,"<h1 class=""listing-item__header"">
    iphone 8 simple-64Go- VENANT AUTHENTİQUE
</h1>",Venant,iPhone,60 000 ,Médina,https://i.roamcdn.net/hz/ed/listing-thumb-543w/78e42d1b663069f0d6f431c5e7147757/-/horizon-files-prod/ed/picture/qwep020g/e957d742d35e6febce0ed259c8e7023cefc35f21.jpg
2080,"<h1 class=""listing-item__header"">
    iPhone 12 simple -64 Go- VENANT AUTHENTİQUE
</h1>",Venant,iPhone,175 000 ,Médina,https://i.roamcdn.net/hz/ed/listing-thumb-543w/c1b63f5207785812ebd5b426249656a1/-/horizon-files-prod/ed/picture/q8v4wrgp/94de9e8ed7e9c5d9cf2bddc690caab258bef9337.jpg
2081,"<h1 class=""listing-item__header"">
    IPHONE 14PRO
</h1>",Venant,iPhone,445 000 ,Guediawaye,https://i.roamcdn.net/hz/ed/listing-thumb-543w/b5686b6d721ed7de13acab86184a6977/-/horizon-files-prod/ed/picture/q44npp8e/9558193c9ec6e8e2c1f55578ae2a599bf2370d78.jpg
2082,"<h1 class=""listing-item__header"">
    iPhone avec paiement deux tranches
</h1>",Venant,iPhone,220 000 ,Ouest foire,https://i.roamcdn.net/hz/ed/listing-thumb-543w/9d22aa178c6923df05b466fddcf42064/-/horizon-files-prod/ed/picture/q78wpgg5/62ebb364f6e949ea76dba622236b6de24082c91d.jpg
2083,"<h1 class=""listing-item__header"">
    Samsung galaxy Z fold 5 256GB
</h1>",Venant,Samsung,550 000 ,Pikine,https://i.roamcdn.net/hz/ed/listing-thumb-543w/9e0896bb99b590a49db66cf2637a3990/-/horizon-files-prod/ed/picture/qwepwzxd/6fe144176019d7b1f2a78714b5e9eb020a691b2e.jpg
2084,"<h1 class=""listing-item__header"">
    Google pixel9 pro fold 256giga Ram16 Scellè
</h1>",Neuf,Google,1 065 000 ,Médina,https://i.roamcdn.net/hz/ed/listing-thumb-543w/113100ba95cb5ca97829a33216772c34/-/horizon-files-prod/ed/picture/q0g7dk4d/a02cfff9ada00f8e976ab093d2fae7dc1335920b.jpg
2085,"<h1 class=""listing-item__header"">
    14 pro max
</h1>",Venant,iPhone,430 000 ,Mermoz,https://i.roamcdn.net/hz/ed/listing-thumb-543w/a8ed0393a0b4def369b7c998808b4e8f/-/horizon-files-prod/ed/picture/qenvwv0d/c08bec6297368ccf82ef30598bbfd0103e592821.jpg
2086,"<h1 class=""listing-item__header"">
    14 pro
</h1>",Venant,iPhone,380 000 ,Mermoz,https://i.roamcdn.net/hz/ed/listing-thumb-543w/9558b2434d571b3bebc1930926d973a7/-/horizon-files-prod/ed/picture/q2j0g0me/42d326f1dedd4d57149d44b56723fe2611bea992.jpg
2087,"<h1 class=""listing-item__header"">
    13 pro max
</h1>",Venant,iPhone,360 000 ,Mermoz,https://i.roamcdn.net/hz/ed/listing-thumb-543w/1475267fc84cc6aa77a68bc8343dc3ba/-/horizon-files-prod/ed/picture/q8v4g46n/eddaa8ec976dbdac4649b40af5e83d29df3a6a7c.jpg
2088,"<h1 class=""listing-item__header"">
    iPhone 7 plus venant 128go
</h1>",Venant,iPhone,75 000 ,Colobane,https://i.roamcdn.net/hz/ed/listing-thumb-543w/d6e53752318727a9a101cc3996caad44/-/horizon-files-prod/ed/picture/qq47rwwj/d3d870226f462f463c86c09de4413947408f8aff.jpg
2089,"<h1 class=""listing-item__header"">
    Iphone XR 64 GB
</h1>",Neuf,iPhone,112 000 ,Pikine,https://i.roamcdn.net/hz/ed/listing-thumb-543w/1d93934aa78393da65ce62e97e550744/-/horizon-files-prod/ed/picture/qngpwd4w/1b0ed34ca99b5526429de4db10d66fa371a37845.jpg
2090,"<h1 class=""listing-item__header"">
    IPhone 15 pro max
</h1>",Venant,iPhone,610 000 ,Hann maristes,https://i.roamcdn.net/hz/ed/listing-thumb-543w/c18aed1cb5c5972d6b847b6c0aedeb0e/-/horizon-files-prod/ed/picture/qv4wkn42/a2c115b4546ca8284a91833c452eaf371983d8c7.jpg
2091,"<h1 class=""listing-item__header"">
    iphone 8 simple-64Go- VENANT AUTHENTİQUE
</h1>",Venant,iPhone,60 000 ,Médina,https://i.roamcdn.net/hz/ed/listing-thumb-543w/78e42d1b663069f0d6f431c5e7147757/-/horizon-files-prod/ed/picture/qwep020g/e957d742d35e6febce0ed259c8e7023cefc35f21.jpg
2092,"<h1 class=""listing-item__header"">
    Samsung galaxy fold 6 256G
</h1>",Neuf,Samsung,750 000 ,Liberte 6 extension,https://i.roamcdn.net/hz/ed/listing-thumb-543w/fb52b15c5a77dff4c6ebb42103a77b2c/-/horizon-files-prod/ed/picture/qq42e5v6/b910e6b186d4206e3759a489da1e8d6e88f16450.jpg
2093,"<h1 class=""listing-item__header"">
    15pro 128G
</h1>",Venant,iPhone,580 000 ,Médina,https://i.roamcdn.net/hz/ed/listing-thumb-543w/4367eb9c3cb74c5acc5ba95b71016da3/-/horizon-files-prod/ed/picture/qzvpjgv9/a18a59965f8e42fbe8ecfed6cba7280529a2ccd1.jpg
2094,"<h1 class=""listing-item__header"">
    Oneplus 12 256GB 12GB ram 2sim 5G
</h1>",Neuf,OnePlus,450 000 ,Pikine,https://i.roamcdn.net/hz/ed/listing-thumb-543w/486ac0eaeae33841eb7da4bc15ee4acd/-/horizon-files-prod/ed/picture/q2j0wpj2/474ffff098fb143845fbcf775a0ea119e0911dc0.jpg
2095,"<h1 class=""listing-item__header"">
    Huawei P50 Pocket 256GB 8GB 2sim
</h1>",Venant,Huawei,320 000 ,Pikine,https://i.roamcdn.net/hz/ed/listing-thumb-543w/13ad79a374b5a623c1ada13b6d7d7c7f/-/horizon-files-prod/ed/picture/qrz8jdzn/19a9c36a8100679e986553f3d6aa3e35857bea03.jpg
2096,"<h1 class=""listing-item__header"">
    Samsung Galaxy z flip 3 128Go
</h1>",Venant,Samsung,174 900 ,Fass,https://i.roamcdn.net/hz/ed/listing-thumb-543w/7bb5c1ea5a9815c14b04e839e6eabf33/-/horizon-files-prod/ed/picture/q6xdv07p/169af2e8a1d483785d5c74cda16a6fcd13ea890c.jpg
2097,"<h1 class=""listing-item__header"">
    Téléphone Sharp r6 128Go
</h1>",Venant,Sharp,99 900 ,Fass,https://i.roamcdn.net/hz/ed/listing-thumb-543w/45bf80f234987432962585cd34785b60/-/horizon-files-prod/ed/picture/qde72xrm/115ab6b202adc413f202c0c248d6b8cf1e80612a.jpg
2098,"<h1 class=""listing-item__header"">
    IPhone Xr 64
</h1>",Venant,iPhone,110 000 ,Médina,https://i.roamcdn.net/hz/ed/listing-thumb-543w/2897edef72522e027ee9b82392ad465f/-/horizon-files-prod/ed/picture/q0g79q6e/c555d5e65b68df9b6dd7962e1deb035a8da9aa38.jpg
2099,"<h1 class=""listing-item__header"">
    14 simple 128go
</h1>",Neuf,iPhone,370 000 ,Point-e,https://i.roamcdn.net/hz/ed/listing-thumb-543w/a285174af4927465c96ccb4eca2a2501/-/horizon-files-prod/ed/picture/q9mjn770/440d018adc3f2de5ee3a91d20649a6007016d67e.jpg
2100,"<h1 class=""listing-item__header"">
    iPhone 16 plus 128go
</h1>",Neuf,iPhone,730 000 ,Point-e,https://i.roamcdn.net/hz/ed/listing-thumb-543w/2fa30aa9f54bb52e0427d9215de37a07/-/horizon-files-prod/ed/picture/q2j0wmm2/5aea693ebd4e06d1e82b76411440cf82198f1112.jpg
2101,"<h1 class=""listing-item__header"">
    iPhone 16 pro Max 256go
</h1>",Neuf,iPhone,880 000 ,Point-e,https://i.roamcdn.net/hz/ed/listing-thumb-543w/d0b0981ec3c2eb6d16a928ad3d5aefbe/-/horizon-files-prod/ed/picture/q8v49664/02369815fe2daa151b97f12a2b888d734799d0c1.jpg
2102,"<h1 class=""listing-item__header"">
    16 pro 128go eSIM
</h1>",Neuf,iPhone,680 000 ,Point-e,https://i.roamcdn.net/hz/ed/listing-thumb-543w/796b4840bc5260ec72f407d210b94b16/-/horizon-files-prod/ed/picture/qm5gj22j/9cf06f87cb51c7006eb0ccf90179ff45bb5a6cb2.jpg
2103,"<h1 class=""listing-item__header"">
    iphone 8 simple-64Go- VENANT AUTHENTİQUE
</h1>",Venant,iPhone,60 000 ,Médina,https://i.roamcdn.net/hz/ed/listing-thumb-543w/78e42d1b663069f0d6f431c5e7147757/-/horizon-files-prod/ed/picture/qwep020g/e957d742d35e6febce0ed259c8e7023cefc35f21.jpg
2104,"<h1 class=""listing-item__header"">
    iPhone 16 pro sim physique
</h1>",Neuf,iPhone,670 000 ,Médina,https://i.roamcdn.net/hz/ed/listing-thumb-543w/20eafa147714024f6cf27b843e668421/-/horizon-files-prod/ed/picture/qkr8eq9m/20d5c19e5ed42741aec8ec5311328dc0ae079046.jpg
2105,"<h1 class=""listing-item__header"">
    Iphone 14pro 256 sim
</h1>",Venant,iPhone,460 000 ,Castor,https://i.roamcdn.net/hz/ed/listing-thumb-543w/3ee1161ba0b7a73df27dcb758d9e0f5a/-/horizon-files-prod/ed/picture/q8v496e4/2dce193795bea0c8b2a7d6dbdd2561e3f1bfb6b7.jpg
2106,"<h1 class=""listing-item__header"">
    Samsung Fold 5 512Go dual sim
</h1>",Neuf,Samsung,550 000 ,Médina,https://i.roamcdn.net/hz/ed/listing-thumb-543w/119d9d5af1e18cbef4b3dc208de14855/-/horizon-files-prod/ed/picture/q2j0k96v/c742d76775d229dab4d1355884424cbc38b066fa.jpg
2107,"<h1 class=""listing-item__header"">
    Samsung s22 plus 256 Go 2 SIM
</h1>",Venant,Samsung,225 000 ,Médina,https://i.roamcdn.net/hz/ed/listing-thumb-543w/671965531bdfa991d21186ad60af1140/-/horizon-files-prod/ed/picture/qxjpkrzv/626baab8dcd399a0c68e853b468ef031f233ec3d.jpg
2108,"<h1 class=""listing-item__header"">
    Note 20 ultra 128 go
</h1>",Venant,Samsung,195 000 ,Médina,https://i.roamcdn.net/hz/ed/listing-thumb-543w/670abe5817d23fddfc34ce0334e35855/-/horizon-files-prod/ed/picture/qrz8j90x/bf732789b9afaee23295ec3058143432c060b57a.jpg
2109,"<h1 class=""listing-item__header"">
    GALAXY TECNO SPARK 30C 128GB RAM 4GB
</h1>",Neuf,Tecno,89 000 ,Plateau,https://i.roamcdn.net/hz/ed/listing-thumb-543w/ee04ef35c7be2dd4e9c833de7f6edb07/-/horizon-files-prod/ed/picture/qkr8xe85/fe7280ddd24f179885ecfab08afcf790ac17bb33.jpg
2110,"<h1 class=""listing-item__header"">
    GALAXY TECNO SPARKASSE 30C 128GB RAM 4GB
</h1>",Neuf,Autres,89 000 ,Plateau,https://i.roamcdn.net/hz/ed/listing-thumb-543w/caac1d4c589799a47ed674b3bc255ef6/-/horizon-files-prod/ed/picture/q8v49w56/3c389ee83f7d87c99581698e3dfa5da6f9ceb9ea.jpg
2111,"<h1 class=""listing-item__header"">
    Tecno Camon 30S
</h1>",Neuf,Tecno,120 000 ,Pikine,https://i.roamcdn.net/hz/ed/listing-thumb-543w/d59cf66b8a84f95cb6978bb61fc6f238/-/horizon-files-prod/ed/picture/qxjpkm0m/eae05a7fede0437bc8ec7d08bd6a156816cf3e44.jpg
2112,"<h1 class=""listing-item__header"">
    Xiaomi Redmi note 13 256GB
</h1>",Neuf,Xiaomi,109 000 ,Colobane,https://i.roamcdn.net/hz/ed/listing-thumb-543w/3dd4f36b0bab7329e4e29d9cba6f298b/-/horizon-files-prod/ed/picture/q2j0wvep/3245418e01a3b069d7ed671d14389dbaa469934a.jpg
2113,"<h1 class=""listing-item__header"">
    TÉLÉPHONE SAMSUNG A15 256GB RAM 8GB
</h1>",Neuf,Samsung,139 000 ,Plateau,https://i.roamcdn.net/hz/ed/listing-thumb-543w/d7e05032cf83b3fe491b5af19f1a1d50/-/horizon-files-prod/ed/picture/qv4wkrjj/a467e927e119e330ba2032d6e7b5a878a6efb8a8.jpg
2114,"<h1 class=""listing-item__header"">
    GALAXY A15 SAMSUNG 256GB RAM 8GB
</h1>",Neuf,Samsung,139 000 ,Plateau,https://i.roamcdn.net/hz/ed/listing-thumb-543w/4046722df787ce3b2b94053a807b329b/-/horizon-files-prod/ed/picture/qde72qq4/eb4d638394e83ecec5c57024f46d67baf000b7f4.jpg
2115,"<h1 class=""listing-item__header"">
    iphone 8 simple-64Go- VENANT AUTHENTİQUE
</h1>",Venant,iPhone,60 000 ,Médina,https://i.roamcdn.net/hz/ed/listing-thumb-543w/78e42d1b663069f0d6f431c5e7147757/-/horizon-files-prod/ed/picture/qwep020g/e957d742d35e6febce0ed259c8e7023cefc35f21.jpg
2116,"<h1 class=""listing-item__header"">
    iPhone 12 simple -64 Go- VENANT AUTHENTİQUE
</h1>",Venant,iPhone,175 000 ,Médina,https://i.roamcdn.net/hz/ed/listing-thumb-543w/c1b63f5207785812ebd5b426249656a1/-/horizon-files-prod/ed/picture/q8v4wrgp/94de9e8ed7e9c5d9cf2bddc690caab258bef9337.jpg
2117,"<h1 class=""listing-item__header"">
    Samsung Galaxy A06 Mémoire 128Go – Ram 4Go
</h1>",Neuf,Samsung,70 000 ,Mermoz,https://i.roamcdn.net/hz/ed/listing-thumb-543w/1979f756b1790edd140fb3921302b0e2/-/horizon-files-prod/ed/picture/qde72m0m/7994de5058e0df2b6dc24b48aa7bf9b3fcae7f0f.png
2118,"<h1 class=""listing-item__header"">
    Samsung Galaxy A06 Mémoire 64Go – Ram 4Go
</h1>",Neuf,Samsung,63 000 ,Mermoz,https://i.roamcdn.net/hz/ed/listing-thumb-543w/eb35b1799149d700f6c147c41260ed44/-/horizon-files-prod/ed/picture/q2j0w972/aabbbb1f7af448c3a454379d75fbd9b783d86ef0.png
2119,"<h1 class=""listing-item__header"">
    Tecno Camon 30s Mémoire 128Go – Ram 6Go
</h1>",Neuf,Tecno,120 000 ,Mermoz,https://i.roamcdn.net/hz/ed/listing-thumb-543w/d539825ce02adae802347eaaf2aa442c/-/horizon-files-prod/ed/picture/qj4qx2e6/ae86a7757c3e58c62b9621897f1161f27955caf0.jpg
2120,"<h1 class=""listing-item__header"">
    IPHONE 16 PRO MAX 256G ESIM
</h1>",Neuf,iPhone,850 000 ,Almadies,https://i.roamcdn.net/hz/ed/listing-thumb-543w/b350e0312bebd6b5dc2fe287c1e0b548/-/horizon-files-prod/ed/picture/qzvpr80v/da14139b2be71a6ed97252dbdbb771093f546bf1.jpg
2121,"<h1 class=""listing-item__header"">
    iPhone 16 pro max 512Go sim physique
</h1>",Neuf,iPhone,1 250 000 ,Plateau,https://i.roamcdn.net/hz/ed/listing-thumb-543w/4ea220c0bc92b85e3b07eb6683794085/-/horizon-files-prod/ed/picture/qrz8jreg/892c5909f8b3fa33146a566cc0d0fe07515f75cf.jpg
2122,"<h1 class=""listing-item__header"">
    iPhone 16 Pro Max 256Go sim Physique
</h1>",Neuf,iPhone,1 050 000 ,Plateau,https://i.roamcdn.net/hz/ed/listing-thumb-543w/1cc49ad2f60c563fc6c3e707c384780b/-/horizon-files-prod/ed/picture/q6xdvq9z/3a038dfe3fa7667aca39774d87f2dc89f4f9527e.jpg
2123,"<h1 class=""listing-item__header"">
    Iphone 15 Plus scellé
</h1>",Neuf,iPhone,565 000 ,Médina,https://i.roamcdn.net/hz/ed/listing-thumb-543w/9949400506eeed07860260603d2384aa/-/horizon-files-prod/ed/picture/q9mjnkr6/5fbb0a3e784969e0046d6b26c0ea5c923d3b2dd3.jpg
2124,"<h1 class=""listing-item__header"">
    Iphone 16 simple 128gb
</h1>",Neuf,iPhone,620 000 ,Plateau,https://i.roamcdn.net/hz/ed/listing-thumb-543w/de682c18c6929557a619bef440744d96/-/horizon-files-prod/ed/picture/q78wx4g8/bff461b4f731ae76813b6dbf921cd0d533a46fe5.jpg
2125,"<h1 class=""listing-item__header"">
    Motorola Moto G62 5g 128GB
</h1>",Venant,Motorola,40 000 ,Sicap foire,https://i.roamcdn.net/hz/ed/listing-thumb-543w/f9632121c16109ae0e1c968997494cb6/-/horizon-files-prod/ed/picture/q78wxevd/9362eacc32d9e3b18740d291a7e600d5448bd3bc.jpg
2126,"<h1 class=""listing-item__header"">
    12 simple 128go
</h1>",Venant,iPhone,195 000 ,Médina,https://i.roamcdn.net/hz/ed/listing-thumb-543w/6c2f6b13807fbc647d43d30a945e09c9/-/horizon-files-prod/ed/picture/q44nrvk9/75b3a62f32dadd7ca4bc8c69bb384e2fea9ff628.jpg
2127,"<h1 class=""listing-item__header"">
    iphone 8 simple-64Go- VENANT AUTHENTİQUE
</h1>",Venant,iPhone,60 000 ,Médina,https://i.roamcdn.net/hz/ed/listing-thumb-543w/78e42d1b663069f0d6f431c5e7147757/-/horizon-files-prod/ed/picture/qwep020g/e957d742d35e6febce0ed259c8e7023cefc35f21.jpg
2128,"<h1 class=""listing-item__header"">
    iPhone 16 pro sim physique
</h1>",Neuf,iPhone,670 000 ,Médina,https://i.roamcdn.net/hz/ed/listing-thumb-543w/20eafa147714024f6cf27b843e668421/-/horizon-files-prod/ed/picture/qkr8eq9m/20d5c19e5ed42741aec8ec5311328dc0ae079046.jpg
2129,"<h1 class=""listing-item__header"">
    Samsung Z Flip 5
</h1>",D'occasion,Samsung,325 000 ,Almadies,https://i.roamcdn.net/hz/ed/listing-thumb-543w/82b4a0c5559784af5fb73b07dd51123b/-/horizon-files-prod/ed/picture/qrz86x6j/80a0dac74f3f97b48471df7990a1e7b16bc08a07.jpg
2130,"<h1 class=""listing-item__header"">
    GALAXY TECNO CAMON 30 256GB RAM8
</h1>",Neuf,Autres,169 000 ,Plateau,https://i.roamcdn.net/hz/ed/listing-thumb-543w/ce7d772405774774d6dae4cddfe98d69/-/horizon-files-prod/ed/picture/qj4q5wpw/dfcfc48965425d38fdc7a165150170230d883001.jpg
2131,"<h1 class=""listing-item__header"">
    GALAXY TECHNO SPARK 20 256GB RAM 8GB
</h1>",Neuf,Autres,109 000 ,Plateau,https://i.roamcdn.net/hz/ed/listing-thumb-543w/190bc22f1b8220e658bdc24e3477165c/-/horizon-files-prod/ed/picture/qgqw40p8/4b05d7a52b951ae038a7c81a0772c2cf2fc0fbd8.jpg
2132,"<h1 class=""listing-item__header"">
    Tecno spark 20  copie 128
</h1>",Neuf,Tecno,35 000 ,Colobane,https://i.roamcdn.net/hz/ed/listing-thumb-543w/5abb0820fdb31082dd064be3cfe06e1f/-/horizon-files-prod/ed/picture/qrz860rn/080b6b39f6c815ed602b95b46b58d18f167d9691.jpg
2133,"<h1 class=""listing-item__header"">
    IPHONE 7  Plus possibilité paiement deux tranches
</h1>",Venant,iPhone,78 000 ,Ouest foire,https://i.roamcdn.net/hz/ed/listing-thumb-543w/4a3da3bbdeb0412e0ab2e69d6040f39b/-/horizon-files-prod/ed/picture/qzvprxqx/8233b9a10e8a36f69a7b2957f896329530d1cce4.jpg
2134,"<h1 class=""listing-item__header"">
    iPhone 16 Pro Max  1To dual sim physique
</h1>",Neuf,iPhone,1 500 000 ,Plateau,https://i.roamcdn.net/hz/ed/listing-thumb-543w/2decd5dfbfb7d3a8b8e085b6d8d3db94/-/horizon-files-prod/ed/picture/q44nr5wm/e6511ba9bff39a0c821b6fdbbac40531a9907d53.jpg
2135,"<h1 class=""listing-item__header"">
    16 simple 128Go
</h1>",Neuf,iPhone,710 000 ,Médina,https://i.roamcdn.net/hz/ed/listing-thumb-543w/b15369c36e97dba9ea4255c21421c782/-/horizon-files-prod/ed/picture/q9mjrk9x/7be59d578f7601279d93539157a156830d4aea45.jpg
2136,"<h1 class=""listing-item__header"">
    14 plus 128 Go
</h1>",Neuf,iPhone,390 000 ,Médina,https://i.roamcdn.net/hz/ed/listing-thumb-543w/5bb52f8b1ef88514be5a64e73726cd6e/-/horizon-files-prod/ed/picture/qwep2m4j/b3480a8fef15d2999747f540185fb2439f32c73e.jpg
2137,"<h1 class=""listing-item__header"">
    Samsung S21 256 go
</h1>",Venant,Samsung,150 000 ,Médina,https://i.roamcdn.net/hz/ed/listing-thumb-543w/c5d46f62f398f4a921994e418e0fda6d/-/horizon-files-prod/ed/picture/q78wvn5q/2fc6b62a88e37c0ebb51fdfe07d3517f37cbc27b.jpg
2138,"<h1 class=""listing-item__header"">
    Iphone 16plus 128go sim physique
</h1>",Neuf,iPhone,720 000 ,Guediawaye,https://i.roamcdn.net/hz/ed/listing-thumb-543w/41e696db1c40052c3007bad066d284df/-/horizon-files-prod/ed/picture/qj4q5qzw/a7f979b651bf1e89c46ba06c2834031a567a6135.jpg
2139,"<h1 class=""listing-item__header"">
    iphone 8 simple-64Go- VENANT AUTHENTİQUE
</h1>",Venant,iPhone,60 000 ,Médina,https://i.roamcdn.net/hz/ed/listing-thumb-543w/78e42d1b663069f0d6f431c5e7147757/-/horizon-files-prod/ed/picture/qwep020g/e957d742d35e6febce0ed259c8e7023cefc35f21.jpg
2140,"<h1 class=""listing-item__header"">
    iPhone 16 pro sim physique
</h1>",Neuf,iPhone,670 000 ,Médina,https://i.roamcdn.net/hz/ed/listing-thumb-543w/20eafa147714024f6cf27b843e668421/-/horizon-files-prod/ed/picture/qkr8eq9m/20d5c19e5ed42741aec8ec5311328dc0ae079046.jpg
2141,"<h1 class=""listing-item__header"">
    Iphone 11 Pro Max 256Gb
</h1>",Neuf,iPhone,300 000 ,Gueule-Tapée,https://i.roamcdn.net/hz/ed/listing-thumb-543w/0ad3fa1f0d0f6184da3433f5c0dab527/-/horizon-files-prod/ed/picture/q448qp64/864c743f928f627cd4b46e2f6fbe1a82fa442cce.jpg
2142,"<h1 class=""listing-item__header"">
    Pochette Transparente  MagSafe iPhone 16 Pro Max
</h1>",Neuf,iPhone,60 000 ,Plateau,https://i.roamcdn.net/hz/ed/listing-thumb-543w/bd20f22264c1e0c585fa20c4a88b4da6/-/horizon-files-prod/ed/picture/qm5gvp7g/2bb624435f67fcbe2cfe2e03d284c4be94e5f1f7.jpg
2143,"<h1 class=""listing-item__header"">
    Iphone 11 simple 128G 175mille
</h1>",Neuf,iPhone,180 000 ,Gueule-Tapée,https://i.roamcdn.net/hz/ed/listing-thumb-543w/1f09e95397f42f0b98ae7ffd7ef840a7/-/horizon-files-prod/ed/picture/qngpgxgv/18dcc01bf5d1d04fc5d3f8e72d19d29bdde81faa.jpg
2144,"<h1 class=""listing-item__header"">
    Alcatel T06 - Téléphones Filaires Slimline
</h1>",Neuf,Alcatel,13 000 ,Castor,https://i.roamcdn.net/hz/ed/listing-thumb-543w/f820f8c6cfcbb973bc8882c83120ee56/-/horizon-files-prod/ed/picture/q56drxv7/1fafbb666e2f195aa4c390af9f26cbc408e9b774.jpg
2145,"<h1 class=""listing-item__header"">
    iphone 16 Pro 256Go dual sim physique
</h1>",Neuf,iPhone,975 000 ,Plateau,https://i.roamcdn.net/hz/ed/listing-thumb-543w/a5b9a313432f554860f52c345da55a8b/-/horizon-files-prod/ed/picture/qenvpqwd/181aa5e2bdb0632df9687f5ade1a82cfdeff6f80.jpg
2146,"<h1 class=""listing-item__header"">
    Google Pixel 9 Pro Fold 256Go
</h1>",Neuf,Google,1 300 000 ,Plateau,https://i.roamcdn.net/hz/ed/listing-thumb-543w/db8f57e27e447aa4f7d6014e202f44a4/-/horizon-files-prod/ed/picture/qwepn2g4/75917616ec0e4c41bca3a18ee0ae38d4afecb9b7.jpg
2147,"<h1 class=""listing-item__header"">
    Google Pixel 9 Pro Fold 512Go
</h1>",Neuf,Google,1 450 000 ,Plateau,https://i.roamcdn.net/hz/ed/listing-thumb-543w/a5ac6b833541d9a5ec0b83f8a6e43ada/-/horizon-files-prod/ed/picture/q78wx5pd/5614586f7414bde16df88a0d92fc271a1f883fee.jpg
2148,"<h1 class=""listing-item__header"">
    iPhone 16 Pro Max 512Go dual sim physique
</h1>",Neuf,iPhone,1 300 000 ,Plateau,https://i.roamcdn.net/hz/ed/listing-thumb-543w/bdb4cdaa2aa2424999ecd25a61561470/-/horizon-files-prod/ed/picture/q9mjr99v/357f4250a2cfe504315e6961963528df9d075205.jpg
2149,"<h1 class=""listing-item__header"">
    iPhone 16 Pro Max 256Go dual sim physique
</h1>",Neuf,iPhone,1 100 000 ,Plateau,https://i.roamcdn.net/hz/ed/listing-thumb-543w/929f427485e6d03157d7f97c504702d3/-/horizon-files-prod/ed/picture/qv4w9emp/9c8373b9ac9df4bd43790b94411492a5c74e43ed.jpg
2150,"<h1 class=""listing-item__header"">
    Pochette coque samsung z fold6 le meilleur de ça génération
</h1>",Neuf,Samsung,20 000 ,Dieuppeul,https://i.roamcdn.net/hz/ed/listing-thumb-543w/c8bd823ce3d34abffca7a0a27dc1aa2f/-/horizon-files-prod/ed/picture/qzvppxxn/1fed00240dda54e4ccf531abf0b7086c98faae44.jpg
2151,"<h1 class=""listing-item__header"">
    iphone 8 simple-64Go- VENANT AUTHENTİQUE
</h1>",Venant,iPhone,60 000 ,Médina,https://i.roamcdn.net/hz/ed/listing-thumb-543w/78e42d1b663069f0d6f431c5e7147757/-/horizon-files-prod/ed/picture/qwep020g/e957d742d35e6febce0ed259c8e7023cefc35f21.jpg
2152,"<h1 class=""listing-item__header"">
    iPhone 16 pro sim physique
</h1>",Neuf,iPhone,670 000 ,Médina,https://i.roamcdn.net/hz/ed/listing-thumb-543w/20eafa147714024f6cf27b843e668421/-/horizon-files-prod/ed/picture/qkr8eq9m/20d5c19e5ed42741aec8ec5311328dc0ae079046.jpg
2153,"<h1 class=""listing-item__header"">
    GALAXY A55 SAMSUNG 128GB RAM 8GB
</h1>",Neuf,Samsung,229 000 ,Plateau,https://i.roamcdn.net/hz/ed/listing-thumb-543w/2e5bdd910447199aef765dadbe776b0d/-/horizon-files-prod/ed/picture/qq429krj/a89c34e3a446dff11fe7e474db45fd241b877060.jpg
2154,"<h1 class=""listing-item__header"">
    GALAXY SAMSUNG A54 128GB RAM 8GB 4G
</h1>",Neuf,Samsung,210 000 ,Plateau,https://i.roamcdn.net/hz/ed/listing-thumb-543w/c1a08337842eaed0bde9dd5a2f825bae/-/horizon-files-prod/ed/picture/qv4wg0jp/f6aa03557fd5fe1a8a04dba1134127f48556e756.jpg
2155,"<h1 class=""listing-item__header"">
    IPHONE 12 pro Max 128 giga
</h1>",Neuf,iPhone,273 000 ,Médina,https://i.roamcdn.net/hz/ed/listing-thumb-543w/68dd3becf0bcc6593f7b2e6f6713ea58/-/horizon-files-prod/ed/picture/q8v448v0/665713fa4ef4ad873a9154541bbd7c8b8a287f6a.jpg
2156,"<h1 class=""listing-item__header"">
    IOHONE XR 64 giga et iPhone XR 128 giga
</h1>",Neuf,iPhone,112 500 ,Médina,https://i.roamcdn.net/hz/ed/listing-thumb-543w/0337a2d1f490f8b0bab3f312de7387b3/-/horizon-files-prod/ed/picture/q6xddwx8/5e779f332efa5e7cfdc9438c35d4ca95d3bfa73e.jpg
2157,"<h1 class=""listing-item__header"">
    IPhone XR 128 et 64 giga
</h1>",Neuf,iPhone,113 000 ,Médina,https://i.roamcdn.net/hz/ed/listing-thumb-543w/189710d0d7a71fde1a49da3670ec387d/-/horizon-files-prod/ed/picture/q9z6z4w/5020e901ca5342c25a7b95d2249843472ed8dff1.jpg
2158,"<h1 class=""listing-item__header"">
    Google pixel fold
</h1>",D'occasion,Google,730 000 ,Colobane,https://i.roamcdn.net/hz/ed/listing-thumb-543w/bbb168f04bb8683295735f1a06e4c3b6/-/horizon-files-prod/ed/picture/qm5g6502/c8efe966b2dcfd1b69faf87d301c56d1f33cf3b2.jpg
2159,"<h1 class=""listing-item__header"">
    iPhone 12 Pro Max 128
</h1>",Venant,iPhone,280 000 ,Point-e,https://i.roamcdn.net/hz/ed/listing-thumb-543w/cd83f824267087240226ad1705285642/-/horizon-files-prod/ed/picture/qpdm0pzx/444b7480a2943fdd6391f2a36f7683b84baaf73d.jpg
2160,"<h1 class=""listing-item__header"">
    iPhone 13 - 128GB
</h1>",Venant,iPhone,260 000 ,Point-e,https://i.roamcdn.net/hz/ed/listing-thumb-543w/0f7a51b3496149308cf67f5d90f891ca/-/horizon-files-prod/ed/picture/qrz8n2pm/6219731e25d35d679e41bf98e74cd4718502933b.jpg
2161,"<h1 class=""listing-item__header"">
    iPhone 12 - 64GB
</h1>",Venant,iPhone,200 000 ,Point-e,https://i.roamcdn.net/hz/ed/listing-thumb-543w/3b17c9f7ee6d16d792f8e1d897117958/-/horizon-files-prod/ed/picture/qq429qjv/d570ca32508992bfa85d03f53847c96ac3fde9f8.jpg
2162,"<h1 class=""listing-item__header"">
    Honor Magic V3 512Go
</h1>",Neuf,Honor,1 300 000 ,Plateau,https://i.roamcdn.net/hz/ed/listing-thumb-543w/bbbffd5231590a7cdee7aeb8db798c27/-/horizon-files-prod/ed/picture/q44n0j6m/770451c4c4432a1853ae447b38ba4d04f0f83036.jpg
2163,"<h1 class=""listing-item__header"">
    iphone 8 simple-64Go- VENANT AUTHENTİQUE
</h1>",Venant,iPhone,60 000 ,Médina,https://i.roamcdn.net/hz/ed/listing-thumb-543w/78e42d1b663069f0d6f431c5e7147757/-/horizon-files-prod/ed/picture/qwep020g/e957d742d35e6febce0ed259c8e7023cefc35f21.jpg
2164,"<h1 class=""listing-item__header"">
    iPhone 16 pro sim physique
</h1>",Neuf,iPhone,670 000 ,Médina,https://i.roamcdn.net/hz/ed/listing-thumb-543w/20eafa147714024f6cf27b843e668421/-/horizon-files-prod/ed/picture/qkr8eq9m/20d5c19e5ed42741aec8ec5311328dc0ae079046.jpg
2165,"<h1 class=""listing-item__header"">
    Téléphone gxp 1625
</h1>",Neuf,Autres,45 000 ,Médina,https://i.roamcdn.net/hz/ed/listing-thumb-543w/126c044d1ce4ac5e07868c96be8a8b54/-/horizon-files-prod/ed/picture/qv4wd78p/1167c3dfdc2b6d8b47f2335143600f06c8787257.jpg
2166,"<h1 class=""listing-item__header"">
    Samsung A05 - 128Go Ram 4Go
</h1>",Neuf,Samsung,64 500 ,Castor,https://i.roamcdn.net/hz/ed/listing-thumb-543w/dcfb44258c7d060b7e4a2c40bac10b18/-/horizon-files-prod/ed/picture/qngxnqxm/de85f70d6df3ca2d484e4d76b724d0cc2e977e4b.jpg
2167,"<h1 class=""listing-item__header"">
    PROMO GALAXY SAMSUNG A15 128GB RAM 6GB
</h1>",Neuf,Samsung,98 000 ,Plateau,https://i.roamcdn.net/hz/ed/listing-thumb-543w/5b32a5d3629ca67aff6fbf963f31e2dc/-/horizon-files-prod/ed/picture/qrz8rwpq/9b8be7cc500bde8093d6cbcef57590b6f5ad7976.jpg
2168,"<h1 class=""listing-item__header"">
    PROMO GALAXY SAMSUNG A15 128GB RAM 6GB
</h1>",Neuf,Autres,98 000 ,Plateau,https://i.roamcdn.net/hz/ed/listing-thumb-543w/c91213f36e0e1570d208dd04d6cb9671/-/horizon-files-prod/ed/picture/qq42znv6/6e090c5d9cad560473092aef61edd46769b24a9a.jpg
2169,"<h1 class=""listing-item__header"">
    Google Pixel 9 Pro XL 256Go
</h1>",Neuf,Google,850 000 ,Plateau,https://i.roamcdn.net/hz/ed/listing-thumb-543w/d96b6eba159a2eb88bf73899635f950a/-/horizon-files-prod/ed/picture/qgqwmg9m/d48b59e7d870b082085ec926cb4863652aacd3f9.png
2170,"<h1 class=""listing-item__header"">
    Xiaomi 13 Ultra
</h1>",Venant,Xiaomi,445 000 ,Plateau,https://i.roamcdn.net/hz/ed/listing-thumb-543w/0f2b4465b85b2fd73fef65818c18e49c/-/horizon-files-prod/ed/picture/qpdmg5d0/fdfa30e246f635c3df0f4a83c3e2e5ed3f9f45fe.jpg
2171,"<h1 class=""listing-item__header"">
    Téléphone Samsung A15 ram 6 / 128 go
</h1>",Neuf,Samsung,100 000 ,Médina,https://i.roamcdn.net/hz/ed/listing-thumb-543w/09c9ff657fd0db76f9e1bd57375fae67/-/horizon-files-prod/ed/picture/qkr8mwq5/75f3644f39cf30d56a466fc0c2e1ff578e2fef4f.jpg
2172,"<h1 class=""listing-item__header"">
    Huawei Pura 70 Ultra
</h1>",Neuf,Huawei,729 900 ,Plateau,https://i.roamcdn.net/hz/ed/listing-thumb-543w/10fff45bd1e646807c0a82e3c600ae9a/-/horizon-files-prod/ed/picture/q56dpzw0/fa69a7c8b581e1018b270d1e36e3477bdc156f34.jpg
2173,"<h1 class=""listing-item__header"">
    Vente Redmi Note 13 Pro 5G
</h1>",Neuf,Xiaomi,225 000 ,Plateau,https://i.roamcdn.net/hz/ed/listing-thumb-543w/00295ab5460add878a4f441e076868b4/-/horizon-files-prod/ed/picture/q56dd9p6/bebe367e210e855618e5083bcd275dd6d81eb665.jpg
2174,"<h1 class=""listing-item__header"">
    ZTE BLADE A54 64GB
</h1>",Venant,ZTE,30 000 ,Sicap foire,https://i.roamcdn.net/hz/ed/listing-thumb-543w/27910fe03cda5d5ed0bbc912cab1c78f/-/horizon-files-prod/ed/picture/qrz8rn44/651b084c5b9b5c2aa522c7fc76bcb3e3ac8de807.jpg
2175,"<h1 class=""listing-item__header"">
    iphone 8 simple-64Go- VENANT AUTHENTİQUE
</h1>",Venant,iPhone,60 000 ,Médina,https://i.roamcdn.net/hz/ed/listing-thumb-543w/78e42d1b663069f0d6f431c5e7147757/-/horizon-files-prod/ed/picture/qwep020g/e957d742d35e6febce0ed259c8e7023cefc35f21.jpg
2176,"<h1 class=""listing-item__header"">
    iPhone 16 pro sim physique
</h1>",Neuf,iPhone,670 000 ,Médina,https://i.roamcdn.net/hz/ed/listing-thumb-543w/20eafa147714024f6cf27b843e668421/-/horizon-files-prod/ed/picture/qkr8eq9m/20d5c19e5ed42741aec8ec5311328dc0ae079046.jpg
2177,"<h1 class=""listing-item__header"">
    Tecno POP 8 – 128Go – Ram 4+4Go – Ecran 6.6″ pouces
</h1>",Neuf,Tecno,56 500 ,Castor,https://i.roamcdn.net/hz/ed/listing-thumb-543w/42fdb2a815391444f1232e8257a02306/-/horizon-files-prod/ed/picture/qdekx7j4/4376596d26f0282338372819d4ce70357f9f4c92.jpg
2178,"<h1 class=""listing-item__header"">
    Iphone 15 Promax 256Gb
</h1>",Neuf,iPhone,720 000 ,Médina,https://i.roamcdn.net/hz/ed/listing-thumb-543w/8e60d7627f6fa071509918c339f81d7f/-/horizon-files-prod/ed/picture/qgqwm578/ef292a7100a4799bdcbb5983497d858879d43ff2.jpg
2179,"<h1 class=""listing-item__header"">
    iPhone 12 64GB
</h1>",Venant,iPhone,199 998 ,Médina,https://i.roamcdn.net/hz/ed/listing-thumb-543w/c4bd2fe0adddae0a9e5ab16751020b30/-/horizon-files-prod/ed/picture/qm5p9v22/5c0b00a91b1e7edaa0e433e2745a29ed6d1c6782.jpg
2180,"<h1 class=""listing-item__header"">
    OnePlus 11R 5G 256
</h1>",Venant,OnePlus,290 000 ,Médina,https://i.roamcdn.net/hz/ed/listing-thumb-543w/be1726a6abedc6a9dee4637b1d8145f4/-/horizon-files-prod/ed/picture/q8v5j786/8fda318dc66f4f227e749cb7c23375e8956be51b.jpg
2181,"<h1 class=""listing-item__header"">
    OnePlus 9RT 128GB
</h1>",Venant,OnePlus,210 000 ,Médina,https://i.roamcdn.net/hz/ed/listing-thumb-543w/bb3fea725cfc053221557c4b3d4e58ee/-/horizon-files-prod/ed/picture/qpdmmv6q/bd2a022731693989d8ab21d3e63afae454aa36ef.jpg
2182,"<h1 class=""listing-item__header"">
    Oppo Reno 11 512GB 5G
</h1>",Venant,Oppo,300 000 ,Médina,https://i.roamcdn.net/hz/ed/listing-thumb-543w/7bedaf5d0f771591e0354d6ec56ba661/-/horizon-files-prod/ed/picture/qxjppr2w/050c239327e14d0b372ff0c7e197c6786f18a2c1.jpg
2183,"<h1 class=""listing-item__header"">
    OnePlus 12R 512GB
</h1>",Venant,OnePlus,360 000 ,Médina,https://i.roamcdn.net/hz/ed/listing-thumb-543w/85e34209cf26de7b8374dd47eabd03da/-/horizon-files-prod/ed/picture/qq422077/ef57e6e9e6d5fe2eab3d7bdbc947d10fc1044227.jpg
2184,"<h1 class=""listing-item__header"">
    iPhone 12 simple 64 giga et iPhone 12 128 giga
</h1>",Neuf,iPhone,185 000 ,Médina,https://i.roamcdn.net/hz/ed/listing-thumb-543w/b20d8a4ab15faef4f841cc1898f1b0b5/-/horizon-files-prod/ed/picture/q0g776gj/8ce5affc4f5df81efc18ee3c4652329462da0520.jpg
2185,"<h1 class=""listing-item__header"">
    IPHONE 13 pro Max 128 giga
</h1>",Neuf,iPhone,349 000 ,Médina,https://i.roamcdn.net/hz/ed/listing-thumb-543w/526ac33ef52a10fd0eb407d54476b00d/-/horizon-files-prod/ed/picture/q56ddn65/9a6e737d2b19ae5c1d027dec38b8d262b15a8969.jpg
2186,"<h1 class=""listing-item__header"">
    IPHONE 14 pro 128 giga
</h1>",Neuf,iPhone,479 000 ,Médina,https://i.roamcdn.net/hz/ed/listing-thumb-543w/040391ac31f60415c0f6bc26b638f32f/-/horizon-files-prod/ed/picture/qpdmm9dj/4b2ce95a58d8186452778af2877eae7ed0ecf6df.jpg
2187,"<h1 class=""listing-item__header"">
    iphone 8 simple-64Go- VENANT AUTHENTİQUE
</h1>",Venant,iPhone,60 000 ,Médina,https://i.roamcdn.net/hz/ed/listing-thumb-543w/78e42d1b663069f0d6f431c5e7147757/-/horizon-files-prod/ed/picture/qwep020g/e957d742d35e6febce0ed259c8e7023cefc35f21.jpg
2188,"<h1 class=""listing-item__header"">
    Samsung galaxy fold 6 256G
</h1>",Neuf,Samsung,750 000 ,Liberte 6 extension,https://i.roamcdn.net/hz/ed/listing-thumb-543w/fb52b15c5a77dff4c6ebb42103a77b2c/-/horizon-files-prod/ed/picture/qq42e5v6/b910e6b186d4206e3759a489da1e8d6e88f16450.jpg
2189,"<h1 class=""listing-item__header"">
    IPHONE 13 simple 128 giga et iPhone 13 Pro 128 giga
</h1>",Neuf,iPhone,239 000 ,Médina,https://i.roamcdn.net/hz/ed/listing-thumb-543w/9d0d2267ec8b30a2481bcc3b669f102a/-/horizon-files-prod/ed/picture/qzvppk2q/d77dd04d98e3d9a8c6da1eb2282ce0527c74c5bb.jpg
2190,"<h1 class=""listing-item__header"">
    Samsung Galaxy A25 5G 128Go ram 6Go
</h1>",Neuf,Samsung,125 000 ,Médina,https://i.roamcdn.net/hz/ed/listing-thumb-543w/409547a284b9c987ca6cbdc2b665c309/-/horizon-files-prod/ed/picture/qpd65erp/1ba2c4bc3b4652721ca9d3d88c055e96ecb25daf.png
2191,"<h1 class=""listing-item__header"">
    iPhone 13 Pro Max 128 giga
</h1>",Neuf,iPhone,344 000 ,Dieuppeul,https://i.roamcdn.net/hz/ed/listing-thumb-543w/52c46bd6ccc4100d405d9cc1a0f04977/-/horizon-files-prod/ed/picture/q8v57p0z/ed107fddf5c0e93a02c98067561d638a310c66ca.jpg
2192,"<h1 class=""listing-item__header"">
    REDMI 13C RAM 8GO / 256GO
</h1>",Neuf,Xiaomi,95 000 ,Médina,https://i.roamcdn.net/hz/ed/listing-thumb-543w/a9759f3468395b363e9b0d94b4130233/-/horizon-files-prod/ed/picture/qm5ggnrj/cef6567dd098c430957ad5fbe8134ef70ab1536d.png
2193,"<h1 class=""listing-item__header"">
    Redmi Note 13 ram 8/ 128 go 4G
</h1>",Neuf,Xiaomi,110 000 ,Médina,https://i.roamcdn.net/hz/ed/listing-thumb-543w/434e89f6897b6115c71a49e52da424b9/-/horizon-files-prod/ed/picture/q56x726e/7d00ee4b5be94cba87b7ee131ae617edd990f6be.jpg
2194,"<h1 class=""listing-item__header"">
    Téléphone Samsung A05s 128 go ram  4
</h1>",Neuf,Samsung,80 000 ,Médina,https://i.roamcdn.net/hz/ed/listing-thumb-543w/e66617bc64bc88b1561af3b2b828e16e/-/horizon-files-prod/ed/picture/qv4wp2vg/295e8d77fab5a45306a96849cb583a3bc8a822f1.jpg
2195,"<h1 class=""listing-item__header"">
    Galaxies  Zfold6 512
</h1>",Neuf,Samsung,1 080 000 ,Médina,https://i.roamcdn.net/hz/ed/listing-thumb-543w/8c18987652a4ea4d9f0798457bd8f33d/-/horizon-files-prod/ed/picture/qenvvp86/066928635113ba57b98be80abcffa033bd61ce00.jpg
2196,"<h1 class=""listing-item__header"">
    IPhone 13 simple 128
</h1>",Neuf,iPhone,243 000 ,Médina,https://i.roamcdn.net/hz/ed/listing-thumb-543w/0673af1dc3362815c84601e840871ed4/-/horizon-files-prod/ed/picture/qv769xp/52168b42ae0170bcccdc1cf3c09e87d98fc24460.jpg
2197,"<h1 class=""listing-item__header"">
    Samsung galaxy s23
</h1>",D'occasion,Samsung,220 000 ,Mermoz,https://i.roamcdn.net/hz/ed/listing-thumb-543w/c57cd1ee2da4b15f4f5761de3a94ad65/-/horizon-files-prod/ed/picture/qkr88545/52b6e7f8b085cc132f48a0311abccb499cb7055a.jpg
2198,"<h1 class=""listing-item__header"">
    Samsung galaxie S22 256Go
</h1>",Venant,Samsung,210 000 ,Plateau,https://i.roamcdn.net/hz/ed/listing-thumb-543w/4a8b968988cc15d91ad49190daee9211/-/horizon-files-prod/ed/picture/qzvppv8v/3724f5bc43d002aa6d4191b0496463d64cd7e976.jpg
2199,"<h1 class=""listing-item__header"">
    iphone 8 simple-64Go- VENANT AUTHENTİQUE
</h1>",Venant,iPhone,60 000 ,Médina,https://i.roamcdn.net/hz/ed/listing-thumb-543w/78e42d1b663069f0d6f431c5e7147757/-/horizon-files-prod/ed/picture/qwep020g/e957d742d35e6febce0ed259c8e7023cefc35f21.jpg
2200,"<h1 class=""listing-item__header"">
    Samsung galaxy fold 6 256G
</h1>",Neuf,Samsung,750 000 ,Liberte 6 extension,https://i.roamcdn.net/hz/ed/listing-thumb-543w/fb52b15c5a77dff4c6ebb42103a77b2c/-/horizon-files-prod/ed/picture/qq42e5v6/b910e6b186d4206e3759a489da1e8d6e88f16450.jpg
2201,"<h1 class=""listing-item__header"">
    Fold pixel
</h1>",Neuf,Google,875 000 ,Médina,https://i.roamcdn.net/hz/ed/listing-thumb-543w/77939aac5b623d9788d72994b052da5f/-/horizon-files-prod/ed/picture/qm5p9e0z/44e800316cb2b230348a89785b1ab7cd1d964806.jpg
2202,"<h1 class=""listing-item__header"">
    Huawei P 60 Pro
</h1>",Neuf,Huawei,450 000 ,Médina,https://i.roamcdn.net/hz/ed/listing-thumb-543w/6dcbc1ab2a5aa6e266d68d90b6112a1c/-/horizon-files-prod/ed/picture/q44nn44e/fa94503107b946c7b1e8f94ffd6da73591b2bff8.jpg
2203,"<h1 class=""listing-item__header"">
    Galaxie fold 6
</h1>",Neuf,Samsung,1 000 000 ,Médina,https://i.roamcdn.net/hz/ed/listing-thumb-543w/fcda009fbe8cb8159582653f92afd885/-/horizon-files-prod/ed/picture/q78w587z/2a7812a54037857994587c1b20614620e421a3e8.jpg
2204,"<h1 class=""listing-item__header"">
    Vente Oppo Flip N3
</h1>",Neuf,Oppo,525 000 ,Plateau,https://i.roamcdn.net/hz/ed/listing-thumb-543w/627dedb746cd493ef507dd071973f0bb/-/horizon-files-prod/ed/picture/q0gwr25j/feb7be0f6a9cdf8002d4c00b9b6b3b3c47bf89b3.jpg
2205,"<h1 class=""listing-item__header"">
    iPhone 13 simple authentique
</h1>",Neuf,iPhone,375 000 ,Hlm grand-yoff,https://i.roamcdn.net/hz/ed/listing-thumb-543w/8889f109b4690fab66f9709787bc58b0/-/horizon-files-prod/ed/picture/q2j0r47e/24982e6b6abb36f9a2ebf730c4284db4ecec6fc9.jpg
2206,"<h1 class=""listing-item__header"">
    iPhone 15 simple authentique
</h1>",Neuf,iPhone,500 000 ,Hlm grand-yoff,https://i.roamcdn.net/hz/ed/listing-thumb-543w/65e096adf1610888deeafd6f7ec56190/-/horizon-files-prod/ed/picture/qde7w505/6f5e0e502bdb182fac782db744791d87b15fbc53.jpg
2207,"<h1 class=""listing-item__header"">
    z fold 5 open box
</h1>",Neuf,Samsung,550 000 ,Hlm grand-yoff,https://i.roamcdn.net/hz/ed/listing-thumb-543w/b32ec42fa38b72b4e42979a6ee3fe82c/-/horizon-files-prod/ed/picture/q6xdk00p/7750e28354e274f08735d60bf210f7866743f8f1.jpg
2208,"<h1 class=""listing-item__header"">
    Huawei Pura 70 Ultra 512go
</h1>",Neuf,Huawei,775 000 ,Plateau,https://i.roamcdn.net/hz/ed/listing-thumb-543w/2c7ae2efad2a0de2d5b9f45eb369e7e6/-/horizon-files-prod/ed/picture/qrz8vpen/6ffc189df5a02379566093b8b286b484155fc315.jpg
2209,"<h1 class=""listing-item__header"">
    GALAXY SAMSUNG A34 128GB RAM 6GB
</h1>",Neuf,Samsung,169 000 ,Plateau,https://i.roamcdn.net/hz/ed/listing-thumb-543w/4d5980cbec2702c1f83453c455e1c18e/-/horizon-files-prod/ed/picture/qngpxq4r/9752539eb3c8a9ffc0efa6258e28820a139b4b1e.jpg
2210,"<h1 class=""listing-item__header"">
    Oppo reno3
</h1>",Neuf,Oppo,140 000 ,Médina,https://i.roamcdn.net/hz/ed/listing-thumb-543w/4e00c4cb9a50309bdb653d5a912843d4/-/horizon-files-prod/ed/picture/q44n8gdp/310fa74ec230da1d481526872f1c19667ae1e1f4.jpg
2211,"<h1 class=""listing-item__header"">
    iphone 8 simple-64Go- VENANT AUTHENTİQUE
</h1>",Venant,iPhone,60 000 ,Médina,https://i.roamcdn.net/hz/ed/listing-thumb-543w/78e42d1b663069f0d6f431c5e7147757/-/horizon-files-prod/ed/picture/qwep020g/e957d742d35e6febce0ed259c8e7023cefc35f21.jpg
2212,"<h1 class=""listing-item__header"">
    iPhone 12 simple -64 Go- VENANT AUTHENTİQUE
</h1>",Venant,iPhone,175 000 ,Médina,https://i.roamcdn.net/hz/ed/listing-thumb-543w/c1b63f5207785812ebd5b426249656a1/-/horizon-files-prod/ed/picture/q8v4wrgp/94de9e8ed7e9c5d9cf2bddc690caab258bef9337.jpg
2213,"<h1 class=""listing-item__header"">
    iPhone 6S  MN1M2LL/A 32 GB
</h1>",Neuf,iPhone,40 000 ,Médina,https://i.roamcdn.net/hz/ed/listing-thumb-543w/4c5dc82106c12a499acf835b3bc0b428/-/horizon-files-prod/ed/picture/qxjpdnwq/c319c0bb6a4e778502083d64f034cbdc03561a99.jpg
2214,"<h1 class=""listing-item__header"">
    IPhone 12 Pro Max 128
</h1>",Venant,iPhone,290 000 ,Castor,https://i.roamcdn.net/hz/ed/listing-thumb-543w/63505c8c2e6a11a63c31ee20a46d1aec/-/horizon-files-prod/ed/picture/q2j0qk0g/03b5858847f4b2a6a6f306c241fef85b6829511f.jpg
2215,"<h1 class=""listing-item__header"">
    Samsung Galaxy Z Fold 6 256GB + 12 RAM
</h1>",Neuf,Samsung,1 080 000 ,Mermoz,https://i.roamcdn.net/hz/ed/listing-thumb-543w/7935c008a5231097b2c9ece24af2c3a2/-/horizon-files-prod/ed/picture/qpdm66qp/84eed09e2ad888b406cface80d4b4c17569ac235.jpg
2216,"<h1 class=""listing-item__header"">
    GALAXY SAMSUNG A15 128GB RAM 8GB 4G
</h1>",Neuf,Samsung,210 000 ,Plateau,https://i.roamcdn.net/hz/ed/listing-thumb-543w/1f6076510e4ed96fe81d10bf084685a8/-/horizon-files-prod/ed/picture/qgqw9qv0/18abbc8b630e0507e7769455e65d560bd8ad07e8.jpg
2217,"<h1 class=""listing-item__header"">
    Xr 64 Go
</h1>",Venant,iPhone,115 000 ,Médina,https://i.roamcdn.net/hz/ed/listing-thumb-543w/421bf212b52864c04635c8fdcfad9bd6/-/horizon-files-prod/ed/picture/q9m94gj7/471b95bb60a832f99174dad808653eb733518e7c.jpg
2218,"<h1 class=""listing-item__header"">
    Galaxie fold 3
</h1>",Venant,Samsung,315 000 ,Médina,https://i.roamcdn.net/hz/ed/listing-thumb-543w/9a8104c65d6b39029a57331fd83d3161/-/horizon-files-prod/ed/picture/q9m9e5q8/302fb0e942d6d966652bb0ae748fa917ddc1044c.jpg
2219,"<h1 class=""listing-item__header"">
    15 pro max 256 go
</h1>",Neuf,iPhone,720 000 ,Médina,https://i.roamcdn.net/hz/ed/listing-thumb-543w/d26ac6ec6bb10a87340dfbd0219ce4d4/-/horizon-files-prod/ed/picture/qzvpv57q/e2c53e3106b8dc643246fdcfcbb749000d278da5.jpg
2220,"<h1 class=""listing-item__header"">
    pixel fold
</h1>",Neuf,Google,890 000 ,Hlm grand-yoff,https://i.roamcdn.net/hz/ed/listing-thumb-543w/99e35bc5ac57261c87dc4455d30a2f8f/-/horizon-files-prod/ed/picture/q8v4zjkn/f7c8a68d4cafaafbb74df747c595e48cc554619b.jpg
2221,"<h1 class=""listing-item__header"">
    iPhone 15 pro authentique
</h1>",Neuf,iPhone,600 000 ,Hlm grand-yoff,https://i.roamcdn.net/hz/ed/listing-thumb-543w/5b28797bfd2e95849385a30a0db6c913/-/horizon-files-prod/ed/picture/qzvp47rv/534085fc806b8d075e78735048588fe1c98dd3c1.jpg
2222,"<h1 class=""listing-item__header"">
    iPhone 15 plus authentique
</h1>",Neuf,iPhone,600 000 ,Hlm grand-yoff,https://i.roamcdn.net/hz/ed/listing-thumb-543w/0a838bdbb4c4471cb7e2f7000452a326/-/horizon-files-prod/ed/picture/qenv56pd/fd633b46a42943996f304c008cec8a0e91a8ce19.jpg
2223,"<h1 class=""listing-item__header"">
    iphone 8 simple-64Go- VENANT AUTHENTİQUE
</h1>",Venant,iPhone,60 000 ,Médina,https://i.roamcdn.net/hz/ed/listing-thumb-543w/78e42d1b663069f0d6f431c5e7147757/-/horizon-files-prod/ed/picture/qwep020g/e957d742d35e6febce0ed259c8e7023cefc35f21.jpg
2224,"<h1 class=""listing-item__header"">
    iPhone 16 pro sim physique
</h1>",Neuf,iPhone,670 000 ,Médina,https://i.roamcdn.net/hz/ed/listing-thumb-543w/20eafa147714024f6cf27b843e668421/-/horizon-files-prod/ed/picture/qkr8eq9m/20d5c19e5ed42741aec8ec5311328dc0ae079046.jpg
2225,"<h1 class=""listing-item__header"">
    GALAXY SAMSUNG A15 256GB RAM 8GB
</h1>",Neuf,Samsung,122 000 ,Plateau,https://i.roamcdn.net/hz/ed/listing-thumb-543w/1c7a664f41f0c635ed092cfbfd5d28ec/-/horizon-files-prod/ed/picture/qrz8q948/79f21d7da56ff906f67978cc9f7fcdd62597b8b5.jpg
2226,"<h1 class=""listing-item__header"">
    Samsung Galaxy S23
</h1>",Neuf,Samsung,335 000 ,Plateau,https://i.roamcdn.net/hz/ed/listing-thumb-543w/455c8c688bcaab6a0128116e2c0707c8/-/horizon-files-prod/ed/picture/qq42qz46/c59f71581a1059dc83859ec53498b62e6b7e7698.jpg
2227,"<h1 class=""listing-item__header"">
    Iphone 12 pro et 12 pro max
</h1>",Venant,iPhone,273 000 ,Médina,https://i.roamcdn.net/hz/ed/listing-thumb-543w/0ed5baad16e49e1eebcc2723d2f472b0/-/horizon-files-prod/ed/picture/qweeezk0/ac4cda53adf7e8803639140538bc04156a4ecb62.jpg
2228,"<h1 class=""listing-item__header"">
    Samsung Galaxy Z Fold4 5G
</h1>",Neuf,Samsung,559 900 ,Plateau,https://i.roamcdn.net/hz/ed/listing-thumb-543w/4f354b0786cdebf35440c19d6f40611a/-/horizon-files-prod/ed/picture/q6xkkjwd/fe0cd7ebac1c2c5d7b79d49a7bb8fec0727b73f0.jpg
2229,"<h1 class=""listing-item__header"">
    Xiaomi 14 Ultra 5G
</h1>",Venant,Xiaomi,699 900 ,Plateau,https://i.roamcdn.net/hz/ed/listing-thumb-543w/6869eacd186d093fbc707e946b1ef06e/-/horizon-files-prod/ed/picture/q9mj886n/824a09a4562a90fc8b4cc44826eaa59a81352096.jpg
2230,"<h1 class=""listing-item__header"">
    Tecno Spark 20 - 128Go Ram 8 Go
</h1>",Neuf,Tecno,67 500 ,Castor,https://i.roamcdn.net/hz/ed/listing-thumb-543w/473821bfab95a7f684e8fff99d6f90e8/-/horizon-files-prod/ed/picture/q56xv54n/f38ede05e40bc0897cf390f51d02153ed6f33fdc.jpg
2231,"<h1 class=""listing-item__header"">
    GALAXY SAMSUNG A05 64GB RAM 4GB
</h1>",Neuf,Samsung,73 000 ,Plateau,https://i.roamcdn.net/hz/ed/listing-thumb-543w/8e4c63fb2a57a902d549af4b7d5dfd1b/-/horizon-files-prod/ed/picture/qj4q4vjr/f43ab68dce0cc42e364c26ead3665cc32632e8d5.jpg
2232,"<h1 class=""listing-item__header"">
    GALAXY SAMSUNG A15
</h1>",Neuf,Samsung,98 000 ,Plateau,https://i.roamcdn.net/hz/ed/listing-thumb-543w/1abc0d902d443f031c956f22180b6298/-/horizon-files-prod/ed/picture/qngxnjzx/753d6cb18d9de31f5d58fef333573f567004fd57.jpg
2233,"<h1 class=""listing-item__header"">
    TCL 403 – 32 Go – ÉCRAN 6"" pouces
</h1>",Neuf,Autres,35 000 ,Castor,https://i.roamcdn.net/hz/ed/listing-thumb-543w/c322964d5ae09e411b44752638e90925/-/horizon-files-prod/ed/picture/q56xzxmg/60f63da78eb1eab237245bba31bac3b6cbfebbb6.jpg
2234,"<h1 class=""listing-item__header"">
    Xiaomi Redmi note 10 pro
</h1>",Neuf,Xiaomi,140 000 ,Parcelles Assainies,https://i.roamcdn.net/hz/ed/listing-thumb-543w/f4541f344b0ddf1fc6f66a77185829be/-/horizon-files-prod/ed/picture/q44njzk5/5e6485397577cec666c835cdaee4532ecad4cdcc.jpg
2235,"<h1 class=""listing-item__header"">
    iphone 8 simple-64Go- VENANT AUTHENTİQUE
</h1>",Venant,iPhone,60 000 ,Médina,https://i.roamcdn.net/hz/ed/listing-thumb-543w/78e42d1b663069f0d6f431c5e7147757/-/horizon-files-prod/ed/picture/qwep020g/e957d742d35e6febce0ed259c8e7023cefc35f21.jpg
2236,"<h1 class=""listing-item__header"">
    iPhone 12 simple -64 Go- VENANT AUTHENTİQUE
</h1>",Venant,iPhone,175 000 ,Médina,https://i.roamcdn.net/hz/ed/listing-thumb-543w/c1b63f5207785812ebd5b426249656a1/-/horizon-files-prod/ed/picture/q8v4wrgp/94de9e8ed7e9c5d9cf2bddc690caab258bef9337.jpg
2237,"<h1 class=""listing-item__header"">
    iPhone XR
</h1>",Venant,iPhone,110 000 ,Colobane,https://i.roamcdn.net/hz/ed/listing-thumb-543w/eb40c326fa171cdc28e91f9eb516dad2/-/horizon-files-prod/ed/picture/qgqw5eg4/b093cf35bc27eb1ec0fd7e0dd6d13da9979668f7.jpg
2238,"<h1 class=""listing-item__header"">
    iPhone 11 Pro 256go
</h1>",Venant,iPhone,240 000 ,Plateau,https://i.roamcdn.net/hz/ed/listing-thumb-543w/92e00ffe5b255ce76e2e1be19ccbfc28/-/horizon-files-prod/ed/picture/qenqerxx/92683cb00c2f85bcd8e61a106e3c44c4063cf0c4.png
2239,"<h1 class=""listing-item__header"">
    TABLETTE MODIO 128GB RAM 6GB
</h1>",Neuf,Autres,39 000 ,Plateau,https://i.roamcdn.net/hz/ed/listing-thumb-543w/d9727c8982df7ad66ba79e12b60fb780/-/horizon-files-prod/ed/picture/qxjpd6vj/a6fc4902e0b613a45442e103a8529fe7d95bb849.jpg
2240,"<h1 class=""listing-item__header"">
    Xiaomi Redmi Note 12 ram 4 rom 128 6.5 pouces 5G
</h1>",Neuf,Xiaomi,100 000 ,Médina,https://i.roamcdn.net/hz/ed/listing-thumb-543w/1faa02e1347f268fe0e8d71835ecd5d1/-/horizon-files-prod/ed/picture/qgqq0edr/faf878060540740ccd353a9f872a42132326bff5.jpg
2241,"<h1 class=""listing-item__header"">
    HUAWEI NOVA Y70
</h1>",Neuf,Huawei,100 000 ,Médina,https://i.roamcdn.net/hz/ed/listing-thumb-543w/fbf4eb20bf6ea7e14fb72bc053d59083/-/horizon-files-prod/ed/picture/qk9d9pj/27182b744df7b2dde06edd4c02b16f24af93fd0a.png
2242,"<h1 class=""listing-item__header"">
    IPHONE 11 PRO 64GB
</h1>",Neuf,iPhone,245 000 ,Gueule-Tapée,https://i.roamcdn.net/hz/ed/listing-thumb-543w/69d153f4ff92e34a4669202b0ba32919/-/horizon-files-prod/ed/picture/qkrgpkd5/9ad240d27a7a5cc63ab871675a42d2b02335e19f.jpg
2243,"<h1 class=""listing-item__header"">
    IPHONE 15 plus 128G SIM physique
</h1>",Venant,iPhone,650 000 ,Gueule-Tapée,https://i.roamcdn.net/hz/ed/listing-thumb-543w/b0983145201d00b5510bc064748b992f/-/horizon-files-prod/ed/picture/qzvdgpvg/64965014a5a72231fd4dafe9c6d764f6999568a9.jpg
2244,"<h1 class=""listing-item__header"">
    Samsung Galaxy A35
</h1>",Neuf,Samsung,210 000 ,Plateau,https://i.roamcdn.net/hz/ed/listing-thumb-543w/d04d078e4fa2c88a697c6fb3fafdb37e/-/horizon-files-prod/ed/picture/qrzvpe2m/ceb5890e35a689fc5657c1ddb266579808162ff9.jpg
2245,"<h1 class=""listing-item__header"">
    CASQUE SANS FIL ET ÉCOUTEURS SONY
</h1>",Neuf,Sony,59 000 ,Plateau,https://i.roamcdn.net/hz/ed/listing-thumb-543w/112cf460a0fc6bf7215b940173d7aa29/-/horizon-files-prod/ed/picture/q9m9487p/115a1d9e31db49851f3bf6b80551b73518996fa9.jpg
2246,"<h1 class=""listing-item__header"">
    CASQUE SONY SANS FIL À REDUIRE LE BRUIT WH1000XM4
</h1>",Neuf,Sony,169 000 ,Plateau,https://i.roamcdn.net/hz/ed/listing-thumb-543w/140190bd50d94467105d3af706b96695/-/horizon-files-prod/ed/picture/qm5p8rw6/27a68b91d61667d203fa99985022433b6f71eef8.jpg
2247,"<h1 class=""listing-item__header"">
    iphone 8 simple-64Go- VENANT AUTHENTİQUE
</h1>",Venant,iPhone,60 000 ,Médina,https://i.roamcdn.net/hz/ed/listing-thumb-543w/78e42d1b663069f0d6f431c5e7147757/-/horizon-files-prod/ed/picture/qwep020g/e957d742d35e6febce0ed259c8e7023cefc35f21.jpg
2248,"<h1 class=""listing-item__header"">
    iPhone 12 simple -64 Go- VENANT AUTHENTİQUE
</h1>",Venant,iPhone,175 000 ,Médina,https://i.roamcdn.net/hz/ed/listing-thumb-543w/c1b63f5207785812ebd5b426249656a1/-/horizon-files-prod/ed/picture/q8v4wrgp/94de9e8ed7e9c5d9cf2bddc690caab258bef9337.jpg
2249,"<h1 class=""listing-item__header"">
    Iphone 14 et 15 pro max a très bas prix 128 giga
</h1>",Neuf,iPhone,455 000 ,Médina,https://i.roamcdn.net/hz/ed/listing-thumb-543w/b974e35d67abe432dd6949a711b7a1ec/-/horizon-files-prod/ed/picture/qwe2qe44/1489650b1aa72a24615b5c38d10f204f09ee80b4.jpg
2250,"<h1 class=""listing-item__header"">
    IPHONE15 Pro Max 256G descellé Bleu
</h1>",Neuf,iPhone,800 000 ,Gueule-Tapée,https://i.roamcdn.net/hz/ed/listing-thumb-543w/a89e27d6893adc6475f31e443ed31b2f/-/horizon-files-prod/ed/picture/q9m97zq5/ac1e84978b7c3bc2e94f38f49da08093a0f6cb9a.jpg
2251,"<h1 class=""listing-item__header"">
    Itel A70 - 128Go - RAM 3Go - Écran 6.6"" - DUAL SIM
</h1>",Neuf,Itel,47 000 ,Castor,https://i.roamcdn.net/hz/ed/listing-thumb-543w/0f0d3111f1725ffcb1646768974d95dc/-/horizon-files-prod/ed/picture/qm5pjmdj/6b43516d54cced8787a8b8dbfbb7941f808d9a17.jpg
2252,"<h1 class=""listing-item__header"">
    Bracelet connecté  bluetooth noir - Wee'Plug SB6
</h1>",Neuf,Autres,7 000 ,Patte d‘oie,https://i.roamcdn.net/hz/ed/listing-thumb-543w/6bbaa7cd7f7392f7420f69df29ea0075/-/horizon-files-prod/ed/picture/qpd6864w/8e0241ee32c9e45160c9606c2d04e7ea45319698.jpg
2253,"<h1 class=""listing-item__header"">
    IPHONE 12  64Gb / 128Gb  *Promo Ramadan*
</h1>",Neuf,iPhone,200 000 ,Gueule-Tapée,https://i.roamcdn.net/hz/ed/listing-thumb-543w/05d0d8fda0e94c1ee46b69e641347db1/-/horizon-files-prod/ed/picture/q448g4w9/267e72c01e9a646e7adc857604cc17a2479334de.jpg
2254,"<h1 class=""listing-item__header"">
    Oppo A58 128GB
</h1>",Venant,Oppo,35 000 ,Sicap foire,https://i.roamcdn.net/hz/ed/listing-thumb-543w/1563953ecf68b4b1a960671bbc4edea6/-/horizon-files-prod/ed/picture/qj4r8kxg/d7923a0af4506fc03c656bb9e5c8c0ebdd696186.jpg
2255,"<h1 class=""listing-item__header"">
    Redmi Note 13 Lite 5G Lte Rom 256Go Ram 8Go
</h1>",Neuf,Xiaomi,265 000 ,Médina,https://i.roamcdn.net/hz/ed/listing-thumb-543w/c8157805531d1d8eaca51cd1fe0cd01d/-/horizon-files-prod/ed/picture/q0gwrgq6/eb97806a7c9cc56b3c1e4b52cdd55eb66e7207f7.png
2256,"<h1 class=""listing-item__header"">
    iphone 15 pro max
</h1>",Neuf,iPhone,850 000 ,Hlm grand-yoff,https://i.roamcdn.net/hz/ed/listing-thumb-543w/55988819e4d183179b7a5ba6da37ee2b/-/horizon-files-prod/ed/picture/qrzv54xm/8120bb0a5decdfaa3fd72b42ad9f182ebce8c063.jpg
2257,"<h1 class=""listing-item__header"">
    TELEPHONE SAMSUNG A54 256GO RAM8GB
</h1>",Neuf,Samsung,239 000 ,Plateau,https://i.roamcdn.net/hz/ed/listing-thumb-543w/8b535492c5b3b3680fe06ee19b8351e8/-/horizon-files-prod/ed/picture/qenq46d6/deaf44dc30002938317f979a8ab61c9a6e5aae1f.jpg
2258,"<h1 class=""listing-item__header"">
    Redmi 13 Pro Rom 512Go 5G
</h1>",Neuf,Xiaomi,260 000 ,Médina,https://i.roamcdn.net/hz/ed/listing-thumb-543w/18376d5cb74f88055143589eceae2188/-/horizon-files-prod/ed/picture/qgq9xq6k/152fa27215ca1f680fd0fc6bbd8db037b7b55ab7.png
2259,"<h1 class=""listing-item__header"">
    iphone 8 simple-64Go- VENANT AUTHENTİQUE
</h1>",Venant,iPhone,60 000 ,Médina,https://i.roamcdn.net/hz/ed/listing-thumb-543w/78e42d1b663069f0d6f431c5e7147757/-/horizon-files-prod/ed/picture/qwep020g/e957d742d35e6febce0ed259c8e7023cefc35f21.jpg
2260,"<h1 class=""listing-item__header"">
    iPhone 12 simple -64 Go- VENANT AUTHENTİQUE
</h1>",Venant,iPhone,175 000 ,Médina,https://i.roamcdn.net/hz/ed/listing-thumb-543w/c1b63f5207785812ebd5b426249656a1/-/horizon-files-prod/ed/picture/q8v4wrgp/94de9e8ed7e9c5d9cf2bddc690caab258bef9337.jpg
2261,"<h1 class=""listing-item__header"">
    TÉLÉPHONE SAMSUNG A54 128GO RAM6GB
</h1>",Neuf,Samsung,219 000 ,Plateau,https://i.roamcdn.net/hz/ed/listing-thumb-543w/52646232ad7afbebf92f1b761d2c7d2e/-/horizon-files-prod/ed/picture/qdekzgd8/20c6ee9a7b9608ccf2317fa198db3820c75a32a1.jpg
2262,"<h1 class=""listing-item__header"">
    Samsung Galaxy A55 128Go - RAM 8Go
</h1>",Neuf,Samsung,225 000 ,Mermoz,https://i.roamcdn.net/hz/ed/listing-thumb-543w/1690fcb2950cd2de6035f41682b18fdf/-/horizon-files-prod/ed/picture/q2jq6dpv/3637526cb69f09a2ac89d0c8d509e3c325a9d096.png
2263,"<h1 class=""listing-item__header"">
    Samsung Galaxy A55 256Go - RAM 8Go
</h1>",Neuf,Samsung,245 000 ,Mermoz,https://i.roamcdn.net/hz/ed/listing-thumb-543w/4bd267c4f26464bee9d9cdc099dcf9ab/-/horizon-files-prod/ed/picture/qwe27jdj/9fbe2c0ecdc06fd596e5f26f0f6b41818ebdfa82.png
2264,"<h1 class=""listing-item__header"">
    Multi Chargeur iPhone
</h1>",Neuf,Autres,25 000 ,Grand-Yoff,https://i.roamcdn.net/hz/ed/listing-thumb-543w/45ca2a2f80577a851701734c1fde4607/-/horizon-files-prod/ed/picture/qrzvkdz2/5c5aebd59e37d400029774e1701eda4c18cea9eb.jpg
2265,"<h1 class=""listing-item__header"">
    Montre connectée Fréquence Cardiaque / pression artérielle
</h1>",Neuf,Autres,10 000 ,Patte d‘oie,https://i.roamcdn.net/hz/ed/listing-thumb-543w/d26307f758fe47d233deb2865492e621/-/horizon-files-prod/ed/picture/q2jqv2rk/021b5bc2a8a80823a19d4ce786b821730a056b8d.jpg
2266,"<h1 class=""listing-item__header"">
    Vente Huawei P60 Pro
</h1>",Neuf,Huawei,415 000 ,Plateau,https://i.roamcdn.net/hz/ed/listing-thumb-543w/5a19f78017edaea01539c3ae76460e1e/-/horizon-files-prod/ed/picture/q8v5xw44/4ee6cee37faf05219dc68912247b1eb5acdfe171.jpg
2267,"<h1 class=""listing-item__header"">
    Téléphone Simple Samsung
</h1>",D'occasion,Samsung,15 000 ,Guediawaye,https://i.roamcdn.net/hz/ed/listing-thumb-543w/6eb87b60cf4516c16a31356593fafdbb/-/horizon-files-prod/ed/picture/q787jvnn/52cccb64cb2d3140eb34aba645609d2ec17b118e.jpg
2268,"<h1 class=""listing-item__header"">
    Samsung Galaxy Z Fold4
</h1>",Venant,Samsung,385 000 ,Plateau,https://i.roamcdn.net/hz/ed/listing-thumb-543w/82dd66f00b7b488dca35e84b2feba9b2/-/horizon-files-prod/ed/picture/qm5pq4xz/3101682f0177a6042402aba88bdef4cb5fde2602.jpg
2269,"<h1 class=""listing-item__header"">
    Désimlockage pour iPhone , 12, 13, 14, 15
</h1>",Neuf,iPhone,20 000 ,Colobane,https://i.roamcdn.net/hz/ed/listing-thumb-543w/98744363fbb3419a2f7380abd16dd093/-/horizon-files-prod/ed/picture/qngx87p0/e26de40aeb1f1816d6399abc488184c22dea4973.jpg
2270,"<h1 class=""listing-item__header"">
    Samsung A15 Ram 8Go Rom 256Go
</h1>",Neuf,Samsung,125 000 ,Médina,https://i.roamcdn.net/hz/ed/listing-thumb-543w/99e1322f5c45bd26b4fac6dac6b4b8fe/-/horizon-files-prod/ed/picture/q8v52wrr/41ef493c4e65c7f187ed31345bf4762bf5b9fc29.png
2271,"<h1 class=""listing-item__header"">
    iphone 8 simple-64Go- VENANT AUTHENTİQUE
</h1>",Venant,iPhone,60 000 ,Médina,https://i.roamcdn.net/hz/ed/listing-thumb-543w/78e42d1b663069f0d6f431c5e7147757/-/horizon-files-prod/ed/picture/qwep020g/e957d742d35e6febce0ed259c8e7023cefc35f21.jpg
2272,"<h1 class=""listing-item__header"">
    iPhone 16 pro sim physique
</h1>",Neuf,iPhone,670 000 ,Médina,https://i.roamcdn.net/hz/ed/listing-thumb-543w/20eafa147714024f6cf27b843e668421/-/horizon-files-prod/ed/picture/qkr8eq9m/20d5c19e5ed42741aec8ec5311328dc0ae079046.jpg
2273,"<h1 class=""listing-item__header"">
    GALAXY TECNO POP8 128GB RAM 4GB
</h1>",Neuf,Tecno,79 000 ,Plateau,https://i.roamcdn.net/hz/ed/listing-thumb-543w/f925ea02120b230fbdbb573a2c9ce69f/-/horizon-files-prod/ed/picture/q785d608/f286cd834964538962e669bb8317836eb54848dd.jpg
2274,"<h1 class=""listing-item__header"">
    GALAXY SAMSUNG A05 64GB RAM 4GB
</h1>",Neuf,Samsung,79 000 ,Plateau,https://i.roamcdn.net/hz/ed/listing-thumb-543w/67973eda3edea50c674405d93a8ca4e7/-/horizon-files-prod/ed/picture/qpd657dq/728984884d374c85d1a688e109e91db421021ef5.jpg
2275,"<h1 class=""listing-item__header"">
    Samsung Galaxy S21 Ultra 5G
</h1>",Venant,Samsung,275 000 ,Plateau,https://i.roamcdn.net/hz/ed/listing-thumb-543w/be98caa8489bb90438abe2d3014cff79/-/horizon-files-prod/ed/picture/q0gwx29g/f6c9dc3a45988c38dff698e0ca01cc20b027eec1.jpg
2276,"<h1 class=""listing-item__header"">
    iPhone 13 Pro Max
</h1>",Venant,iPhone,449 900 ,Plateau,https://i.roamcdn.net/hz/ed/listing-thumb-543w/b96460d20a71c0dafc10bbf9d2ddc261/-/horizon-files-prod/ed/picture/qj4rwpx5/09f6ba9f443ff3490a6eebeaf17163f3271eb54c.jpg
2277,"<h1 class=""listing-item__header"">
    TÉLÉPHONE IPHONE 15 PRO MÁX 256GB
</h1>",Neuf,iPhone,1 055 000 ,Plateau,https://i.roamcdn.net/hz/ed/listing-thumb-543w/09a548a9ac950ffb1da89057b5e75dbd/-/horizon-files-prod/ed/picture/qwe25k8p/f9c2a3d85ccd8d6b7cf35134d57a5fb04a8b0f30.jpg
2278,"<h1 class=""listing-item__header"">
    GALAXY SAMSUNG A34 128GB RAM 6GB 5G
</h1>",Neuf,Samsung,179 000 ,Plateau,https://i.roamcdn.net/hz/ed/listing-thumb-543w/dd58817108469a767e234917694db21b/-/horizon-files-prod/ed/picture/qpd67v62/bf23a9b848a435de4a7feb736a229e3831ed6ac1.jpg
2279,"<h1 class=""listing-item__header"">
    GALAXY SAMSUNG A04S 64GB RAM4GB
</h1>",Neuf,Samsung,89 000 ,Plateau,https://i.roamcdn.net/hz/ed/listing-thumb-543w/efc2fb7166d1599377a03c71292aad0c/-/horizon-files-prod/ed/picture/qrzv5g8n/35f1f316fa7fc12b83abe2a9b89e7fe6ce6ddbe6.jpg
2280,"<h1 class=""listing-item__header"">
    GALAXY SAMSUNG A03S 32GB RAM3GB
</h1>",Neuf,Samsung,89 000 ,Plateau,https://i.roamcdn.net/hz/ed/listing-thumb-543w/26b0e46225ac88284ddf48842260bb88/-/horizon-files-prod/ed/picture/q9m9wpj0/f52a4ea595fe2cc1808a99fb70daf7b74af82544.jpg
2281,"<h1 class=""listing-item__header"">
    GALAXY SAMSUNG A14 64GB RAM4GB
</h1>",Neuf,Samsung,98 000 ,Plateau,https://i.roamcdn.net/hz/ed/listing-thumb-543w/b4d2fc230bd7b6d4514662bd3520de98/-/horizon-files-prod/ed/picture/qenq24x4/08e9b284f78828c98471e8f2f434e6770c5ee853.jpg
2282,"<h1 class=""listing-item__header"">
    GALAXY SAMSUNG A54 128GB RAM8GB
</h1>",Neuf,Samsung,219 000 ,Plateau,https://i.roamcdn.net/hz/ed/listing-thumb-543w/c51e8bcefa5df1e831c7bbaa64a236fd/-/horizon-files-prod/ed/picture/qdek482g/001e4824fc49c42197f5985d981d86cf284707a3.jpg
2283,"<h1 class=""listing-item__header"">
    iphone 8 simple-64Go- VENANT AUTHENTİQUE
</h1>",Venant,iPhone,60 000 ,Médina,https://i.roamcdn.net/hz/ed/listing-thumb-543w/78e42d1b663069f0d6f431c5e7147757/-/horizon-files-prod/ed/picture/qwep020g/e957d742d35e6febce0ed259c8e7023cefc35f21.jpg
2284,"<h1 class=""listing-item__header"">
    iPhone 12 simple -64 Go- VENANT AUTHENTİQUE
</h1>",Venant,iPhone,175 000 ,Médina,https://i.roamcdn.net/hz/ed/listing-thumb-543w/c1b63f5207785812ebd5b426249656a1/-/horizon-files-prod/ed/picture/q8v4wrgp/94de9e8ed7e9c5d9cf2bddc690caab258bef9337.jpg
2285,"<h1 class=""listing-item__header"">
    Samsung A05 Rom 64Go
</h1>",Venant,Samsung,65 000 ,Médina,https://i.roamcdn.net/hz/ed/listing-thumb-543w/029d141b431db3102901a0ff752deda8/-/horizon-files-prod/ed/picture/q6xkz2wg/263bb520b18d6ff21f322aa71956bbcbf877f572.jpg
2286,"<h1 class=""listing-item__header"">
    Honor X9b 5G
</h1>",Neuf,Honor,299 900 ,Plateau,https://i.roamcdn.net/hz/ed/listing-thumb-543w/efd6243ffe485eabf80fdd7ac7a21808/-/horizon-files-prod/ed/picture/qgq9z42m/80c180e045003216ebef03c0779eb1f26d534af1.jpg
2287,"<h1 class=""listing-item__header"">
    Samsung Galaxy A24
</h1>",Neuf,Samsung,125 000 ,Médina,https://i.roamcdn.net/hz/ed/listing-thumb-543w/2d0712a801c0855beb9fcd918e9a59a0/-/horizon-files-prod/ed/picture/qq4dz88e/db39202ec0a8f220a8eb9dcc53bf9066f18f10e3.jpg
2288,"<h1 class=""listing-item__header"">
    Samsung Galaxy A14 Mémoire 128 Go ram 6
</h1>",Neuf,Samsung,115 000 ,Médina,https://i.roamcdn.net/hz/ed/listing-thumb-543w/ea24391694bdfb17216ffe9416202874/-/horizon-files-prod/ed/picture/qgqq6q20/34c22a18eb9682e07cb05946167c0a2f800ed88c.png
2289,"<h1 class=""listing-item__header"">
    iPhone 11 Pro 256GB scellé
</h1>",Neuf,iPhone,295 000 ,Plateau,https://i.roamcdn.net/hz/ed/listing-thumb-543w/b85d2f3690184736cd432fab726e1f10/-/horizon-files-prod/ed/picture/q4487d7r/d107b3210228d94a42ae1dda7c5621e799fa9646.jpg
2290,"<h1 class=""listing-item__header"">
    Téléphone Simple Nokia
</h1>",Neuf,Nokia,16 000 ,Guediawaye,https://i.roamcdn.net/hz/ed/listing-thumb-543w/4dcfbc1aba665d530a64ffa21e879a25/-/horizon-files-prod/ed/picture/q44d54jr/e29c1c703787b901ce57edbda4df99209b8e4b47.jpg
2291,"<h1 class=""listing-item__header"">
    Samsung Galaxy A13 5G
</h1>",Neuf,Samsung,89 900 ,Plateau,https://i.roamcdn.net/hz/ed/listing-thumb-543w/d0984e411b6a8e96ba90c2c27f98c911/-/horizon-files-prod/ed/picture/qq476nge/f234180db878fb925fad26f95899d05c51eabcbe.jpg
2292,"<h1 class=""listing-item__header"">
    Oppo Find N2 Flip 5G
</h1>",Venant,Oppo,475 000 ,Plateau,https://i.roamcdn.net/hz/ed/listing-thumb-543w/3596875e06fa1bc068667201619eb056/-/horizon-files-prod/ed/picture/qm5pn7pz/47b2dcf54599621bd801bf95201dc94cada88956.jpg
2293,"<h1 class=""listing-item__header"">
    ASUS ZenFone 7 Pro 5G
</h1>",Venant,Asus,235 000 ,Plateau,https://i.roamcdn.net/hz/ed/listing-thumb-543w/6049ff0a4ca083124d9d496877d76067/-/horizon-files-prod/ed/picture/qm5pnqzj/a7c082434adb20db6c760bad12ec283f80dffcb2.jpg
2294,"<h1 class=""listing-item__header"">
    PROMO GALAXY TECNO POP8 64GB RAM 3GB
</h1>",Neuf,Tecno,69 000 ,Plateau,https://i.roamcdn.net/hz/ed/listing-thumb-543w/73687ba47b028777e2debd30e6b12b50/-/horizon-files-prod/ed/picture/q9m9g2e5/488a72afd04b016acc98090bddbe50f4673652e7.jpg
2295,"<h1 class=""listing-item__header"">
    iphone 8 simple-64Go- VENANT AUTHENTİQUE
</h1>",Venant,iPhone,60 000 ,Médina,https://i.roamcdn.net/hz/ed/listing-thumb-543w/78e42d1b663069f0d6f431c5e7147757/-/horizon-files-prod/ed/picture/qwep020g/e957d742d35e6febce0ed259c8e7023cefc35f21.jpg
2296,"<h1 class=""listing-item__header"">
    Samsung galaxy fold 6 256G
</h1>",Neuf,Samsung,750 000 ,Liberte 6 extension,https://i.roamcdn.net/hz/ed/listing-thumb-543w/fb52b15c5a77dff4c6ebb42103a77b2c/-/horizon-files-prod/ed/picture/qq42e5v6/b910e6b186d4206e3759a489da1e8d6e88f16450.jpg
2297,"<h1 class=""listing-item__header"">
    Huawei Mate 60 Pro 5G
</h1>",Neuf,Huawei,975 000 ,Plateau,https://i.roamcdn.net/hz/ed/listing-thumb-543w/69d1d7bbb58d1b16adb57f9ab163419c/-/horizon-files-prod/ed/picture/qgq98kmq/ad901e7a4586ff2829bbf68479dbde0004ed860c.jpg
2298,"<h1 class=""listing-item__header"">
    PROMO GALAXY SAMSUNG A54 128GB RAM8GB
</h1>",Neuf,Samsung,229 000 ,Plateau,https://i.roamcdn.net/hz/ed/listing-thumb-543w/2cf76954441aa73ad59b5508ec796a5b/-/horizon-files-prod/ed/picture/qv4ezdx8/bb07ebacdbdcb1ef18d3a1a034811c80665867a1.jpg
2299,"<h1 class=""listing-item__header"">
    PROMO GALAXY SAMSUNG A14 128GB
</h1>",Neuf,Samsung,110 000 ,Plateau,https://i.roamcdn.net/hz/ed/listing-thumb-543w/c28fd5c1880b6b63f6e07f8183935609/-/horizon-files-prod/ed/picture/qenqwr2z/ccf9e7edb3165a16bfe30737c68d9e9a70e9f223.jpg
2300,"<h1 class=""listing-item__header"">
    Amplificateur d'écran de téléphone HD 12 pouces
</h1>",Neuf,Autres,5 000 ,Patte d‘oie,https://i.roamcdn.net/hz/ed/listing-thumb-543w/8fe2d48bd8cce57c408261f6e8bcd591/-/horizon-files-prod/ed/picture/qenqwq89/a39079916aa8a4509fe2d7bd8f74370d89dc81a6.jpg
2301,"<h1 class=""listing-item__header"">
    Casque bluetooth sans fil, stéréo ultra bass - Bleu
</h1>",Neuf,Autres,4 500 ,Golf,https://i.roamcdn.net/hz/ed/listing-thumb-543w/2e72ce3dc48916e405bb54770e6ba858/-/horizon-files-prod/ed/picture/q49wkkm/a80d76c9f2be4572e3f20e38b3c3a2f59e28edfb.jpg
2302,"<h1 class=""listing-item__header"">
    Oneplus 11 256gb 2sim
</h1>",Neuf,OnePlus,450 000 ,Ouakam,https://i.roamcdn.net/hz/ed/listing-thumb-543w/afa90dfc14e816b7d97958ef83b9e7f8/-/horizon-files-prod/ed/picture/q2jq8jje/8be16019d07e5bc47643c4b27f3982e40f3ae2d2.png
2303,"<h1 class=""listing-item__header"">
    GALAXY SAMSUNG A04 S 32GB RAM 4GB
</h1>",Neuf,Samsung,89 000 ,Plateau,https://i.roamcdn.net/hz/ed/listing-thumb-543w/af1ee712bbb3e46112e6310ad6c7e313/-/horizon-files-prod/ed/picture/qj4rpvr8/3155368851d36418189a214b7339db32be3c017e.jpg
2304,"<h1 class=""listing-item__header"">
    Honor Magic 5 Pro
</h1>",Neuf,Honor,675 000 ,Plateau,https://i.roamcdn.net/hz/ed/listing-thumb-543w/f80c355758d54f261add126c82b45645/-/horizon-files-prod/ed/picture/q4480rg8/44a6af43842ebc73ee1a6914fa440d2392333904.jpg
2305,"<h1 class=""listing-item__header"">
    Nokia 106 2018 - 1.8 ""- Dual sim
</h1>",Neuf,Nokia,15 000 ,Ouest foire,https://i.roamcdn.net/hz/ed/listing-thumb-543w/2bd3ebf21463ff1c6a4c645a2f4d4369/-/horizon-files-prod/ed/picture/qkrg7j7j/8c6e7190b6b136401fb4e0d23e519affb3ce6ae5.jpg
2306,"<h1 class=""listing-item__header"">
    iPhone 15 pro max 256Go sim physique
</h1>",Neuf,iPhone,850 000 ,Plateau,https://i.roamcdn.net/hz/ed/listing-thumb-543w/d49daf157b686e2861f928f6e39217b4/-/horizon-files-prod/ed/picture/qkrg7np2/04be18e90c8b3582484faac345df110531d4eb39.jpg
2307,"<h1 class=""listing-item__header"">
    iphone 8 simple-64Go- VENANT AUTHENTİQUE
</h1>",Venant,iPhone,60 000 ,Médina,https://i.roamcdn.net/hz/ed/listing-thumb-543w/78e42d1b663069f0d6f431c5e7147757/-/horizon-files-prod/ed/picture/qwep020g/e957d742d35e6febce0ed259c8e7023cefc35f21.jpg
2308,"<h1 class=""listing-item__header"">
    iPhone 16 pro sim physique
</h1>",Neuf,iPhone,670 000 ,Médina,https://i.roamcdn.net/hz/ed/listing-thumb-543w/20eafa147714024f6cf27b843e668421/-/horizon-files-prod/ed/picture/qkr8eq9m/20d5c19e5ed42741aec8ec5311328dc0ae079046.jpg
2309,"<h1 class=""listing-item__header"">
    GALAXY TECHNO CAMON20 256GB RAM 8GB
</h1>",Neuf,Autres,149 000 ,Plateau,https://i.roamcdn.net/hz/ed/listing-thumb-543w/96e99c4c14820dc364174ae9c6902be3/-/horizon-files-prod/ed/picture/q9m9k897/a06a3c0632e5ae7d5944b71bf0e98d10a13759a3.jpg
2310,"<h1 class=""listing-item__header"">
    GALAXY SAMSUNG A54 128GB RAM8 GB
</h1>",Neuf,Samsung,239 000 ,Plateau,https://i.roamcdn.net/hz/ed/listing-thumb-543w/960e5b4ec17ce9d8a5ea043b1a94b0ac/-/horizon-files-prod/ed/picture/qkrg75gp/97be2629474e42239ce11ddd1c527d217ea2490d.jpg
2311,"<h1 class=""listing-item__header"">
    CASQUE SANS FIL ET ÉCOUTEURS SONY WH-CH520
</h1>",Neuf,Sony,59 000 ,Plateau,https://i.roamcdn.net/hz/ed/listing-thumb-543w/db799060ab47d4820be6f7eb87211ca7/-/horizon-files-prod/ed/picture/qm5ppwdg/a273579733ab6b7b9c34815703997dbd5aeccca1.jpg
2312,"<h1 class=""listing-item__header"">
    CASQUE SANS FIL SONY A RÉDUIRE DE BRUIT WH 1000XM4
</h1>",Neuf,Sony,169 000 ,Plateau,https://i.roamcdn.net/hz/ed/listing-thumb-543w/3362d305c4d70bfbd5234acafa7c85b3/-/horizon-files-prod/ed/picture/q9m99vg7/9e5cd09139ae3cdc49b137bc35199084162c3f54.jpg
2313,"<h1 class=""listing-item__header"">
    Samsung Galaxy Z Flip5
</h1>",Venant,Samsung,530 000 ,Plateau,https://i.roamcdn.net/hz/ed/listing-thumb-543w/1ee3fc9bdc22791eb542f16241fa48c8/-/horizon-files-prod/ed/picture/q8v55d8n/9f2ee8cd38087563484baa03c1baea9b7889b5a9.jpg
2314,"<h1 class=""listing-item__header"">
    Samsung Galaxy S23 5G
</h1>",Venant,Samsung,265 000 ,Plateau,https://i.roamcdn.net/hz/ed/listing-thumb-543w/fa327447eef0dc7b37a8db6e012d8610/-/horizon-files-prod/ed/picture/q56xx9g0/12566ec530ad3ba0cdee6b7ec16a5c21f3770bd8.jpg
2315,"<h1 class=""listing-item__header"">
    iPhone 12 Mini
</h1>",Venant,iPhone,205 000 ,Plateau,https://i.roamcdn.net/hz/ed/listing-thumb-543w/19475f0f6e54a128d7e742b89f19ad21/-/horizon-files-prod/ed/picture/qenq5egd/fad1b75afc91dfbcc8a1c66438e30f7f8beeaf38.jpg
2316,"<h1 class=""listing-item__header"">
    iPhone 14 Pro Max 256GB
</h1>",Venant,iPhone,585 000 ,Plateau,https://i.roamcdn.net/hz/ed/listing-thumb-543w/7519d756df8014d8edff9fcb6ba5233f/-/horizon-files-prod/ed/picture/qxjjkdz0/2484d01b193c65f122f14b7ded4927a231193cdd.jpg
2317,"<h1 class=""listing-item__header"">
    Xiaomi 11T Pro 5G
</h1>",Venant,Xiaomi,189 900 ,Plateau,https://i.roamcdn.net/hz/ed/listing-thumb-543w/817ba4b93cf1c38db31205016ead7981/-/horizon-files-prod/ed/picture/qxj2j49n/cc062632fed950a5de5b92cc75c3f0d4ca330fe0.jpg
2318,"<h1 class=""listing-item__header"">
    Machine caisse e2s pos système Android
</h1>",Neuf,Autres,130 000 ,Médina,https://i.roamcdn.net/hz/ed/listing-thumb-543w/6776c27141a15e6c1466676e30472edd/-/horizon-files-prod/ed/picture/q0gg6p5e/d6e88d1afbe5f1d670771591c8f0e0f416cad375.jpg
2319,"<h1 class=""listing-item__header"">
    iphone 8 simple-64Go- VENANT AUTHENTİQUE
</h1>",Venant,iPhone,60 000 ,Médina,https://i.roamcdn.net/hz/ed/listing-thumb-543w/78e42d1b663069f0d6f431c5e7147757/-/horizon-files-prod/ed/picture/qwep020g/e957d742d35e6febce0ed259c8e7023cefc35f21.jpg
2320,"<h1 class=""listing-item__header"">
    Samsung galaxy fold 6 256G
</h1>",Neuf,Samsung,750 000 ,Liberte 6 extension,https://i.roamcdn.net/hz/ed/listing-thumb-543w/fb52b15c5a77dff4c6ebb42103a77b2c/-/horizon-files-prod/ed/picture/qq42e5v6/b910e6b186d4206e3759a489da1e8d6e88f16450.jpg
2321,"<h1 class=""listing-item__header"">
    Huawei P60 Pro
</h1>",Neuf,Huawei,479 900 ,Plateau,https://i.roamcdn.net/hz/ed/listing-thumb-543w/7037bdd6f801b1d77743885b9f02896b/-/horizon-files-prod/ed/picture/qxj2jnr0/25650d75625e37eb8ff490aba432e7c7bdd99085.jpg
2322,"<h1 class=""listing-item__header"">
    Samsung Galaxy S23 plus
</h1>",Venant,Samsung,355 000 ,Plateau,https://i.roamcdn.net/hz/ed/listing-thumb-543w/577529c6804f5ff2d87bbdf72f5b1e38/-/horizon-files-prod/ed/picture/q2jqj2qd/bf628016a8d524e22db8591bd9de94adfd7d84af.jpg
2323,"<h1 class=""listing-item__header"">
    Xiaomi Redmi Note 12 Pro RAM 4
</h1>",Neuf,Xiaomi,168 000 ,Médina,https://i.roamcdn.net/hz/ed/listing-thumb-543w/c122f7ce9a3cfa5c826e09fcbca7abe2/-/horizon-files-prod/ed/picture/q8vv2v84/af5ab2fb2bf93e2ba21c7e33fb9fddc89a768377.jpg
2324,"<h1 class=""listing-item__header"">
    Redmi Note 11 Ram 4Go Rom 128Go
</h1>",Neuf,Xiaomi,110 000 ,Médina,https://i.roamcdn.net/hz/ed/listing-thumb-543w/a5bb18cc3fc6c200c6b5d94ae088c794/-/horizon-files-prod/ed/picture/qderq4g8/cc730113a7d9009ef0f9315933ec0c49ce719c21.png
2325,"<h1 class=""listing-item__header"">
    Samsung Galaxy A04s - Rom 128Go  RAM 4Go
</h1>",Neuf,Samsung,90 000 ,Médina,https://i.roamcdn.net/hz/ed/listing-thumb-543w/88d6f97378d07827b757addde0c35cd6/-/horizon-files-prod/ed/picture/q5647exp/511a5b9bbfcd6534dc30f509b77e2438c8ed1933.png
2326,"<h1 class=""listing-item__header"">
    Samsung Galaxy A04e Rom 128Go Ram 4Go
</h1>",Neuf,Samsung,80 000 ,Médina,https://i.roamcdn.net/hz/ed/listing-thumb-543w/0f20f3c1a6438224d01ce2cb8688dbca/-/horizon-files-prod/ed/picture/q8vzqez7/865599cc0a0bf07b8066b2ed9484c13a1663f12f.png
2327,"<h1 class=""listing-item__header"">
    SAMSUNG GALAXY A03 Rom 128Go Ram 3Go
</h1>",Neuf,Samsung,83 000 ,Médina,https://i.roamcdn.net/hz/ed/listing-thumb-543w/b61dbde25062b13c820b340b9788b160/-/horizon-files-prod/ed/picture/qngdrmdk/1274712cbc7c9281565164b77376f422050699bb.png
2328,"<h1 class=""listing-item__header"">
    Xiaomi Redmi Note 11 Pro RAM 4
</h1>",Neuf,Xiaomi,168 000 ,Médina,https://i.roamcdn.net/hz/ed/listing-thumb-543w/59f9321cb5468894dc6b32f7b290b1e5/-/horizon-files-prod/ed/picture/q6xx2xjp/033c97848fb742964ed2ea65696cafc353dc838d.jpg
2329,"<h1 class=""listing-item__header"">
    Samsung Galaxy A14 Mémoire 64 Go
</h1>",Neuf,Samsung,92 500 ,Médina,https://i.roamcdn.net/hz/ed/listing-thumb-543w/e6bae8bb30efe5225078c3d997934330/-/horizon-files-prod/ed/picture/qv44j4nm/5e282342d4b3569240c7f0f652f99f98ce0e8f18.png
2330,"<h1 class=""listing-item__header"">
    TÉLÉPHONE TECNO POP7 PRO 64GB RAM 4GB
</h1>",Neuf,Tecno,79 000 ,Plateau,https://i.roamcdn.net/hz/ed/listing-thumb-543w/26577a9bebaba46f74c85c6c2af00ceb/-/horizon-files-prod/ed/picture/qzv4gxjd/ff63d5fe80f3a2889a2db5ad1e9c197cd3a87c76.jpg
2331,"<h1 class=""listing-item__header"">
    iphone 8 simple-64Go- VENANT AUTHENTİQUE
</h1>",Venant,iPhone,60 000 ,Médina,https://i.roamcdn.net/hz/ed/listing-thumb-543w/78e42d1b663069f0d6f431c5e7147757/-/horizon-files-prod/ed/picture/qwep020g/e957d742d35e6febce0ed259c8e7023cefc35f21.jpg
2332,"<h1 class=""listing-item__header"">
    iPhone 12 simple -64 Go- VENANT AUTHENTİQUE
</h1>",Venant,iPhone,175 000 ,Médina,https://i.roamcdn.net/hz/ed/listing-thumb-543w/c1b63f5207785812ebd5b426249656a1/-/horizon-files-prod/ed/picture/q8v4wrgp/94de9e8ed7e9c5d9cf2bddc690caab258bef9337.jpg
2333,"<h1 class=""listing-item__header"">
    Huawei Nova 9Se Ram 8Go Rom 128Go
</h1>",Neuf,Huawei,170 000 ,Médina,https://i.roamcdn.net/hz/ed/listing-thumb-543w/8678304fa0a01015ca255128c1d1222a/-/horizon-files-prod/ed/picture/qng5v2kv/28419eb161bd08f7fd3ee604c4864b4a4e1233ba.jpg
2334,"<h1 class=""listing-item__header"">
    Tecno SPARK 10 C – Mémoire 128 Go – RAM 4 Go
</h1>",Neuf,Tecno,75 000 ,Médina,https://i.roamcdn.net/hz/ed/listing-thumb-543w/141cb30b92ef9924fc58a58ee83eb6bf/-/horizon-files-prod/ed/picture/qkr54kkv/b700c79d15fcb0d2d18467f8f80fb4e0f69abf25.jpg
2335,"<h1 class=""listing-item__header"">
    Tecno Spark 10 – Mémoire 128Go – Ram 8Go
</h1>",Neuf,Tecno,85 000 ,Médina,https://i.roamcdn.net/hz/ed/listing-thumb-543w/753c129e3676c068d7273582f067981a/-/horizon-files-prod/ed/picture/q787eqrg/a1d37854340cb4bf662b1e07994b7d6193e14092.jpg
2336,"<h1 class=""listing-item__header"">
    Spark 10 pro ram 8 rom 128 go
</h1>",Neuf,Tecno,100 000 ,Médina,https://i.roamcdn.net/hz/ed/listing-thumb-543w/f45b5b38133da1e25148407283d51edc/-/horizon-files-prod/ed/picture/q6xx94p8/af3a637c8a68a072b954b4766509d170353fbc20.jpg
2337,"<h1 class=""listing-item__header"">
    Telephone Huawei Nova 10Se
</h1>",Neuf,Huawei,185 000 ,Médina,https://i.roamcdn.net/hz/ed/listing-thumb-543w/96c4475472cfc4d4585cc3e2a984b27c/-/horizon-files-prod/ed/picture/qjnd8n4/86bb344eb3717408e08efd6c7e4faf6af84deffb.jpg
2338,"<h1 class=""listing-item__header"">
    Samsung Galaxy Z Flip 5 256Go
</h1>",Neuf,Samsung,45 000 ,Plateau,https://i.roamcdn.net/hz/ed/listing-thumb-543w/01047418fa513d88e3291966648fc9b5/-/horizon-files-prod/ed/picture/q564erwe/d816df0e65a79a1effd4f47f0f37c054d30a6f67.jpg
2339,"<h1 class=""listing-item__header"">
    iPhone 14 Pro
</h1>",Venant,iPhone,485 000 ,Plateau,https://i.roamcdn.net/hz/ed/listing-thumb-543w/4d98339be131b5968293f8955e5b0c85/-/horizon-files-prod/ed/picture/qwez4zd5/28ccfb25ace754bae60e7c135ba8f3ccdbd973ef.jpg
2340,"<h1 class=""listing-item__header"">
    Téléphone Samsung Galaxy A34
</h1>",Neuf,Samsung,160 000 ,Médina,https://i.roamcdn.net/hz/ed/listing-thumb-543w/a6c1500fae0c3faf686da0bb70880cf2/-/horizon-files-prod/ed/picture/q0gge8r8/51ea209c38dba9dd77e76ed58e8d0346e3779eb6.jpg
2341,"<h1 class=""listing-item__header"">
    Telephone Huawei Nova 8i Rom 128Go Ram 8Go
</h1>",Neuf,Huawei,130 000 ,Médina,https://i.roamcdn.net/hz/ed/listing-thumb-543w/8e21433e2782988bf9fd4066c9864150/-/horizon-files-prod/ed/picture/q56wnv8r/26954e618300de08eb7c96870a0180f3dae38d99.jpg
2342,"<h1 class=""listing-item__header"">
    LG Wing 5G
</h1>",Venant,LG,245 000 ,Plateau,https://i.roamcdn.net/hz/ed/listing-thumb-543w/78ed2bbd3a4588bc5a8de70ba0b28f60/-/horizon-files-prod/ed/picture/qxj6v2gz/d7e3abb44c661d1fba1fc6b0d4c7ad58aa8105a2.jpg
2343,"<h1 class=""listing-item__header"">
    iphone 8 simple-64Go- VENANT AUTHENTİQUE
</h1>",Venant,iPhone,60 000 ,Médina,https://i.roamcdn.net/hz/ed/listing-thumb-543w/78e42d1b663069f0d6f431c5e7147757/-/horizon-files-prod/ed/picture/qwep020g/e957d742d35e6febce0ed259c8e7023cefc35f21.jpg
2344,"<h1 class=""listing-item__header"">
    iPhone 16 pro sim physique
</h1>",Neuf,iPhone,670 000 ,Médina,https://i.roamcdn.net/hz/ed/listing-thumb-543w/20eafa147714024f6cf27b843e668421/-/horizon-files-prod/ed/picture/qkr8eq9m/20d5c19e5ed42741aec8ec5311328dc0ae079046.jpg
2345,"<h1 class=""listing-item__header"">
    Samsung Galaxy S23 Ultra
</h1>",Venant,Samsung,415 000 ,Plateau,https://i.roamcdn.net/hz/ed/listing-thumb-543w/09c524c092ab57ce94fc20e2adef5a05/-/horizon-files-prod/ed/picture/qwez6jdz/9a87072479bd5c745d70b24134067a804f637af3.jpg
2346,"<h1 class=""listing-item__header"">
    Montre connectée BT Moniteur De Fréquence Cardiaque 116plus
</h1>",Neuf,Autres,10 000 ,Patte d‘oie,https://i.roamcdn.net/hz/ed/listing-thumb-543w/d871537f738fcad9cbf2337f15b192c7/-/horizon-files-prod/ed/picture/qpdw5krx/f0868331e0c589fb450c0bbaaf1027dfd520428f.jpg
2347,"<h1 class=""listing-item__header"">
    iPhone 13 mini
</h1>",Venant,iPhone,255 000 ,Plateau,https://i.roamcdn.net/hz/ed/listing-thumb-543w/dcc4a7ac98f7bf5e344801616442234b/-/horizon-files-prod/ed/picture/qrzqk9e2/3e59862bc8512702c8fe6319c54786683142199d.jpg
2348,"<h1 class=""listing-item__header"">
    Huawei P60 Pro dual sim
</h1>",Neuf,Huawei,600 000 ,Plateau,https://i.roamcdn.net/hz/ed/listing-thumb-543w/a804d3df36ade6c1d7fcae66be6d88f0/-/horizon-files-prod/ed/picture/q9m82w70/26bc573cd18766794522478dd93304c6c1af0a9a.jpg
2349,"<h1 class=""listing-item__header"">
    TÉLÉPHONE SAMSUNG A53 128GB RAM6GB
</h1>",Neuf,Samsung,249 000 ,Plateau,https://i.roamcdn.net/hz/ed/listing-thumb-543w/0a24c627844528708ea7d17d4f7a6811/-/horizon-files-prod/ed/picture/q2jrnkwj/537ebdd7e757a8d07aaa7a6b053c1af6c05019a0.jpg
2350,"<h1 class=""listing-item__header"">
    Téléphone Samsung Galaxy A54 5G
</h1>",Neuf,Samsung,255 000 ,Médina,https://i.roamcdn.net/hz/ed/listing-thumb-543w/d981d87ff35ed3ad2d36988ce142c8ea/-/horizon-files-prod/ed/picture/qxjj0w58/c48f85fce7d98fdcae3b5d1460358d2abb11e04b.png
2351,"<h1 class=""listing-item__header"">
    TECNO CAMON 20 RO 256GB RAM 8GB
</h1>",Neuf,Tecno,169 000 ,Plateau,https://i.roamcdn.net/hz/ed/listing-thumb-543w/27bea199da6cf5146659f8519bb9af36/-/horizon-files-prod/ed/picture/qdewnm4j/e2fd7da7a82fa229be1a1dc196c34bfad3632a0e.jpg
2352,"<h1 class=""listing-item__header"">
    TELEPHONE TECNO PHANTOM X
</h1>",Neuf,Tecno,290 000 ,Médina,https://i.roamcdn.net/hz/ed/listing-thumb-543w/e5c7e7d0544f08ad6e8184143d7e9a3a/-/horizon-files-prod/ed/picture/q242epv/7b111b6e056aa60ba0f248370d1af46d3d378646.png
2353,"<h1 class=""listing-item__header"">
    Samsung Galaxy A54 5G
</h1>",Neuf,Samsung,235 000 ,Médina,https://i.roamcdn.net/hz/ed/listing-thumb-543w/d9250e4f42bad30be90c1eedcc4055c1/-/horizon-files-prod/ed/picture/qpddzjp2/fc6ceb7ce2347ba874466c46720594b829e12f56.png
2354,"<h1 class=""listing-item__header"">
    Samsung A33 Ram 6Go Rom 128Go 5G
</h1>",Neuf,Samsung,190 000 ,Médina,https://i.roamcdn.net/hz/ed/listing-thumb-543w/5b80998d79d594ad865c89b010bf2689/-/horizon-files-prod/ed/picture/q56wnvz0/ef6e258fcd016b6975dd42720769784990a6efad.jpg
2355,"<h1 class=""listing-item__header"">
    iphone 8 simple-64Go- VENANT AUTHENTİQUE
</h1>",Venant,iPhone,60 000 ,Médina,https://i.roamcdn.net/hz/ed/listing-thumb-543w/78e42d1b663069f0d6f431c5e7147757/-/horizon-files-prod/ed/picture/qwep020g/e957d742d35e6febce0ed259c8e7023cefc35f21.jpg
2356,"<h1 class=""listing-item__header"">
    iPhone 12 simple -64 Go- VENANT AUTHENTİQUE
</h1>",Venant,iPhone,175 000 ,Médina,https://i.roamcdn.net/hz/ed/listing-thumb-543w/c1b63f5207785812ebd5b426249656a1/-/horizon-files-prod/ed/picture/q8v4wrgp/94de9e8ed7e9c5d9cf2bddc690caab258bef9337.jpg
2357,"<h1 class=""listing-item__header"">
    Spark 10 pro ram 8 rom 256 go
</h1>",Neuf,Tecno,115 000 ,Médina,https://i.roamcdn.net/hz/ed/listing-thumb-543w/903274acc6dafc984de0579e2c200fb4/-/horizon-files-prod/ed/picture/q2jj6nmg/a9949291139bafde4953d01ad888928d59a4c2ec.jpg
2358,"<h1 class=""listing-item__header"">
    TÉLÉPHONE TECNO 128GB RAM4GO
</h1>",Neuf,Tecno,89 000 ,Plateau,https://i.roamcdn.net/hz/ed/listing-thumb-543w/9ec99b4779c7e952cae60c3a8aef06d5/-/horizon-files-prod/ed/picture/q44dn0r9/bc6a660f7a0e67df096573dec319f025c40f01a8.jpg
2359,"<h1 class=""listing-item__header"">
    TÉLÉPHONE TECNO CAMON 19 128GO RAM6
</h1>",Neuf,Tecno,144 000 ,Plateau,https://i.roamcdn.net/hz/ed/listing-thumb-543w/44462d97bcd4f27e48d12036649dece6/-/horizon-files-prod/ed/picture/q44dn0r8/6a4989fa3dbf70de00da273ea0c760200105e420.jpg
2360,"<h1 class=""listing-item__header"">
    TÉLÉPHONE TECNO SPARK 8C 64GB RAM2GB
</h1>",Neuf,Tecno,84 000 ,Plateau,https://i.roamcdn.net/hz/ed/listing-thumb-543w/90111421132aca398e7dfd8aa897cc3f/-/horizon-files-prod/ed/picture/qgqgwpp4/c5411a38f1e7352b36f487ca3d154a75a012a705.jpg
2361,"<h1 class=""listing-item__header"">
    Iphone 11 pro max vert
</h1>",Venant,iPhone,250 000 ,Liberte 6 extension,https://i.roamcdn.net/hz/ed/listing-thumb-543w/b347a4d9481d29264e05fb7f497f1f13/-/horizon-files-prod/ed/picture/q6x70pgv/c3f8d27f5e9fef879277971cf4ea3ff2b23141da.jpg
2362,"<h1 class=""listing-item__header"">
    TÉLÉPHONE SAMSUNG A73 128GB RAM6GB
</h1>",Neuf,Samsung,269 000 ,Plateau,https://i.roamcdn.net/hz/ed/listing-thumb-543w/cecd78f0a8c405dc4d6da81ae054d4e4/-/horizon-files-prod/ed/picture/q8vz0g80/cf0dd6085fcd5e2cb845b6bc2fe7fa2a81388b10.jpg
2363,"<h1 class=""listing-item__header"">
    TÉLÉPHONE SAMSUNG A14 64GB RAM4GB
</h1>",Neuf,Samsung,113 000 ,Plateau,https://i.roamcdn.net/hz/ed/listing-thumb-543w/4313a6c47743384f22f2b3e10f0336d4/-/horizon-files-prod/ed/picture/qgqq2vvn/4b8598873e48c98ed79f904ae4669505b8fb499c.jpg
2364,"<h1 class=""listing-item__header"">
    TÉLÉPHONE SAMSUNG A34 128GB RAM 4GB
</h1>",Neuf,Samsung,219 000 ,Plateau,https://i.roamcdn.net/hz/ed/listing-thumb-543w/47456265fd0a75a9bf713d891a12594d/-/horizon-files-prod/ed/picture/q788nkkx/f2bcd8b9c1a564607fc67913dba5c8449c4b0fb0.jpg
2365,"<h1 class=""listing-item__header"">
    TÉLÉPHONE SAMSUNG A54 128GO RAM 6GO
</h1>",Neuf,Samsung,219 000 ,Plateau,https://i.roamcdn.net/hz/ed/listing-thumb-543w/1d056a36ef34e2b7d33ac6ca7c1506d0/-/horizon-files-prod/ed/picture/qv44n27k/6bfdd1144221489fe76a67b85340998a91f4e690.jpg
2366,"<h1 class=""listing-item__header"">
    Chargeur sans fil de voiture 15W avec support de téléphone
</h1>",Neuf,Autres,7 000 ,Patte d‘oie,https://i.roamcdn.net/hz/ed/listing-thumb-543w/9c550bde05a4e51f5e055818b02272b9/-/horizon-files-prod/ed/picture/qgqqrn80/410f7da691b6d1b4b92b3d51bf596158a145737d.jpg
