,details,Etat,Marque,Prix,Adresse,Image_link
0,"<h1 class=""listing-item__header"">
    SAMSUNG SMART TV 55 POUCES DU7010 LY 4K UHD
</h1>",Neuf,Samsung,400 000 ,Plateau,https://i.roamcdn.net/hz/ed/listing-thumb-543w/5d6d2643797515e378c256a0239c87d0/-/horizon-files-prod/ed/picture/qgqwj4de/db9ad0f979f52e54219b4e8722d71258c33757f9.jpg
1,"<h1 class=""listing-item__header"">
    SMART TV FINIX 55 POUCES WIFI ANDROID UHD
</h1>",Neuf,Autre,265 000 ,Keur Massar,https://i.roamcdn.net/hz/ed/listing-thumb-543w/aeb5b61d4aeabb3b57322324adafd673/-/horizon-files-prod/ed/picture/q2j06q8k/060d23b0380b446aa3e0f8eec306a38c526392dc.jpg
2,"<h1 class=""listing-item__header"">
    LED SMART TV SAMSUNG DU7010 UHD 65 POUCES 4K BON PRIX
</h1>",Neuf,Samsung,750 000 ,Plateau,https://i.roamcdn.net/hz/ed/listing-thumb-543w/123b82b50cd5b23b23d1df44f63e14b0/-/horizon-files-prod/ed/picture/qpdm9w4x/06a5e66e0cea873ca29ef771be5c5cbf3a459ff0.jpg
3,"<h1 class=""listing-item__header"">
    TÉLÉVISEUR TCL 65 POUCES  4K UHD ANDROID GOOGLE TV 189 CM
</h1>",Neuf,TCL,400 000 ,Plateau,https://i.roamcdn.net/hz/ed/listing-thumb-543w/6ec297fd908ff73bc9fa5db2b64cf04c/-/horizon-files-prod/ed/picture/q9mj69w0/d6b312b19b1f2a0a8077e34d9fa5e34f4414787d.png
4,"<h1 class=""listing-item__header"">
    Téléviseur deska 55 Smart Tv
</h1>",Neuf,Autre,195 000 ,Plateau,https://i.roamcdn.net/hz/ed/listing-thumb-543w/d2b00f78ffc13c5b563f037386443b9b/-/horizon-files-prod/ed/picture/qde7mx52/3b669eacef9c0e88dbd7b1d46db0e79d210778cc.jpg
5,"<h1 class=""listing-item__header"">
    VIDÉO PROJECTEUR SMART PRO2 4K
</h1>",Neuf,Autre,95 000 ,Patte d‘oie,https://i.roamcdn.net/hz/ed/listing-thumb-543w/7d63320bf1135cb151feeea03afb9bb9/-/horizon-files-prod/ed/picture/qngpqz8v/0dbfc826da5dae3434f719c488aa290728dc095b.jpg
6,"<h1 class=""listing-item__header"">
    Smart TV QLED 4K UHD HDR de classe Q5 de TCL 43 pouces
</h1>",Neuf,TCL,160 000 ,Parcelles Assainies,https://i.roamcdn.net/hz/ed/listing-thumb-543w/d2ff922c5e47f34a0ed05a00938be0e0/-/horizon-files-prod/ed/picture/qrz8m555/c6f455d6d409aa842fde99491afeab3da43aacd3.png
7,"<h1 class=""listing-item__header"">
    Smart tv deska 32
</h1>",Neuf,Autre,75 000 ,Plateau,https://i.roamcdn.net/hz/ed/listing-thumb-543w/908e6d9f635ae5172f9fe789d6f97500/-/horizon-files-prod/ed/picture/qgqweken/877097bccdf5c1ec027cf335b5a49093ff3fe442.jpg
8,"<h1 class=""listing-item__header"">
    ÉCRAN plat à vendre
</h1>",D'occasion,LG,200 000 ,Golf,https://i.roamcdn.net/hz/ed/listing-thumb-543w/9d207aa42a2b60d399dec9e3897d3c7c/-/horizon-files-prod/ed/picture/q6xd94p4/7df65a142139c75ad0eb0460a696e383859297d3.jpg
9,"<h1 class=""listing-item__header"">
    SAMSUNG 75 POUCES SMART TV 4K UHD
</h1>",Neuf,Samsung,900 000 ,Plateau,https://i.roamcdn.net/hz/ed/listing-thumb-543w/e8d599aee6617255d2663fc338b85f25/-/horizon-files-prod/ed/picture/q8v5n4wp/39d4721bc1849d6420055bf33282b1c358b9d940.jpg
10,"<h1 class=""listing-item__header"">
    Télécommande lg smartv le meilleur de ça génération
</h1>",Neuf,LG,30 000 ,Dieuppeul,https://i.roamcdn.net/hz/ed/listing-thumb-543w/de10a702760827f22261bb994af4c7da/-/horizon-files-prod/ed/picture/q2j05dr2/42871194d8d1ce87c7a86900948a618aa5d5205d.jpg
11,"<h1 class=""listing-item__header"">
    Barre de son LG SJ3 Bluetooth Sans fil 300w
</h1>",Neuf,LG,145 000 ,Médina,https://i.roamcdn.net/hz/ed/listing-thumb-543w/df55570ea3947c98b7f5d76847967a94/-/horizon-files-prod/ed/picture/q689wvv/501ab197c68312f1bebcbf53756bba292fdd35d9.jpg
12,"<h1 class=""listing-item__header"">
    SMART TV HISENSE 32"" (2024)
</h1>",Neuf,Hisense,100 000 ,Pikine,https://i.roamcdn.net/hz/ed/listing-thumb-543w/00483f4539de41d8de4ab5da81019d8f/-/horizon-files-prod/ed/picture/qngpv68w/fbf2b007d463b9e327ce16637d98f590655d6b57.jpg
13,"<h1 class=""listing-item__header"">
    Clé Box TV Fire Stick Lite
</h1>",Neuf,Amazon,30 000 ,Grand-Yoff,https://i.roamcdn.net/hz/ed/listing-thumb-543w/b3f498ec2ee5218da92cae008cfa282a/-/horizon-files-prod/ed/picture/qk9dnzx/a6f6bb5dd32179237352b0323380403a283147d2.jpg
14,"<h1 class=""listing-item__header"">
    MINI CHAINE LG XBOOM 360 PORTABLE 12HR BATTERIE RP4
</h1>",Neuf,LG,189 000 ,Plateau,https://i.roamcdn.net/hz/ed/listing-thumb-543w/65a05e615aa13db774dc433528cc9ea9/-/horizon-files-prod/ed/picture/qgqwe0zn/c36d1a4b2e8b737af507f9dc28ce15b9f9b920ca.jpg
15,"<h1 class=""listing-item__header"">
    Support mural tv mobile
</h1>",Neuf,Autre,20 000 ,Sicap Liberté,https://i.roamcdn.net/hz/ed/listing-thumb-543w/6c31abb90093f837b38474d6dd298481/-/horizon-files-prod/ed/picture/migrated/qd0k0zm/b069885697b80d73a4eff4b809db3c7cd78a348e.jpg
16,"<h1 class=""listing-item__header"">
    tv smart hisense 50"" 4k full options
</h1>",Neuf,Hisense,250 000 ,Ouakam,https://i.roamcdn.net/hz/ed/listing-thumb-543w/2d11dfbd08870d449726064a6317a1e9/-/horizon-files-prod/ed/picture/qpdm6mv0/c685b510c73fbedd9d595d81021845399ce0898b.jpg
17,"<h1 class=""listing-item__header"">
    Support TV de 24"" à 75"" pouces
</h1>",Neuf,Autre,17 000 ,Grand-Dakar,https://i.roamcdn.net/hz/ed/listing-thumb-543w/fa8b741c032183a71dfcc38952171f90/-/horizon-files-prod/ed/picture/qwezqkqk/df3e65ef8dbf5d8f7c8eb7de70ee9f306e4e473e.jpg
18,"<h1 class=""listing-item__header"">
    SMART LG 55"" UHD 4K (2024)
</h1>",Neuf,LG,350 000 ,Pikine,https://i.roamcdn.net/hz/ed/listing-thumb-543w/079b997a371e521ca91c31ecf23a7e7b/-/horizon-files-prod/ed/picture/qm5g7wjw/e918cd2e234ac57c128c9611e79257dd81368853.jpg
19,"<h1 class=""listing-item__header"">
    Télévision WIWlil 32 pouces smart tv
</h1>",Neuf,Autre,68 000 ,Castor,https://i.roamcdn.net/hz/ed/listing-thumb-543w/b7c467a6b6cdf28b2b0b66dad5cb50c5/-/horizon-files-prod/ed/picture/qq42g5zv/658a4cdb7f4deee2475d6e00bbacfa55d4706eef.jpg
20,"<h1 class=""listing-item__header"">
    Télévision wiwlil 43 pouces smart tv
</h1>",Neuf,Autre,115 000 ,Castor,https://i.roamcdn.net/hz/ed/listing-thumb-543w/0b9b3dab3c1e661b84383ed1c8fbb532/-/horizon-files-prod/ed/picture/qpdm2jgx/20e1b3ab23af1af9da15ce27d597021dc5aae75c.jpg
21,"<h1 class=""listing-item__header"">
    Smart TV 43 ASTECH Android
</h1>",Neuf,Astech,135 000 ,Plateau,https://i.roamcdn.net/hz/ed/listing-thumb-543w/6847f8150172a68a600b98a762da85dd/-/horizon-files-prod/ed/picture/qkrgp4zm/3ec9ad611dedd9ff83d0c9a64e2ca75ddc380fe6.jpg
22,"<h1 class=""listing-item__header"">
    Samsung QLED 65"" The Frame (2024)
</h1>",Neuf,Samsung,850 000 ,Pikine,https://i.roamcdn.net/hz/ed/listing-thumb-543w/1f9eda96c00f51376d8334f761a2eb52/-/horizon-files-prod/ed/picture/qenvexjj/48cada6b32c7e207dee8ccacb736c2e8846e1d67.jpg
23,"<h1 class=""listing-item__header"">
    SMART TV FINIX 43 POUCES WIFI 10.8CM
</h1>",Neuf,Autre,145 000 ,Keur Massar,https://i.roamcdn.net/hz/ed/listing-thumb-543w/327d4290b564325d4eab75c05e537ef0/-/horizon-files-prod/ed/picture/q6xdj8d4/8413d3b5aa91326d6cd9dbada5d78459c9ed4e6c.jpg
24,"<h1 class=""listing-item__header"">
    Vidéoprojecteur ANDROID Wifi BT 170 pouces (4,31m)
</h1>",Neuf,Autre,35 000 ,Patte d‘oie,https://i.roamcdn.net/hz/ed/listing-thumb-543w/17b50caa4e19c1514f4c70ef869ade21/-/horizon-files-prod/ed/picture/qrz8ejr2/149b9922d8bf263d5e255d143bce97aef1bff0ec.jpg
25,"<h1 class=""listing-item__header"">
    Airflux Smart Tv 32 pouves + Abonnement IP TV intégré 1 an
</h1>",Neuf,Autre,85 000 ,Médina,https://i.roamcdn.net/hz/ed/listing-thumb-543w/a7f85d4d7c80ca9d38dca258b566035e/-/horizon-files-prod/ed/picture/qm5gevz9/9760003fa2a95a8ff5883b7b9c86630a6e8e5682.png
26,"<h1 class=""listing-item__header"">
    SONY BRAVIA 85"" Google TV 4K
</h1>",Neuf,Sony,1 500 000 ,Patte d‘oie,https://i.roamcdn.net/hz/ed/listing-thumb-543w/8f7fcafce62075976f14a229ed75449b/-/horizon-files-prod/ed/picture/q56dkgzr/8df88d71128673c48709e6a19a7d5c4422f84059.jpg
27,"<h1 class=""listing-item__header"">
    smart samsung 65"" uhd 4k full options
</h1>",Neuf,Samsung,480 000 ,Ouakam,https://i.roamcdn.net/hz/ed/listing-thumb-543w/1d35adcf1305c9a215cdbf4f44f95f59/-/horizon-files-prod/ed/picture/q44n2jwp/5e94d47e5d38bf80fcd32aea70f837eb4c1759ee.jpg
28,"<h1 class=""listing-item__header"">
    ASTECH TV LED 43 POUCES SMART TV WiFi
</h1>",Neuf,Astech,160 000 ,Plateau,https://i.roamcdn.net/hz/ed/listing-thumb-543w/c3262eb920a99561bdc2f69f13399fcb/-/horizon-files-prod/ed/picture/qmkj9e2/6fcd8080094b3e2cda0948f877747498aa54135a.jpg
29,"<h1 class=""listing-item__header"">
    Support TV de 24"" à 75"" pouces
</h1>",Neuf,Autre,17 000 ,Grand-Dakar,https://i.roamcdn.net/hz/ed/listing-thumb-543w/7d093bba44e5bf2fc710fd5d35c15d0b/-/horizon-files-prod/ed/picture/q2jr98nv/1202541923cf2c9f8970bed04fe5b6f793fe9d9c.jpg
30,"<h1 class=""listing-item__header"">
    SAMSUNG SMART 70"" UHD 4K
</h1>",Neuf,Samsung,650 000 ,Pikine,https://i.roamcdn.net/hz/ed/listing-thumb-543w/cd086ba7ada78676aefe96ab3c31b69b/-/horizon-files-prod/ed/picture/qv4wrnxk/85fe02f936d4a1b8e6f9bb4158e83d9c77171578.jpg
31,"<h1 class=""listing-item__header"">
    tv smart haier 43"" android full options
</h1>",Neuf,Haier,160 000 ,Ouakam,https://i.roamcdn.net/hz/ed/listing-thumb-543w/531e20903de60f6e6cfa91bdbc9e284e/-/horizon-files-prod/ed/picture/q78w56wd/fa60dbe1081489d1740fb43c9c561429d65c3b11.jpg
32,"<h1 class=""listing-item__header"">
    Tcl smart tv 75 pouces WiFi 4K USB UHD
</h1>",Neuf,TCL,550 000 ,Plateau,https://i.roamcdn.net/hz/ed/listing-thumb-543w/866fb1a35dd8a0767c6d2041a047f2a7/-/horizon-files-prod/ed/picture/qwepwz5k/3f2581487df35df910020340d3320083a741e073.jpg
33,"<h1 class=""listing-item__header"">
    Led Tv 24 pouces Star track télévision
</h1>",Neuf,Star,50 000 ,Médina,https://i.roamcdn.net/hz/ed/listing-thumb-543w/64f2b113412ee67dd99af0a17de7a95e/-/horizon-files-prod/ed/picture/q566kd7g/e10710796a654756e21f5712cae2f10488cbeb22.jpg
34,"<h1 class=""listing-item__header"">
    Televison wiwlil 65pouces smart tv
</h1>",Neuf,Autre,280 000 ,Castor,https://i.roamcdn.net/hz/ed/listing-thumb-543w/e9f02e1c5b79b577d054ada1801cc1a0/-/horizon-files-prod/ed/picture/q6xdmg2j/e1ed68d5e67f8111c13dae73cea2b9faa7a6091e.jpg
35,"<h1 class=""listing-item__header"">
    Télévision Wiwlil 43 pouces smart tv
</h1>",Neuf,Autre,107 000 ,Castor,https://i.roamcdn.net/hz/ed/listing-thumb-543w/838a2be679f043b77b8aab4f5115ccbb/-/horizon-files-prod/ed/picture/q0g75nvm/c929eca654d6c683d35c4bc218902070edc33cc2.jpg
36,"<h1 class=""listing-item__header"">
    TÉLÉVISION 55 POUCES SMART TV
</h1>",Neuf,Autre,188 000 ,Castor,https://i.roamcdn.net/hz/ed/listing-thumb-543w/1043aa4c7b8564dedc8222c97a1b0b10/-/horizon-files-prod/ed/picture/q78wg2m5/00da0a920607473ed23a3dfe67bf01be66394a81.jpg
37,"<h1 class=""listing-item__header"">
    Tv 50 pouce smart tv smart tv
</h1>",Neuf,Autre,169 900 ,Colobane,https://i.roamcdn.net/hz/ed/listing-thumb-543w/f615f04d40afd616376ca7a2f06eb58a/-/horizon-files-prod/ed/picture/qwep7zxz/6e7018d3df0ae9bf03fad3f476e580467a8bceea.jpg
38,"<h1 class=""listing-item__header"">
    Tv hisense 70 pouce smart tv
</h1>",Neuf,Hisense,499 900 ,Colobane,https://i.roamcdn.net/hz/ed/listing-thumb-543w/4b7332a0b50681b146209cfba856e9db/-/horizon-files-prod/ed/picture/qngpedvg/b98def936d8b5f9e9497bb6d0af8b12140663afc.jpg
39,"<h1 class=""listing-item__header"">
    Smart TV 32 pouces Marque Deska
</h1>",Neuf,Autre,70 000 ,Médina,https://i.roamcdn.net/hz/ed/listing-thumb-543w/64441f95b9fc50a236becfd385022489/-/horizon-files-prod/ed/picture/qm5ggkg6/557a20241a06068092fd3e462d6dd84162fc5db5.jpg
40,"<h1 class=""listing-item__header"">
    SMART LG 55"" UHD 4K (2024)
</h1>",Neuf,LG,380 000 ,Pikine,https://i.roamcdn.net/hz/ed/listing-thumb-543w/edadf2f2331771022b6c0f64de984e77/-/horizon-files-prod/ed/picture/qngpknw0/95864f82a714a33621e2be06d5c3b70418d59f4c.jpg
41,"<h1 class=""listing-item__header"">
    LG SMART 86"" UHD 4K (2024)
</h1>",Neuf,LG,1 400 000 ,Patte d‘oie,https://i.roamcdn.net/hz/ed/listing-thumb-543w/0d5e1638a4152a5f80986ff1aad8d0c9/-/horizon-files-prod/ed/picture/q9mjzwj0/7a68866a69c5aaf30406d0e90daed860f75352bb.jpg
42,"<h1 class=""listing-item__header"">
    Gros électronic électroménager smart tv
</h1>",Neuf,Astech,380 000 ,Plateau,https://i.roamcdn.net/hz/ed/listing-thumb-543w/62a747a0c7169d00b120cf0f53a45dde/-/horizon-files-prod/ed/picture/qv4ez8jg/509ca4e1b1fd0e173a6559e246fd75b712159bd3.jpg
43,"<h1 class=""listing-item__header"">
    Tapis de prière
</h1>",Neuf,Star,13 500 ,Castor,https://i.roamcdn.net/hz/ed/listing-thumb-543w/0a110ab918feb204d99a49600ea63c9e/-/horizon-files-prod/ed/picture/q6xd978g/7535a5a84029b8c470f646ecc53875332fbd8b05.jpg
44,"<h1 class=""listing-item__header"">
    Tv  Samsung 43 pouce  smart tv
</h1>",Neuf,Samsung,215 000 ,Colobane,https://i.roamcdn.net/hz/ed/listing-thumb-543w/6999974c287ceac68cbd41d0d5485be8/-/horizon-files-prod/ed/picture/qenvennx/9c36d89ef18bee84b54b04012f48eff7fe18ad06.jpg
45,"<h1 class=""listing-item__header"">
    Televiseur west 43 smart tv
</h1>",Neuf,Autre,110 000 ,Colobane,https://i.roamcdn.net/hz/ed/listing-thumb-543w/cd7f9bc0d8e355e0d4fad7123b723995/-/horizon-files-prod/ed/picture/q0g7jprg/a51867298fd96c5875d505e85f76fbe2e1545174.jpg
46,"<h1 class=""listing-item__header"">
    Téléviseur Samsung 65 Pouces 4K
</h1>",Neuf,Samsung,395 000 ,Plateau,https://i.roamcdn.net/hz/ed/listing-thumb-543w/2b6392b5100bfce4cab914e9777be1d0/-/horizon-files-prod/ed/picture/qzvpwqrq/cd565335460f7cfc674e934a572bfe45e88856d2.jpg
47,"<h1 class=""listing-item__header"">
    Téléviseur Samsung 55 Pouces
</h1>",Neuf,Samsung,320 000 ,Plateau,https://i.roamcdn.net/hz/ed/listing-thumb-543w/bbfcf1c8a99b2808c6fb04bfe116a521/-/horizon-files-prod/ed/picture/qngpk2mz/713b31853d7e4a4b9cfb728c5fca9beab50dc2c5.jpg
48,"<h1 class=""listing-item__header"">
    SMART TV TCL 55 POUCES 4K UHD ANDROID GOOGLE TV 139 CM
</h1>",Neuf,TCL,260 000 ,Plateau,https://i.roamcdn.net/hz/ed/listing-thumb-543w/f26a1f5e829e32f9589a660adcc86bae/-/horizon-files-prod/ed/picture/qgqwk000/59e66c9f5fa3f5e63767a2af081dbc98b0303b72.jpg
49,"<h1 class=""listing-item__header"">
    tv smart astech 55"" android ultra hd 4k full options
</h1>",Neuf,Samsung,250 000 ,Ouakam,https://i.roamcdn.net/hz/ed/listing-thumb-543w/d5d2fe3fde26e1d27eb1ae3a4540dc54/-/horizon-files-prod/ed/picture/qxjpe9gm/a6245668c3d9d919ae03f9d40a5508446cff76a2.jpg
50,"<h1 class=""listing-item__header"">
    LG SMART 70"" UT75 4K (2024)
</h1>",Neuf,LG,650 000 ,Patte d‘oie,https://i.roamcdn.net/hz/ed/listing-thumb-543w/93fd3a1ac72479cebb455ac04535ab79/-/horizon-files-prod/ed/picture/q78wqx4z/56b9d7d2fbd84207aa783f8841614ed4ede66017.jpg
51,"<h1 class=""listing-item__header"">
    Télécommande samsung smartv le meilleur de ça génération 4k
</h1>",Neuf,Samsung,35 000 ,Dieuppeul,https://i.roamcdn.net/hz/ed/listing-thumb-543w/a0f1428faa7f329d49645c033d7f41d4/-/horizon-files-prod/ed/picture/qngpq4wx/ab89e6dd562ffbb663606b6ab6650d3a72e7586f.jpg
52,"<h1 class=""listing-item__header"">
    SAMSUNG DU7000 SMART TV 65 POUCES 4K ELECTRONIC
</h1>",Neuf,Samsung,500 000 ,Plateau,https://i.roamcdn.net/hz/ed/listing-thumb-543w/d9e5259882846d1ecc7fcee0453a99e0/-/horizon-files-prod/ed/picture/q2j0w92v/5b16b8979c226e415544d7b1f0a493f44e9e5d37.png
53,"<h1 class=""listing-item__header"">
    Téléviseur 43"" Astech 43AC111 smart Android
</h1>",Neuf,Astech,120 000 ,Médina,https://i.roamcdn.net/hz/ed/listing-thumb-543w/d9688a04afe31eef0a1417e72b859aeb/-/horizon-files-prod/ed/picture/q8v54zm4/92f57ad51c96cbc1fd124c65ec545cc5918c92ea.jpg
54,"<h1 class=""listing-item__header"">
    TÉLÉVISEURS SAMSUNG 43 SMART TV
</h1>",Neuf,Samsung,190 000 ,Plateau,https://i.roamcdn.net/hz/ed/listing-thumb-543w/cb5887e0183abdbdf2629ea5dea2a7cf/-/horizon-files-prod/ed/picture/qzvp0749/d4e33e8c1182c59a62b4afe02a0d3aa1bd2e1ba7.jpg
55,"<h1 class=""listing-item__header"">
    TV Astech Android
</h1>",Neuf,Astech,80 000 ,Plateau,https://i.roamcdn.net/hz/ed/listing-thumb-543w/d9b4899ed27aac08a117e5658d67a433/-/horizon-files-prod/ed/picture/qngp05e9/b441ce9ffb95d0e060eca42e8c06d754318e7675.jpg
56,"<h1 class=""listing-item__header"">
    TV Astech Android
</h1>",Neuf,Astech,125 000 ,Plateau,https://i.roamcdn.net/hz/ed/listing-thumb-543w/f1298438a72c927a40a55a79786cbfa8/-/horizon-files-prod/ed/picture/qgqw4552/4ad1e3b68ecafcedfadbe274064b21fe79f2bf92.jpg
57,"<h1 class=""listing-item__header"">
    Vidéo projecteur 4k
</h1>",Neuf,Autre,50 000 ,Patte d‘oie,https://i.roamcdn.net/hz/ed/listing-thumb-543w/516745729600586a7037fd7f724d21db/-/horizon-files-prod/ed/picture/qgqw6n74/a5f4b569f58a21f3d94032ea69824e9701d7d585.jpg
58,"<h1 class=""listing-item__header"">
    smart hisense 43"" full options
</h1>",Neuf,Hisense,175 000 ,Ouakam,https://i.roamcdn.net/hz/ed/listing-thumb-543w/81fe06882ae27716e467139a25485980/-/horizon-files-prod/ed/picture/q9mjjxp5/4c574da6829e1d65498eb4980a456b59b90dc560.jpg
59,"<h1 class=""listing-item__header"">
    SAMSUNG QLED 85"" UHD 4K
</h1>",Neuf,Samsung,1 700 000 ,Patte d‘oie,https://i.roamcdn.net/hz/ed/listing-thumb-543w/7a0d130e8f4e0b9adbf580ba791d30c0/-/horizon-files-prod/ed/picture/q56d5dg6/446d091cee048cf1f2a3368216ad53b949abd052.jpg
60,"<h1 class=""listing-item__header"">
    TELEVISEUR AMAZ 42"" LED SMART ANDROID AM42FT1002S
</h1>",Neuf,Autre,98 000 ,Plateau,https://i.roamcdn.net/hz/ed/listing-thumb-543w/e20ac98816f2c5cb682d9245dadd979c/-/horizon-files-prod/ed/picture/q6xdjp87/f1e8ae90aa4e155250d688456562dc296df2923c.jpg
61,"<h1 class=""listing-item__header"">
    TELEVISEUR IBSON 42"" SMART ANDROID IB42FT1002S
</h1>",Neuf,Autre,98 000 ,Plateau,https://i.roamcdn.net/hz/ed/listing-thumb-543w/edf06e7c9e9dbfc8025aae7102e74c73/-/horizon-files-prod/ed/picture/q78w6248/61003322b162da4988fb0340910b94043fd3c616.jpg
62,"<h1 class=""listing-item__header"">
    Tv west 40 pouce smart tv
</h1>",Neuf,Autre,110 000 ,Colobane,https://i.roamcdn.net/hz/ed/listing-thumb-543w/ff4f18fefeaa74a255eecc8d61c1c370/-/horizon-files-prod/ed/picture/qv4wj8jv/1d3cb2646c4082c96f41ee48e3c7f9423867557c.jpg
63,"<h1 class=""listing-item__header"">
    Google TV 65"" marque SHARP
</h1>",Neuf,Sharp,399 900 ,Plateau,https://i.roamcdn.net/hz/ed/listing-thumb-543w/159b957c9a3c9f3010e3dc390af12a1f/-/horizon-files-prod/ed/picture/qwep646g/6170f631b7ed3e6b45f9470e49abdc70d248ed8d.png
64,"<h1 class=""listing-item__header"">
    Google TV 55"" marque SHARP
</h1>",Neuf,Sharp,275 000 ,Plateau,https://i.roamcdn.net/hz/ed/listing-thumb-543w/ad8fc7e21e8fb0ae755745a47baab2e5/-/horizon-files-prod/ed/picture/q78w6268/4612bda5bf5ecfa6fa0aa372854bc1f14eda3823.png
65,"<h1 class=""listing-item__header"">
    Téléviseur Ibson 42 Led
</h1>",Neuf,Autre,80 000 ,Plateau,https://i.roamcdn.net/hz/ed/listing-thumb-543w/aeefd6f9f22cd3473aaa537513316cf0/-/horizon-files-prod/ed/picture/qpdmr5nj/12459e8971c2e11eb58308227c60621ca8b89d6e.jpg
66,"<h1 class=""listing-item__header"">
    Téléviseur Torl 43 Pouces
</h1>",Neuf,Torl,110 000 ,Plateau,https://i.roamcdn.net/hz/ed/listing-thumb-543w/536170c495716e6b9f41fdced36646d7/-/horizon-files-prod/ed/picture/q44d88d2/7fb95207d76141ec0b5088c0ab740cbde48497ee.jpg
67,"<h1 class=""listing-item__header"">
    TELEVISEUR IBSON 42"" LED IB42FT1002
</h1>",Neuf,Autre,89 000 ,Plateau,https://i.roamcdn.net/hz/ed/listing-thumb-543w/fcd7b58e14c6a5afb1ad767a052fe186/-/horizon-files-prod/ed/picture/qzvp0mqg/71d10426aae409cfee921195d374bfb85e615e49.jpg
68,"<h1 class=""listing-item__header"">
    TELEVISEUR AMAZ 42"" LED AMFT1002
</h1>",Neuf,Autre,89 000 ,Plateau,https://i.roamcdn.net/hz/ed/listing-thumb-543w/baa806441a0da89baa01588acbfd3b77/-/horizon-files-prod/ed/picture/qm5gwpz2/029922032d175c18740423ee1097f2e914bfa7e0.jpg
69,"<h1 class=""listing-item__header"">
    Téléviseur Hisense 65 Pouces Smart TV
</h1>",Neuf,Hisense,340 000 ,Plateau,https://i.roamcdn.net/hz/ed/listing-thumb-543w/cd60ab3d5f413268c58bccb2fc1eeb0f/-/horizon-files-prod/ed/picture/q0g756dd/789aab718414bf19dcadb16f6f13d22c56267b0a.jpg
70,"<h1 class=""listing-item__header"">
    Téléviseur Samsung 43 Pouces Smart Tv
</h1>",Neuf,Samsung,205 000 ,Plateau,https://i.roamcdn.net/hz/ed/listing-thumb-543w/64e45866885d6b82cb13444d07690b56/-/horizon-files-prod/ed/picture/qgqwkzxn/6e0494cd682c59cd47edc82aec361e55f1f27e35.jpg
71,"<h1 class=""listing-item__header"">
    Téléviseur Samsung 50 Pouces
</h1>",Neuf,Samsung,280 000 ,Plateau,https://i.roamcdn.net/hz/ed/listing-thumb-543w/17244c904b721553e4d25fc4666230f0/-/horizon-files-prod/ed/picture/qpdm52zp/da59127b53b87faae4dabbb6a6d43409fbaa6a60.jpg
72,"<h1 class=""listing-item__header"">
    Téléviseur Deska 55 Pouces Smart Tv
</h1>",Neuf,Autre,190 000 ,Plateau,https://i.roamcdn.net/hz/ed/listing-thumb-543w/1453adeb3a6bebf70ba65f5069d86023/-/horizon-files-prod/ed/picture/qrz8k27g/44bb93bb423ba4684418c5a3994fbfff684618fd.jpg
73,"<h1 class=""listing-item__header"">
    Téléviseur LG Smart Tv 43 pouces
</h1>",Neuf,LG,190 000 ,Plateau,https://i.roamcdn.net/hz/ed/listing-thumb-543w/4f7c11719c3baaafbb14aed305ade1f5/-/horizon-files-prod/ed/picture/q9m0d647/63086384e8d2e9c1f52ce99a087e6feb5123b31d.jpg
74,"<h1 class=""listing-item__header"">
    TÉLÉVISEURS HISENSE 32 pouce SMART TV
</h1>",Neuf,Hisense,80 000 ,Plateau,https://i.roamcdn.net/hz/ed/listing-thumb-543w/dc4f59ac51d70a5fe56960383787feb3/-/horizon-files-prod/ed/picture/qngpq6wv/f0f64969e28e34c52e3db9c45d759ba0a9cd4bca.jpg
75,"<h1 class=""listing-item__header"">
    Téléviseur West 43 Pouces Android
</h1>",Neuf,Autre,105 000 ,Plateau,https://i.roamcdn.net/hz/ed/listing-thumb-543w/6af411e6906d16ba621607fd0b3bfada/-/horizon-files-prod/ed/picture/qwe2d724/e11db09e5b7e5a364f3ce981b5936bb864d14d62.jpg
76,"<h1 class=""listing-item__header"">
    Téléviseur Gibson  42 Pouces Smart Tv Android
</h1>",Neuf,Autre,96 000 ,Plateau,https://i.roamcdn.net/hz/ed/listing-thumb-543w/0365f44b2b374808effd546a55c5caf7/-/horizon-files-prod/ed/picture/q6xdjpqg/26db9f8b9b629435509b03ffd8f44a38f59497b0.jpg
77,"<h1 class=""listing-item__header"">
    Téléviseur Asyech 55 Pouces
</h1>",Neuf,Astech,240 000 ,Plateau,https://i.roamcdn.net/hz/ed/listing-thumb-543w/b0c2521215126f6d32757e892cf2a418/-/horizon-files-prod/ed/picture/qenvk4r4/3e31b4c8fee1e7d254fd68f1a00b9eaa1600ed89.jpg
78,"<h1 class=""listing-item__header"">
    Téléviseur Astech 43 Pouces
</h1>",Neuf,Astech,130 000 ,Plateau,https://i.roamcdn.net/hz/ed/listing-thumb-543w/aae09ce9628a97c52a8d0656c720b457/-/horizon-files-prod/ed/picture/q56dkjp0/f14b8d5129b9484896a5149bcd6e917842db4242.jpg
79,"<h1 class=""listing-item__header"">
    Téléviseur Sharp 55 Pouces
</h1>",Neuf,Sharp,260 000 ,Plateau,https://i.roamcdn.net/hz/ed/listing-thumb-543w/8b41d5498e84fa58b7138ef64422fe99/-/horizon-files-prod/ed/picture/q2j0xmkv/8552593406c0669b0539346c5bd278abd666f38e.jpg
80,"<h1 class=""listing-item__header"">
    Téléviseur West 65 Pouces Android
</h1>",Neuf,Autre,265 000 ,Plateau,https://i.roamcdn.net/hz/ed/listing-thumb-543w/571e75d58734e81ef2cbe2e63294cc0c/-/horizon-files-prod/ed/picture/qen5g4zz/9d43c621c99e66c0a3400324111fd3062477d3c0.jpg
81,"<h1 class=""listing-item__header"">
    TELEVISEUR 43POUCES ASTECH SMART GOOGLE TV 43GT3022A
</h1>",Neuf,Astech,135 000 ,Plateau,https://i.roamcdn.net/hz/ed/listing-thumb-543w/4f6bd02ac8dd012f27ec3a21a1d88bb6/-/horizon-files-prod/ed/picture/q56dkj4p/eb5c57d4ea8e8d8449fcfd11eead66fec9d1abe6.jpg
82,"<h1 class=""listing-item__header"">
    TELEVISEUR 43POUCES ELACTRON QLED SMART ANDROID TS43D31AS
</h1>",Neuf,Elactron,135 000 ,Plateau,https://i.roamcdn.net/hz/ed/listing-thumb-543w/3f8fe94270a750dd74613dde1ace17b1/-/horizon-files-prod/ed/picture/qq42r0dn/6864b6f80ca433c16b3407990f14fa9124473107.jpg
83,"<h1 class=""listing-item__header"">
    TELEVISEUR 43POUCES ASTECH  SMART ANDROID 43AC111D
</h1>",Neuf,Astech,135 000 ,Plateau,https://i.roamcdn.net/hz/ed/listing-thumb-543w/ae02b71d4a713f2c1c957124ca54802d/-/horizon-files-prod/ed/picture/qv4wj8px/b0223f1c671dd98a2480900fb8fbf41e1bef0815.jpg
84,"<h1 class=""listing-item__header"">
    TELEVISEUR 43POUCES SMART TECHNOLOGY SMART STT5043SA
</h1>",Neuf,Autre,129 000 ,Plateau,https://i.roamcdn.net/hz/ed/listing-thumb-543w/2587db447d036e529305a84682834557/-/horizon-files-prod/ed/picture/qrz8xepn/0c22147e48b9c99b2f7b3f086816343818c4db05.jpg
85,"<h1 class=""listing-item__header"">
    TELEVISEUR 43POUCES TORNADO SMART 43ES9300E
</h1>",Neuf,Autre,119 000 ,Plateau,https://i.roamcdn.net/hz/ed/listing-thumb-543w/3cb94bdf8b88cc7c9927572cd06ba1e5/-/horizon-files-prod/ed/picture/qq42rej7/09fd1033611510aa1a24e97a380f9bc5e56133f7.jpg
86,"<h1 class=""listing-item__header"">
    Téléviseur intelligent TCL 55 pouces 4K UHD HDR
</h1>",Neuf,TCL,300 000 ,VDN,https://i.roamcdn.net/hz/ed/listing-thumb-543w/8397ad29940ed1e0d611c7b4e136949c/-eyJvciI6MH0%3D/horizon-files-prod/ed/picture/qwep674z/0cb6812dc42e4a80910b290916441d4a6a130385.jpg
87,"<h1 class=""listing-item__header"">
    TELEVISEUR 43POUCES WIWLIL SMART 43QBHLW
</h1>",Neuf,Autre,119 000 ,Plateau,https://i.roamcdn.net/hz/ed/listing-thumb-543w/0db99938cf4da0bd093102d0ecbdd81d/-/horizon-files-prod/ed/picture/q78w6z2e/456fbcc5d195bdb6eab5cb916e8ac2e1ace1a7de.jpg
88,"<h1 class=""listing-item__header"">
    TELEVISEUR 43POUCES MASER SMART FULL HD43
</h1>",Neuf,Autre,119 000 ,Plateau,https://i.roamcdn.net/hz/ed/listing-thumb-543w/dce6d7b0cb2b8a3fe86a326db1619bec/-/horizon-files-prod/ed/picture/qkr8zej2/6bd21f064333e7a3fe4521ab964f33d73aaf4e93.jpg
89,"<h1 class=""listing-item__header"">
    TELEVISEUR 43POUCES TORL SMART ANDROID
</h1>",Neuf,Autre,119 000 ,Plateau,https://i.roamcdn.net/hz/ed/listing-thumb-543w/3ecf33baa33cba5476ec6c2048c8aca6/-/horizon-files-prod/ed/picture/qrz8xe9n/394194ceeca8a6dcb00301c675ce06a8567a6fe5.jpg
90,"<h1 class=""listing-item__header"">
    TELEVISEUR 43POUCES ASTECH LED 430D15
</h1>",Neuf,Astech,119 000 ,Plateau,https://i.roamcdn.net/hz/ed/listing-thumb-543w/004acfd030bbaececf11f81607b1fe2c/-/horizon-files-prod/ed/picture/qngpqe6g/5c7abebab72e4775d616e949af64eab490713714.jpg
91,"<h1 class=""listing-item__header"">
    TELEVISEUR 40POUCES SAMSUNG SMART 40N5300AU
</h1>",Neuf,Samsung,179 000 ,Plateau,https://i.roamcdn.net/hz/ed/listing-thumb-543w/62ae44aa8b89e853240c1ce767c0ff54/-/horizon-files-prod/ed/picture/q78w6zze/21807b2f510dfa9e4639d43aee53b0e6f4f0f25a.jpg
92,"<h1 class=""listing-item__header"">
    TELEVISEUR 40POUCES SAMSUNG UA 40N5000AS
</h1>",Neuf,Samsung,149 000 ,Plateau,https://i.roamcdn.net/hz/ed/listing-thumb-543w/dbf24423a7b2177b67d32ecbb9f27b2f/-/horizon-files-prod/ed/picture/qde7gppm/112b5db2f05a1f3b615d11ad0a418f37c05a7884.jpg
93,"<h1 class=""listing-item__header"">
    TELEVISEUR 43POUCES TCL  SMART S5400A
</h1>",Neuf,TCL,149 000 ,Plateau,https://i.roamcdn.net/hz/ed/listing-thumb-543w/f183b0cde9f8820724fa8e58b1a20e3d/-/horizon-files-prod/ed/picture/qgqw6ee8/facb1239722cad7a2037227ca010371d9f195a2f.jpg
94,"<h1 class=""listing-item__header"">
    TELEVISEUR 40POUCES HISENSE LED SMART VIDAA 40A4K
</h1>",Neuf,Hisense,129 000 ,Plateau,https://i.roamcdn.net/hz/ed/listing-thumb-543w/18c50e541ba1869eaf22bc8bf47dcb14/-/horizon-files-prod/ed/picture/q8v47ww4/72e92040cf64c481031541a8504b1dab03cb17af.jpg
95,"<h1 class=""listing-item__header"">
    TELEVISEUR 40POUCES WEST SMART ANDROID 40ZBD20W
</h1>",Neuf,Autre,98 000 ,Plateau,https://i.roamcdn.net/hz/ed/listing-thumb-543w/22ab2bf10e3ec3bec0c7704537d8b57a/-/horizon-files-prod/ed/picture/qv4wj6j2/930e7a697d4bca86d442831e8647f8ea101ed652.jpg
96,"<h1 class=""listing-item__header"">
    TELEVISEUR STAR TRACK 32 POUCES
</h1>",Neuf,All Star,65 000 ,Grand-Dakar,https://i.roamcdn.net/hz/ed/listing-thumb-543w/1b7c3550496aba41ea79eb51f6e44cc7/-/horizon-files-prod/ed/picture/q7859nm5/271700c684f6487cbf771907b919f1f5bf857a16.jpg
97,"<h1 class=""listing-item__header"">
    Smart vidéo projecteur pro 4k
</h1>",Neuf,Autre,95 000 ,Parcelles Assainies,https://i.roamcdn.net/hz/ed/listing-thumb-543w/2696ae4726161858f90d61cd71acde65/-/horizon-files-prod/ed/picture/qj4q0e5z/0816d47133b5cce74deb02445f37c1298e5ef3d5.jpg
98,"<h1 class=""listing-item__header"">
    TÉLÉCOMMANDE TV LG SMARTV
</h1>",Neuf,LG,30 000 ,Dieuppeul,https://i.roamcdn.net/hz/ed/listing-thumb-543w/9300f907e31a6ed3f4d14c3efe9e7b90/-/horizon-files-prod/ed/picture/q9m0renn/333d540e31d6474cde338b9dacea2a649c6e8d09.jpg
99,"<h1 class=""listing-item__header"">
    TÉLÉVISION HISENSE SMART 43 POUCES
</h1>",Neuf,Hisense,180 000 ,Liberte 6,https://i.roamcdn.net/hz/ed/listing-thumb-543w/1102013f8f38f4bdcb4b59f6e3f7ae9a/-/horizon-files-prod/ed/picture/q56d99ke/3f0b7a2ec3e13aed6136c1768c6ff199a2a56cf4.jpg
100,"<h1 class=""listing-item__header"">
    TÉLÉVISEUR LG SMART TV 70 POUCES AI ThinQ 4K UHD
</h1>",Neuf,LG,550 000 ,Liberte 6,https://i.roamcdn.net/hz/ed/listing-thumb-543w/e2d049c45938d38398cb447f14572e12/-/horizon-files-prod/ed/picture/q44ndpj4/35677c969ba449d159289c735c20023a0d009281.jpg
101,"<h1 class=""listing-item__header"">
    TÉLÉVISEUR SAMSUNG SMART TV 85 POUCES ULTRA HD
</h1>",Neuf,Samsung,1 250 000 ,Liberte 6,https://i.roamcdn.net/hz/ed/listing-thumb-543w/74ce4d6bafed1d811049be683e88d50d/-/horizon-files-prod/ed/picture/qwepzkqd/c0e1183e61e74307f8d5a0fdc7105ed46c051ba2.jpg
102,"<h1 class=""listing-item__header"">
    TÉLÉVISEUR SAMSUNG 55 POUCES SMART ULTRA HD
</h1>",Neuf,Samsung,350 000 ,Liberte 6,https://i.roamcdn.net/hz/ed/listing-thumb-543w/b30eed299acd62094cfdf0101f2979b6/-/horizon-files-prod/ed/picture/q0g729mk/668fb0bf298891df108faa3324f14ba70feeb851.jpg
103,"<h1 class=""listing-item__header"">
    Tv Amaz 42 pouce smart Androide
</h1>",Neuf,Autre,99 900 ,Colobane,https://i.roamcdn.net/hz/ed/listing-thumb-543w/9629128e0eb3b8b75aabd426f55e1d46/-/horizon-files-prod/ed/picture/qpdm49ew/0f90a8cd298a9f9e9e704af86a07c0e5d117756f.jpg
104,"<h1 class=""listing-item__header"">
    smart astech 65"" android uhd 4k full options
</h1>",Neuf,Astech,350 000 ,Ouakam,https://i.roamcdn.net/hz/ed/listing-thumb-543w/529dacf21716b71e13ba58f1d6c3077b/-/horizon-files-prod/ed/picture/qv4wv9mk/9c5eeb986abb09fba5ff92704fe0623b34ed351a.jpg
105,"<h1 class=""listing-item__header"">
    Hisense Google TV 75"" UHD 🇺🇸
</h1>",Neuf,Hisense,650 000 ,Patte d‘oie,https://i.roamcdn.net/hz/ed/listing-thumb-543w/86c27062d00613049c3fe6c954cb5b2b/-/horizon-files-prod/ed/picture/q9mjm4m8/37f640004ec683ef39e2adac72b8547c5d777de0.jpg
106,"<h1 class=""listing-item__header"">
    TELEVISEUR IBSON 32"" SMART ANDROID IB32FT1002S
</h1>",Neuf,Autre,73 000 ,Plateau,https://i.roamcdn.net/hz/ed/listing-thumb-543w/ef860d37f288d7d8cd22201bd4f3a22a/-/horizon-files-prod/ed/picture/q6xdj8w8/ad93ec48f22ccb6f8f9309ff2c330ce5f5c82be1.jpg
107,"<h1 class=""listing-item__header"">
    SUPPORT TV PIVOTAGE 32-70 CP850
</h1>",Neuf,Autre,32 000 ,Plateau,https://i.roamcdn.net/hz/ed/listing-thumb-543w/20e1973e57cfb3c68eeeca702f061475/-/horizon-files-prod/ed/picture/qwep600d/690c91bd9f6331826638dbc542ffba5f5b81761d.jpg
108,"<h1 class=""listing-item__header"">
    SMART TV TCL 32 POUCES WIFI ANDROID
</h1>",Neuf,TCL,120 000 ,Plateau,https://i.roamcdn.net/hz/ed/listing-thumb-543w/b1a6cea491850a64cbc7645ca16b515b/-/horizon-files-prod/ed/picture/qwepnqqj/c141490c5ffdc7a64574346a7a8fff33574b41ec.jpg
109,"<h1 class=""listing-item__header"">
    TELEVISEUR SOLSTAR 65"" SMART ANDROID 65HSU6200SS
</h1>",Neuf,Autre,289 000 ,Plateau,https://i.roamcdn.net/hz/ed/listing-thumb-543w/0be43004fbbf0aaf0442986e1786ed3a/-/horizon-files-prod/ed/picture/q56dkqn5/5367ff4b0ebfedc08b4048df2d584473af7da2f4.jpg
110,"<h1 class=""listing-item__header"">
    TELEVISEUR HISENSE 65"" LED SMART UHD 4K VIDAA 65A6K
</h1>",Neuf,Hisense,349 000 ,Plateau,https://i.roamcdn.net/hz/ed/listing-thumb-543w/50f76111e37e67dad8d0d1d3b43cd193/-/horizon-files-prod/ed/picture/qpdm4r9j/d78d9efbd37426e29866c20b6c880a847fdfcc99.jpg
111,"<h1 class=""listing-item__header"">
    TELEVISEUR EVERFINE 32"" LED
</h1>",Neuf,Autre,59 000 ,Plateau,https://i.roamcdn.net/hz/ed/listing-thumb-543w/fcf8135ca95bd96110c0af6c775a0a0a/-/horizon-files-prod/ed/picture/qgqw67rm/8c8176a2fec0f0706c917fa85bf1b7b9493a37a9.jpg
112,"<h1 class=""listing-item__header"">
    TABLE SUPPORT TELEVISEUR 32 75 POUCES VSTAR
</h1>",Neuf,Autre,89 000 ,Plateau,https://i.roamcdn.net/hz/ed/listing-thumb-543w/752833f55854082ff69ddd8791746e38/-/horizon-files-prod/ed/picture/qm5gwq7g/153515003f0782de4597ae9951d28b08302dae2d.jpg
113,"<h1 class=""listing-item__header"">
    TELEVISEUR NACHI 31"" LED
</h1>",Neuf,Autre,59 000 ,Plateau,https://i.roamcdn.net/hz/ed/listing-thumb-543w/9742ba64320f6640d0363e7644fd34b5/-/horizon-files-prod/ed/picture/q44ngw94/4049685b796a07de53746f77f1be2efe9ad0d7bd.jpg
114,"<h1 class=""listing-item__header"">
    TELEVISEUR SOLSTAR 65"" SMART ANDROID 65HSU6200SS
</h1>",Neuf,Autre,349 000 ,Plateau,https://i.roamcdn.net/hz/ed/listing-thumb-543w/bfe8a15948d3a8c886c36d95d1f9c193/-/horizon-files-prod/ed/picture/q78w644q/aaf67ffb0f0dc89189cc7e980e09e70505fda83e.jpg
115,"<h1 class=""listing-item__header"">
    TELEVISEUR SAMSUNG 75"" SMART UHD 4K UA75CU7000XZN
</h1>",Neuf,Samsung,698 000 ,Plateau,https://i.roamcdn.net/hz/ed/listing-thumb-543w/ca3c678ee2605c611d817104d8306de9/-/horizon-files-prod/ed/picture/qzvp0wwq/3a054f2d26dbd45eaae80e8e73a331786d6868fc.jpg
116,"<h1 class=""listing-item__header"">
    LG 70"" UT75 UHD 4K (2024)
</h1>",Neuf,LG,650 000 ,Patte d‘oie,https://i.roamcdn.net/hz/ed/listing-thumb-543w/c832f7f0ad0209d046939751b2ebf84c/-/horizon-files-prod/ed/picture/q44n9d4p/96f9a57c4de2c2649070d58732adfa6f544b4f51.jpg
117,"<h1 class=""listing-item__header"">
    TELEVISEUR 75POUCES SAMSUNG SMART 4K CU/ BU8100
</h1>",Neuf,Samsung,698 000 ,Plateau,https://i.roamcdn.net/hz/ed/listing-thumb-543w/110535a7c92d9ea7855bcb0ab562053c/-/horizon-files-prod/ed/picture/qde7gmr8/cd192f4b006e747a4bf1d3888134759e2e107c38.jpg
118,"<h1 class=""listing-item__header"">
    TELEVISEUR 75POUCES LG UE75UQ81006
</h1>",Neuf,LG,698 000 ,Plateau,https://i.roamcdn.net/hz/ed/listing-thumb-543w/8e5efba2758828994ee84bafb87a09b8/-/horizon-files-prod/ed/picture/q6xdj877/37347a137b0f2ea4b328045ac81524fa08375026.jpg
119,"<h1 class=""listing-item__header"">
    TELEVISEUR 75POUCES HISENSE LED SMART VIDAA QUANTUM DOT
</h1>",Neuf,Hisense,559 000 ,Plateau,https://i.roamcdn.net/hz/ed/listing-thumb-543w/e0eb3e8857c4af10a9e45fcb7c36e329/-/horizon-files-prod/ed/picture/qv4wj0n5/0667020bf41e284695084d7180294c253705cf85.jpg
120,"<h1 class=""listing-item__header"">
    TELEVISEUR 75POUCES TCL SMART GOOGLE TV 4K 75P755
</h1>",Neuf,TCL,498 000 ,Plateau,https://i.roamcdn.net/hz/ed/listing-thumb-543w/02881fdf3d85083c5c0df3997c4fb07e/-/horizon-files-prod/ed/picture/qj4q0dvr/dc164ffb141ed72be43e59640ae221ec9199b53a.jpg
121,"<h1 class=""listing-item__header"">
    Smart TV PHILLIPS 65 pouces 4K à vendre
</h1>",Venant,Philips,200 ,Keur Massar,https://i.roamcdn.net/hz/ed/listing-thumb-543w/d0bc81ddc26a18bfeff0adfe50a3b454/-/horizon-files-prod/ed/picture/qde7gz80/6601dfdeeeb1cca1beff0c9bdd3df38937ca14e4.jpg
122,"<h1 class=""listing-item__header"">
    TELEVISEUR 75POUCES  WIWLIL SMART ANDROID ANTICASSE
</h1>",Neuf,Autre,498 000 ,Plateau,https://i.roamcdn.net/hz/ed/listing-thumb-543w/172b7c267f305798005cdfee35e28419/-/horizon-files-prod/ed/picture/qxjp7nvq/82382ac05b151625dc81a9e1252e6b9ee5349813.jpg
123,"<h1 class=""listing-item__header"">
    TELEVISEUR 75POUCES ASTECH  SMART GOOGLE TV 75GT3024D
</h1>",Neuf,Astech,498 000 ,Plateau,https://i.roamcdn.net/hz/ed/listing-thumb-543w/151b0d97dacd65e5c91c42fc382fde5f/-/horizon-files-prod/ed/picture/q56dk2jr/4216c9f3606641da9b3a3b44e7a0c7eeb14f533f.jpg
124,"<h1 class=""listing-item__header"">
    TELEVISEUR 75POUCES ASTECH QLED SMART ANDROID
</h1>",Neuf,Astech,498 000 ,Plateau,https://i.roamcdn.net/hz/ed/listing-thumb-543w/6fc0e2575af582e0d0bca6a1a343fda8/-/horizon-files-prod/ed/picture/qrz8xk9g/40bf17916607d09b5799507b4630113853fb8479.jpg
125,"<h1 class=""listing-item__header"">
    TELEVISEUR 75POUCES HISENSE LED SMART 4K VIDAA 75A61K
</h1>",Neuf,Hisense,498 000 ,Plateau,https://i.roamcdn.net/hz/ed/listing-thumb-543w/7806ab220f1b7fa64e62c0159f149833/-/horizon-files-prod/ed/picture/qwep6976/288d0980052e2c0768c2d928f3ba2dc0d1c3afb7.jpg
126,"<h1 class=""listing-item__header"">
    TELEVISEUR 75POUCES TORL  SMART ANDROID ANTI CASSE SECAM
</h1>",Neuf,Autre,498 000 ,Plateau,https://i.roamcdn.net/hz/ed/listing-thumb-543w/99ebc7c55f676dd413318796728d5b70/-/horizon-files-prod/ed/picture/qq42rkez/65a0434b2ca4028569d2998fcaf47793d7fad883.jpg
127,"<h1 class=""listing-item__header"">
    TELEVISEUR 75POUCES ELACTRON QLED SMART ANDROID
</h1>",Neuf,Elactron,498 000 ,Plateau,https://i.roamcdn.net/hz/ed/listing-thumb-543w/fa08bfb4dac62ddf0a310404f756392a/-/horizon-files-prod/ed/picture/qxjp7nmq/962074ca725ea9d8dbf1762e66eda4226afea1da.jpg
128,"<h1 class=""listing-item__header"">
    TELEVISEUR 75POUCES TORL  SMART ANDROID 4K
</h1>",Neuf,Autre,489 000 ,Plateau,https://i.roamcdn.net/hz/ed/listing-thumb-543w/73af26f7e5f01c12ba27d82122b0aabf/-/horizon-files-prod/ed/picture/qngpqkvx/29ac0ff595885cc0ed91b980c8100bdfeb00dce9.jpg
129,"<h1 class=""listing-item__header"">
    TELEVISEUR 75POUCES SMART TECHNOLOGY  SMART ANDROID UHD 4K
</h1>",Neuf,Autre,469 000 ,Plateau,https://i.roamcdn.net/hz/ed/listing-thumb-543w/08553559d794e35ba0446e9840e1f539/-/horizon-files-prod/ed/picture/q56dk2q0/95fa1fad680b9f5acfe3a8e0e0ce51a88f41635d.jpg
130,"<h1 class=""listing-item__header"">
    TELEVISEUR 65POUCES SAMSUNG SMART 4K CU7000U
</h1>",Neuf,Samsung,429 000 ,Plateau,https://i.roamcdn.net/hz/ed/listing-thumb-543w/315d4be0efeef34d4c8ef9cf275c741a/-/horizon-files-prod/ed/picture/qpdm45rr/4deba44be9f3314641cc1603efbbecd0d1b0752c.jpg
131,"<h1 class=""listing-item__header"">
    TELEVISEUR 65POUCES SHARP LED SMART ANDROID 4TC65DL6NX
</h1>",Neuf,Sharp,369 000 ,Plateau,https://i.roamcdn.net/hz/ed/listing-thumb-543w/8277634d598c4dd97868f5c2c275666c/-/horizon-files-prod/ed/picture/qngpqk8x/1379b61fc850ca7da98697c4c3eaf1c7b55b2f48.jpg
132,"<h1 class=""listing-item__header"">
    TELEVISEUR 65POUCES ASTECH SMART GOOGLE TV 65GT3022R
</h1>",Neuf,Astech,349 000 ,Plateau,https://i.roamcdn.net/hz/ed/listing-thumb-543w/fdf21131aed2fa46b16c2a1a7fbb3fb1/-/horizon-files-prod/ed/picture/q6xdj22g/1fabde83d86761a6623046a8b7d63f72f9e7b69c.jpg
133,"<h1 class=""listing-item__header"">
    TELEVISEUR 65POUCES HISENSE  LED SMART VIDAA UHD 4K 65A62KS
</h1>",Neuf,Hisense,349 000 ,Plateau,https://i.roamcdn.net/hz/ed/listing-thumb-543w/03d0b227e55e6157fc9e598fa5f1c87e/-/horizon-files-prod/ed/picture/qpdm455r/e93252e1c143ad2d47cea9d236832cf326108048.jpg
134,"<h1 class=""listing-item__header"">
    TELEVISEUR 65POUCES TCL SMART GOOGLE TV 4K 65P635/65P755
</h1>",Neuf,TCL,349 000 ,Plateau,https://i.roamcdn.net/hz/ed/listing-thumb-543w/85cb135caa4885cc05512c648f99b829/-/horizon-files-prod/ed/picture/qgqw6kk0/e56ea1c1215ac3e07ff72d6dfc30ef9ede1e7e0a.jpg
135,"<h1 class=""listing-item__header"">
    TELEVISEUR 65POUCES ELACTRON QLED SMART ANDROID TS6561AS
</h1>",Neuf,Elactron,349 000 ,Plateau,https://i.roamcdn.net/hz/ed/listing-thumb-543w/8d54277654ff24bf402560daefaf102f/-/horizon-files-prod/ed/picture/q56dk28p/37a5fa51046ad200369dbef6ca57dcb37846acb9.jpg
136,"<h1 class=""listing-item__header"">
    TELEVISEUR 65POUCES SMART TECHNOLOGY SMART 65STT5065SA
</h1>",Neuf,Autre,279 000 ,Plateau,https://i.roamcdn.net/hz/ed/listing-thumb-543w/42cb68dffeda00289ab974a29b16103d/-/horizon-files-prod/ed/picture/qxjp7nz0/8cd27c3e27bfc1c7acd837fa866c87c949270106.jpg
137,"<h1 class=""listing-item__header"">
    TELEVISEUR 65POUCES WIWLIL SMART 65QBF1W
</h1>",Neuf,Autre,279 000 ,Plateau,https://i.roamcdn.net/hz/ed/listing-thumb-543w/12d648b7228a1a438a81589b59395b0c/-/horizon-files-prod/ed/picture/qm5gwkdz/2caf3f289b9a3fe6e91c4f77ffa702ab244439cb.jpg
138,"<h1 class=""listing-item__header"">
    TELEVISEUR 65POUCES TORL SMART ANDROID 4K
</h1>",Neuf,Autre,279 000 ,Plateau,https://i.roamcdn.net/hz/ed/listing-thumb-543w/7589d5d64634969af9c2265695533e1f/-/horizon-files-prod/ed/picture/qwep6980/38c679d021b99952928eb8e423e4c310dd4dbd7f.jpg
139,"<h1 class=""listing-item__header"">
    SAMSUNG SMART 85"" UHD 4K
</h1>",Neuf,Samsung,1 400 000 ,Patte d‘oie,https://i.roamcdn.net/hz/ed/listing-thumb-543w/c86ef63eeece3a1d4708b664df1afcdc/-/horizon-files-prod/ed/picture/qrz8wggm/e65ba24c5f453d5e917a16329affc20cfa2e6200.jpg
140,"<h1 class=""listing-item__header"">
    TELEVISEUR 55POUCES SAMSUNG SMART 4K UA55DU7010UXL
</h1>",Neuf,Samsung,319 000 ,Plateau,https://i.roamcdn.net/hz/ed/listing-thumb-543w/d9f121d1ac794b3357026038200a60d8/-/horizon-files-prod/ed/picture/q56dk2gp/6777244756628e50f9e9015af9bf8b23ad117ce9.jpg
141,"<h1 class=""listing-item__header"">
    TELEVISEUR 55POUCES SAMSUNG SMART UHD 4K DU7000XZN
</h1>",Neuf,Samsung,319 000 ,Plateau,https://i.roamcdn.net/hz/ed/listing-thumb-543w/c73029f22206e174f74a5aaa3274aa35/-/horizon-files-prod/ed/picture/qpdm458w/340a200fe2ad4c717ce1c38b2b87206ab464ade5.jpg
142,"<h1 class=""listing-item__header"">
    TELEVISEUR 55POUCES ASTECH SMART GOOGLE TV 55GT3022
</h1>",Neuf,Astech,249 000 ,Plateau,https://i.roamcdn.net/hz/ed/listing-thumb-543w/64c3586616e95910b5a88081986ec00a/-/horizon-files-prod/ed/picture/q8v47294/f5cb10a2abaf40c1b6fe35dce513fbce4454cfd1.jpg
143,"<h1 class=""listing-item__header"">
    TELEVISEUR 55POUCES LG SMART 4K UQ75006LG
</h1>",Neuf,LG,319 000 ,Plateau,https://i.roamcdn.net/hz/ed/listing-thumb-543w/17ac90cbd4d960ae5e7c06f3b01d4a04/-/horizon-files-prod/ed/picture/qgqw6kd2/7042e5a2f79fa97fe3ab13c4664d5db712da6718.jpg
144,"<h1 class=""listing-item__header"">
    TELEVISEUR 55POUCES LG SMART 4K UQ70006LBPVG
</h1>",Neuf,LG,319 000 ,Plateau,https://i.roamcdn.net/hz/ed/listing-thumb-543w/5cebd8aeacdc674f17306f4f955bdace/-/horizon-files-prod/ed/picture/q44ng26v/75db012a6838b8a7185f44c41c3034e56d9a7f2c.jpg
145,"<h1 class=""listing-item__header"">
    TELEVISEUR 55POUCES TCL SMART GOOGLE TV 4K UHD 55V6B
</h1>",Neuf,TCL,259 000 ,Plateau,https://i.roamcdn.net/hz/ed/listing-thumb-543w/e40cc09f5f96d6f5bfa2854c6c37b9a6/-/horizon-files-prod/ed/picture/q0g74x9z/0eec0b1529c8137de037e96046a7fce38f236e53.jpg
146,"<h1 class=""listing-item__header"">
    TELEVISEUR SMART TECHYNOLOGY 55POUCES SMART ANDROID UHD
</h1>",Neuf,Autre,198 000 ,Plateau,https://i.roamcdn.net/hz/ed/listing-thumb-543w/c55e26a93d1023a1a476d4313cdb53fb/-/horizon-files-prod/ed/picture/qngpqkjg/0301fc049bd07f15558070b23fa5b6748b2e2a6f.jpg
147,"<h1 class=""listing-item__header"">
    TELEVISEUR WIWLIL 55POUCES SMART 55QBQ6W
</h1>",Neuf,Autre,198 000 ,Plateau,https://i.roamcdn.net/hz/ed/listing-thumb-543w/39422885b9e9afc10082c090129eb51d/-/horizon-files-prod/ed/picture/qgqw6k48/b3e6d49c19ace274562e53a4b9a415f1ad9cfa8f.jpg
148,"<h1 class=""listing-item__header"">
    TELEVISEUR 55POUCES TORL SMART ANDROID 4K
</h1>",Neuf,Autre,198 000 ,Plateau,https://i.roamcdn.net/hz/ed/listing-thumb-543w/973f6d24f22fc63765ae6e733911157c/-/horizon-files-prod/ed/picture/qde7gzdm/f9cd5c31cff9906bea4ea7c1d7480849bd6833c3.jpg
149,"<h1 class=""listing-item__header"">
    TELEVISEUR AMAZ 32POUCES LED SMART ANDROID AM32FT1002S
</h1>",Neuf,Autre,73 000 ,Plateau,https://i.roamcdn.net/hz/ed/listing-thumb-543w/4df855c629643f176c1734f2bf390035/-/horizon-files-prod/ed/picture/qm5gwk6j/c5b0a0b6a748b5f810e1ed95539305f2af1b5a62.jpg
150,"<h1 class=""listing-item__header"">
    TELEVISEUR WEST 32POUCES SMART ANDROID 32ZBKD18W
</h1>",Neuf,Autre,73 000 ,Plateau,https://i.roamcdn.net/hz/ed/listing-thumb-543w/cccb8a313e9f5778407c65baf435cff9/-/horizon-files-prod/ed/picture/q9mjv2r0/e8fb12e36a9deb7a109eb1153553fca46a29e788.jpg
151,"<h1 class=""listing-item__header"">
    TELEVISEUR AMAZ 32POUCES LED AM32FT1002
</h1>",Neuf,Autre,59 000 ,Plateau,https://i.roamcdn.net/hz/ed/listing-thumb-543w/691dce1181094e2c01a2fd8da8cedeb0/-/horizon-files-prod/ed/picture/qrz8xknn/4fa93642f3c1324750408580e088a900ce5a59cf.jpg
152,"<h1 class=""listing-item__header"">
    TABLE SUPPORT TELEVISEUR 32 90 POUCES VSTAR 1800
</h1>",Neuf,Autre,129 000 ,Plateau,https://i.roamcdn.net/hz/ed/listing-thumb-543w/cb7a0c47362cc35f4e6f5ebcb025dede/-/horizon-files-prod/ed/picture/qngpqk7g/d35e5c8298aefb60a96cdc6610b9cf7d7bc3790d.jpg
153,"<h1 class=""listing-item__header"">
    SUPPORT TV PIVOTAGE BRAS 85"" / 100"" LF LCD73
</h1>",Neuf,Autre,39 000 ,Plateau,https://i.roamcdn.net/hz/ed/listing-thumb-543w/ca9cbf70472fa1a2d98276c65d339cc0/-/horizon-files-prod/ed/picture/q78w6dje/34e7e49716776bdf7db085ffea26f35f7b22e204.jpg
154,"<h1 class=""listing-item__header"">
    TABLE SUPPORT TELEVISEUR 32 65 POUCES VSTAR 1500
</h1>",Neuf,Autre,69 000 ,Plateau,https://i.roamcdn.net/hz/ed/listing-thumb-543w/3baff70cb8d8925242af066021ca7e26/-/horizon-files-prod/ed/picture/qpdm45gq/8c22eeec0d1f0c6416c4b5f235ec2eb4d80e0659.jpg
155,"<h1 class=""listing-item__header"">
    Best deal une tv samsung pro provenance Allemagne
</h1>",Neuf,Samsung,2 500 000 ,Amitié,https://i.roamcdn.net/hz/ed/listing-thumb-543w/0823605d041dbf0c329e4714c3eb9012/-/horizon-files-prod/ed/picture/qzvp0je8/14933638b754369c9dd7106a5a8d13b65ff6e439.jpg
156,"<h1 class=""listing-item__header"">
    tv smart samsung 75"" uhd 4k full options
</h1>",Neuf,Samsung,730 000 ,Ouakam,https://i.roamcdn.net/hz/ed/listing-thumb-543w/1b3504eaa76a43087b95ddf8132845cf/-/horizon-files-prod/ed/picture/q2j02d46/85f5c854d5104dafa7a993002da8f710e7fe6c59.jpg
157,"<h1 class=""listing-item__header"">
    tv smart hisense 55""
</h1>",Neuf,Hisense,280 000 ,Ouakam,https://i.roamcdn.net/hz/ed/listing-thumb-543w/328b6ebdb6a231e11c3ed9d734870cff/-/horizon-files-prod/ed/picture/qgqwgex9/ef8b2bf97b8442e0efcee47454988b5f0c2ad1de.jpg
158,"<h1 class=""listing-item__header"">
    TELEVISEUR ATV 28POUCES LED
</h1>",Neuf,Autre,49 000 ,Plateau,https://i.roamcdn.net/hz/ed/listing-thumb-543w/ddc4e03cf75bff727d377878bfe765f1/-/horizon-files-prod/ed/picture/qenvkmqv/556424f083c0881080e61590203b533091c7497a.jpg
159,"<h1 class=""listing-item__header"">
    Samsung curved smart TV 55 pouce
</h1>",Venant,Samsung,260 000 ,Yoff,https://i.roamcdn.net/hz/ed/listing-thumb-543w/2ab88bd1fde77145744bd4041dacfd18/-/horizon-files-prod/ed/picture/q44ngq74/db364fbce92f1d07ac989e8a07fb19dd291dd011.jpg
160,"<h1 class=""listing-item__header"">
    Haut-parleur Bluetooth coralstar CS12
</h1>",Neuf,Autre,18 000 ,Biscuiterie,https://i.roamcdn.net/hz/ed/listing-thumb-543w/f1343b7fabfa8a6a95556433b901bf72/-/horizon-files-prod/ed/picture/qq42r826/2c6fc8450f705595c03a262430b24b2ce3c1eb20.jpg
161,"<h1 class=""listing-item__header"">
    Téléviseur 55pouces smart
</h1>",Neuf,Autre,195 000 ,Plateau,https://i.roamcdn.net/hz/ed/listing-thumb-543w/24896e472ca44756fde1e747a94773d2/-/horizon-files-prod/ed/picture/q0g740nk/81163ab211644d69131e6c3d369ea8304460b600.jpg
162,"<h1 class=""listing-item__header"">
    Smart tv 43 pouces Marque Deska
</h1>",Neuf,Autre,120 000 ,Médina,https://i.roamcdn.net/hz/ed/listing-thumb-543w/3efc08e7bcad398dd80f82ba951aa4db/-/horizon-files-prod/ed/picture/qj4qqdpz/312fb31174336a7ae4c31da0330d285ed3190b24.jpg
163,"<h1 class=""listing-item__header"">
    Téléviseur 50 pouces smart tv LIGHT WAVE
</h1>",Neuf,Autre,400 000 ,Plateau,https://i.roamcdn.net/hz/ed/listing-thumb-543w/fff6b25677bfdcbd2daaec6f25971478/-/horizon-files-prod/ed/picture/q6x6kk6j/66a6ad25d88e28426b8536297b763fa18b36359a.jpg
164,"<h1 class=""listing-item__header"">
    Téléviseur LED Star X- 32 Pouces
</h1>",Neuf,Star,89 000 ,Plateau,https://i.roamcdn.net/hz/ed/listing-thumb-543w/6034fa367e46120804416d593cc62890/-/horizon-files-prod/ed/picture/q8v0kmez/a63feeb5ef902f94f03dc3d7d2394c21698ce5d0.jpg
165,"<h1 class=""listing-item__header"">
    TELEVISEUR TCL 65 ANDROID 4K P635
</h1>",Neuf,TCL,365 000 ,Plateau,https://i.roamcdn.net/hz/ed/listing-thumb-543w/7faae20451c71d4826e2e04a6b1b9d16/-/horizon-files-prod/ed/picture/q2jqd99k/9bd7253f45eabc69c24a0d98e72f2de0db12a6f7.jpg
166,"<h1 class=""listing-item__header"">
    TV LED SMART ASTECH 43 POUCES WIFI
</h1>",Neuf,Astech,150 000 ,Plateau,https://i.roamcdn.net/hz/ed/listing-thumb-543w/33a707c9f8e5a1c17a41e48d0faffad8/-/horizon-files-prod/ed/picture/q875nwj/605bbbcaaaebd830412a2880879ca637f3c88565.jpg
167,"<h1 class=""listing-item__header"">
    TELEVISEUR TCL 98POUCES SMART GOOGLE TV 4K HDR10 98P745D
</h1>",Neuf,TCL,2 100 000 ,Plateau,https://i.roamcdn.net/hz/ed/listing-thumb-543w/aeabf96d44c0d5075820c4a572bc930f/-/horizon-files-prod/ed/picture/qq42rv47/2e2e5c5edf2a2a5a7fadbd7f26538b2f8b43d8ea.jpg
168,"<h1 class=""listing-item__header"">
    AIWA 32 POUCES SMART TV WIFI
</h1>",Neuf,Autre,110 000 ,Plateau,https://i.roamcdn.net/hz/ed/listing-thumb-543w/f98ba976e88ae5ca2dca3ebfdc7a230c/-/horizon-files-prod/ed/picture/q44n59e2/5e9ddcf17a2c618547dc4339d634305184502039.jpg
169,"<h1 class=""listing-item__header"">
    Smart TV Samsung 55pouces Au7000 4k uhd
</h1>",Neuf,Samsung,299 900 ,Colobane,https://i.roamcdn.net/hz/ed/listing-thumb-543w/87447696f3ef64638a8e1646c13c68df/-/horizon-files-prod/ed/picture/qwe24wxm/155d8a525ae859f87c3c66b6a9cae131c7c234a2.png
170,"<h1 class=""listing-item__header"">
    32 Pouces  smart tv  ( lire description)
</h1>",Venant,Autre,110 000 ,Mbour,https://i.roamcdn.net/hz/ed/listing-thumb-543w/d84eb07e01d7b79a03a5dc599c1a1d62/-/horizon-files-prod/ed/picture/qv4wjkpg/a4a9478dd6d9adcf22c7b8d4e7c59cdf14ba153f.jpg
171,"<h1 class=""listing-item__header"">
    42pouce  RCA smart tv ( lire description)
</h1>",Venant,Autre,125 000 ,Mbour,https://i.roamcdn.net/hz/ed/listing-thumb-543w/b86397b537d87dfc4fbcd6151943975a/-/horizon-files-prod/ed/picture/qzvp0edq/a76255d4b901838f48474060112b0084ac6e861c.jpg
172,"<h1 class=""listing-item__header"">
    52 Pouces sharp TV ( lire description)
</h1>",Venant,Sharp,200 000 ,Mbour,https://i.roamcdn.net/hz/ed/listing-thumb-543w/987e4a254045a23682a96a0989b3f98c/-/horizon-files-prod/ed/picture/qwep6j2d/695b9a4836f96358083dea86dc9f06e36501f43e.jpg
173,"<h1 class=""listing-item__header"">
    43 Pouces smart tv 4k HDR
</h1>",Venant,Autre,140 000 ,Mbour,https://i.roamcdn.net/hz/ed/listing-thumb-543w/18e9b948128dcfb54c881c9e9b68f769/-/horizon-files-prod/ed/picture/qpdm426j/afee632cbbe417e2577ad9db0b3b4f392a19e1f8.jpg
174,"<h1 class=""listing-item__header"">
    Tv 43  smart google Astech
</h1>",Neuf,Astech,129 000 ,Derkle,https://i.roamcdn.net/hz/ed/listing-thumb-543w/1ce606d6c8bcf484cf15e83d55ce2df2/-/horizon-files-prod/ed/picture/qq42rgdp/f242bc5302dbb62a3ad94f8ca34468a41f2096ce.jpg
175,"<h1 class=""listing-item__header"">
    SAMSUNG 65"" DU7000 (2024) 🇺🇸
</h1>",Neuf,Samsung,500 000 ,Pikine,https://i.roamcdn.net/hz/ed/listing-thumb-543w/63c0a993dfd6719b35762c158d2a29b5/-/horizon-files-prod/ed/picture/qq42r65e/ad6605c9eb7e76c2d5ef00ecc28aa44ea7bc725a.jpg
176,"<h1 class=""listing-item__header"">
    Box TV 8GB | 128GB 12.1
</h1>",Neuf,Autre,35 000 ,Grand-Yoff,https://i.roamcdn.net/hz/ed/listing-thumb-543w/00be73cd313d0e1f0153452e02bc4563/-/horizon-files-prod/ed/picture/qkrmkz5j/d9ecdc9a8a9487ac486bf95eda80893c8d8c33a9.jpg
177,"<h1 class=""listing-item__header"">
    SMART TCL 43"" ANDROID 4K FULL OPTIONS
</h1>",Neuf,TCL,175 000 ,Ouakam,https://i.roamcdn.net/hz/ed/listing-thumb-543w/605c24fd6071746b88d52b759b75d2f4/-/horizon-files-prod/ed/picture/q0g2m9zw/bdcb7ccc96b274300a18b87959102b89e7593afb.jpg
178,"<h1 class=""listing-item__header"">
    TV LG OLED 4K  OLED65 C2 evo
</h1>",Neuf,LG,1 200 000 ,Yeumbeul,https://i.roamcdn.net/hz/ed/listing-thumb-543w/721beff6e405d577625ef5ea090d0a70/-/horizon-files-prod/ed/picture/qxjpz5km/77b4462bda3b97b465f54cf33686c1e04d57c5d6.jpg
179,"<h1 class=""listing-item__header"">
    Tv Samsung 55 smart tv
</h1>",Neuf,Samsung,330 000 ,Colobane,https://i.roamcdn.net/hz/ed/listing-thumb-543w/e2e655bc584207e05f8ddf4860f473c2/-/horizon-files-prod/ed/picture/q0g748ej/98496967f6a57b16ef6b34ec4fb2927b5e87dd3b.jpg
180,"<h1 class=""listing-item__header"">
    Samsung 43 pouces smart tv
</h1>",Neuf,Samsung,225 000 ,Colobane,https://i.roamcdn.net/hz/ed/listing-thumb-543w/9f3f38f820d627df7df7a526ee796561/-/horizon-files-prod/ed/picture/q78w6xeq/60d8f68e027c0265a8113f702e64f1d26ae8a947.jpg
181,"<h1 class=""listing-item__header"">
    tv smart hisense 65"" uhd 4k full options
</h1>",Neuf,Hisense,380 000 ,Ouakam,https://i.roamcdn.net/hz/ed/listing-thumb-543w/78e3221ac59289e65e24e77de8671350/-/horizon-files-prod/ed/picture/qenvq9x9/80c8264dba13e98fc565860097a7b97368d27728.jpg
182,"<h1 class=""listing-item__header"">
    TELEVISEUR 75POUCES ASTECH SMART GOOGLE TV 75GT3024D
</h1>",Neuf,Astech,529 000 ,Plateau,https://i.roamcdn.net/hz/ed/listing-thumb-543w/f1fa120bfcb782ea58faef2365da425e/-/horizon-files-prod/ed/picture/q2j0x89e/c4721e52a08d9617066745083a219b3a5a91de6b.jpg
183,"<h1 class=""listing-item__header"">
    SPEAKER LG PH1
</h1>",Neuf,LG,13 000 ,Plateau,https://i.roamcdn.net/hz/ed/listing-thumb-543w/cac775a2376141afecc6420199eee6af/-/horizon-files-prod/ed/picture/q9mjvrwv/08e1bcb17a19cd01dae58b11ea59fd179cc2473e.jpg
184,"<h1 class=""listing-item__header"">
    IPTV Premium Ultra
</h1>",Neuf,Autre,20 000 ,Grand-Yoff,https://i.roamcdn.net/hz/ed/listing-thumb-543w/dd9eaa7471d2c9c4d1e87db0786fd0a7/-/horizon-files-prod/ed/picture/qw86rmz/dbd0e50046727de596c6c8e5d9ae2367ae232490.jpg
185,"<h1 class=""listing-item__header"">
    TREX IPTV MEILLEUR IPTV MONDIAL (Test Gratuit)
</h1>",Neuf,Autre,35 000 ,Grand-Dakar,https://i.roamcdn.net/hz/ed/listing-thumb-543w/7085cf557f7bb10e75d72bb3e84bd59c/-/horizon-files-prod/ed/picture/qpdm400p/c5a08e2a37ebceb8f07d6acec84702cad3c7ff02.jpg
186,"<h1 class=""listing-item__header"">
    IPTV Premium 1an +Ntfl'ix
</h1>",Neuf,Autre,20 000 ,Grand-Yoff,https://i.roamcdn.net/hz/ed/listing-thumb-543w/29a005a10003ff66cfa30401d254ccea/-/horizon-files-prod/ed/picture/qq8gknp/2bbd3aef8c3836c4ab5b615135db0d20ca5d6d3d.jpg
187,"<h1 class=""listing-item__header"">
    TÉLÉVISEURS ASTECH 43 smart Google tv androïde
</h1>",Neuf,Astech,135 000 ,Plateau,https://i.roamcdn.net/hz/ed/listing-thumb-543w/a9c82fed311a3ab695f192188ea1f3b7/-/horizon-files-prod/ed/picture/qde7g9pr/4e6e5e983b19a2ed98b0173eefebfc933a0eb797.jpg
188,"<h1 class=""listing-item__header"">
    Téléviseur
</h1>",Neuf,LG,990 000 ,Sacré-cœur,https://i.roamcdn.net/hz/ed/listing-thumb-543w/f92391c7f715c88035c947a75192eb4c/-/horizon-files-prod/ed/picture/q6xdjqw8/594dc8663278e40e91632fccbde1e0cfef833909.jpg
189,"<h1 class=""listing-item__header"">
    smart samsung crystal 55"" uhd 4k full options
</h1>",Neuf,Samsung,330 000 ,Ouakam,https://i.roamcdn.net/hz/ed/listing-thumb-543w/2a5b764709b4de3bcf977ec9a5a14570/-/horizon-files-prod/ed/picture/qj4q7748/0253acebc44285d601c3e99f2cbcfaf901f50584.jpg
190,"<h1 class=""listing-item__header"">
    SMART LG 75"" UHD 4K (2024)
</h1>",Neuf,LG,750 000 ,Pikine,https://i.roamcdn.net/hz/ed/listing-thumb-543w/d71cab2485cc881ce0b5e085638f2486/-/horizon-files-prod/ed/picture/qxjpneqn/cb1f446e6d377c35c8bb7a6111cf88901b6a7d34.jpg
191,"<h1 class=""listing-item__header"">
    Smart TV Onn 32'
</h1>",Neuf,Onn,75 000 ,Parcelles Assainies,https://i.roamcdn.net/hz/ed/listing-thumb-543w/4a1f5525b830bc113bfc8f53f67a4777/-/horizon-files-prod/ed/picture/qq47vxq7/6e1fa6cc58d7ea996f5e7533c826bba613c5fa18.jpg
192,"<h1 class=""listing-item__header"">
    Android TV ASTECH 43""
</h1>",Neuf,Astech,135 000 ,Plateau,https://i.roamcdn.net/hz/ed/listing-thumb-543w/e274c372a5e30a898889957237177e62/-/horizon-files-prod/ed/picture/qzvp2d08/19bc01cb3cbf0739cbdae00767338e391da225e8.jpg
193,"<h1 class=""listing-item__header"">
    Smart TV 43"" Samsung
</h1>",Neuf,Samsung,230 000 ,Plateau,https://i.roamcdn.net/hz/ed/listing-thumb-543w/c247f4eabb4c8998f423f18acdf11a38/-/horizon-files-prod/ed/picture/q7887evn/cc28219d786939c0ed978dee478984f271e53763.jpg
194,"<h1 class=""listing-item__header"">
    IPTV PREMIUM 01 AN AVEC COMME SERVEUR
</h1>",Neuf,Autre,20 000 ,Diamaguene,https://i.roamcdn.net/hz/ed/listing-thumb-543w/f852f76bc7a820351b19eda20abd3f41/-/horizon-files-prod/ed/picture/qrz8xz78/a074eebfff1738d6961c12582fc3759cc1636a47.jpg
195,"<h1 class=""listing-item__header"">
    Tv west 43 pouce smart tv
</h1>",Neuf,Autre,110 000 ,Colobane,https://i.roamcdn.net/hz/ed/listing-thumb-543w/afa32fa5f2a2a0bb89b9257447b6ae4d/-/horizon-files-prod/ed/picture/qngpqxrz/0e9025f13eb1171c77220933996bba91cc0a6723.jpg
196,"<h1 class=""listing-item__header"">
    TELEVISEUR ASTECH 43"" SMART GOOGLE TV 43GT3022A
</h1>",Neuf,Astech,139 000 ,Plateau,https://i.roamcdn.net/hz/ed/listing-thumb-543w/c89a1945f5a2d2cfe536405eaed3c03b/-/horizon-files-prod/ed/picture/q9mjv9pw/912786b33306c004e69f3be6dae5ff23396e911a.jpg
197,"<h1 class=""listing-item__header"">
    Téléviseur
</h1>",Neuf,LG,790 000 ,Sacré-cœur,https://i.roamcdn.net/hz/ed/listing-thumb-543w/8c77873352dea5eb3cb2e7cc73790ea5/-/horizon-files-prod/ed/picture/q78w9j6q/3202c5e230d9c716e2843e3a978e51b22e1c80e9.jpg
198,"<h1 class=""listing-item__header"">
    TV Smart Astech ""55
</h1>",Neuf,Astech,250 000 ,Plateau,https://i.roamcdn.net/hz/ed/listing-thumb-543w/c0b0465da5cf9e4afd46ced8ab4c09aa/-/horizon-files-prod/ed/picture/qgqw4zwr/f6d8fc26a59b3511244434dc5421419de2deca90.jpg
199,"<h1 class=""listing-item__header"">
    TELEVISEUR 43POUCES ASTECH SMART GOOGLE TV 43GT3022A
</h1>",Neuf,Astech,139 000 ,Plateau,https://i.roamcdn.net/hz/ed/listing-thumb-543w/aa1e02939393482f03fe67db45b226cd/-/horizon-files-prod/ed/picture/q44ng8dm/3c123d28ef3791ae1f455b9b2f6ed01c83f3c971.jpg
200,"<h1 class=""listing-item__header"">
    TELEVISEUR 75POUCED ASTECH SMART GOOGLE TV 75GT3024D
</h1>",Neuf,Astech,498 000 ,Plateau,https://i.roamcdn.net/hz/ed/listing-thumb-543w/941937fc96abebed08edf2b692f04bf3/-/horizon-files-prod/ed/picture/qzvp0ddv/8422a180c174e13ac4bec17180e89a6bdbce7dc1.jpg
201,"<h1 class=""listing-item__header"">
    TELEVISEUR 75POUCES SAMSUNG SMART ANDROID 4K 75DU8000
</h1>",Neuf,Samsung,719 000 ,Plateau,https://i.roamcdn.net/hz/ed/listing-thumb-543w/e71d6497bf3f5ac9a5121cf31fc00697/-/horizon-files-prod/ed/picture/q78w6555/5ae04f1aba54d354c388a370176369fdaf3b381a.jpg
202,"<h1 class=""listing-item__header"">
    SAMSUNG QLED 75"" UHD 4K
</h1>",Neuf,Samsung,1 100 000 ,Patte d‘oie,https://i.roamcdn.net/hz/ed/listing-thumb-543w/d2424feb142328c78e5e8982303e7b86/-/horizon-files-prod/ed/picture/q2j0vkeq/7e4752b7e7d5c3542a6527e6c0037784cace6898.jpg
203,"<h1 class=""listing-item__header"">
    Télévision 32 pouces smart tv
</h1>",Neuf,Autre,65 000 ,Castor,https://i.roamcdn.net/hz/ed/listing-thumb-543w/8a1494c326045cf44ffff5327d10c2ec/-/horizon-files-prod/ed/picture/qngp27kg/37f384e09aa78d6701741019d694e54ce8b14485.jpg
204,"<h1 class=""listing-item__header"">
    Smart tv LG 4K LG 75UT80006LA 75 pouces 2024
</h1>",Neuf,LG,975 000 ,Plateau,https://i.roamcdn.net/hz/ed/listing-thumb-543w/bae9dfdc90851556341ec5f1bb8bd344/-/horizon-files-prod/ed/picture/qngpqgjr/39dfb4805bb66e07538d33456c017cf783406690.jpg
205,"<h1 class=""listing-item__header"">
    Smart tv LG 4K 86UT80006LA 86 pouces  2024
</h1>",Neuf,LG,1 275 000 ,Plateau,https://i.roamcdn.net/hz/ed/listing-thumb-543w/e5123bf8e519164644420253b162f8b0/-/horizon-files-prod/ed/picture/qv4wj49g/62e767dacf994e69d83706d3d4614b06b1e4f54b.jpg
206,"<h1 class=""listing-item__header"">
    Smart TV
</h1>",Venant,Samsung,95 000 ,Malika,https://i.roamcdn.net/hz/ed/listing-thumb-543w/5d317874f1e017a3e9a1c0dc8a7fd23d/-eyJvciI6MjcwfQ%3D%3D/horizon-files-prod/ed/picture/qxjpm470/4819d23fcfe447e62eb1b009e585ade471f6af74.jpg
207,"<h1 class=""listing-item__header"">
    TV Smart DESKA
</h1>",Neuf,Autre,74 900 ,Liberte 6,https://i.roamcdn.net/hz/ed/listing-thumb-543w/0849f7410828d05b5862f236a6e30524/-/horizon-files-prod/ed/picture/qv4w05dw/b05cb0cf69b5bc2e717e315a2cd3d8c84dbdbbd9.jpg
208,"<h1 class=""listing-item__header"">
    Tele 32 pouces Smart
</h1>",D'occasion,Elactron,60 000 ,Nord foire,https://i.roamcdn.net/hz/ed/listing-thumb-543w/756056fcc7b8ff5bfb5769438f686271/-/horizon-files-prod/ed/picture/qngpvrzz/8a8f49ba8b9b3d6f14641c659d3dc5dbabc450df.jpg
209,"<h1 class=""listing-item__header"">
    TV SMART ASTECH ANDROID 43""
</h1>",Neuf,Astech,159 900 ,Ouakam,https://i.roamcdn.net/hz/ed/listing-thumb-543w/acba3fe2b88466a79c106f02d9805374/-/horizon-files-prod/ed/picture/qxjd5n9w/79305f00d2dcbbad6241123375f9971edd27831a.jpg
210,"<h1 class=""listing-item__header"">
    Téléviseur intelligent LED Samsung 65 4K Crystal UHD
</h1>",Neuf,Samsung,550 000 ,Parcelles Assainies,https://i.roamcdn.net/hz/ed/listing-thumb-543w/1a1d9a507d398450b96d4e5902e76b09/-/horizon-files-prod/ed/picture/qm5ggm0z/45b7e622cb1d6b8f2b59a17ef9c8e28073d1cfe6.png
211,"<h1 class=""listing-item__header"">
    TELEVISEUR 32POUCES IBSON SMART ANDROID IB32FT1002S
</h1>",Neuf,Autre,73 000 ,Plateau,https://i.roamcdn.net/hz/ed/listing-thumb-543w/de2be43feacc08c08209b690fe68d52a/-/horizon-files-prod/ed/picture/qenv860j/fc307993ef1509ad19b83cbe44a0bc1471d4a0c4.jpg
212,"<h1 class=""listing-item__header"">
    TELEVISEUR 32POUCES AMAZ LED SMART ANDROID AM32FT1002S
</h1>",Neuf,Autre,73 000 ,Plateau,https://i.roamcdn.net/hz/ed/listing-thumb-543w/880008189441bb1ab93a9d246f4ca7e9/-/horizon-files-prod/ed/picture/qj4qgn85/710a175c0eb498df3f71edbb8671920a62117ef4.jpg
213,"<h1 class=""listing-item__header"">
    TELEVISEUR 55POUCES  TORL SMART ANDROID 4K
</h1>",Neuf,Autre,205 000 ,Plateau,https://i.roamcdn.net/hz/ed/listing-thumb-543w/80f89ddf0653cfe522751d1253ea394b/-/horizon-files-prod/ed/picture/qwepxd4d/5d3d447b2ec10dd146f4c12837da0e2f5bd5eba0.jpg
214,"<h1 class=""listing-item__header"">
    TELEVISEUR 43POUCES TORL SMART ANDROID
</h1>",Neuf,Autre,119 000 ,Plateau,https://i.roamcdn.net/hz/ed/listing-thumb-543w/054077b4d7146b079f1949c90ee6ab16/-/horizon-files-prod/ed/picture/qv4wr28j/3214eb8313e495091ac9f2ff2786d4f479ed385b.jpg
215,"<h1 class=""listing-item__header"">
    TELEVISEUR 55POUCES ASTECH SMART GOOGLE TV 55GT3022
</h1>",Neuf,Astech,249 000 ,Plateau,https://i.roamcdn.net/hz/ed/listing-thumb-543w/ca41be20db10f801c54d90b6560b721d/-/horizon-files-prod/ed/picture/qkr8kwdz/c5d4dfaab3376ee38f4ff45e1d05271a558303a3.jpg
216,"<h1 class=""listing-item__header"">
    TELEVISEUR 65POUCES ASTECH SMART GOOGLE TV 65GT3022R
</h1>",Neuf,Astech,359 000 ,Plateau,https://i.roamcdn.net/hz/ed/listing-thumb-543w/a09f9826b87783c71f6e5167d8f56916/-/horizon-files-prod/ed/picture/qq42nmx6/144c157c0f03710dcf1f3d7c3a80e9bf3351bb31.jpg
217,"<h1 class=""listing-item__header"">
    TELEVISEUR 85POUCES ASTECH SMART ANDROID QLED 4K 85ZL5010A
</h1>",Neuf,Astech,839 000 ,Plateau,https://i.roamcdn.net/hz/ed/listing-thumb-543w/7286fd68f2ba5c4b9ab883d14f9832fa/-/horizon-files-prod/ed/picture/qm5g7zqq/5b3c6beb86860b1fbb44a502f4c6071bf4dbff0e.jpg
218,"<h1 class=""listing-item__header"">
    TÉLÉVISEUR 55POUCES  ASTECH SMART ANDROID
</h1>",Neuf,Astech,298 000 ,Plateau,https://i.roamcdn.net/hz/ed/listing-thumb-543w/5e37c4dd516441fd9e772beeb1854c6f/-/horizon-files-prod/ed/picture/q0g76qvk/4355d16cb8c0700e621324a7d3dfb9af46065282.jpg
219,"<h1 class=""listing-item__header"">
    TELEVISEUR 55POUCES SHARP SMART
</h1>",Neuf,Sharp,279 000 ,Plateau,https://i.roamcdn.net/hz/ed/listing-thumb-543w/03005f6c890ead81b1c9959a21b13045/-/horizon-files-prod/ed/picture/qxjpm5en/19ab09906242d9f6f4a4e542a25d088a316406ac.jpg
220,"<h1 class=""listing-item__header"">
    TELEVISEUR 65POUCES SHARP SMART
</h1>",Neuf,Sharp,379 000 ,Plateau,https://i.roamcdn.net/hz/ed/listing-thumb-543w/a98e3348272f2592a0e4dda1ae554888/-/horizon-files-prod/ed/picture/qv4wr25w/1909fe7c07ce80d14edaaeca856ed5a556ca9b31.jpg
221,"<h1 class=""listing-item__header"">
    TELEVISEUR SHARP 55"" SMART
</h1>",Neuf,Sharp,279 000 ,Plateau,https://i.roamcdn.net/hz/ed/listing-thumb-543w/f3e96d956ae87de6ba119e5e4def78b4/-/horizon-files-prod/ed/picture/q8v48jxn/5de7603d37e82c5b51d2bac2aaaa92a2fa4c69d0.jpg
222,"<h1 class=""listing-item__header"">
    TELEVISEUR SHARP 65"" SMART
</h1>",Neuf,Sharp,379 000 ,Plateau,https://i.roamcdn.net/hz/ed/listing-thumb-543w/4b8da6836a2c2dc3ac13ff4fca259b1d/-/horizon-files-prod/ed/picture/qkr8kwvz/60dc0fbb23e2d1233145e5d3255633cebdb2ca88.jpg
223,"<h1 class=""listing-item__header"">
    TELEVISEUR AMAZ 50"" SMART ANDROID
</h1>",Neuf,Autre,169 000 ,Plateau,https://i.roamcdn.net/hz/ed/listing-thumb-543w/68994814c99be572ca50f6472acc5f38/-/horizon-files-prod/ed/picture/qenv86md/57a2c0faa4473949c9ebf112b379e836b1799f43.jpg
224,"<h1 class=""listing-item__header"">
    TELEVISEUR 50POUCES AMAZ SMART ANDROID
</h1>",Neuf,Autre,169 000 ,Plateau,https://i.roamcdn.net/hz/ed/listing-thumb-543w/1aa3fa0ae70514f286995786a2e0eb3b/-/horizon-files-prod/ed/picture/q8v48j2n/aeea1889c75537e8c78af6b0749998fdcddacbf0.jpg
225,"<h1 class=""listing-item__header"">
    TELEVISEUR SHARP 50"" SMART
</h1>",Neuf,Sharp,249 000 ,Plateau,https://i.roamcdn.net/hz/ed/listing-thumb-543w/735b3f14f7784530eb7087e8660b755f/-/horizon-files-prod/ed/picture/qpdm9x7v/f0a620996ad940de5688818f225c7a5da69e61f2.jpg
226,"<h1 class=""listing-item__header"">
    Télévision sharp 65  smart tv
</h1>",Neuf,Sharp,450 000 ,Colobane,https://i.roamcdn.net/hz/ed/listing-thumb-543w/b05e2d0af1c7380db3f63eecbdd3572b/-/horizon-files-prod/ed/picture/qngpv4n0/105f1fdef235b5684bc9dd0db07315dc97f059ad.jpg
227,"<h1 class=""listing-item__header"">
    TÉLÉVISEUR 50POUCES SHARP SMART
</h1>",Neuf,Sharp,249 000 ,Plateau,https://i.roamcdn.net/hz/ed/listing-thumb-543w/5ce4e00a1bf5afa46b8e9f1dc830a8fe/-/horizon-files-prod/ed/picture/qkr8kwqz/df9b35bd14cf7249166158a56d01c266a722eade.jpg
228,"<h1 class=""listing-item__header"">
    Tv 32 pouce Samsung smart tv
</h1>",Neuf,Samsung,130 000 ,Colobane,https://i.roamcdn.net/hz/ed/listing-thumb-543w/5d6bc15b413c653dbf8eb501b074a209/-/horizon-files-prod/ed/picture/q0g76q56/bffb309ff57312c1c944af29881143605df72b7d.jpg
229,"<h1 class=""listing-item__header"">
    Abonnement 12mois iptv
</h1>",Neuf,All Star,20 000 ,Mbao,https://i.roamcdn.net/hz/ed/listing-thumb-543w/632ce9ddf9c909cfa6a2c7bf312e902d/-/horizon-files-prod/ed/picture/qzvpkngx/27344117410c83bc1aa7174f7d2c478a810086ac.jpg
230,"<h1 class=""listing-item__header"">
    Barre de Son SC40 Sony (2023)
</h1>",Neuf,Sony,180 000 ,Guediawaye,https://i.roamcdn.net/hz/ed/listing-thumb-543w/a99a1c5d83cef9b74cd79c398a44aa90/-/horizon-files-prod/ed/picture/qde7e0r4/1d1327947e679b3e9e79d3915e90f61016550acf.jpg
231,"<h1 class=""listing-item__header"">
    Television
</h1>",Venant,Philips,40 000 ,Guediawaye,https://i.roamcdn.net/hz/ed/listing-thumb-543w/50638e3185c9af38cf1745adcf7d44fc/-/horizon-files-prod/ed/picture/q8v486wx/8fd060c7435547ef1662fdd3fdf516460a308bc5.jpg
232,"<h1 class=""listing-item__header"">
    TELEVISEUR LG 55 UR73006LA PVG 4K+TELECOMANDE MAGIC REMOTE
</h1>",Neuf,LG,325 000 ,Plateau,https://i.roamcdn.net/hz/ed/listing-thumb-543w/3618e1ad2898c28f1fa310fa556d53ef/-/horizon-files-prod/ed/picture/qgqwrnqn/9469c22513e253301b0bfae98b645860014fedbd.jpg
233,"<h1 class=""listing-item__header"">
    TELEVISEUR LG 55 SMART 4K UQ75006LG
</h1>",Neuf,LG,329 900 ,Plateau,https://i.roamcdn.net/hz/ed/listing-thumb-543w/d756d65ab28276c015b6b079f7a864ff/-/horizon-files-prod/ed/picture/q78wqe7x/21396d29c59d52a0af79a5598ed81e28399decc6.jpg
234,"<h1 class=""listing-item__header"">
    TELEVISEUR LG 55 SMART 4K UQ7050PSA
</h1>",Neuf,LG,345 000 ,Plateau,https://i.roamcdn.net/hz/ed/listing-thumb-543w/0a68cf37400d7f2cb05a611a343db47a/-/horizon-files-prod/ed/picture/q8v48ezr/d2c875ed37d94bba8f6a7fd0ef04edcb7ecfb1ab.jpg
235,"<h1 class=""listing-item__header"">
    Google tv smart astech 50""  4k full options
</h1>",Neuf,Astech,220 000 ,Ouakam,https://i.roamcdn.net/hz/ed/listing-thumb-543w/434a7ae21d90472ca5ac61ad82b6e6f8/-/horizon-files-prod/ed/picture/q8v4867x/1eab1a1205510f94a98934ac019537a037e03412.jpg
236,"<h1 class=""listing-item__header"">
    Tv LG 43” Smart
</h1>",Neuf,LG,230 000 ,Plateau,https://i.roamcdn.net/hz/ed/listing-thumb-543w/d99d0fca438fd33739770733958b981d/-/horizon-files-prod/ed/picture/q448mgn9/fc8c3ac2f1b031741c9c4d803506b2473fab4c1b.jpg
237,"<h1 class=""listing-item__header"">
    ASTECH 32 POUCES SMART TV WIFI
</h1>",Neuf,Astech,130 000 ,Plateau,https://i.roamcdn.net/hz/ed/listing-thumb-543w/a5baa29399a46e98776c031ee2c87ab0/-/horizon-files-prod/ed/picture/q2jqdeee/ef2902ba0fab74a0f275c90176a427797f33ed68.jpg
238,"<h1 class=""listing-item__header"">
    TELEVISEUR 75POUCES LG UE75UQ81006
</h1>",Neuf,LG,698 000 ,Plateau,https://i.roamcdn.net/hz/ed/listing-thumb-543w/1c7d4c6f06d8ea4e79886742cff64484/-/horizon-files-prod/ed/picture/qzvpk98r/cfe8db6a156e317ccae8c960e1a36027dc5eb70d.jpg
239,"<h1 class=""listing-item__header"">
    TELEVISEUR LG 55POUCES OLED SMART 4K 55C36LA
</h1>",Neuf,LG,698 000 ,Plateau,https://i.roamcdn.net/hz/ed/listing-thumb-543w/c65e5cca94368301e92bc8a56784d06d/-/horizon-files-prod/ed/picture/qwepx7p0/2907213a5e7eb98b0787d6e8f20b5b87626cec07.jpg
240,"<h1 class=""listing-item__header"">
    TELEVISEUR LG 70POUCED  SMART 4K UP7550PVD
</h1>",Neuf,LG,649 000 ,Plateau,https://i.roamcdn.net/hz/ed/listing-thumb-543w/21c745ad2999f78cd6f02f5b55e56a6d/-/horizon-files-prod/ed/picture/q8v48w44/49d933f37616b8a90448906986952cde4b750e21.jpg
241,"<h1 class=""listing-item__header"">
    TELEVISEUR LG 65POUCES UR73006LA
</h1>",Neuf,LG,469 000 ,Plateau,https://i.roamcdn.net/hz/ed/listing-thumb-543w/9b65527d0ec260754b694d90691f89e7/-/horizon-files-prod/ed/picture/qv4wr6e2/de5c2cfee5f5542ecca073aa6805f0532f9b871d.jpg
242,"<h1 class=""listing-item__header"">
    TELEVISEUR LG 60POUCES SMART 4K UM7100PVB
</h1>",Neuf,LG,410 000 ,Plateau,https://i.roamcdn.net/hz/ed/listing-thumb-543w/b04b653f183fc0b7aec37a221ec114a8/-/horizon-files-prod/ed/picture/q56dn0xn/d18b1c69c386cb5c497c5c5a324874b215fb2e78.jpg
243,"<h1 class=""listing-item__header"">
    TELEVISEUR LG 55POUCES PVG 4K+TELECOMANDE MAGIC REMOTE
</h1>",Neuf,LG,310 000 ,Plateau,https://i.roamcdn.net/hz/ed/listing-thumb-543w/690548cedab98a3fb1c1936e35f4cd1d/-/horizon-files-prod/ed/picture/qq42ned7/3a7ffb73229987601fa4a5dc103647fc7baba980.jpg
244,"<h1 class=""listing-item__header"">
    TELEVISEUR LG 50POUCES SMART UHD 4K UP7550PVG
</h1>",Neuf,LG,289 000 ,Plateau,https://i.roamcdn.net/hz/ed/listing-thumb-543w/e276e34d0ecd218c7b9c239cc12369c2/-/horizon-files-prod/ed/picture/q2j0v6j2/ca6dd5d24d72b9d5e18e33819a8ce3ad78c6b6c3.jpg
245,"<h1 class=""listing-item__header"">
    TELEVISEUR LG 50POUCES  SMART + TÉLÉCOMMANDE MAGIC
</h1>",Neuf,LG,279 000 ,Plateau,https://i.roamcdn.net/hz/ed/listing-thumb-543w/9151e37eded8f464e1c6641925d4e1af/-/horizon-files-prod/ed/picture/qwepx7ez/ae4bcd09b9e9aa812d0c44c2df633fd0f3099b02.jpg
246,"<h1 class=""listing-item__header"">
    TELEVISEUR LG 49POUCES LED LK5100PVB
</h1>",Neuf,LG,239 000 ,Plateau,https://i.roamcdn.net/hz/ed/listing-thumb-543w/2b1ae7059fa977448ba985012dd3d458/-/horizon-files-prod/ed/picture/qkr8kem2/59f77781221ede3e5beab8086fbcfe715fb648dd.jpg
247,"<h1 class=""listing-item__header"">
    TELEVISEUR LG 43POUCES SMART 4K MAGIC REMOTE 43UR73006LA
</h1>",Neuf,LG,229 000 ,Plateau,https://i.roamcdn.net/hz/ed/listing-thumb-543w/62020289d955c1ae4e25aeab18fcd10b/-/horizon-files-prod/ed/picture/qgqwre58/2b6e578f7d37d6aac3f4c104f3506e6ff0595a68.jpg
248,"<h1 class=""listing-item__header"">
    TELEVISEUR LG 43POUCES SMART LM6370PVA
</h1>",Neuf,LG,198 000 ,Plateau,https://i.roamcdn.net/hz/ed/listing-thumb-543w/8dea011fb6335bba40a8a91cea373ee8/-/horizon-files-prod/ed/picture/qwepx7mz/b272bf10985803125c8010bd715b32131be72f72.jpg
249,"<h1 class=""listing-item__header"">
    TELEVISEUR LG 43POUCES LED LP5000PTA
</h1>",Neuf,LG,149 000 ,Plateau,https://i.roamcdn.net/hz/ed/listing-thumb-543w/267709670467a615b1dcff7be1b5eff2/-/horizon-files-prod/ed/picture/qq42x926/d59ace13d48e4c8df0352f352d894bb0cff88d72.jpg
250,"<h1 class=""listing-item__header"">
    TELEVISEUR LG 32POUCES SMART LM637
</h1>",Neuf,LG,139 000 ,Plateau,https://i.roamcdn.net/hz/ed/listing-thumb-543w/17719ed87e6906304c2114710a74092b/-/horizon-files-prod/ed/picture/qzvpk078/e16477f892cd14471badc8cd99464db5bfc0d8b5.jpg
251,"<h1 class=""listing-item__header"">
    TELEVISEUR LG 32POUCES SMART ANDROID LQ630
</h1>",Neuf,LG,139 000 ,Plateau,https://i.roamcdn.net/hz/ed/listing-thumb-543w/0c5c8b2072fd538819105b3d011f7e67/-/horizon-files-prod/ed/picture/q2j0vx4j/40b56df1c42e1ac2c031ff4096a94d5d037e477a.jpg
252,"<h1 class=""listing-item__header"">
    TELEVISEUR LG 32POUCES LED LP500BPTA
</h1>",Neuf,LG,105 000 ,Plateau,https://i.roamcdn.net/hz/ed/listing-thumb-543w/49d965d787366889b1a016c94f58c019/-/horizon-files-prod/ed/picture/qgqwr6nn/68882d4e5a10f932012905aa2a734fd7a3c6fd26.jpg
253,"<h1 class=""listing-item__header"">
    TELEVISEUR 42POUCES AMAZ LED SMART ANDROID AM42FT1002S
</h1>",Neuf,Autre,98 000 ,Plateau,https://i.roamcdn.net/hz/ed/listing-thumb-543w/8288d85316fa0a49afb10a67a85a6865/-/horizon-files-prod/ed/picture/qngpvqez/8a553c96901a5ea4dd76052d359d815edd4a21e3.jpg
254,"<h1 class=""listing-item__header"">
    TELEVISEUR 75POUCES WIWLIL SMART ANDROID 4K ANTICASSE
</h1>",Neuf,Autre,529 000 ,Plateau,https://i.roamcdn.net/hz/ed/listing-thumb-543w/baad5d7996aea6516745c6a41170bf25/-/horizon-files-prod/ed/picture/qpdm94vp/89ce2034bdb9d4ec882605af0f342ba81db3c5a1.jpg
255,"<h1 class=""listing-item__header"">
    TELEVISEUR FOX 50POUCES SMART ANDROID UHD 4K 50W0S635F
</h1>",Neuf,Autre,189 000 ,Plateau,https://i.roamcdn.net/hz/ed/listing-thumb-543w/2cd95ba11c2ccc19f43c929e583c9ea2/-/horizon-files-prod/ed/picture/q9mjzv7w/dfa89dab993a076650438c7f1b9e709ec9272c1d.jpg
256,"<h1 class=""listing-item__header"">
    TELEVISEUR 55POUCES TCL SMART GOOGLE TV 4K UHD 55V6B
</h1>",Neuf,Autre,259 000 ,Plateau,https://i.roamcdn.net/hz/ed/listing-thumb-543w/d45405b76a78c803cb7f38b94ce94088/-/horizon-files-prod/ed/picture/q6xdwjpn/c89b781ecf713546f549b82b10c81d55de343fdf.jpg
257,"<h1 class=""listing-item__header"">
    TELEVISEUR 55POUCES SMART TECHYNOLOGY SMART ANDROID UHD
</h1>",Neuf,Autre,210 000 ,Plateau,https://i.roamcdn.net/hz/ed/listing-thumb-543w/4d057c245216324ccf8333d24430f2bb/-/horizon-files-prod/ed/picture/q44n9gv9/588ee2056b9f0281768b8229ab0920f4bd19ba1a.jpg
258,"<h1 class=""listing-item__header"">
    TELEVISEUR 40POUCES HISENSE LED SMART VIDAA 40A4K
</h1>",Neuf,Hisense,129 000 ,Plateau,https://i.roamcdn.net/hz/ed/listing-thumb-543w/77fc5ab2932873b7ff21441e126f0aa4/-/horizon-files-prod/ed/picture/q6xdwj9n/aa98aa90d2df3b93920da2472c13b15a96928294.jpg
259,"<h1 class=""listing-item__header"">
    TELEVISEUR SAMSUNG 65"" SMART UHD 4K UA65DU7010UXL
</h1>",Neuf,Samsung,439 000 ,Plateau,https://i.roamcdn.net/hz/ed/listing-thumb-543w/6b3966e496a4d80c92f44bbc55042003/-/horizon-files-prod/ed/picture/q8v487wz/df601a942c76f397e221afca90cf41b494173266.jpg
260,"<h1 class=""listing-item__header"">
    TELEVISEUR HISENSE 58"" LED UHD 4K SMART VIDAA 58A6K
</h1>",Neuf,Hisense,298 000 ,Plateau,https://i.roamcdn.net/hz/ed/listing-thumb-543w/6c394c546b7c8403939055e260a70d2f/-/horizon-files-prod/ed/picture/qngpvqqr/af4750b870daa9266b66d2caac2064336f81485e.jpg
261,"<h1 class=""listing-item__header"">
    TELEVISEUR AMAZ 32"" LED AM32FT1002
</h1>",Neuf,Autre,59 000 ,Plateau,https://i.roamcdn.net/hz/ed/listing-thumb-543w/97674e01d3a598d328708651a6c9d742/-/horizon-files-prod/ed/picture/q56dnkk2/1bb0e1ea58cc6b04543e745d3a64f80c0b82bb46.jpg
262,"<h1 class=""listing-item__header"">
    TELEVISEUR SAMSUNG 50"" SMART 4K UHD CU7000
</h1>",Neuf,Samsung,279 000 ,Plateau,https://i.roamcdn.net/hz/ed/listing-thumb-543w/b612f7a5f8732358967acc42bde0d963/-/horizon-files-prod/ed/picture/qpdm9442/b27fc8056b3e041c757785d84d9b27308c9ce40d.jpg
263,"<h1 class=""listing-item__header"">
    TELEVISEUR LG 55 SMART 4K UR78006LK
</h1>",Neuf,LG,329 900 ,Plateau,https://i.roamcdn.net/hz/ed/listing-thumb-543w/d4c4c8fcf1ca79bbb1cd6a713c46ed46/-/horizon-files-prod/ed/picture/qenv88j6/4ed43c6e5022078c03ab14f74c374347447d8ef7.jpg
264,"<h1 class=""listing-item__header"">
    Vidéoprojecteur 4K 300Pouces
</h1>",Neuf,Autre,105 000 ,Grand-Yoff,https://i.roamcdn.net/hz/ed/listing-thumb-543w/95d3f6fd1ee44d54b08e4604547c4d01/-/horizon-files-prod/ed/picture/qenv88q4/2bba9d9a650fb3a65f4a6e4f39f54ffff5ae2c10.jpg
265,"<h1 class=""listing-item__header"">
    Projecteur Batterie Rechargeable
</h1>",Neuf,Autre,70 000 ,Grand-Yoff,https://i.roamcdn.net/hz/ed/listing-thumb-543w/a312278a520e4dbace9ac06e7fe0d8bf/-/horizon-files-prod/ed/picture/q8v420d9/1c329199c177e73aaf9e8af18731c18e333ac496.jpg
266,"<h1 class=""listing-item__header"">
    TELEVISEUR 43POUCES HISENSE SMART VIDAA 43A4K
</h1>",Neuf,Hisense,139 000 ,Plateau,https://i.roamcdn.net/hz/ed/listing-thumb-543w/dc6c32de9b40e86c0fcf06fcdbc6001e/-/horizon-files-prod/ed/picture/q44n9wv5/1dd9de3cdad02e001c7e2379e9db14fb5db30575.jpg
267,"<h1 class=""listing-item__header"">
    TELEVISEUR 50POUCES HISENSE SMART VIDA UHD 50A6N
</h1>",Neuf,Hisense,229 000 ,Plateau,https://i.roamcdn.net/hz/ed/listing-thumb-543w/8b01854dd8c3bd08236c40735b475296/-/horizon-files-prod/ed/picture/qrz8wmen/38c751207109dccc26f03d936ccf498bf319c28c.jpg
268,"<h1 class=""listing-item__header"">
    TELEVISEUR 75POUCES SMART TECHNOLOGY SMART 75STT5075SA
</h1>",Neuf,Autre,439 000 ,Plateau,https://i.roamcdn.net/hz/ed/listing-thumb-543w/15635d9dba42808da37aa9503cb16780/-/horizon-files-prod/ed/picture/qngpv8eg/4d72c3d852f0a769f9a6fd9ad8ffae3cd977c9f2.jpg
269,"<h1 class=""listing-item__header"">
    TELEVISEUR HISENSE 32POUCES LED SMART VIDAA 32A4K
</h1>",Neuf,Hisense,89 000 ,Plateau,https://i.roamcdn.net/hz/ed/listing-thumb-543w/fba59af876fc076b340c6f3508bae286/-/horizon-files-prod/ed/picture/qpdm9r4q/284784ca36f19636795001259e7c18ed1fde9659.jpg
270,"<h1 class=""listing-item__header"">
    TELEVISEUR TCL 65"" SMART GOOGLE TV 4K 65P635/65P755
</h1>",Neuf,TCL,359 000 ,Plateau,https://i.roamcdn.net/hz/ed/listing-thumb-543w/bed3c944e977a04642b42b8658e6609b/-/horizon-files-prod/ed/picture/qm5g7qwj/d15e5086d591ae2eeb7ed3d5a71be894cbd33f53.jpg
271,"<h1 class=""listing-item__header"">
    TELEVISEUR TCL 55POUCES  SMART ANDROID 4K P635
</h1>",Neuf,TCL,259 000 ,Plateau,https://i.roamcdn.net/hz/ed/listing-thumb-543w/27a492c4ad4350393f653881be67753f/-/horizon-files-prod/ed/picture/q44n9wg5/f9b3b224b8f96e5e194ab3e11a48d468fe7e8469.jpg
272,"<h1 class=""listing-item__header"">
    Clé Box TV
</h1>",Neuf,Autre,30 000 ,Grand-Yoff,https://i.roamcdn.net/hz/ed/listing-thumb-543w/7d2fa7bcee37064412448d9b04383aa8/-/horizon-files-prod/ed/picture/qdpmx8r/ef3fccd5a7042519abf7b2ce81aeecb1986f0f77.jpg
273,"<h1 class=""listing-item__header"">
    TELEVISEUR TCL 43POUCES SMART S5400A
</h1>",Neuf,TCL,149 000 ,Plateau,https://i.roamcdn.net/hz/ed/listing-thumb-543w/0b25a0427653ddb06aabfe02fd532f4f/-/horizon-files-prod/ed/picture/qxjpm9mv/4e4382850136ed1e9ed3a99e11500e9d699e7675.jpg
274,"<h1 class=""listing-item__header"">
    TV 65 pouces à vendre
</h1>",Neuf,Autre,250 000 ,Parcelles Assainies,https://i.roamcdn.net/hz/ed/listing-thumb-543w/1bc241de892d6478858ec6ce92d26f39/-/horizon-files-prod/ed/picture/q9mjzxxw/b1319ad7ebce3d945808895495ccee36bdcdcc7e.jpg
275,"<h1 class=""listing-item__header"">
    Appareil de streaming Amazon Fire TV
</h1>",Neuf,All Star,35 000 ,Parcelles Assainies,https://i.roamcdn.net/hz/ed/listing-thumb-543w/22891a035d2a42f01b36b2246104f692/-/horizon-files-prod/ed/picture/qq42nkkj/2c15451ab129bfcd4dcf696fc3ec61867e285b13.png
276,"<h1 class=""listing-item__header"">
    TELEVISEUR SAMSUNG 98 SMART 4K 98DU9070
</h1>",Neuf,Samsung,1 650 000 ,Plateau,https://i.roamcdn.net/hz/ed/listing-thumb-543w/96ed929518dc3ab1cdb4b52b34df3924/-/horizon-files-prod/ed/picture/q2j0v2n8/35c8c0bec6370567b52cfb64082663f3589ad595.jpg
277,"<h1 class=""listing-item__header"">
    TELEVISEUR SAMSUNG 85 SMART 4K ANDROID 85DU7170
</h1>",Neuf,Samsung,1 350 000 ,Plateau,https://i.roamcdn.net/hz/ed/listing-thumb-543w/915a64dd8c99efa039ba7723fec599b8/-/horizon-files-prod/ed/picture/q8v482dj/717392a00e0837c3d96685b0a1715fd0680373f0.jpg
278,"<h1 class=""listing-item__header"">
    Tv hisense 43 pouce smart tv
</h1>",Neuf,Hisense,149 900 ,Colobane,https://i.roamcdn.net/hz/ed/listing-thumb-543w/cfdf0e275be20f97b28f1d14e2854075/-/horizon-files-prod/ed/picture/qpdm95mm/a274ff76ac10e554aaa88e00b1d1550a52cf7536.jpg
279,"<h1 class=""listing-item__header"">
    Tv hisense 55 pouce smart tv
</h1>",Neuf,Hisense,270 000 ,Colobane,https://i.roamcdn.net/hz/ed/listing-thumb-543w/a1264849f9f90b8f11ad03bc2bdc9873/-/horizon-files-prod/ed/picture/qenv8mqx/346230119446922bbd00f0e78a0eb826251c100b.jpg
280,"<h1 class=""listing-item__header"">
    Tv hisense 65 plus support offert
</h1>",Neuf,Hisense,390 000 ,Colobane,https://i.roamcdn.net/hz/ed/listing-thumb-543w/04f2a133be798f68affc418d6bc8a7d1/-/horizon-files-prod/ed/picture/q2j0v2qk/9752721af9ad6dbd563b378c99d0c62e06115457.jpg
281,"<h1 class=""listing-item__header"">
    Samsung 70"" CU7000 4K (2023)
</h1>",Neuf,Samsung,650 000 ,Patte d‘oie,https://i.roamcdn.net/hz/ed/listing-thumb-543w/1815d2a73782cdcb9650b7a0445fdbdc/-/horizon-files-prod/ed/picture/q44nm8dv/a7bc3411552c8a9f57836def8e997f4e808d900a.jpg
282,"<h1 class=""listing-item__header"">
    Téléviseur Hisense 43 Pouces
</h1>",Neuf,Hisense,135 000 ,Plateau,https://i.roamcdn.net/hz/ed/listing-thumb-543w/348f5fd1d3ffe28cf2a3f48929e7508b/-/horizon-files-prod/ed/picture/qpdwkkvm/a0f1476b43902f1653dc8dc932d62d377bb6b960.jpg
283,"<h1 class=""listing-item__header"">
    TÉLÉVISEURS 55pouce ASTECH SMART TV ANDROÏDE TV
</h1>",Neuf,Astech,290 000 ,Plateau,https://i.roamcdn.net/hz/ed/listing-thumb-543w/fe176d80baac06df51bd4587da3d90f9/-/horizon-files-prod/ed/picture/qde7q4x0/7a4131e22f6cc7a0c471b6820d50bb3b7d70f6cc.jpg
284,"<h1 class=""listing-item__header"">
    Téléviseur LG 32 pouces
</h1>",Neuf,LG,125 000 ,Plateau,https://i.roamcdn.net/hz/ed/listing-thumb-543w/8f766817f82968ac52e1ee2bc3ef4139/-/horizon-files-prod/ed/picture/q6x7mkkz/be6b1fd8409c6ce846e3bbf08ea5da26fb1a5c56.jpg
285,"<h1 class=""listing-item__header"">
    Smart TV LED Philips 32"" 1080p
</h1>",Neuf,Philips,100 000 ,Parcelles Assainies,https://i.roamcdn.net/hz/ed/listing-thumb-543w/06e8f2c6c30e6382f98fc57b4c8e7a8b/-/horizon-files-prod/ed/picture/qkr8n8xj/32b11d3c0bb783a634fe938f87c0dfdc0bacdacb.png
286,"<h1 class=""listing-item__header"">
    Tv 43 pouce western smart tv
</h1>",Neuf,Autre,110 000 ,Colobane,https://i.roamcdn.net/hz/ed/listing-thumb-543w/318f17b734114e94e110ce5f1e07cece/-/horizon-files-prod/ed/picture/q8v48ng7/81536562ac1421ee64c3883743d1e1c1f5f54d79.jpg
287,"<h1 class=""listing-item__header"">
    TELEVISEUR HISENSE 65"" LED SMART VIDAA UHD 4K 65A62KS
</h1>",Neuf,Hisense,359 000 ,Plateau,https://i.roamcdn.net/hz/ed/listing-thumb-543w/6b4e8cf016a60e59648ec9f69798d1d1/-/horizon-files-prod/ed/picture/qq42ng57/10f6e126cbb5aba33abf3e29aa1ea8d62c56d26a.jpg
288,"<h1 class=""listing-item__header"">
    TELEVISEUR SAMSUNG 85"" SMART 4K ANDROID 85DU7170
</h1>",Neuf,Samsung,1 200 000 ,Plateau,https://i.roamcdn.net/hz/ed/listing-thumb-543w/6ba2a18323ddec8345d4308e51e703d9/-/horizon-files-prod/ed/picture/qwepxw7m/5076296c6f1329e1d2e75b5524b6076efe79426d.jpg
289,"<h1 class=""listing-item__header"">
    TELEVISEUR 65POUCES SAMSUNG SMART UHD 4K 65DU7000
</h1>",Neuf,Samsung,459 000 ,Plateau,https://i.roamcdn.net/hz/ed/listing-thumb-543w/9ee5687048176e160a23f5df990f1df0/-/horizon-files-prod/ed/picture/q0g765wd/1791bf25c435b96034f53c85bf4b67fed5e79dc0.jpg
290,"<h1 class=""listing-item__header"">
    TELEVISEUR 98POUCES SAMSUNG  SMART 4K 98DU9070
</h1>",Neuf,Samsung,2 500 000 ,Plateau,https://i.roamcdn.net/hz/ed/listing-thumb-543w/8ff0ebf7508e1c4f7698d7ccde30bc93/-/horizon-files-prod/ed/picture/qm5g7dr2/6ab49a5c077660d299c1391aec963dd77e25b113.jpg
291,"<h1 class=""listing-item__header"">
    TELEVISEUR 65POUCES ASTECH SMART GOOGLE TV 65GT3022R
</h1>",Neuf,Astech,359 000 ,Plateau,https://i.roamcdn.net/hz/ed/listing-thumb-543w/2a344ece499a40fe33fa8d7afefc31e8/-/horizon-files-prod/ed/picture/q44n97d9/9808a057749ab7d8cbf2dc865368018b827f2f49.jpg
292,"<h1 class=""listing-item__header"">
    TELEVEISEUR 55POUCES ASTECH SMART ANDROID 55GX359QD
</h1>",Neuf,Astech,298 000 ,Plateau,https://i.roamcdn.net/hz/ed/listing-thumb-543w/21139c02dab8713f8f8f43a1fc702570/-/horizon-files-prod/ed/picture/q0g7652d/74217ccd73f60552d3197cf14de99a52f2940331.jpg
293,"<h1 class=""listing-item__header"">
    TÉLÉVISEUR HISENSE 55” SMART
</h1>",Neuf,Hisense,235 000 ,Plateau,https://i.roamcdn.net/hz/ed/listing-thumb-543w/9ac2f7f3d1b425ae66f15ee9229b07ba/-/horizon-files-prod/ed/picture/qngpv2dz/67fd9bbc7e667465e56301f76f52b535343a58d4.jpg
294,"<h1 class=""listing-item__header"">
    TELEVISEUR 55POUCES SAMSUNG QLED 55060D
</h1>",Neuf,Samsung,429 000 ,Plateau,https://i.roamcdn.net/hz/ed/listing-thumb-543w/e61c720060b37d268e07bc73bfc9a065/-/horizon-files-prod/ed/picture/q8v48n0r/6ccd22ab1e9212dc8b5daaa28e972cd0800206a3.jpg
295,"<h1 class=""listing-item__header"">
    Android TV 42"" SHARP fullHD
</h1>",Neuf,Sharp,155 000 ,Plateau,https://i.roamcdn.net/hz/ed/listing-thumb-543w/e64e3ec5f0acc34708ff91d393c8cdb1/-/horizon-files-prod/ed/picture/qv4wmkm8/9a24a8257e1d9432313e008df611a11912ac6103.jpg
296,"<h1 class=""listing-item__header"">
    TELEVISEUR 75POUCES SAMSUNG SMART UHD 4K 75DU7170
</h1>",Neuf,Samsung,698 000 ,Plateau,https://i.roamcdn.net/hz/ed/listing-thumb-543w/588333b320e2c19cd4b87bbe9103ca67/-/horizon-files-prod/ed/picture/qngpvwrz/122549c28ef21f6ba7070ea8cb9118d294cff14f.jpg
297,"<h1 class=""listing-item__header"">
    Téléviseur wiwlil 55 smart TV
</h1>",Neuf,Autre,199 000 ,Plateau,https://i.roamcdn.net/hz/ed/listing-thumb-543w/22911e0227ca26cd574ee387201fe009/-/horizon-files-prod/ed/picture/qq42n6p4/0c45589b0a2c3e701a368fccb7f0a790163236da.jpg
298,"<h1 class=""listing-item__header"">
    TELEVISEUR ASTECH 85"" SMART ANDROID QLED 4K 85ZL5010A
</h1>",Neuf,Astech,829 000 ,Plateau,https://i.roamcdn.net/hz/ed/listing-thumb-543w/75bf2223711245f6458a998c17402753/-/horizon-files-prod/ed/picture/q44n9p92/5656d171eb258cd5f34b5b39a5159aa9d024de89.jpg
299,"<h1 class=""listing-item__header"">
    TELEVISEUR SAMSUNG 65"" QLED 65Q60D
</h1>",Neuf,Samsung,649 000 ,Plateau,https://i.roamcdn.net/hz/ed/listing-thumb-543w/9efdbc8764919648c34d79375ac17b93/-/horizon-files-prod/ed/picture/q44n9p22/99e2c98d38fcaa9fe5ac335cca0e59983e884bf1.jpg
300,"<h1 class=""listing-item__header"">
    TELEVISEUR WEST 32"" LED
</h1>",Neuf,Autre,62 000 ,Plateau,https://i.roamcdn.net/hz/ed/listing-thumb-543w/bfdd3f7d73986f8d42cf17645a9f407b/-/horizon-files-prod/ed/picture/q9mjzg2n/b0588977dbf0eb7c10db7ed247692fbb2d1f18f4.jpg
301,"<h1 class=""listing-item__header"">
    TELEVISEUR SAMSUNG 55"" QLED 55Q60D
</h1>",Neuf,Samsung,429 000 ,Plateau,https://i.roamcdn.net/hz/ed/listing-thumb-543w/b4a8bdcd6609d94ab0e3b918cef5801f/-/horizon-files-prod/ed/picture/qpdm98qx/e3cfa71a250e2e8e372d64787fb93b0a31482e59.jpg
302,"<h1 class=""listing-item__header"">
    TELEVISEUR LG 55"" SMART UHD 4K AI 55UR781 COLK
</h1>",Neuf,LG,329 000 ,Plateau,https://i.roamcdn.net/hz/ed/listing-thumb-543w/aaba160939e4761b1522ee60cd9ea318/-/horizon-files-prod/ed/picture/q6xdw5m8/cf859915f4f3edd1ae8bd063d1d93ab2a6c7280e.jpg
303,"<h1 class=""listing-item__header"">
    RÉFRIGÉRATEUR VITRINE ASTECH
</h1>",Neuf,Astech,255 000 ,Plateau,https://i.roamcdn.net/hz/ed/listing-thumb-543w/7182cbe83ddc896cfad06e085daaceee/-/horizon-files-prod/ed/picture/q9mjz867/7bb4255dc1b66896d6e3c65ea11c7f49a1ebbdea.jpg
304,"<h1 class=""listing-item__header"">
    Téléviseur hisense 55 pouce
</h1>",Neuf,Hisense,235 000 ,Plateau,https://i.roamcdn.net/hz/ed/listing-thumb-543w/90e094f55d8543d1baa860f6eda1bf7f/-/horizon-files-prod/ed/picture/q44n96vp/b4070de86e7bea006a3292938c1af36b81c480b0.jpg
305,"<h1 class=""listing-item__header"">
    LG
</h1>",D'occasion,LG,40 000 ,Guediawaye,https://i.roamcdn.net/hz/ed/listing-thumb-543w/5ed8638f515dfbc60f62a3d61421c267/-/horizon-files-prod/ed/picture/q78wq0gn/b8c9c57a16a7ab9b900abc5b3951966cb3afb5dc.jpg
306,"<h1 class=""listing-item__header"">
    TELEVISEUR TCL 55 SMART ANDROID 4K UHD 55V6B
</h1>",Neuf,TCL,275 000 ,Plateau,https://i.roamcdn.net/hz/ed/listing-thumb-543w/7f61f4211940158274c0f4cee3b4f12c/-/horizon-files-prod/ed/picture/q8v48904/76bbc935c718817081c7782c98c35a392bb58bef.jpg
307,"<h1 class=""listing-item__header"">
    TELEVISEUR HISENSE 55"" SMART VIDAA UHD 4K
</h1>",Neuf,Hisense,268 000 ,Plateau,https://i.roamcdn.net/hz/ed/listing-thumb-543w/1f4428de8184a65def6842565453e39a/-/horizon-files-prod/ed/picture/qv4wr98k/1e80db402a711db5c10040553277d5c47b386bcc.jpg
308,"<h1 class=""listing-item__header"">
    TELEVISEUR TCL 65'' SMART ANDROID 4K
</h1>",Neuf,TCL,385 000 ,Plateau,https://i.roamcdn.net/hz/ed/listing-thumb-543w/cd6f42a6f710f206299c51d549419be6/-/horizon-files-prod/ed/picture/q44n9rv9/61776b355305d3aafb7908f398afd800de761636.jpg
309,"<h1 class=""listing-item__header"">
    TELEVISEUR TCL 85""' SMART ANDROID 4K
</h1>",Neuf,TCL,870 000 ,Plateau,https://i.roamcdn.net/hz/ed/listing-thumb-543w/5d58836d7606f118bdfd971abc54c3b5/-/horizon-files-prod/ed/picture/q0g768jd/a526212a4eabbeaeb1336847018fa985b6a60423.jpg
310,"<h1 class=""listing-item__header"">
    TELEVISEUR TCL 75"" SMART ANDROID 4K
</h1>",Neuf,TCL,548 000 ,Plateau,https://i.roamcdn.net/hz/ed/listing-thumb-543w/54fa2cafabdad94c82c8679285076ed9/-/horizon-files-prod/ed/picture/q56dnr0x/37f219f2a1b52c2398d5c48e12d0024cf914b836.jpg
311,"<h1 class=""listing-item__header"">
    SMART TV SHARP 55 POUCES 4K UHD ANDROID GOOGLE TV 139 CM
</h1>",Neuf,Autre,320 000 ,Plateau,https://i.roamcdn.net/hz/ed/listing-thumb-543w/ac49485e9485f63b95cc861b9f5dbf71/-/horizon-files-prod/ed/picture/qde7j7z2/09e4680de999933880bec89f969f61e2dca3dd66.jpg
312,"<h1 class=""listing-item__header"">
    TELEVISEUR SAMSUNG 85 SMART TACTIL INTERACTIVE
</h1>",Neuf,Samsung,2 575 000 ,Plateau,https://i.roamcdn.net/hz/ed/listing-thumb-543w/285256a6d99b07027dfc266acf3b88d7/-/horizon-files-prod/ed/picture/qv4wrg2w/dd8c759636d86666c30a5741aa707422687cc9b1.jpg
313,"<h1 class=""listing-item__header"">
    TELEVISEUR SAMSUNG 75 SMART TACTIL INTERACTIVE
</h1>",Neuf,Samsung,1 785 000 ,Plateau,https://i.roamcdn.net/hz/ed/listing-thumb-543w/ea7e1fd750ff92802dcf84e3c8dc8d6f/-/horizon-files-prod/ed/picture/qxjpmg0n/a876ca2a19ed290235f99f040236d1e2772c9e21.jpg
314,"<h1 class=""listing-item__header"">
    Home Cinema LG SN10YG 5.1
</h1>",D'occasion,LG,300 000 ,Ngor,https://i.roamcdn.net/hz/ed/listing-thumb-543w/71fe2f9c9fcffc577494d8894f1b9cd5/-/horizon-files-prod/ed/picture/qrz8wrp9/e79f7d93e2cc3c179dff765398b8b666c87de61d.jpg
315,"<h1 class=""listing-item__header"">
    TV PANASONIC OLED 4K TV TH-65GZ1000M
</h1>",D'occasion,Panasonic,900 000 ,Ngor,https://i.roamcdn.net/hz/ed/listing-thumb-543w/77d68b32b7336aa26473ed93dde98574/-/horizon-files-prod/ed/picture/qgqwrmn2/fdefb0f39480ed36034edb8a4c3e28d04acc1ae4.png
316,"<h1 class=""listing-item__header"">
    Smatrt TV Samsung Crystal UHD 4K de 55 pouces
</h1>",Neuf,Samsung,350 000 ,Parcelles Assainies,https://i.roamcdn.net/hz/ed/listing-thumb-543w/e5f843ccdd467be19bb77afdfb149268/-/horizon-files-prod/ed/picture/qxjp9pkm/a7d63cbd0b3bd08645c3fc4e570dba2a1f53fb38.png
317,"<h1 class=""listing-item__header"">
    TELEVISEUR WEST 43'' SMART ANDROID
</h1>",Neuf,Autre,110 000 ,Fass,https://i.roamcdn.net/hz/ed/listing-thumb-543w/acb27dea94425bd406d175c0c5e0f728/-/horizon-files-prod/ed/picture/qzvpk87r/2529589121e15577273669830227876f5cfed23b.jpg
318,"<h1 class=""listing-item__header"">
    Tv Samsung 32 smart tv
</h1>",Neuf,Samsung,125 000 ,Colobane,https://i.roamcdn.net/hz/ed/listing-thumb-543w/c7f4e2940c7bb2548b7d268f56e232fd/-/horizon-files-prod/ed/picture/qv4wv59m/75f874e1416da097bfe00b5b4c85daa951fed294.jpg
319,"<h1 class=""listing-item__header"">
    Tv 43 pouce Samsung smart tv
</h1>",Neuf,Samsung,225 000 ,Colobane,https://i.roamcdn.net/hz/ed/listing-thumb-543w/026d2e0841e458c8d67d7fd94a2bcc94/-/horizon-files-prod/ed/picture/qq4284gn/d9865bdab48496a7dc225d9b8cfb92ae5cc92df0.jpg
320,"<h1 class=""listing-item__header"">
    TÉLÉVISEUR SMART ANDROID 43 POUCES
</h1>",Neuf,Autre,125 000 ,Plateau,https://i.roamcdn.net/hz/ed/listing-thumb-543w/956e7cb0d40b647c22844652175f1be2/-/horizon-files-prod/ed/picture/qgqwrwj9/7be0cd0b6ba99342c9bdd740ffcbd07ab18bf0a6.jpg
321,"<h1 class=""listing-item__header"">
    TELEVISEUR IBSON 42POUCES  SMART ANDROID IB42FT1002S
</h1>",Neuf,Autre,105 000 ,Plateau,https://i.roamcdn.net/hz/ed/listing-thumb-543w/f4a9f2ce7e4eadf14764bc4cef955274/-/horizon-files-prod/ed/picture/qj4qgq4r/0b594ed042270236ed75414a7b00f5f589dc99f0.jpg
322,"<h1 class=""listing-item__header"">
    TELEVISEUR TORNADO 43POUCES  SMART 43ES9300E
</h1>",Neuf,Autre,129 000 ,Plateau,https://i.roamcdn.net/hz/ed/listing-thumb-543w/f1c910e4c1715bfa38afa374095f88fd/-/horizon-files-prod/ed/picture/qenv8vnx/6f64fe3ebb1ed41c18598eced465dc3c6315a502.jpg
323,"<h1 class=""listing-item__header"">
    TELEVISEUR SAMSUNG 65 SMART TACTIL INTERACTIF LH65WMBWBGCXEN
</h1>",Neuf,Samsung,1 385 000 ,Plateau,https://i.roamcdn.net/hz/ed/listing-thumb-543w/12eb753970384e28f8fcd654037ed16b/-/horizon-files-prod/ed/picture/qq42n7rn/24139055011d29922777f1d7695fc4ee648c8c85.jpg
324,"<h1 class=""listing-item__header"">
    Tv Smart 50 Pouces
</h1>",Neuf,50.0 Pouces,160 000 ,Plateau,https://i.roamcdn.net/hz/ed/listing-thumb-543w/19134db5e005efd1714262b47ef3b10f/-/horizon-files-prod/ed/picture/qzvpz77v/82556552fb0498688b2b137e1c7241e0fc00d40b.jpg
325,"<h1 class=""listing-item__header"">
    SUPPORT TV PIVOTAGE BRAS 85"" / 100"" LF LCD73
</h1>",Neuf,Autre,39 000 ,Plateau,https://i.roamcdn.net/hz/ed/listing-thumb-543w/d435b4b3f8150d01ccb55b48ff22b186/-/horizon-files-prod/ed/picture/q78wq7pd/3677680cae1d0f7b5044b425b977e4ec797f7fe4.jpg
326,"<h1 class=""listing-item__header"">
    SUPPORT TV 30 80 CK2407
</h1>",Neuf,Autre,13 000 ,Plateau,https://i.roamcdn.net/hz/ed/listing-thumb-543w/28944345a4c5272398d6c784600e0abe/-/horizon-files-prod/ed/picture/qgqwrgp9/71b9636cbd4d77cfadd9bd39bc30d4f457b85d52.jpg
327,"<h1 class=""listing-item__header"">
    SUPPORT TV PIVOTAGE 32-70 CP850
</h1>",Neuf,Autre,29 000 ,Plateau,https://i.roamcdn.net/hz/ed/listing-thumb-543w/ba14fd8184ff289821bdff269b406755/-/horizon-files-prod/ed/picture/qm5g7r6r/3ffef00f1a0d5c63d594b249b55702e00489ab12.jpg
328,"<h1 class=""listing-item__header"">
    TABLE SUPPORT TELEVISEUR 32 90 POUCES VSTAR 1800
</h1>",Neuf,Autre,129 000 ,Plateau,https://i.roamcdn.net/hz/ed/listing-thumb-543w/2106daa49aa92360faf849ab2820bc4d/-/horizon-files-prod/ed/picture/q9mjz8jv/c79b63a4486fe7607917e6686e2919afecf71730.jpg
329,"<h1 class=""listing-item__header"">
    TABLE SUPPORT TELEVISEUR 32 75 POUCES VSTAR 1700
</h1>",Neuf,Autre,98 000 ,Plateau,https://i.roamcdn.net/hz/ed/listing-thumb-543w/63faf1bda4b8a96a6d02d37119ce856b/-/horizon-files-prod/ed/picture/qzvpk4p6/4061fd217046e157f0b8ba2279cf9a04194d302c.jpg
330,"<h1 class=""listing-item__header"">
    TABLE SUPPORT TELEVISEUR 32 65 POUCES VSTAR 1500
</h1>",Neuf,Autre,89 000 ,Plateau,https://i.roamcdn.net/hz/ed/listing-thumb-543w/44bc6b9c52afbd8fc7f5cb8ad89edeac/-/horizon-files-prod/ed/picture/qj4qgjq6/9e05d015889c6b1c2896153e2c819ed90a6f3d99.jpg
331,"<h1 class=""listing-item__header"">
    TELEVISEUR LG 55POUCES SMART UHD 4K AI 55UR781COLK
</h1>",Neuf,LG,310 000 ,Plateau,https://i.roamcdn.net/hz/ed/listing-thumb-543w/2c96ac738c08e47113a761282a39bb09/-/horizon-files-prod/ed/picture/qngpvg6v/190d699a0c359c8ff15a7951746c01d15e74ca28.jpg
332,"<h1 class=""listing-item__header"">
    Smart TV 43 ASTECH 1080pxl
</h1>",Neuf,Astech,139 000 ,Plateau,https://i.roamcdn.net/hz/ed/listing-thumb-543w/7a05a26f348ddad7f8f8da0fde7917fe/-/horizon-files-prod/ed/picture/qenq9p75/d5e45fe94cb234c85e8a6379784f37c1145b349a.jpg
333,"<h1 class=""listing-item__header"">
    Téléviseur LG 55 pouces
</h1>",Neuf,LG,385 000 ,Plateau,https://i.roamcdn.net/hz/ed/listing-thumb-543w/bd642c2086417bdb6105044f67d0d042/-/horizon-files-prod/ed/picture/qpdp75rp/55ba1f3da0f30afb51a218139f212ffeed51aaca.jpg
334,"<h1 class=""listing-item__header"">
    TELEVISEUR WIWLIL 55 SMART 55QBQ6W
</h1>",Neuf,Autre,225 000 ,Plateau,https://i.roamcdn.net/hz/ed/listing-thumb-543w/47977fbb4ead8c568469035c99255454/-/horizon-files-prod/ed/picture/qpd674gp/07c6873cef1e8782ea95658b870785183f01fea0.jpg
335,"<h1 class=""listing-item__header"">
    Télévision 32 pouce Samsung smart
</h1>",Neuf,Samsung,129 900 ,Colobane,https://i.roamcdn.net/hz/ed/listing-thumb-543w/301cf9568912ccee9bc92c6a6d069995/-/horizon-files-prod/ed/picture/qngpv5nw/07bc3b2ea0a16f48de4392654a294bdb011d10f6.jpg
336,"<h1 class=""listing-item__header"">
    Tv west 43 pouce smart tv
</h1>",Neuf,Autre,110 000 ,Colobane,https://i.roamcdn.net/hz/ed/listing-thumb-543w/36ce1977d9845f8fb03e31e8de3fd58a/-/horizon-files-prod/ed/picture/qenv8dj5/9ee016e53e6844e043eb07d73589bece5a43e512.jpg
337,"<h1 class=""listing-item__header"">
    Téléviseur deska 43 Smart Tv
</h1>",Neuf,Autre,110 000 ,Plateau,https://i.roamcdn.net/hz/ed/listing-thumb-543w/e2053076a7059cebbd96ca2ed646d0d7/-/horizon-files-prod/ed/picture/q44nwexe/9b2a11dbad7fe08c858af53efb5334db48de58a4.jpg
338,"<h1 class=""listing-item__header"">
    Smart TV HISENSE 65"" 4K
</h1>",Neuf,Hisense,609 000 ,Plateau,https://i.roamcdn.net/hz/ed/listing-thumb-543w/463405acca56c9091eea994e056fbc3d/-/horizon-files-prod/ed/picture/q2jj7g2p/42670bb3abe4d9d1587103a8ed9b241afc977d62.jpg
339,"<h1 class=""listing-item__header"">
    Smart TV Astech 43"" Android 1080pxl
</h1>",Neuf,Astech,144 900 ,Plateau,https://i.roamcdn.net/hz/ed/listing-thumb-543w/70404a146c264598fd0040049516f929/-/horizon-files-prod/ed/picture/qng5egwm/0b184cdf91b55adcfb8ad7cfa46705d22b6e3556.jpg
340,"<h1 class=""listing-item__header"">
    Home Cinéma 7.2 canaux 8K
</h1>",Neuf,Autre,550 000 ,Grand-Yoff,https://i.roamcdn.net/hz/ed/listing-thumb-543w/03775a3b5123eefcec6a0a9ee8d60dd2/-/horizon-files-prod/ed/picture/qde7m5nj/e2850b2c488bcd5abf07686f6001dcb2cffc48ad.jpg
341,"<h1 class=""listing-item__header"">
    Vidéoprojecteur Mini 4K
</h1>",Neuf,Autre,105 000 ,Grand-Yoff,https://i.roamcdn.net/hz/ed/listing-thumb-543w/6ca866c188997a55b92768ff4f1df88f/-/horizon-files-prod/ed/picture/qrz8mgrm/b6b59625ddb5cd84f2236313f5fad54d4d34dc51.jpg
342,"<h1 class=""listing-item__header"">
    TELEVISEUR HISENSE 65"" LED SMART VIDAA UHD 4K
</h1>",Neuf,Hisense,359 000 ,Plateau,https://i.roamcdn.net/hz/ed/listing-thumb-543w/6adebbdb94a311afc0b3dbe50a1b9fdc/-/horizon-files-prod/ed/picture/qxjp90mj/a9683c68ffa0c7bd031eafa20ffdcb38e43afa97.jpg
343,"<h1 class=""listing-item__header"">
    ABONNEMENT IPTV RAPIDE ET STABLE
</h1>",Neuf,Autre,37 000 ,Plateau,https://i.roamcdn.net/hz/ed/listing-thumb-543w/12101e5bb50a9f7fad48c752d396c8bf/-/horizon-files-prod/ed/picture/qngp8evm/5300271321cd62f56102ca77c161274e2653217a.jpg
344,"<h1 class=""listing-item__header"">
    Télévision Samsung 55 pouces smart tv Android
</h1>",Neuf,Samsung,324 900 ,Médina,https://i.roamcdn.net/hz/ed/listing-thumb-543w/9ed524f4418fbea802d16addf253aa7d/-/horizon-files-prod/ed/picture/qrz8mp8g/b65662847729fb92301b9c4aebc25057ddc49010.jpg
345,"<h1 class=""listing-item__header"">
    Téléviseur Samsung 43 pouces smart tv Androïde
</h1>",Neuf,Samsung,220 000 ,Médina,https://i.roamcdn.net/hz/ed/listing-thumb-543w/f2c36a93d667b9473bb94e9baf095577/-/horizon-files-prod/ed/picture/q8v4re46/127f998c459bd5a8a26ec24f7b9d326b7e57c4f8.jpg
346,"<h1 class=""listing-item__header"">
    Samsung 32 pouce smart tv
</h1>",Neuf,Samsung,124 900 ,Médina,https://i.roamcdn.net/hz/ed/listing-thumb-543w/a4395e7bdc15ba6ff002647cfa4ad0c3/-/horizon-files-prod/ed/picture/qwep0vp6/a32b4ac3caf0ea46e063422f792b19162020e600.jpg
347,"<h1 class=""listing-item__header"">
    smart hisense 58"" uhd 4k full options
</h1>",Neuf,Hisense,320 000 ,Ouakam,https://i.roamcdn.net/hz/ed/listing-thumb-543w/dbc26e5fb5388a94f0113ceff3533b16/-/horizon-files-prod/ed/picture/q0g7xdpz/dba2912cb570017af0b246da8e3e2978db50ad8c.jpg
348,"<h1 class=""listing-item__header"">
    Smart tv deska 43
</h1>",Neuf,Autre,110 000 ,Plateau,https://i.roamcdn.net/hz/ed/listing-thumb-543w/a8b1d912d2c0b5861ec8f366f32761d7/-/horizon-files-prod/ed/picture/qkr88qp2/db8da3e1619418161a8a2c58d67356f296bde0c8.jpg
349,"<h1 class=""listing-item__header"">
    Télévision 65pouces smart tv
</h1>",Neuf,Autre,280 000 ,Castor,https://i.roamcdn.net/hz/ed/listing-thumb-543w/874f1a878276e1f88bc979a540263302/-/horizon-files-prod/ed/picture/q6xdmdmd/6b7f5a4b14681a815d43367e6348cbab32a3aee1.jpg
350,"<h1 class=""listing-item__header"">
    Télévision
</h1>",Venant,Sony,70 000 ,Ouakam,https://i.roamcdn.net/hz/ed/listing-thumb-543w/81eaa905572bf3acd107876dcbcf79b0/-/horizon-files-prod/ed/picture/qgqw76vq/50f4d17d8299b01926f03bc2ccb99f0a503b9343.jpg
351,"<h1 class=""listing-item__header"">
    iptv classic ultra  premium
</h1>",Neuf,Autre,25 000 ,Sacré-cœur,https://i.roamcdn.net/hz/ed/listing-thumb-543w/cd6c925dd1e5035e09b41dd66beebecb/-/horizon-files-prod/ed/picture/qngp8qnk/414b4a533090fd2d5d6c528637f2759be406a0af.jpg
352,"<h1 class=""listing-item__header"">
    iptv ultra classic
</h1>",Neuf,Autre,25 000 ,Sacré-cœur,https://i.roamcdn.net/hz/ed/listing-thumb-543w/61bf26dfff5c7574a4e28305a8c7b700/-/horizon-files-prod/ed/picture/q0g7v40z/1e05a5056d9a0ab60ee3b8f7ba5d8b65be20fa9f.jpg
353,"<h1 class=""listing-item__header"">
    Téléviseur DESKA 65″ Smart TV Incassable
</h1>",Neuf,Autre,310 000 ,Plateau,https://i.roamcdn.net/hz/ed/listing-thumb-543w/38adbffaeaf129e82635c6bb91028f29/-/horizon-files-prod/ed/picture/qpdmr47w/c0d2229827caa5f2ad5289bf7666e3729a51d39d.jpg
354,"<h1 class=""listing-item__header"">
    Téléviseur DESKA 75″ Smart
</h1>",Neuf,Autre,435 000 ,Plateau,https://i.roamcdn.net/hz/ed/listing-thumb-543w/c91b479d3a3031df906ce1b286238d01/-/horizon-files-prod/ed/picture/qkr8nzqm/24ea0f7b19986853fb522184c86a17bdb92147b9.jpg
355,"<h1 class=""listing-item__header"">
    Téléviseur DESKA 65″ Smart
</h1>",Neuf,Autre,280 000 ,Plateau,https://i.roamcdn.net/hz/ed/listing-thumb-543w/7f220e753eb1adee0c6bd40c102d1037/-/horizon-files-prod/ed/picture/qxjp97x0/3225afe6f7dd2380ca5d5707e7427b0eb2b8f929.jpg
356,"<h1 class=""listing-item__header"">
    Téléviseur DESKA 43 SMART TV
</h1>",Neuf,Autre,112 500 ,Plateau,https://i.roamcdn.net/hz/ed/listing-thumb-543w/861e4c3b7c3980d618422fcbfc9e5f64/-/horizon-files-prod/ed/picture/q8v4r7n7/a19bc5fc60a5455f1180f1f7b2a2b72413f7aba7.jpg
357,"<h1 class=""listing-item__header"">
    téléviseur Deska 43''
</h1>",Neuf,Autre,125 000 ,Plateau,https://i.roamcdn.net/hz/ed/listing-thumb-543w/0f9ddcee0de2ae945b18ae6393d5d6f4/-/horizon-files-prod/ed/picture/qzvpxken/c3753c897eb2af2ed6bb642e20e3c48c1095861b.jpg
358,"<h1 class=""listing-item__header"">
    Televiseur DESKA 32″ SMART
</h1>",Neuf,Autre,72 500 ,Plateau,https://i.roamcdn.net/hz/ed/listing-thumb-543w/1cad3981ff27d48c970bb57ae8629e97/-/horizon-files-prod/ed/picture/qngp8q2k/178c9736e3d839d09345fdc60580a672320b329e.jpg
359,"<h1 class=""listing-item__header"">
    Televiseur DESKA 32″ LED
</h1>",Neuf,Autre,60 000 ,Plateau,https://i.roamcdn.net/hz/ed/listing-thumb-543w/35f576ca8e1586126a77cd0a354c40d6/-/horizon-files-prod/ed/picture/q6xdmjdn/4b37d38f9826440688c17dd924a2d854daa3a7a3.jpg
360,"<h1 class=""listing-item__header"">
    Tv Deska 55 Smart incassable
</h1>",Neuf,Autre,220 000 ,Plateau,https://i.roamcdn.net/hz/ed/listing-thumb-543w/0809262bdcce908449a38d018c6d96f5/-/horizon-files-prod/ed/picture/q2j0gv5v/30bb0af56647da17d4e0470a81b7fcdac0cb1d21.jpg
361,"<h1 class=""listing-item__header"">
    iptv classic premium
</h1>",Neuf,Autre,25 000 ,Sacré-cœur,https://i.roamcdn.net/hz/ed/listing-thumb-543w/14103df1a680c0fca4f957eac4dae67a/-/horizon-files-prod/ed/picture/q2j09xw2/d5e9fdec00b411b140598907312ebc4e652fcec5.jpg
362,"<h1 class=""listing-item__header"">
    iptv premium ultra
</h1>",Neuf,Autre,25 000 ,Sacré-cœur,https://i.roamcdn.net/hz/ed/listing-thumb-543w/c6eff86eaa81b3986180c2b765c3f45e/-/horizon-files-prod/ed/picture/qrz8mxjn/d0e8878904fc248d572b34d25a3b4bc26ae47b79.jpg
363,"<h1 class=""listing-item__header"">
    Smart tv ASTECH 65"" 4K UHD
</h1>",Neuf,Astech,399 000 ,Plateau,https://i.roamcdn.net/hz/ed/listing-thumb-543w/13953410e33307195bccb4a3364be8ec/-/horizon-files-prod/ed/picture/q2epzzd/a4af2473050ac66db788ea9f9d9a2f19f08f372e.jpg
364,"<h1 class=""listing-item__header"">
    Tv Samsung 65 pouce smart tv
</h1>",Neuf,Autre,490 000 ,Colobane,https://i.roamcdn.net/hz/ed/listing-thumb-543w/4275c270ab926b032c4f1fffdd2a6178/-/horizon-files-prod/ed/picture/q6xd8w58/f08af2129528866f884442e1bfff78efa77a6004.jpg
365,"<h1 class=""listing-item__header"">
    ABONNEMENT IPTV DE LUXE (ESSAI GRATUIT)
</h1>",Neuf,Autre,22 500 ,Autres,https://i.roamcdn.net/hz/ed/listing-thumb-543w/e93a81250574adf0b68006b7661df3ce/-/horizon-files-prod/ed/picture/qde7mm6g/552f830c70118d5c5d62923e720b19b25581cc5f.jpg
366,"<h1 class=""listing-item__header"">
    Téléviseur Samsung 75 Pouces
</h1>",Neuf,Samsung,729 000 ,Plateau,https://i.roamcdn.net/hz/ed/listing-thumb-543w/ad3f96de0f0fc3ab5bd63161d1679c1c/-/horizon-files-prod/ed/picture/q44n27z9/a262978ab6f88aea2cfa81bf6f6598354c36d14c.jpg
367,"<h1 class=""listing-item__header"">
    Téléviseur Samsung 32 Pouces Smart
</h1>",Neuf,Samsung,145 000 ,Plateau,https://i.roamcdn.net/hz/ed/listing-thumb-543w/c17b6ebc7eec7359e3924111638844f3/-/horizon-files-prod/ed/picture/qq42kg0k/0c6fc9f60106a18384707bb864abfa24ad6972da.jpg
368,"<h1 class=""listing-item__header"">
    TV SMART TV 32 AIWA WIFI ANDROID
</h1>",Neuf,Autre,145 000 ,Plateau,https://i.roamcdn.net/hz/ed/listing-thumb-543w/2d13e40ef026068f8b03f1b51c6245aa/-/horizon-files-prod/ed/picture/qw6den5/f9e0b9a17f635bcee4569c1b7410596a4fb59eef.jpg
369,"<h1 class=""listing-item__header"">
    TÉLÉVISEURS LG 55 pouce smart 4K
</h1>",Neuf,LG,300 000 ,Plateau,https://i.roamcdn.net/hz/ed/listing-thumb-543w/f3257eb81628c464062965cda03361f6/-/horizon-files-prod/ed/picture/q8v4r29x/6b5cb902542cb9e21815dbfcc78c5f5888108445.jpg
370,"<h1 class=""listing-item__header"">
    Téléviseur Deska 55 Pouces AntiCasse
</h1>",Neuf,Autre,210 000 ,Plateau,https://i.roamcdn.net/hz/ed/listing-thumb-543w/338aa1912ab7f145657c76d445b12a78/-/horizon-files-prod/ed/picture/qm5gqkvg/72739ccf5097c547dfea5c2fe6d975dee916083e.jpg
371,"<h1 class=""listing-item__header"">
    TELEVISEUR SAMSUNG 85"" SMART TACTIL INTERACTIVE
</h1>",Neuf,Samsung,2 775 000 ,Plateau,https://i.roamcdn.net/hz/ed/listing-thumb-543w/6a9c65ce383b9eec4f15c18d396ee113/-/horizon-files-prod/ed/picture/qenvzmvj/ca07fb56b801573182f26410782447dc46853925.jpg
372,"<h1 class=""listing-item__header"">
    TELEVISEUR SAMSUNG 55"" SMART TACTIL INTERACTIF
</h1>",Neuf,Samsung,1 400 000 ,Plateau,https://i.roamcdn.net/hz/ed/listing-thumb-543w/6d67d03377a9ef5419a80d228e5d0051/-/horizon-files-prod/ed/picture/qrz8mk8q/1097c8682759330ed312c50e163efd0d5c1f9947.jpg
373,"<h1 class=""listing-item__header"">
    TELEVISEUR SAMSUNG 75"" SMART TACTIL INTERACTIVE
</h1>",Neuf,Samsung,2 050 000 ,Plateau,https://i.roamcdn.net/hz/ed/listing-thumb-543w/4183330a3ba8a7a2876910186ea25df8/-/horizon-files-prod/ed/picture/q0g7vxwk/5587883084539cde701c6a266f7c7d181b272554.jpg
374,"<h1 class=""listing-item__header"">
    TELEVISEUR SAMSUNG 65"" SMART TACTIL INTERACTIF
</h1>",Neuf,Samsung,1 550 000 ,Plateau,https://i.roamcdn.net/hz/ed/listing-thumb-543w/ec4489accf4d1805e3f80f926a7d56c3/-/horizon-files-prod/ed/picture/qde7mzw5/1de3af759d045b205bf7d215d521b6a4a09a1117.jpg
375,"<h1 class=""listing-item__header"">
    TELEVISEUR HISENSE 65"" LED SMART VIDAA UHD 4K
</h1>",Neuf,Hisense,397 000 ,Plateau,https://i.roamcdn.net/hz/ed/listing-thumb-543w/e3f6a46ea1760429877eed9b3adff596/-/horizon-files-prod/ed/picture/qkr8nd5z/dc1bb645222b9a7cd6c1762b1b0cca01b6aa1665.jpg
376,"<h1 class=""listing-item__header"">
    Lot de télévisions venant de France
</h1>",Venant,LG,80 000 ,Parcelles Assainies,https://i.roamcdn.net/hz/ed/listing-thumb-543w/d14093bad0212910028ad30a3202a63c/-/horizon-files-prod/ed/picture/q44n2k8v/83998f9de82167d3b350b915fdb2298a45eabdee.jpg
377,"<h1 class=""listing-item__header"">
    TELEVISEUR SAMSUNG 65"" SMART UHD 4K
</h1>",Neuf,Samsung,478 000 ,Plateau,https://i.roamcdn.net/hz/ed/listing-thumb-543w/c4da5b43825b39f5dd2edb0de0f0f705/-/horizon-files-prod/ed/picture/q8v4r2zn/02b43635f98ae2f58f2b3e556dd6826f5debbd4a.jpg
378,"<h1 class=""listing-item__header"">
    TÉLÉVISEUR
</h1>",D'occasion,Samsung,1 ,Dalifort,https://i.roamcdn.net/hz/ed/listing-thumb-543w/238108d13d44f6648cb27c6ff5ae6783/-/horizon-files-prod/ed/picture/q78w4r0m/f2c56fd3aa1bfd22a240bfb6036a122f81bc364b.jpg
379,"<h1 class=""listing-item__header"">
    Mini projecteur LED Portable Pro pour la maison
</h1>",Neuf,Autre,45 000 ,Médina,https://i.roamcdn.net/hz/ed/listing-thumb-543w/977635f9ffb7909216d616955dedbfb5/-/horizon-files-prod/ed/picture/qrz8m46g/bec67bf5613dc65880ccaa3b6771dc6198dbd4a7.png
380,"<h1 class=""listing-item__header"">
    LG 75 UR80
</h1>",Neuf,LG,780 000 ,Sicap foire,https://i.roamcdn.net/hz/ed/listing-thumb-543w/cabdee658be57a730b1544907e277475/-/horizon-files-prod/ed/picture/q8v4nmw0/b5781eb05cb8c9ec1af186a5c109ff076c9eb57d.jpg
381,"<h1 class=""listing-item__header"">
    Tv 55 Samsung smart tv
</h1>",Neuf,Samsung,330 000 ,Colobane,https://i.roamcdn.net/hz/ed/listing-thumb-543w/7c868f623bf3870b908ddc94bb98b9ba/-/horizon-files-prod/ed/picture/q0g7v08g/38bfa396f96ad7f7295a07c8842b622a0c52c00c.jpg
382,"<h1 class=""listing-item__header"">
    Tv 43 pouce Samsung smart tv
</h1>",Neuf,Samsung,225 000 ,Colobane,https://i.roamcdn.net/hz/ed/listing-thumb-543w/11317cf21cc0cd8861556f1b405155a5/-/horizon-files-prod/ed/picture/qzvpw5zn/badbfd4c955a77136a7e5ea7bf1c7d8e70a13d3b.jpg
383,"<h1 class=""listing-item__header"">
    Smart tv TCL 55"" Android 4K UltraHD
</h1>",Neuf,TCL,275 000 ,Plateau,https://i.roamcdn.net/hz/ed/listing-thumb-543w/758cec7a35ef5926dfb85eda22f72a7d/-/horizon-files-prod/ed/picture/qrpvvd5/1b950ef2d6e9b578dfcaf94fbc2263f79d46aab1.jpg
384,"<h1 class=""listing-item__header"">
    Smart TV 43"" ROCH 109Cm
</h1>",Neuf,Roch,135 000 ,Plateau,https://i.roamcdn.net/hz/ed/listing-thumb-543w/20672b17aee8262187607ebfd5b3a34b/-/horizon-files-prod/ed/picture/qzvdn7jn/dfa8dc5f976dd14094690724ae6b6f9228b54ec5.jpg
385,"<h1 class=""listing-item__header"">
    CASQUE SANS FIL SONY A REDUIRE DE BRUIT
</h1>",Neuf,Sony,169 000 ,Plateau,https://i.roamcdn.net/hz/ed/listing-thumb-543w/67726ff3279efe8bbdcf69f83d51d245/-/horizon-files-prod/ed/picture/qzvpw609/96bc9b0380c077621a34da86acb3988e4bf219f5.jpg
386,"<h1 class=""listing-item__header"">
    TELEVISEUR SAMSUNG 55"" SMART TACTIL INTERACTIF
</h1>",Neuf,Samsung,1 100 000 ,Plateau,https://i.roamcdn.net/hz/ed/listing-thumb-543w/0418302b43dc4674338fa9586c9ceecd/-/horizon-files-prod/ed/picture/qenvz7kk/0c7a7d4252db444513daba7946473b89f24eae55.jpg
387,"<h1 class=""listing-item__header"">
    TELEVISEUR SAMSUNG 75"" SMART TACTIL INTERACTIVE
</h1>",Neuf,Samsung,1 700 000 ,Plateau,https://i.roamcdn.net/hz/ed/listing-thumb-543w/f0b08991f1d7f6f84c485440acda59f2/-/horizon-files-prod/ed/picture/q56dq5kn/0c0308ea3f1fc3a1b8308f5fa389269e2d438d96.jpg
388,"<h1 class=""listing-item__header"">
    TELEVISEUR SAMSUNG 98"" SMART 4K 98DU9070
</h1>",Neuf,Samsung,2 600 000 ,Plateau,https://i.roamcdn.net/hz/ed/listing-thumb-543w/279768e55048d4f7e3b43ecccd4d7062/-/horizon-files-prod/ed/picture/qde7m6gm/adf39e126f71862311905970f21f1312dcbab349.jpg
389,"<h1 class=""listing-item__header"">
    Smart tv 32 pouces Star track (wifi +Android)
</h1>",Neuf,Star,75 000 ,Médina,https://i.roamcdn.net/hz/ed/listing-thumb-543w/68c01e993174bf88f4d0a30698736f29/-/horizon-files-prod/ed/picture/qxj2xxzm/0820c912ea26f59c790de70f30bd209ac6a8771d.jpg
390,"<h1 class=""listing-item__header"">
    8gb 128gb Box tv Android13
</h1>",Neuf,Autre,45 000 ,Grand-Yoff,https://i.roamcdn.net/hz/ed/listing-thumb-543w/bf156cb8b0a1c5b13fd818768dd75cf8/-/horizon-files-prod/ed/picture/q2jq5zrv/b3246faa7904d33282e7d4c2da376236bc78d410.jpg
391,"<h1 class=""listing-item__header"">
    Support mural tv 40 75
</h1>",Neuf,Samsung,30 000 ,Dieuppeul,https://i.roamcdn.net/hz/ed/listing-thumb-543w/3695846763376f662393080b2afa5abb/-/horizon-files-prod/ed/picture/qgq5e4dq/573c329a230bf620f3368e0823dbae16f2f66201.jpg
392,"<h1 class=""listing-item__header"">
    TÉLÉVISEURS 65 SAMSUNG SMART TV DU7000
</h1>",Neuf,Samsung,450 000 ,Plateau,https://i.roamcdn.net/hz/ed/listing-thumb-543w/a1f2342bb1f0fdf94149332919d56798/-/horizon-files-prod/ed/picture/qm5gq4v6/593897c09ae4dc83e34241abe1de290a4cde9701.jpg
393,"<h1 class=""listing-item__header"">
    tv smart android 55"" uhd 4k full options
</h1>",Neuf,Haier,270 000 ,Ouakam,https://i.roamcdn.net/hz/ed/listing-thumb-543w/99442fefbbf1a3b1972b22c148e844b6/-/horizon-files-prod/ed/picture/qj4qrnk6/c0deedf66d4aaa7ec0d3ceb2a2dbfc11b19277fa.jpg
394,"<h1 class=""listing-item__header"">
    CASQUE SANS FIL ET ECOUTEURS SONY WHCH520
</h1>",Neuf,Sony,69 000 ,Plateau,https://i.roamcdn.net/hz/ed/listing-thumb-543w/d9b903d25aff8ea05fde364e82bb6f8b/-/horizon-files-prod/ed/picture/qrz8m0qq/5880f9107e9f1722bafc929676f4a1e06b0359cf.jpg
395,"<h1 class=""listing-item__header"">
    TELEVISEUR SAMSUNG 65POUCES SMART TACTIL INTERACTIF
</h1>",Neuf,Samsung,1 250 000 ,Plateau,https://i.roamcdn.net/hz/ed/listing-thumb-543w/7c87053f04682e44743120d911787c5a/-/horizon-files-prod/ed/picture/qq42xv4p/f8c7adc27642f86488bc074d28b2245213f50caf.jpg
396,"<h1 class=""listing-item__header"">
    TELEVISEUR SAMSUNG 85"" SMART TACTIL INTERACTIVE
</h1>",Neuf,Samsung,2 300 000 ,Plateau,https://i.roamcdn.net/hz/ed/listing-thumb-543w/9f7d4216ffb97b2ee575395de25b3f56/-/horizon-files-prod/ed/picture/q78w4m8q/d3054880a5357d3fc65dc00850d1495a379336c1.jpg
397,"<h1 class=""listing-item__header"">
    TELEVISEUR SAMSUNG 85"" SMART 4K ANDROID 85DU7170
</h1>",Neuf,Samsung,1 250 000 ,Plateau,https://i.roamcdn.net/hz/ed/listing-thumb-543w/3866c52bf9caec7390ad7e0d5e7c6048/-/horizon-files-prod/ed/picture/q8v4rdv0/1c68a235d300d59bc5e482f737a6e4aa18bbade1.jpg
398,"<h1 class=""listing-item__header"">
    TÉLÉVISEUR 65POUCES SAMSUNG SMART UHD 4K
</h1>",Neuf,Samsung,469 000 ,Plateau,https://i.roamcdn.net/hz/ed/listing-thumb-543w/fb967c5a381e18af0a2553ad35feebc0/-/horizon-files-prod/ed/picture/qenvz7dj/72c00b3230cc893aab030d3bdf02fc17ce06a888.jpg
399,"<h1 class=""listing-item__header"">
    𝙏é𝙡é𝙫𝙞𝙨𝙚𝙪𝙧 𝙎𝙢𝙖𝙧𝙩 𝙏𝙑 𝘼𝙣𝙙𝙧𝙤𝙞𝙙 HD 32"" 𝙉𝙀𝙐𝙁 à 𝙫𝙚𝙣𝙙𝙧𝙚
</h1>",Neuf,Autre,80 000 ,Patte d‘oie,https://i.roamcdn.net/hz/ed/listing-thumb-543w/01e998ec1dd499a8a829ea56403a0327/-/horizon-files-prod/ed/picture/qzvpwejg/49f4030167b33871ab83bd2f11054886f0d6a151.jpg
400,"<h1 class=""listing-item__header"">
    Télécommande box android
</h1>",Neuf,Autre,2 000 ,Zone de captage,https://i.roamcdn.net/hz/ed/listing-thumb-543w/c80bd6626622636edc5723b0e8e94d17/-/horizon-files-prod/ed/picture/qv4wvxzp/a9072de74d1eb226b77780fcc604e309958b1f55.jpg
401,"<h1 class=""listing-item__header"">
    iptv ultra Classic
</h1>",Neuf,Autre,25 000 ,Sacré-cœur,https://i.roamcdn.net/hz/ed/listing-thumb-543w/3f5d067fc20af97019aacdbaa9517399/-/horizon-files-prod/ed/picture/qj4q9276/938ad83a30bcf5fa5ddcb138250ea07de52ff2e5.jpg
402,"<h1 class=""listing-item__header"">
    iptv soft premium
</h1>",Neuf,Autre,20 000 ,Sacré-cœur,https://i.roamcdn.net/hz/ed/listing-thumb-543w/5083eaca28af3c7033fbbad079e1d3b3/-/horizon-files-prod/ed/picture/qpdmr270/13bc28b7d4d75933ae77961955604e68b8473c29.jpg
403,"<h1 class=""listing-item__header"">
    Smart TV VIZIO 55"" Class Quantum 4K QLED HDR (NEUF)
</h1>",Neuf,Autre,250 000 ,Parcelles Assainies,https://i.roamcdn.net/hz/ed/listing-thumb-543w/3bd44ba3f1fbb2ddb6bf3f94d6a3eddc/-/horizon-files-prod/ed/picture/q8v4rnn9/15ca64a2fc13715cf84ff5973805979d6812bcea.png
404,"<h1 class=""listing-item__header"">
    TÉLÉVISEURS SAMSUNG 85 pouce smart androïde 4KTV
</h1>",Neuf,Samsung,1 150 000 ,Plateau,https://i.roamcdn.net/hz/ed/listing-thumb-543w/cd45e79e534efaac9fead6cf4e55f2ba/-/horizon-files-prod/ed/picture/q0g7v58w/b4629fdb9a5f2a1b417d69bf7de9c37e462f18cc.jpg
405,"<h1 class=""listing-item__header"">
    TÉLÉVISEURS 32 pouce led simple AMAZ
</h1>",Neuf,Autre,55 000 ,Plateau,https://i.roamcdn.net/hz/ed/listing-thumb-543w/fd534f30a452faa8c61c94ea28c52881/-/horizon-files-prod/ed/picture/q0g7v5nw/79321e6d07e26a1df00f9fced62a87fd134622b3.jpg
406,"<h1 class=""listing-item__header"">
    TÉLÉVISEURS HISENSE 65 pouce smart TV
</h1>",Neuf,Hisense,350 000 ,Plateau,https://i.roamcdn.net/hz/ed/listing-thumb-543w/7e4a88237438af81cb9e4e5d420ef068/-/horizon-files-prod/ed/picture/q78w4gen/8b73a93a7017ff6f63ad1df8dce65da5afc6502e.jpg
407,"<h1 class=""listing-item__header"">
    TV Sony 75 pouces Smart  Android
</h1>",Neuf,Sony,1 200 000 ,Plateau,https://i.roamcdn.net/hz/ed/listing-thumb-543w/4cc3f53ff12f65c0b56c68b7050c51c1/-/horizon-files-prod/ed/picture/qpdp766m/dc270b51630c8091ad8dea84ef56be41bbfbc834.jpg
408,"<h1 class=""listing-item__header"">
    Téléviseur Astech 50 Smart android
</h1>",Neuf,Astech,250 000 ,Plateau,https://i.roamcdn.net/hz/ed/listing-thumb-543w/93a7f89ffcb6aae17d6af520799e1c24/-/horizon-files-prod/ed/picture/q0gwz47d/d9a6974a1f4be910af3d216ad8650a2a0a3ddbaf.jpg
409,"<h1 class=""listing-item__header"">
    Tv à vendre
</h1>",D'occasion,Nasco,65 000 ,Médina,https://i.roamcdn.net/hz/ed/listing-thumb-543w/e381848b9ac968632d7d377287f094e4/-/horizon-files-prod/ed/picture/q0g7vdp8/a5a9ab4dd28fb5132cc78a09cfd25bc10c90f721.jpg
410,"<h1 class=""listing-item__header"">
    Smart TV Google TCL 75"" Classe 5 Série 4K QLED
</h1>",Neuf,TCL,675 000 ,Parcelles Assainies,https://i.roamcdn.net/hz/ed/listing-thumb-543w/3ea02ad93178be19cd48703121b3bbc5/-/horizon-files-prod/ed/picture/q6xd857j/1e7ddf39559714f4e355d50ce5ab643c8df2520b.png
411,"<h1 class=""listing-item__header"">
    Tv hisense 40 pouce smart tv
</h1>",Neuf,Hisense,130 000 ,Colobane,https://i.roamcdn.net/hz/ed/listing-thumb-543w/bd9c0c6ab0adc9c6012f071dd5a7a3aa/-/horizon-files-prod/ed/picture/qpdmrjxx/72b261b679237a4610c6360a9db4fcd3b4de306b.jpg
412,"<h1 class=""listing-item__header"">
    Tv 43 pouce ibson smart tv
</h1>",Neuf,Autre,99 900 ,Colobane,https://i.roamcdn.net/hz/ed/listing-thumb-543w/09ae3673273a3b2a9af9bd1e08b12e61/-/horizon-files-prod/ed/picture/qj4q9xn8/8b56b432ff86eb0d16b80c1626358364e9ff4bf4.jpg
413,"<h1 class=""listing-item__header"">
    Télévision hisense 55 smart tv
</h1>",Neuf,Hisense,265 000 ,Colobane,https://i.roamcdn.net/hz/ed/listing-thumb-543w/413d7abfb828109385ef24df233db152/-/horizon-files-prod/ed/picture/qgqw7dve/755ca49c8a76bbd8fc09293907ba3ddccb510ea5.jpg
414,"<h1 class=""listing-item__header"">
    TÉLÉVISEURS TCL 43 pouce androïde smart TV
</h1>",Neuf,TCL,150 000 ,Plateau,https://i.roamcdn.net/hz/ed/listing-thumb-543w/eb644e42c56e22e54eb72919356ab4f0/-/horizon-files-prod/ed/picture/q2j09wk8/12146f69d46236e8edfe2fb4e6a0e4758b102168.jpg
415,"<h1 class=""listing-item__header"">
    TELEVISEUR SAMSUNG 55 SMART TACTIL INTERACTIF LH55WMBWBGCXEN
</h1>",Neuf,Samsung,1 075 000 ,Plateau,https://i.roamcdn.net/hz/ed/listing-thumb-543w/29d7b6b52d4358a824dbfcd4093a7637/-/horizon-files-prod/ed/picture/qq42x5rp/6919295cd11f84dc3b40f4af1895f0c13640c30c.jpg
416,"<h1 class=""listing-item__header"">
    SMART TV SAMSUNG 65 CU7000 4K UHD
</h1>",Neuf,Samsung,550 000 ,Plateau,https://i.roamcdn.net/hz/ed/listing-thumb-543w/cfb2cc92d37e5ad2ec46c3f59333a051/-/horizon-files-prod/ed/picture/q2jqmgej/dfc59a2f9af0602972fd6c53cee2369d66a9f7b5.jpg
417,"<h1 class=""listing-item__header"">
    Box Tv Version mondiale Mortal smart
</h1>",Neuf,Autre,45 000 ,Yoff,https://i.roamcdn.net/hz/ed/listing-thumb-543w/0238cea8618bad321b93208d87fbe07e/-/horizon-files-prod/ed/picture/qpdmrn8w/c5b5422e1213afd412d3b80f6d9f19d3f2786250.jpg
418,"<h1 class=""listing-item__header"">
    TÉLÉVISEUR 65POUCES HISENSE WHITEBOARD SMART UHD 4K TACTILE
</h1>",Neuf,Hisense,1 500 000 ,Plateau,https://i.roamcdn.net/hz/ed/listing-thumb-543w/14c6838d0aae6516fc9b6b51c728dc21/-/horizon-files-prod/ed/picture/qv4wv985/c1c20739cff73524dd2114c401542ae523c5d689.jpg
419,"<h1 class=""listing-item__header"">
    Box TV mortal T1
</h1>",Neuf,Autre,50 000 ,Yoff,https://i.roamcdn.net/hz/ed/listing-thumb-543w/139bcec866ec640829afb5f7f6d93039/-/horizon-files-prod/ed/picture/qv4wv9zx/a6ef5548392dc668a9804be86e14cf879f40c2e7.jpg
420,"<h1 class=""listing-item__header"">
    Téléviseurs 42 pouce androïde smart tv IBSON
</h1>",Neuf,Autre,95 000 ,Plateau,https://i.roamcdn.net/hz/ed/listing-thumb-543w/eb10cd982ae3d2ee3599a14d746cac11/-/horizon-files-prod/ed/picture/qngp80ev/1cb9dffdda09d3ab8fef8c891cc623ba8cb66bfa.jpg
421,"<h1 class=""listing-item__header"">
    TÉLÉVISEURS HISENSE 40 pouce smart tv
</h1>",Neuf,Hisense,118 000 ,Plateau,https://i.roamcdn.net/hz/ed/listing-thumb-543w/fcaa024bcc936cd42261c974580d9327/-/horizon-files-prod/ed/picture/qm5gqv2m/553fc36c6706d6e95945dc1e5af5558806e95882.jpg
422,"<h1 class=""listing-item__header"">
    TÉLÉVISEUR 42POUCES IBSON SMART ANDROID IB42FT1002S
</h1>",Neuf,Autre,105 000 ,Plateau,https://i.roamcdn.net/hz/ed/listing-thumb-543w/3b7966e208dba8e517e3b11f624e9bd6/-/horizon-files-prod/ed/picture/qxjp9wv4/aa9cb5a12463360681474f5f75a5766597eef991.jpg
423,"<h1 class=""listing-item__header"">
    TÉLÉVISEUR 32POUCES IBSON SMART ANDROID IB32FT1002S
</h1>",Neuf,Autre,73 000 ,Plateau,https://i.roamcdn.net/hz/ed/listing-thumb-543w/0630cbf810f5cf377595c915a582720a/-/horizon-files-prod/ed/picture/qkr8n6j5/d8eabf8e726833adb1cbe701486f2c3975b8d3c2.jpg
424,"<h1 class=""listing-item__header"">
    TÉLÉVISEUR 75POUCES HISENSE WHITEBOARD SMART UHD 4K TACTILE
</h1>",Neuf,Hisense,1 600 000 ,Plateau,https://i.roamcdn.net/hz/ed/listing-thumb-543w/19aee1299ed213befe105d76b250f0c2/-/horizon-files-prod/ed/picture/q0g7v77j/03d1cf31cb2154e05b945b8a5c5a47753f01c7ff.jpg
425,"<h1 class=""listing-item__header"">
    TÉLÉVISEUR 32POUCES IBSON LED IB32FT1002
</h1>",Neuf,Autre,62 000 ,Plateau,https://i.roamcdn.net/hz/ed/listing-thumb-543w/5c44883a85ce336fd1c3da924c782bb8/-/horizon-files-prod/ed/picture/q56dqrjr/ec5cd779308324e499b17cb690b07a0aff59f223.jpg
426,"<h1 class=""listing-item__header"">
    TÉLÉVISEUR 42POUCES AMAZ LED AMFT1002
</h1>",Neuf,Autre,89 000 ,Plateau,https://i.roamcdn.net/hz/ed/listing-thumb-543w/76ddb2bc8bf3eaf55b13d1bf9fc3a59a/-/horizon-files-prod/ed/picture/qpdmrnvm/c27d37122826a4995edd4cf97b67f10e85710c0c.jpg
427,"<h1 class=""listing-item__header"">
    TÉLÉVISEUR 42POUCES IBSON LED IB42FT1002
</h1>",Neuf,Autre,89 000 ,Plateau,https://i.roamcdn.net/hz/ed/listing-thumb-543w/a3609ae0f07d665169c20052f8096c62/-/horizon-files-prod/ed/picture/qwep0n76/da52be8735bbba325cddb7f9827310a5417229a7.jpg
428,"<h1 class=""listing-item__header"">
    Téléviseur Samsung 65 Pouces
</h1>",Neuf,Samsung,450 000 ,Plateau,https://i.roamcdn.net/hz/ed/listing-thumb-543w/43899e34fae8d6336e20bd6fe4e30db9/-/horizon-files-prod/ed/picture/q6xd2zen/2581099d6d55e840c9a2272a7f9dc4e006774e66.jpg
429,"<h1 class=""listing-item__header"">
    TÉLÉVISEURS 85 pouce HISENSE SMART UHD 4K
</h1>",Neuf,Hisense,825 000 ,Plateau,https://i.roamcdn.net/hz/ed/listing-thumb-543w/5748eb8e81d4e1b47f9b4bdc8580dc6a/-/horizon-files-prod/ed/picture/q8v4rk97/19dbe410c9aaac12cfb1a24d3bc05530f25e1c05.jpg
430,"<h1 class=""listing-item__header"">
    TÉLÉVISEURS 32 pouce SMART ANDROÏDE AMAZ
</h1>",Neuf,Autre,65 000 ,Plateau,https://i.roamcdn.net/hz/ed/listing-thumb-543w/c68ce6c1ebbf8e203d2554f6a0b5ba29/-/horizon-files-prod/ed/picture/q78w4xpe/93624764ad978530d08a84ea659cf8988b80a266.jpg
431,"<h1 class=""listing-item__header"">
    TÉLÉVISEURS 43  pouce ANDROÏDE SMART AMAZ
</h1>",Neuf,Autre,100 000 ,Plateau,https://i.roamcdn.net/hz/ed/listing-thumb-543w/74a256068ac620f25e2710cc2404db97/-/horizon-files-prod/ed/picture/q56dqr9n/eb22055a9b36f0f26a53378283cdeb0d58c53dc2.jpg
432,"<h1 class=""listing-item__header"">
    TÉLÉVISEUR SAMSUNG 65"" SMART UHD 4K
</h1>",Neuf,Samsung,479 000 ,Plateau,https://i.roamcdn.net/hz/ed/listing-thumb-543w/5d75edb1e1ab272648e426686490c353/-/horizon-files-prod/ed/picture/qzvpwz7k/e63883dc996fb034000ef711688384afd48a17f0.jpg
433,"<h1 class=""listing-item__header"">
    TÉLÉVISEUR TCL 55"" SMART ANDROÏDE 4K P635
</h1>",Neuf,TCL,249 000 ,Plateau,https://i.roamcdn.net/hz/ed/listing-thumb-543w/e852d8ca51468934d974b2bac4034b2d/-/horizon-files-prod/ed/picture/qkr8npwx/6ee63abebf0574caa6b63d58b4a917561a85e5d8.jpg
434,"<h1 class=""listing-item__header"">
    TÉLÉVISEUR SMART TECHNOLOGY 55"" SMART ANDROÏDE UHD
</h1>",Neuf,Autre,205 000 ,Plateau,https://i.roamcdn.net/hz/ed/listing-thumb-543w/6f7038895e98880bfea8199215c0f6af/-/horizon-files-prod/ed/picture/qrz8mnp8/f57883489e75786867b3abf873c7dc172e1944ab.jpg
435,"<h1 class=""listing-item__header"">
    TV SMART HAIER 65"" ANDROID UHD 4K FULL OPTIONS
</h1>",Neuf,Haier,350 000 ,Ouakam,https://i.roamcdn.net/hz/ed/listing-thumb-543w/fca968b9981f7e274a612a21c7dca848/-/horizon-files-prod/ed/picture/qxjp2e62/084d3d942ba237b567f7420224b03c7f5c36f041.jpg
436,"<h1 class=""listing-item__header"">
    Télé à vendre
</h1>",D'occasion,Nasco,65 000 ,Médina,https://i.roamcdn.net/hz/ed/listing-thumb-543w/43982600d7139020333a2143fa662d1c/-/horizon-files-prod/ed/picture/qpdmr00v/e6ef36971e1629a6c190a71bd4b305e7c42a036b.jpg
437,"<h1 class=""listing-item__header"">
    TÉLÉVISEUR WIWLIL 55"" SMART 55QB6W
</h1>",Neuf,Autre,205 000 ,Plateau,https://i.roamcdn.net/hz/ed/listing-thumb-543w/46c1d4dfa72799733fa8689dd7d5ca02/-/horizon-files-prod/ed/picture/q56dq9x7/2de5e8873a11be844ae8dde1c217a745535e8a0a.jpg
438,"<h1 class=""listing-item__header"">
    TÉLÉVISEUR 65POUCES SAMSUNG SMART 4K UA65CU7100KXXT
</h1>",Neuf,Samsung,479 000 ,Plateau,https://i.roamcdn.net/hz/ed/listing-thumb-543w/0930bf093aa71829ca33e1e5e97a6834/-/horizon-files-prod/ed/picture/q44nw08m/9561f885c5a36366a53622730e18b493c836d8f2.jpg
439,"<h1 class=""listing-item__header"">
    TÉLÉVISEUR WOW 65"" SMART ANDROÏDE 4k WA65SU7200C3
</h1>",Neuf,Autre,289 000 ,Plateau,https://i.roamcdn.net/hz/ed/listing-thumb-543w/0c4b0a9abfb9d8314c5d792d62139fa3/-/horizon-files-prod/ed/picture/q8v4rpzj/2be6c07d57ce043f25e5efda98e4ea0d77a38b7e.jpg
440,"<h1 class=""listing-item__header"">
    TÉLÉVISEUR 65POUCES ASTECH SMART ANDROID 65C111D
</h1>",Neuf,Astech,359 000 ,Plateau,https://i.roamcdn.net/hz/ed/listing-thumb-543w/10b976aab6054209f942c54518e07772/-/horizon-files-prod/ed/picture/qwep0g2k/cf0507bf76a07394618621ac2776253d7577954b.jpg
441,"<h1 class=""listing-item__header"">
    TÉLÉVISEUR 65POUCES SOLSTAR SMART ANDROID 65HSU6200SS
</h1>",Neuf,Autre,349 000 ,Plateau,https://i.roamcdn.net/hz/ed/listing-thumb-543w/633712e396be54c7d56fa0eeecb6ae22/-/horizon-files-prod/ed/picture/qrz8mnv2/5c83a8c1ad575062a72d8bb208aff5721049e4f0.jpg
442,"<h1 class=""listing-item__header"">
    TÉLÉVISEUR 65POUCES TCL SMART ANDROID 4K 65P635/65P755
</h1>",Neuf,TCL,359 000 ,Plateau,https://i.roamcdn.net/hz/ed/listing-thumb-543w/5198053960280b39625af1392da507a4/-/horizon-files-prod/ed/picture/qngp87de/93104303657eabb134401add175b115b287c29d1.jpg
443,"<h1 class=""listing-item__header"">
    TÉLÉVISEUR SMART TECHNOLOGY 65 SMART
</h1>",Neuf,Autre,289 000 ,Plateau,https://i.roamcdn.net/hz/ed/listing-thumb-543w/a0ec71cf5a2ac7a6f7dc3773d0005b41/-/horizon-files-prod/ed/picture/q78w4p7d/8e23f5e3ea6b827e3fb18f6906f65d443539c75f.jpg
444,"<h1 class=""listing-item__header"">
    TÉLÉVISEUR 65POUCES HISENSE LED SMART UHD 4K VIDAA 65A6K
</h1>",Neuf,Hisense,359 000 ,Plateau,https://i.roamcdn.net/hz/ed/listing-thumb-543w/b6a3c55fb6897ed9ccf940e970e0d879/-/horizon-files-prod/ed/picture/q6xd8n64/8cc0b01eb7d66d077bbc61cb38485b64ad32c235.jpg
445,"<h1 class=""listing-item__header"">
    TÉLÉVISEUR TEKO 65"" SMART 65KBF1W
</h1>",Neuf,Autre,289 000 ,Plateau,https://i.roamcdn.net/hz/ed/listing-thumb-543w/b4e2fa3ef19359c4f794b13cf2a0e89d/-/horizon-files-prod/ed/picture/qzvpwz46/7acad7edba0d53d1a09365f7852018d9a9b481fe.jpg
446,"<h1 class=""listing-item__header"">
    TÉLÉVISEUR 65POUCES ELACTRON QLED SMART ANDROID TS6561AS
</h1>",Neuf,Elactron,349 000 ,Plateau,https://i.roamcdn.net/hz/ed/listing-thumb-543w/a7f64027937ae3419158bfa62670e114/-/horizon-files-prod/ed/picture/q56dq94g/17859fb4ed4324e4e0fab1aee38725755aab0f75.jpg
447,"<h1 class=""listing-item__header"">
    TÉLÉVISEUR 55POUCES LG SMART 4K UQ75006LG
</h1>",Neuf,LG,329 000 ,Plateau,https://i.roamcdn.net/hz/ed/listing-thumb-543w/c39d72e1f84da247ce7b3095765d4ff4/-/horizon-files-prod/ed/picture/qrz8mnq2/6f9c405e51d6541d18b53011aec34afe765eee06.jpg
448,"<h1 class=""listing-item__header"">
    TÉLÉVISEUR 55POUCES LG UR73006LA PVG 4K + TELECOMANDE
</h1>",Neuf,LG,329 000 ,Plateau,https://i.roamcdn.net/hz/ed/listing-thumb-543w/0d7e211394ee8fa1ec69d809d9e1c372/-/horizon-files-prod/ed/picture/q78w4p8d/5bf7b9c9014dfd525f9be35d03f1fbd12b3c0bf3.jpg
449,"<h1 class=""listing-item__header"">
    TÉLÉVISEUR 50POUCES LG SMART UHD 4K UP7550PVG
</h1>",Neuf,LG,289 000 ,Plateau,https://i.roamcdn.net/hz/ed/listing-thumb-543w/2d4f3331776e63d00023da4ed98971ed/-/horizon-files-prod/ed/picture/qgqw7pq9/8d7ab7c149ce5a4919313a2f58a1ef2d53c7cde5.jpg
450,"<h1 class=""listing-item__header"">
    TÉLÉVISEUR AMAZ 65"" LED SMART ANDROID
</h1>",Neuf,Autre,289 000 ,Plateau,https://i.roamcdn.net/hz/ed/listing-thumb-543w/fff159256aeb2ca704c2719cd9693e5e/-/horizon-files-prod/ed/picture/q8v4rmj9/0ffa89b7b304086a171715c4650da620101960e4.jpg
451,"<h1 class=""listing-item__header"">
    TÉLÉVISEUR WIWLIL 65"" SMART 65QBF1W
</h1>",Neuf,Autre,289 000 ,Plateau,https://i.roamcdn.net/hz/ed/listing-thumb-543w/8f357b06c50f69332a40ce251abe97e9/-/horizon-files-prod/ed/picture/q2j09kp8/f531438f682ba74c168207f16c1642699896b3d9.jpg
452,"<h1 class=""listing-item__header"">
    TÉLÉVISEUR 55POUCES HISENSE SMART VIDAA UHD 4K 55A6M
</h1>",Neuf,Hisense,259 000 ,Plateau,https://i.roamcdn.net/hz/ed/listing-thumb-543w/ac7b3aff03078dace6c169a8d0c267ff/-/horizon-files-prod/ed/picture/qde7m0r2/87935ca9f2638d27a8806778cf883577cdd43359.jpg
453,"<h1 class=""listing-item__header"">
    TÉLÉVISEUR 55POUCES TCL SMART ANDROID 4K UHD 55V6B
</h1>",Neuf,TCL,249 000 ,Plateau,https://i.roamcdn.net/hz/ed/listing-thumb-543w/1df533858eda6bb2cad279316a8b9514/-/horizon-files-prod/ed/picture/qrz8mrd2/cc61f420587db796d5477f251946cb78c1748879.jpg
454,"<h1 class=""listing-item__header"">
    TÉLÉVISEUR WEST 65"" SMART ANDROÏDE 65ZBC8C
</h1>",Neuf,Autre,289 000 ,Plateau,https://i.roamcdn.net/hz/ed/listing-thumb-543w/44ea05c49492c0c6cc0d53eb8bc4eeba/-/horizon-files-prod/ed/picture/q0g7vkq6/87cafb0ef98f788f4d80c61e51d81b160baf7c25.jpg
455,"<h1 class=""listing-item__header"">
    TÉLÉVISEUR 55POUCES ELACTRON QLED SMART ANDROID
</h1>",Neuf,Elactron,249 000 ,Plateau,https://i.roamcdn.net/hz/ed/listing-thumb-543w/a56be13c31c03e7cc3da300ac10a3bcc/-/horizon-files-prod/ed/picture/qde7m9v8/c9b6d248b65f1af7ad65cd9b1670fd4f46de7fc5.jpg
456,"<h1 class=""listing-item__header"">
    Promo téléviseur hisense 55 pouces
</h1>",Neuf,Hisense,275 000 ,Plateau,https://i.roamcdn.net/hz/ed/listing-thumb-543w/c062e5758d53528709d83d92d0324866/-/horizon-files-prod/ed/picture/qm5ggz62/524f6aa5ebad3b23f53d6896700a60ede52fd78b.jpg
457,"<h1 class=""listing-item__header"">
    TELEVISEUR DESKA 43 pouces SMART
</h1>",Neuf,Autre,125 000 ,Grand-Dakar,https://i.roamcdn.net/hz/ed/listing-thumb-543w/59f316ddc7a7a3398a538f61019f6fc2/-/horizon-files-prod/ed/picture/qj4qj9ww/9714cace1282344d405389979cf8c867b04e4b76.jpg
458,"<h1 class=""listing-item__header"">
    ASTECH 50 SMART TV WIFI 4K ANDROID PROMOTIONS
</h1>",Neuf,Astech,225 000 ,Plateau,https://i.roamcdn.net/hz/ed/listing-thumb-543w/01c2d6fd67108eafc0283f625681d1a9/-/horizon-files-prod/ed/picture/qj4qdw54/f021dee79463620c75526b0b682633a533c5e719.jpg
459,"<h1 class=""listing-item__header"">
    Téléviseur Amaz 32 Pouces Android
</h1>",Neuf,Autre,65 000 ,Plateau,https://i.roamcdn.net/hz/ed/listing-thumb-543w/ef5627070ffee71caea5dc72c21a38b2/-/horizon-files-prod/ed/picture/qkr8d882/58cf6be5015eabbb2139c739eb3af4b88f3f5bc7.jpg
460,"<h1 class=""listing-item__header"">
    SAMSUNG 55 POUCES DU7010 LY 4K UHD 138 CM WIFI USB
</h1>",Neuf,Samsung,350 000 ,Plateau,https://i.roamcdn.net/hz/ed/listing-thumb-543w/62aeb43d5e3dca29cd5a078689fba32e/-/horizon-files-prod/ed/picture/qenvm7p9/9b0da33fafb7faa29e00b416abda60796a3ec511.jpg
461,"<h1 class=""listing-item__header"">
    Tv 43 pouce west smart tv
</h1>",Neuf,Autre,110 000 ,Colobane,https://i.roamcdn.net/hz/ed/listing-thumb-543w/6dfdd995f3b595e3f0e7beb027b9cd27/-/horizon-files-prod/ed/picture/q0g7x49w/682560be352436055dcd1c10627e5ec272a55e10.jpg
462,"<h1 class=""listing-item__header"">
    Smart tv 43astech
</h1>",Neuf,Astech,130 000 ,Plateau,https://i.roamcdn.net/hz/ed/listing-thumb-543w/3a0a15d94a55b5f33fc4e9096d288d03/-/horizon-files-prod/ed/picture/q9mjxjqw/edfccfda95ea4c8f9102372e97159d7481cba44b.jpg
463,"<h1 class=""listing-item__header"">
    SUPPORT TV 26 63
</h1>",Neuf,Autre,12 000 ,Plateau,https://i.roamcdn.net/hz/ed/listing-thumb-543w/34fe01f9940ce1e6007ee6ae24a002a0/-/horizon-files-prod/ed/picture/q44nwn99/94aca6ec89a9533f94c2dec6e059a69d9a2f8a53.jpg
464,"<h1 class=""listing-item__header"">
    SUPPORT TV 32 75 C55
</h1>",Neuf,Autre,14 000 ,Plateau,https://i.roamcdn.net/hz/ed/listing-thumb-543w/aca56b6b09f3a1b3e83fff77a3505da8/-/horizon-files-prod/ed/picture/qngp8pvz/bec1ddd2dfd4ba4378499b26f011de3d40bf2b3a.jpg
465,"<h1 class=""listing-item__header"">
    SUPPORT TV 30 80 CK2407
</h1>",Neuf,Autre,18 000 ,Plateau,https://i.roamcdn.net/hz/ed/listing-thumb-543w/be6524d176831416421df7349a8848a3/-/horizon-files-prod/ed/picture/q0g7v76d/e227f71333345ed4cecd25e09216e039fb436a28.jpg
466,"<h1 class=""listing-item__header"">
    SUPPORT TV PIVOTAGE 32-70 CP850
</h1>",Neuf,Autre,29 000 ,Plateau,https://i.roamcdn.net/hz/ed/listing-thumb-543w/e1a07821664dba2a35e99acc9c25f9e8/-/horizon-files-prod/ed/picture/q6xd8dwn/f6d880760cc27515393932d1a764e4ae29c98eb4.jpg
467,"<h1 class=""listing-item__header"">
    SMART TV AIWA 55 POUCES WIFI 4K 139 CM
</h1>",Neuf,Autre,275 000 ,Plateau,https://i.roamcdn.net/hz/ed/listing-thumb-543w/0de29d989dbbfa560f7f1d880564e64c/-/horizon-files-prod/ed/picture/qnkzwje/034431d6a006c9ef1448b7bebb691e01cb7727f7.jpg
468,"<h1 class=""listing-item__header"">
    Smart TV LED Full HD 1080p de 43 pouces de VIZIO
</h1>",Neuf,TCL,135 000 ,Parcelles Assainies,https://i.roamcdn.net/hz/ed/listing-thumb-543w/980decaa88ce06a27c4028b7bc5f792b/-/horizon-files-prod/ed/picture/q2j090wp/ae90007141eea96710d06f47bb64e0b4514e5fe3.png
469,"<h1 class=""listing-item__header"">
    Télévision Android Hisense 65pouces
</h1>",Neuf,Hisense,350 000 ,Guediawaye,https://i.roamcdn.net/hz/ed/listing-thumb-543w/f6942cd21fd960292350c7d6ae3c852c/-/horizon-files-prod/ed/picture/qxjp924n/bc8f3a39be182f8f2212ea2dacf2ca72d587b9f6.jpg
470,"<h1 class=""listing-item__header"">
    Samsung Crystal UHD 75
</h1>",Neuf,Samsung,950 000 ,Parcelles Assainies,https://i.roamcdn.net/hz/ed/listing-thumb-543w/88f8a2ac5d1d2fdbc7355a7d4e3a5de4/-/horizon-files-prod/ed/picture/qm5g968q/3d6124d971ce532a1b1349a92b2035e7a73e2f6d.jpg
471,"<h1 class=""listing-item__header"">
    TÉLÉVISEUR 70POUCES HISENSE SMART UHD 4K 70A6K
</h1>",Neuf,Hisense,498 000 ,Plateau,https://i.roamcdn.net/hz/ed/listing-thumb-543w/b115d7b7b6c4b9761b1bfb747d38d131/-/horizon-files-prod/ed/picture/q8v4r5rj/ecdcfd7a10622ff24f7ee8e814af0d157f562238.jpg
472,"<h1 class=""listing-item__header"">
    TÉLÉVISEUR 75POUCES HISENSE LED SMART VIDAA 4K QLED
</h1>",Neuf,Hisense,589 000 ,Plateau,https://i.roamcdn.net/hz/ed/listing-thumb-543w/09448d2a66774f456401da1c0d5a510a/-/horizon-files-prod/ed/picture/qq42x7xj/862392611b5856e5e912c92cea95b9c26fb6bd52.jpg
473,"<h1 class=""listing-item__header"">
    TÉLÉVISEUR HISENSE 65POUCES ULED SMART VIDAA
</h1>",Neuf,Hisense,598 000 ,Plateau,https://i.roamcdn.net/hz/ed/listing-thumb-543w/3c1d1eb3f381258c627efe6da42a4920/-/horizon-files-prod/ed/picture/qv4wvevv/240bd8e0a5c80aab017cc1da6d5fa01ec726032a.jpg
474,"<h1 class=""listing-item__header"">
    TÉLÉVISEUR 85POUCES HISENSE LED SMART VIDAA
</h1>",Neuf,Hisense,835 000 ,Plateau,https://i.roamcdn.net/hz/ed/listing-thumb-543w/7be8b3339f6a71ab4690b2706f74b8f0/-/horizon-files-prod/ed/picture/qngp8x89/f18db9af46015964d74160c4619291066fd22717.jpg
475,"<h1 class=""listing-item__header"">
    TÉLÉVISEUR 65POUCES HISENSE LED SMART UHD 4K VIDAA
</h1>",Neuf,Hisense,359 000 ,Plateau,https://i.roamcdn.net/hz/ed/listing-thumb-543w/d9185a114f09cac3a0dd98cc7d7ee926/-/horizon-files-prod/ed/picture/q56dqx2e/69814c77871527cfcbcd5151c6652bbc584ac940.jpg
476,"<h1 class=""listing-item__header"">
    TÉLÉVISEUR 58POUCED HISENSE LED UHD 4K SMART VIDAA
</h1>",Neuf,Hisense,298 000 ,Plateau,https://i.roamcdn.net/hz/ed/listing-thumb-543w/0aed0eb27082b65762dd89689d842761/-/horizon-files-prod/ed/picture/qv4wve4m/b456bb1a64c50b865448885a6c48f4e2dd3dd907.jpg
477,"<h1 class=""listing-item__header"">
    TÉLÉVISEUR 55POUCES HISENSE SMART VIDAA UHD 4K 55A6M
</h1>",Neuf,Hisense,269 000 ,Plateau,https://i.roamcdn.net/hz/ed/listing-thumb-543w/d94fe9f9f301ba73c055258a8b19bcd1/-/horizon-files-prod/ed/picture/q0g7vwxw/3cc458ceeba0c300fce94a978f8b609a4a144d38.jpg
478,"<h1 class=""listing-item__header"">
    TÉLÉVISEUR 50POUCES HISENSE SMART VIDA UHD 50A6N
</h1>",Neuf,Hisense,229 000 ,Plateau,https://i.roamcdn.net/hz/ed/listing-thumb-543w/25143b5872b5e1e9352625153586ee5f/-/horizon-files-prod/ed/picture/qenvzqj6/3719cef9a06305e21cd00db22e31b8a2c2c8376b.jpg
479,"<h1 class=""listing-item__header"">
    TÉLÉVISEUR 43POUCES  HISENSE SMART VIDAA 43A4K
</h1>",Neuf,Hisense,139 000 ,Plateau,https://i.roamcdn.net/hz/ed/listing-thumb-543w/87a874a95fc50d5644c1e7a0de0380e6/-/horizon-files-prod/ed/picture/qkr8ngvn/60fb39453a1fc56e0a483c747e2092eebb1a8cfe.jpg
480,"<h1 class=""listing-item__header"">
    TÉLÉVISEUR 40POUCES HISENSE LED SMART VIDAA 40A4K
</h1>",Neuf,Hisense,129 000 ,Plateau,https://i.roamcdn.net/hz/ed/listing-thumb-543w/de8f6138d4d3db4d9bf20bc7c9a69aa4/-/horizon-files-prod/ed/picture/q44nw8qp/f1d516c2420fc55ce35791751fabe4922e6ff8b7.jpg
481,"<h1 class=""listing-item__header"">
    TÉLÉVISEUR HESENSE 75"" LED SMART 4 K VIDAA
</h1>",Neuf,Hisense,498 000 ,Plateau,https://i.roamcdn.net/hz/ed/listing-thumb-543w/cd61c3dca8b58319c1636e51b7cc29e2/-/horizon-files-prod/ed/picture/qm5gd6n2/1d38b901d4e4efc9413d9f355414dabb10fa10c9.jpg
482,"<h1 class=""listing-item__header"">
    TÉLÉVISEUR 32POUCES HISENSE SMART VIDAA 32A4GS
</h1>",Neuf,Hisense,89 000 ,Plateau,https://i.roamcdn.net/hz/ed/listing-thumb-543w/7c89f7e7606f8911f7f0b9792d12e70b/-/horizon-files-prod/ed/picture/qv4wve5p/f7c4526a4b7148cfd4ee01a5e7694514ea81181f.jpg
483,"<h1 class=""listing-item__header"">
    TÉLÉVISEUR 32POUCES HISENSE LED 32A5200
</h1>",Neuf,Hisense,69 000 ,Plateau,https://i.roamcdn.net/hz/ed/listing-thumb-543w/804d7f676351342ff87a82fe3aa0a3d2/-/horizon-files-prod/ed/picture/q6xd8k47/461a22b862df1efbd8687e0ee0dbd46ebaa6e2d8.jpg
484,"<h1 class=""listing-item__header"">
    Samsung 85CU8000D 4K 2023
</h1>",Neuf,Samsung,1 300 000 ,Guediawaye,https://i.roamcdn.net/hz/ed/listing-thumb-543w/9c4e50494cb209924d3a029a22758805/-/horizon-files-prod/ed/picture/qxj2e2xw/9b6b582ce680120b1df8e4f0b00185923f33a5ef.jpg
485,"<h1 class=""listing-item__header"">
    Enceinte Bluetooth USB Radio Bectel Woofer 2150R+
</h1>",Neuf,Bectel,35 000 ,Médina,https://i.roamcdn.net/hz/ed/listing-thumb-543w/041ffa4ef2e77045c8e64d6c9fa79df4/-/horizon-files-prod/ed/picture/qxj60gv4/fabf7f0bc18cca93153b0ec4d9ecc3cf65d406a0.jpg
486,"<h1 class=""listing-item__header"">
    BARRE DE SON SONY 33W HTS400
</h1>",Neuf,Sony,198 000 ,Plateau,https://i.roamcdn.net/hz/ed/listing-thumb-543w/404441d66adc9051901b05190fc387ae/-/horizon-files-prod/ed/picture/q9mjx9m8/99878fd0bc4bc373afd7f9e357666b4379b6717c.jpg
487,"<h1 class=""listing-item__header"">
    BARRE DE SON HISENSE 200W HS218 2.1
</h1>",Neuf,Hisense,110 000 ,Plateau,https://i.roamcdn.net/hz/ed/listing-thumb-543w/6e3a8e3cdc8db0ddebc4868bf02f160f/-/horizon-files-prod/ed/picture/qxjp92d0/b265655dc085389567f4e1ff35933efa2d7d6a51.jpg
488,"<h1 class=""listing-item__header"">
    BARRE DE SON SAMSUNG A450
</h1>",Neuf,Samsung,129 000 ,Plateau,https://i.roamcdn.net/hz/ed/listing-thumb-543w/1cee44b3b012dc086b768fa6f0fcab45/-/horizon-files-prod/ed/picture/q6xd8k7g/dee5ab26bd43cbfecac91a9a08c77a19011b6708.jpg
489,"<h1 class=""listing-item__header"">
    BARRE DE SON LG SQC1
</h1>",Neuf,LG,119 000 ,Plateau,https://i.roamcdn.net/hz/ed/listing-thumb-543w/cbae214152b0118ab0c272de7d658bc2/-/horizon-files-prod/ed/picture/q44nw8jv/9798c9636566bb92eeedcc24fa940a7beaf49c01.jpg
490,"<h1 class=""listing-item__header"">
    BARRE DE SON SONY 600W HTS40R
</h1>",Neuf,Sony,229 000 ,Plateau,https://i.roamcdn.net/hz/ed/listing-thumb-543w/49c71a84f50d45148850531bda02513c/-/horizon-files-prod/ed/picture/qwep02m0/b45f21b4570b1ee19897fb72037ee755ab5d5f30.jpg
491,"<h1 class=""listing-item__header"">
    BARRE DE SON HISENSE 240W HS2100 2.1
</h1>",Neuf,Hisense,129 000 ,Plateau,https://i.roamcdn.net/hz/ed/listing-thumb-543w/fcfd0fae1eb16a9c0be9da05545e08d3/-/horizon-files-prod/ed/picture/qngp8x5k/2e68928ed1b040f93990c8a21ab895255668d9b9.jpg
492,"<h1 class=""listing-item__header"">
    BARRE DE SON HISENSE 420W AX312G 3.1.2
</h1>",Neuf,Hisense,189 000 ,Plateau,https://i.roamcdn.net/hz/ed/listing-thumb-543w/1df6fc9ba51e98cfd1544f73b26403db/-/horizon-files-prod/ed/picture/q0g7vwpz/ac276ebb41286c6e30bc4e7a540f0b6de3744771.jpg
493,"<h1 class=""listing-item__header"">
    BARRE DE SON HISENSE 120W HS212 2.1
</h1>",Neuf,Hisense,89 000 ,Plateau,https://i.roamcdn.net/hz/ed/listing-thumb-543w/93b03f109d0fe8bcbf070dd2bf06c0f4/-/horizon-files-prod/ed/picture/q6xd8k7v/8651fed3f076f0cb7a994a89bcfbf48128342ac5.jpg
494,"<h1 class=""listing-item__header"">
    BARRE DE SON SONY 400W HTS20R
</h1>",Neuf,Sony,179 000 ,Plateau,https://i.roamcdn.net/hz/ed/listing-thumb-543w/a8fadf02842ee97af584690aceda3cc7/-/horizon-files-prod/ed/picture/q2j09qzq/68db9b1a9924af059464f4a6d343d7dcecfd6477.jpg
495,"<h1 class=""listing-item__header"">
    BARRE DE SON SONY 120W HTS100F
</h1>",Neuf,Sony,89 000 ,Plateau,https://i.roamcdn.net/hz/ed/listing-thumb-543w/7bacaf6f4476181f0d052729e181d6e6/-/horizon-files-prod/ed/picture/qgqw7g22/ad84e3b370a08abdbc2fdf7979ed210a51f2b0b6.jpg
496,"<h1 class=""listing-item__header"">
    BARRE DE SON LG 600WATTS SNH5
</h1>",Neuf,Sony,219 000 ,Plateau,https://i.roamcdn.net/hz/ed/listing-thumb-543w/b99f0ceb1cb259f1dd343472b5f5d5db/-/horizon-files-prod/ed/picture/qj4q9rm4/16749d7160a43e0d4993ebb6346b5bd201bfc0e2.jpg
497,"<h1 class=""listing-item__header"">
    Tv 32 pouce Samsung smart tv
</h1>",Neuf,Samsung,129 900 ,Colobane,https://i.roamcdn.net/hz/ed/listing-thumb-543w/ddeb765a95b0e81a36c22e30ca9a03a0/-/horizon-files-prod/ed/picture/qngpng2k/20c2f5046e75e8de84a21288ba147776050e8aa7.jpg
498,"<h1 class=""listing-item__header"">
    Smart TV 55 deska
</h1>",Neuf,Autre,195 000 ,Plateau,https://i.roamcdn.net/hz/ed/listing-thumb-543w/32ce9e760649b57ff1672b048dec87ed/-/horizon-files-prod/ed/picture/qm5gdrem/9d27eb45390aed3feee5c6d443053e6b76d5f1df.jpg
499,"<h1 class=""listing-item__header"">
    SMART TV TCL 65 POUCES WIFI 4K ANDROID GOOGLE TV
</h1>",Neuf,TCL,370 000 ,Plateau,https://i.roamcdn.net/hz/ed/listing-thumb-543w/ff77a65e8ab5ebaf9e824dd90500b2cd/-/horizon-files-prod/ed/picture/q56dz0ze/ea917360238d5b02046524f416fb3fe8c1ee435b.jpg
500,"<h1 class=""listing-item__header"">
    TELEVISEUR HAIER 55 POUCES, LED TV, Smart, 4K UHD
</h1>",Neuf,Haier,250 000 ,Colobane,https://i.roamcdn.net/hz/ed/listing-thumb-543w/9ed069ef029f7328776bea4423f4a0b2/-/horizon-files-prod/ed/picture/q78wxxm8/e9ae7ecee06cb830956ebd5e101c03e065824d52.jpg
501,"<h1 class=""listing-item__header"">
    Support TV sur roulettes 32"" - 55"" pouces VESA 400*400
</h1>",Neuf,Autre,35 000 ,Castor,https://i.roamcdn.net/hz/ed/listing-thumb-543w/a09e2e9463d276fd01fcd7095879d02b/-/horizon-files-prod/ed/picture/q56d28n6/27f6ebc4ed22c1658410b102d9d3c9444ef65454.jpg
502,"<h1 class=""listing-item__header"">
    Tv 43 pouce west smart tv
</h1>",Neuf,Autre,110 000 ,Colobane,https://i.roamcdn.net/hz/ed/listing-thumb-543w/059b3b7442f8e9954c2bd3195d86423a/-/horizon-files-prod/ed/picture/qrz85z8q/bb32107303fd0a55c01bff89ffd029b28eb54a3e.jpg
503,"<h1 class=""listing-item__header"">
    SMART TV TCL 75 POUCES 4K ANDROID GOOGLE TV 189 CM
</h1>",Neuf,TCL,550 000 ,Plateau,https://i.roamcdn.net/hz/ed/listing-thumb-543w/9276374c2a8b2033a673a5d54281e242/-/horizon-files-prod/ed/picture/qwep52w5/373fcbfe7aac235c7a94cdec78df321074f5df35.jpg
504,"<h1 class=""listing-item__header"">
    TELEVISEUR HAIER 43 POUCES, LED TV, Smart
</h1>",Neuf,Haier,135 000 ,Colobane,https://i.roamcdn.net/hz/ed/listing-thumb-543w/41f781da09cfd53cc117fcfb123ac167/-/horizon-files-prod/ed/picture/qgqw440k/f4ed24f941f62f3e3f70c71f8af49ade2da1494a.jpg
505,"<h1 class=""listing-item__header"">
    SMART TV 43 POUCES ANDROID 108 CM
</h1>",Neuf,Autre,134 900 ,Plateau,https://i.roamcdn.net/hz/ed/listing-thumb-543w/b02a8b01184e01cd93dc9f71c271f193/-/horizon-files-prod/ed/picture/qvrm4xp/5ca096f970d264d18dcfdb9b1fdbae1129e42643.jpg
506,"<h1 class=""listing-item__header"">
    TÉLÉVISION SMART TV ASTECH 50 POUCES 4K UHD PROMOTIONS
</h1>",Neuf,Astech,260 000 ,Plateau,https://i.roamcdn.net/hz/ed/listing-thumb-543w/8f9968be60ecb2616520da4b5c512166/-/horizon-files-prod/ed/picture/q9mj6dgv/35aaa4850c312df8f2243709e81cb93781f40249.jpg
507,"<h1 class=""listing-item__header"">
    LED SMART TV astech 65 pouces
</h1>",Neuf,Astech,390 000 ,Plateau,https://i.roamcdn.net/hz/ed/listing-thumb-543w/52edb1b646ad49c06c53fc2b1708c3cd/-/horizon-files-prod/ed/picture/q2jrnedq/5b721c26d2be553ffdda1a76cd6fcde6d9b856ec.jpg
508,"<h1 class=""listing-item__header"">
    Samsung cu 8000 75 pouces
</h1>",Venant,Samsung,500 000 ,Liberte 6 extension,https://i.roamcdn.net/hz/ed/listing-thumb-543w/45677559a4eefd283281a3cb52319f8e/-/horizon-files-prod/ed/picture/q9mj26ep/df47aa6a48307afc27f83fcfad81a5db40e6f614.jpg
509,"<h1 class=""listing-item__header"">
    Écran plat 43 pouces marque Hisense à vendre
</h1>",D'occasion,Hisense,200 000 ,Ouakam,https://i.roamcdn.net/hz/ed/listing-thumb-543w/cdf1364cac2f87b8cb1ad39cb8148b95/-/horizon-files-prod/ed/picture/qj4qdv2e/0dcf3d685e352fa8e930a12ab85c74a828b58fed.jpg
510,"<h1 class=""listing-item__header"">
    smart lg 55"" uhd 4k full options
</h1>",Neuf,LG,330 000 ,Ouakam,https://i.roamcdn.net/hz/ed/listing-thumb-543w/09a071ada9c20c5b994c137657dd2229/-/horizon-files-prod/ed/picture/q56d27v7/a6c40b4df98e457d407095c2b3b73e0d0a9995f5.jpg
511,"<h1 class=""listing-item__header"">
    LG 75 UT80 (2024) 🇺🇸
</h1>",Neuf,LG,800 000 ,Sicap foire,https://i.roamcdn.net/hz/ed/listing-thumb-543w/ef4332dcb88451f42cbd08276f374cea/-/horizon-files-prod/ed/picture/qwepjm0g/d4655b7668b8ed33683c33afb1a3c7e2eb1d08cd.jpg
512,"<h1 class=""listing-item__header"">
    TÉLÉVISEUR WEST 43""SMART ANDROID 43ZBD20W
</h1>",Neuf,Autre,110 000 ,Plateau,https://i.roamcdn.net/hz/ed/listing-thumb-543w/4feafa9e75329f9240f3f806d33e0ad0/-/horizon-files-prod/ed/picture/qde7zx02/2d5db03c48424d988dd371fe3f8e7ca9dd80cad5.jpg
513,"<h1 class=""listing-item__header"">
    TÉLÉVISEUR WIWLIL 43"" SMART 43QR1WS
</h1>",Neuf,Autre,119 000 ,Plateau,https://i.roamcdn.net/hz/ed/listing-thumb-543w/d1e94c69c3c0a8201f654621ffa26d33/-/horizon-files-prod/ed/picture/qkr8d978/621a985c12c1e4581eac55523fe0572f13beaf11.jpg
514,"<h1 class=""listing-item__header"">
    TÉLÉVISEUR ASTECH 43"" SMART ANDROID 43AC111D
</h1>",Neuf,Astech,139 000 ,Plateau,https://i.roamcdn.net/hz/ed/listing-thumb-543w/80fd5b44284c674553556a7e153c4f7e/-/horizon-files-prod/ed/picture/qj4qdvq6/b6f188122aff83b6c0d6fc9aa223703f25d21622.jpg
515,"<h1 class=""listing-item__header"">
    TÉLÉVISEUR 43POUCES MASER SMART FULL HD4300S
</h1>",Neuf,Autre,119 000 ,Plateau,https://i.roamcdn.net/hz/ed/listing-thumb-543w/230d53be14c2f77900d2a3c0aff0a34b/-/horizon-files-prod/ed/picture/q0g7xm26/4af8e530b2b68ccc697401843b824980c2edd8c3.jpg
516,"<h1 class=""listing-item__header"">
    TÉLÉVISEUR 43POUCES AMAZ LED SMART ANDROID 1002S
</h1>",Neuf,Autre,110 000 ,Plateau,https://i.roamcdn.net/hz/ed/listing-thumb-543w/45405e3bba0c1e961b23d46c8227cf9b/-/horizon-files-prod/ed/picture/qwep9qzg/d18f4447afff5340e228a4c75f0d576365f0802a.jpg
517,"<h1 class=""listing-item__header"">
    TÉLÉVISEUR 43POUCES HISENSE SMART VIDAA 43A4K
</h1>",Neuf,Hisense,139 000 ,Plateau,https://i.roamcdn.net/hz/ed/listing-thumb-543w/226239083589e9e826f57d74e5ffb54c/-/horizon-files-prod/ed/picture/qde7zxr8/68460a29a42807ed9c90743c8e196116910af748.jpg
518,"<h1 class=""listing-item__header"">
    TÉLÉVISEUR 43POUCES FOX SMART ANDROID 43UHD
</h1>",Neuf,Autre,129 000 ,Plateau,https://i.roamcdn.net/hz/ed/listing-thumb-543w/cf10733b064bbcc133e0b2d7dc7b384f/-/horizon-files-prod/ed/picture/qq42kp4w/a47e6ae911bb3025533168ff8851658c4b0feb96.jpg
519,"<h1 class=""listing-item__header"">
    TELEVISEUR WIWLIL 65 SMART 65QBF1W
</h1>",Neuf,Autre,295 000 ,Plateau,https://i.roamcdn.net/hz/ed/listing-thumb-543w/7b22b1edd55201fb6f7c60cf842a83df/-/horizon-files-prod/ed/picture/qq47vxxe/27d88fa35722c859f6a641cef3a5a89763db3b76.jpg
520,"<h1 class=""listing-item__header"">
    HOME CINEMA LG 1000 WATT LHD657M
</h1>",Neuf,LG,229 000 ,Plateau,https://i.roamcdn.net/hz/ed/listing-thumb-543w/bf07735a99b95b74c58b24ee0284241c/-/horizon-files-prod/ed/picture/qm5gkx9w/b9942852da00dbb0e6c0712033907005922f1836.jpg
521,"<h1 class=""listing-item__header"">
    Téléviseur Hisense 75 Pouces
</h1>",Neuf,Hisense,580 000 ,Plateau,https://i.roamcdn.net/hz/ed/listing-thumb-543w/650b35493005a436d12e0fa79426d4b2/-/horizon-files-prod/ed/picture/qde7zvzr/3610210f94b770ca3093f9cd92a2f87d8b0ebe5f.jpg
522,"<h1 class=""listing-item__header"">
    HOME CINEMA LG 330WATT LHD457
</h1>",Neuf,Autre,189 000 ,Plateau,https://i.roamcdn.net/hz/ed/listing-thumb-543w/31b52bd49520a46caf277369ad7d9be1/-/horizon-files-prod/ed/picture/qpdm5z7x/dc8c96d916ac9c0290aa531f0b65e4b6155b64e0.jpg
523,"<h1 class=""listing-item__header"">
    Téléviseur Hisense 40 Pouces
</h1>",Neuf,Hisense,120 000 ,Plateau,https://i.roamcdn.net/hz/ed/listing-thumb-543w/94e3c2c9943e28c6aa6ad91115182c1e/-/horizon-files-prod/ed/picture/qxjpn0em/fff08e960587e0aa51e7b7ee1ac98890c2f17929.jpg
524,"<h1 class=""listing-item__header"">
    HOME CINEMA LG AVEC BLUETOOTH LHD655
</h1>",Neuf,LG,198 000 ,Plateau,https://i.roamcdn.net/hz/ed/listing-thumb-543w/1b679d956df0b552bcc7ebda0b4184fc/-/horizon-files-prod/ed/picture/qngpkmnw/65d80272ddf0a926279b96768cf918134c37fee2.jpg
525,"<h1 class=""listing-item__header"">
    Téléviseur West 50 Pouces
</h1>",Neuf,Autre,165 000 ,Plateau,https://i.roamcdn.net/hz/ed/listing-thumb-543w/de063746b043adf2448b4e6308a08a55/-/horizon-files-prod/ed/picture/qgq9009e/d408517323be843b69254e79af83611300e99a42.jpg
526,"<h1 class=""listing-item__header"">
    TÉLÉVISEUR ASTECH 32"" SMART ANDROID 32GT3022A
</h1>",Neuf,Astech,89 000 ,Plateau,https://i.roamcdn.net/hz/ed/listing-thumb-543w/4e76d4b96af24324330c56a8df0adcbc/-/horizon-files-prod/ed/picture/q56d20en/f5c440d608ec2b866c679333b976eb8f7a9d2bd1.jpg
527,"<h1 class=""listing-item__header"">
    TÉLÉVISEUR HISENSE 40 "" LED SMART VIDAA 40A4k
</h1>",Neuf,Hisense,129 000 ,Plateau,https://i.roamcdn.net/hz/ed/listing-thumb-543w/fa20b80c9c414cf8e314f3ec1758a953/-/horizon-files-prod/ed/picture/qwep97vz/62364c61ca1afa016d03d38003a26514076eae80.jpg
528,"<h1 class=""listing-item__header"">
    TÉLÉVISEUR HISENSE 85"" LED SMART VIDAA UHD 4K
</h1>",Neuf,Hisense,835 000 ,Plateau,https://i.roamcdn.net/hz/ed/listing-thumb-543w/69143ab95eff073c716d9af2db34052f/-/horizon-files-prod/ed/picture/qrz8ke9n/a63f32225c7b6d6db58e887e1267a828511b58f7.jpg
529,"<h1 class=""listing-item__header"">
    barre de son hisense 200w
</h1>",Neuf,Hisense,120 000 ,Ouakam,https://i.roamcdn.net/hz/ed/listing-thumb-543w/0e0bd49ed7feac0bca215c7956e64acc/-/horizon-files-prod/ed/picture/qngpdq5w/36b5e132e682ea20c8fc35b37d3ec750faf35732.jpg
530,"<h1 class=""listing-item__header"">
    TÉLÉVISEUR HISENSE 75"" LED SMART VIDAA 4K
</h1>",Neuf,Hisense,598 000 ,Plateau,https://i.roamcdn.net/hz/ed/listing-thumb-543w/69126e15fbcc46a0bb1e90382b811a4d/-/horizon-files-prod/ed/picture/q44n2vg9/41768e80b4d296e8c7ecbff8320f2681e7ce208a.jpg
531,"<h1 class=""listing-item__header"">
    TÉLÉVISEUR ASTECH 32POUCES SMART ANDROID
</h1>",Neuf,Astech,89 000 ,Plateau,https://i.roamcdn.net/hz/ed/listing-thumb-543w/ebd1c873091544bbde390c84517393b7/-/horizon-files-prod/ed/picture/qrz8kewx/346298c169ecb17bcdc95f77e58f9f05535a34c2.jpg
532,"<h1 class=""listing-item__header"">
    TÉLÉVISEUR 40POUCES HISENSE LED SMART VIDAA 40A4K
</h1>",Neuf,Hisense,129 000 ,Plateau,https://i.roamcdn.net/hz/ed/listing-thumb-543w/7335a1400ff5f6163599a0d2603690de/-/horizon-files-prod/ed/picture/qngpkv4k/6c6b42ca51a30a19a8a0ce7656c348bdb2400ada.jpg
533,"<h1 class=""listing-item__header"">
    TÉLÉVISEUR 85POUCES HISENSE LED SMART VIDAA 4K QLED
</h1>",Neuf,Hisense,885 000 ,Plateau,https://i.roamcdn.net/hz/ed/listing-thumb-543w/726cfa6fabc77574dea5c7c655076b05/-/horizon-files-prod/ed/picture/qenvme8v/492fe3bb8eb721d9bff0fabaf5413c583f3de3c4.jpg
534,"<h1 class=""listing-item__header"">
    SAMSUNG 75 ( DU7200D) 2024
</h1>",Neuf,Samsung,780 000 ,Sicap foire,https://i.roamcdn.net/hz/ed/listing-thumb-543w/9cf15a4438fac3f1895723b09afa6545/-/horizon-files-prod/ed/picture/qzvpe80q/c95ea01a29c0b7fa10a2a88112ac4a8ae1599c58.jpg
535,"<h1 class=""listing-item__header"">
    SAMSUNG 65 (DU7200D) 2024
</h1>",Neuf,Samsung,480 000 ,Sicap foire,https://i.roamcdn.net/hz/ed/listing-thumb-543w/7d7c063aeb4abaebee41f8c5bd18975e/-/horizon-files-prod/ed/picture/qrz85rxq/71b7f8cd275b66990d9c73e0be4ec5ef38c22458.jpg
536,"<h1 class=""listing-item__header"">
    Abonnement Iptv de luxe
</h1>",Neuf,Autre,30 000 ,Travail à distance,https://i.roamcdn.net/hz/ed/listing-thumb-543w/175fd25f9a128362d7f15bc00a03aca3/-/horizon-files-prod/ed/picture/qenvmk82/3f5824c663935aafc502af3c3646918368b0475b.jpg
537,"<h1 class=""listing-item__header"">
    Smart tv deska 32
</h1>",Neuf,Autre,75 000 ,Plateau,https://i.roamcdn.net/hz/ed/listing-thumb-543w/6166ee50314ecb951e9d112b53d87e63/-/horizon-files-prod/ed/picture/q56d5d56/1a6d296e893fd35313d2362b9cb3b59358716c2e.jpg
538,"<h1 class=""listing-item__header"">
    IPTV HAUT DE GAMME !
</h1>",Neuf,Autre,29 900 ,Mermoz,https://i.roamcdn.net/hz/ed/listing-thumb-543w/c77465375d02f43ff9be1951fd364063/-/horizon-files-prod/ed/picture/qde7zg68/13ebe8d46bd91e595b200f4135b9116f16b438f3.jpg
539,"<h1 class=""listing-item__header"">
    Téléviseur Smart 32 Pouces
</h1>",Neuf,Autre,90 000 ,Plateau,https://i.roamcdn.net/hz/ed/listing-thumb-543w/830a0a9a19702b96f4b99e8a76b094e4/-/horizon-files-prod/ed/picture/qj4qd0md/ff0b3c819e81e7db1ec453f2077e79ab1da12920.jpg
540,"<h1 class=""listing-item__header"">
    Téléviseur 32 Pouces
</h1>",Neuf,Autre,70 000 ,Plateau,https://i.roamcdn.net/hz/ed/listing-thumb-543w/c582aa253c5540d18c91cc08fcd9bbc1/-/horizon-files-prod/ed/picture/q8v4270p/86e20fed441ec1ccd1e32d009cb3efd3e67ed480.jpg
541,"<h1 class=""listing-item__header"">
    Télévision wiwlil 75 pouces smart tv
</h1>",Neuf,Autre,500 000 ,Castor,https://i.roamcdn.net/hz/ed/listing-thumb-543w/c329eb094aea2601056b93cef0d5f1a8/-/horizon-files-prod/ed/picture/qgqw0vk4/f9a66e81906f9245e309354f95e7d1ec184f4cf9.jpg
542,"<h1 class=""listing-item__header"">
    Téléviseur 43 Pouces
</h1>",Neuf,Autre,120 000 ,Plateau,https://i.roamcdn.net/hz/ed/listing-thumb-543w/67bc71784c199b58ca4ebe934a8d7297/-/horizon-files-prod/ed/picture/qm5gkqkq/6995cc73a57819d3fd80b4a6c5a4e58e6c0a10a5.jpg
543,"<h1 class=""listing-item__header"">
    TÉLÉVISEUR HISENSE 43"" SMART VIDAA 43A4K
</h1>",Neuf,Hisense,139 000 ,Plateau,https://i.roamcdn.net/hz/ed/listing-thumb-543w/e42903dde6fd657137986e92a3bb895a/-/horizon-files-prod/ed/picture/q2j02906/ed5aef7c47b5959b2fb443f470adb098e89f009e.jpg
544,"<h1 class=""listing-item__header"">
    TÉLÉVISEUR 43POUCES TCL SMART
</h1>",Neuf,TCL,149 000 ,Plateau,https://i.roamcdn.net/hz/ed/listing-thumb-543w/3075acece37853876c9dc864a1ea736e/-/horizon-files-prod/ed/picture/q8v42r49/fd2b0a674bbaa7a20c1f6c04294ecc0e8c6f62f4.jpg
545,"<h1 class=""listing-item__header"">
    TÉLÉVISEUR 43POUCES ASTECH SMART ANDROID
</h1>",Neuf,Astech,139 000 ,Plateau,https://i.roamcdn.net/hz/ed/listing-thumb-543w/6418bd41c02df2f5981642183326907f/-/horizon-files-prod/ed/picture/qenvmzq6/0b4dedb04b07c417282dde53bff46813f548ea6a.jpg
546,"<h1 class=""listing-item__header"">
    TÉLÉVISEUR 40POUCES WEST SMART ANDROID
</h1>",Neuf,Autre,105 000 ,Plateau,https://i.roamcdn.net/hz/ed/listing-thumb-543w/6377386bc7641d57ec130db78a06711e/-/horizon-files-prod/ed/picture/q44n2w8p/2c97f0eed5271c1909c4e0882fdb12f52597fac3.jpg
547,"<h1 class=""listing-item__header"">
    TÉLÉVISEUR WEST 65"" SMART ANDROÏDE 65ZBC8W
</h1>",Neuf,Autre,279 000 ,Plateau,https://i.roamcdn.net/hz/ed/listing-thumb-543w/ec05429445f69a7457cc5b894516ec2d/-/horizon-files-prod/ed/picture/q56d2q4e/c0237c108929cecff000b2ffc6d93a59c586eafa.jpg
548,"<h1 class=""listing-item__header"">
    TÉLÉVISEUR 43POUCES SOLSTAR SMART ANDROID
</h1>",Neuf,Autre,139 000 ,Plateau,https://i.roamcdn.net/hz/ed/listing-thumb-543w/5ef0f225fe95d16c2524c8efc6ccb3cc/-/horizon-files-prod/ed/picture/qzvpqwvx/1c2fd0001e43168b0dcf3ad715cb5e7a10ef6b9d.jpg
549,"<h1 class=""listing-item__header"">
    TÉLÉVISEUR 43POUCES FOX SMART ANDROID
</h1>",Neuf,Autre,129 000 ,Plateau,https://i.roamcdn.net/hz/ed/listing-thumb-543w/ab50c2cdf57b4a08ad40ea6eff1698be/-/horizon-files-prod/ed/picture/q2j029jk/473af98abb097b01ef17cc4e5a9d644758178455.jpg
550,"<h1 class=""listing-item__header"">
    TÉLÉVISEUR WEST 50"" SMART ANDROÏD 50ZBM1W
</h1>",Neuf,Autre,169 000 ,Plateau,https://i.roamcdn.net/hz/ed/listing-thumb-543w/318f7649e5361d5b97fe34db03a8137c/-/horizon-files-prod/ed/picture/qgqwk7qq/c4055d3286a97ff412bc150fce31a4104df25213.jpg
551,"<h1 class=""listing-item__header"">
    TÉLÉVISEUR 50POUCES SMART TECHNOLOGY LED
</h1>",Neuf,Autre,169 000 ,Plateau,https://i.roamcdn.net/hz/ed/listing-thumb-543w/577269434ce520cc9c7d540752e2dbd2/-/horizon-files-prod/ed/picture/q44n2wjz/4355d78551a2d654799135feba2d4df47323420c.jpg
552,"<h1 class=""listing-item__header"">
    TÉLÉVISEUR 55POUCES TCL SMART ANDROID 4K UHD
</h1>",Neuf,TCL,249 000 ,Plateau,https://i.roamcdn.net/hz/ed/listing-thumb-543w/e183ae6a3c7cbff3d77309c980b76f91/-/horizon-files-prod/ed/picture/qzvpqw2x/89ef137beb513c9492b01b18fd8999c79fbdce72.jpg
553,"<h1 class=""listing-item__header"">
    TÉLÉVISEUR WEST 43"" SMART ANDROID
</h1>",Neuf,Autre,110 000 ,Plateau,https://i.roamcdn.net/hz/ed/listing-thumb-543w/1de4bf1ed078809a03a8b98a3e241f6f/-/horizon-files-prod/ed/picture/qgqwk75q/c55b9f7b8a0035c7ec0b8b1b6ceed1daaec3e0cb.jpg
554,"<h1 class=""listing-item__header"">
    TÉLÉVISEUR 58"" HISENSE LED UHD 4K SMART VIDAA
</h1>",Neuf,Hisense,298 000 ,Plateau,https://i.roamcdn.net/hz/ed/listing-thumb-543w/f88b96de252e9d1e4541d2c76f0f451c/-/horizon-files-prod/ed/picture/q9mj224x/9ab38cb27cf1f8079d648ed78c8f35f8c9a1bb98.jpg
555,"<h1 class=""listing-item__header"">
    TÉLÉVISEUR TCL 32"" SMART ANDROID 4K UHD 32S4500A
</h1>",Neuf,TCL,89 000 ,Plateau,https://i.roamcdn.net/hz/ed/listing-thumb-543w/0a000c7e48f840b998bb42703b8b5d51/-/horizon-files-prod/ed/picture/qpdm55km/129c4ab0c59b875716b8a4658b0757880d83634b.jpg
556,"<h1 class=""listing-item__header"">
    TÉLÉVISEUR 50POUCES SAMSUNG SMART 4K UHD
</h1>",Neuf,Samsung,279 000 ,Plateau,https://i.roamcdn.net/hz/ed/listing-thumb-543w/f606fc0f9e6ae3b5c81cdca364cb7e78/-/horizon-files-prod/ed/picture/qde7zzx0/12cac48b9d23efd25c1cfbab54ccab8abbb71b28.jpg
557,"<h1 class=""listing-item__header"">
    TÉLÉVISEUR SMART TECHNOLOGY 55"" SMART ANDOIDE
</h1>",Neuf,Autre,205 ,Plateau,https://i.roamcdn.net/hz/ed/listing-thumb-543w/8d782f5933de8528985f8d457c94a071/-/horizon-files-prod/ed/picture/q8v422e6/cc607e444b6ede7e212c8a2a604579652a0ab7a8.jpg
558,"<h1 class=""listing-item__header"">
    TÉLÉVISION SAMSUNG 40K 5000
</h1>",D'occasion,Samsung,170 000 ,Liberte 1,https://i.roamcdn.net/hz/ed/listing-thumb-543w/2a9c3349ade360ae9349e5d92a81b90e/-/horizon-files-prod/ed/picture/q2j022rj/ed6739e642dcfe8b9adcecf6a0ba991fb11985c5.jpg
559,"<h1 class=""listing-item__header"">
    Samsung Full HD Smart TV
</h1>",Neuf,Samsung,170 000 ,Castor,https://i.roamcdn.net/hz/ed/listing-thumb-543w/de59d47d142f84e637c395993ca90a5d/-/horizon-files-prod/ed/picture/qm5rpdp2/3640246e78749bd366126db839cc5012949c546b.jpg
560,"<h1 class=""listing-item__header"">
    LG SMART 70"" AI UHD 4K
</h1>",Neuf,LG,650 000 ,Guediawaye,https://i.roamcdn.net/hz/ed/listing-thumb-543w/41705c06400a7dcf7744e7c876f5fb89/-/horizon-files-prod/ed/picture/q0g75xnd/d2ea3f981bf5c5a75c40a556d1a09f16f7b895fc.jpg
561,"<h1 class=""listing-item__header"">
    LG/Samsung 75 pouces
</h1>",Neuf,LG,850 000 ,Liberte 6 extension,https://i.roamcdn.net/hz/ed/listing-thumb-543w/1c0bd63179861efdf16840eb2826961c/-/horizon-files-prod/ed/picture/q0g7x0kk/4bd349d8a39eb3bb677615474a144d31e6981d09.jpg
562,"<h1 class=""listing-item__header"">
    SMART TV WOW 65 POUCES 4K- 189 CM
</h1>",Neuf,Autre,300 000 ,Plateau,https://i.roamcdn.net/hz/ed/listing-thumb-543w/32c4a5835ec74e730508644a82e008d9/-/horizon-files-prod/ed/picture/qwepr0xp/94a460fbbae3816b9b0dc49035d544e33e20cc4c.jpg
563,"<h1 class=""listing-item__header"">
    MINI CHAINE LG CL87
</h1>",Neuf,LG,265 000 ,Plateau,https://i.roamcdn.net/hz/ed/listing-thumb-543w/3fcb657859f7fcd84bb175d9f9badbfa/-/horizon-files-prod/ed/picture/q44n2qjp/1e3bfb63c8cd0368e891a03ff155a6c81ec39acd.jpg
564,"<h1 class=""listing-item__header"">
    SAMSUNG SMART TV 85 POUCES 4K UHD DU7000
</h1>",Neuf,Samsung,1 330 000 ,Plateau,https://i.roamcdn.net/hz/ed/listing-thumb-543w/761c032e93c22d8db29c99d50b4dd262/-/horizon-files-prod/ed/picture/qde7k0v8/be96f67098ec4b37a28d1d38564aa4ae2660c36a.jpg
565,"<h1 class=""listing-item__header"">
    Tv west 43 pouce smart tv
</h1>",Neuf,Autre,110 000 ,Colobane,https://i.roamcdn.net/hz/ed/listing-thumb-543w/ffd2edf9d16cfe69e03479870c7b2bb9/-/horizon-files-prod/ed/picture/q78wdmwg/94a1fe9b089ff977bf2ed67ad789d8c0380811ae.jpg
566,"<h1 class=""listing-item__header"">
    Tv 32 pouce teko smart tv
</h1>",Neuf,Autre,74 900 ,Colobane,https://i.roamcdn.net/hz/ed/listing-thumb-543w/4a3328f31d59876f8ff2e1497aaf9737/-/horizon-files-prod/ed/picture/qq42kv27/bc8b6668f04921434ff58cc4c6b8b97bbd9af350.jpg
567,"<h1 class=""listing-item__header"">
    Tv ASTECH ""50"" SMART ANDROID
</h1>",Neuf,Astech,250 000 ,Plateau,https://i.roamcdn.net/hz/ed/listing-thumb-543w/6e260b2c0081dafaaf60cc381bf2b84c/-/horizon-files-prod/ed/picture/qkrgqnk5/943b8136c704187a7ece4b6967d3c0518877111f.jpg
568,"<h1 class=""listing-item__header"">
    Samsung 75"" CU7000B 4K 2023
</h1>",Neuf,Samsung,800 000 ,Patte d‘oie,https://i.roamcdn.net/hz/ed/listing-thumb-543w/bf4325aaf70a30362d59bc77cc8b4631/-/horizon-files-prod/ed/picture/q6xk52qz/d697c3860aeda2a6d3ebe1b57889f6dd2f8ef3ef.jpg
569,"<h1 class=""listing-item__header"">
    SMART TV LG 70"" UHD 4K
</h1>",Neuf,LG,650 000 ,Guediawaye,https://i.roamcdn.net/hz/ed/listing-thumb-543w/5b9984b38216455faacfab4299d9addb/-/horizon-files-prod/ed/picture/qpd64vzv/b64dabffdda72fef324ad999b14bd5b99f208c77.jpg
570,"<h1 class=""listing-item__header"">
    Abonnement iptv 1an GARANTIE/NB: test gratuit
</h1>",Neuf,LG,15 000 ,Hann maristes,https://i.roamcdn.net/hz/ed/listing-thumb-543w/7ae47b8bf35c765bb9209ecf3c37fd48/-/horizon-files-prod/ed/picture/qv4w0xzg/3539864202f94b91e16ee02bd252b091da1c2b52.jpg
571,"<h1 class=""listing-item__header"">
    TELEVISEUR SAMSUNG 50"" SMART 4k UHD CU7000
</h1>",Neuf,Samsung,289 000 ,Plateau,https://i.roamcdn.net/hz/ed/listing-thumb-543w/879b34252374de08c6aabd8d34291dfe/-/horizon-files-prod/ed/picture/qj4qd228/dbc9b5b513e9c6df83040b9737cd3d7b76f77adb.jpg
572,"<h1 class=""listing-item__header"">
    TÉLÉVISEUR 50POUCES SAMSUNG SMART 4K UHD
</h1>",Neuf,Samsung,289 000 ,Plateau,https://i.roamcdn.net/hz/ed/listing-thumb-543w/3557425a6004187778725cd8fd7f2c97/-/horizon-files-prod/ed/picture/q78wd9mj/72949f8109169ddca96a51bb50ecffef823ba866.jpg
573,"<h1 class=""listing-item__header"">
    TÉLÉVISEUR 32POUCES SAMSUNG SMART
</h1>",Neuf,Samsung,135 000 ,Plateau,https://i.roamcdn.net/hz/ed/listing-thumb-543w/f90b09100f60b1fcbf1341ef45b23056/-/horizon-files-prod/ed/picture/q44n2772/ccedb63bbee0193cdb0c84ced7afd5d3d8ddde13.jpg
574,"<h1 class=""listing-item__header"">
    Tv 75 pouces
</h1>",Neuf,Smart,650 000 ,Mermoz,https://i.roamcdn.net/hz/ed/listing-thumb-543w/541909017dc8d652fa815a768e3bb721/-/horizon-files-prod/ed/picture/qdekrrm4/218385aa49b2c0628dcbbf5a3d15aae559a4dea2.jpg
575,"<h1 class=""listing-item__header"">
    Smart Tv astech 55 Android 4k
</h1>",Neuf,Astech,229 500 ,Plateau,https://i.roamcdn.net/hz/ed/listing-thumb-543w/64d8aa26afc3dc04469c54d082edd631/-/horizon-files-prod/ed/picture/qpdm58gr/b843cb57efacf04e2aed8e6722b796077ff048c3.jpg
576,"<h1 class=""listing-item__header"">
    Tv 43vpouce hisense smart tv
</h1>",Neuf,Hisense,149 900 ,Colobane,https://i.roamcdn.net/hz/ed/listing-thumb-543w/741193b47536ccdc95b051135f70f6cd/-/horizon-files-prod/ed/picture/q0g7xdwg/ffde8c6a8f1c5bea493565d5c3b66d86ba1786c7.jpg
577,"<h1 class=""listing-item__header"">
    Tv hisense 70 pouce smart tv
</h1>",Neuf,Hisense,625 000 ,Colobane,https://i.roamcdn.net/hz/ed/listing-thumb-543w/1e7a57d7df6271961e101fae9852044c/-/horizon-files-prod/ed/picture/q8v42gz7/4ece3faeb95e8c37c16d507690df8af44d4f1f09.jpg
578,"<h1 class=""listing-item__header"">
    Tv 50 pouce west smart tv Androïde
</h1>",Neuf,Autre,174 900 ,Colobane,https://i.roamcdn.net/hz/ed/listing-thumb-543w/849b2aff69a5f1a20303b883e1e86501/-/horizon-files-prod/ed/picture/qde7znw7/402e76deece674b7e17ca532eb97c7c7d4bb6f70.jpg
579,"<h1 class=""listing-item__header"">
    Tv west 65 pouce smart tv Androïde
</h1>",Neuf,Autre,289 900 ,Colobane,https://i.roamcdn.net/hz/ed/listing-thumb-543w/ea38a3bc3f509d7bbf8fceb621078e6f/-/horizon-files-prod/ed/picture/qpdm58ww/3c5e90c5aac87dc64b37514d1f8d4926cfbd166b.jpg
580,"<h1 class=""listing-item__header"">
    IPTV Abonnement 1an
</h1>",Neuf,Autre,20 000 ,Fann Hock,https://i.roamcdn.net/hz/ed/listing-thumb-543w/0ce9bbdba761d6d4dbe4eb05bf46d6ed/-/horizon-files-prod/ed/picture/q0g7x9vd/3f6672d776e0a2f60a916e8607d860be41ca06a5.jpg
581,"<h1 class=""listing-item__header"">
    Télévision Samsung  en promo
</h1>",Neuf,Samsung,470 000 ,Mbour,https://i.roamcdn.net/hz/ed/listing-thumb-543w/d4b0182173e648136dfca4f8c3d2165a/-/horizon-files-prod/ed/picture/q2j0dm2j/41bb71cfb2192335a963d8ba86d651bd85f4eb7d.jpg
582,"<h1 class=""listing-item__header"">
    Téléviseur Lg 32 Pouces Smart Android
</h1>",Neuf,LG,130 000 ,Plateau,https://i.roamcdn.net/hz/ed/listing-thumb-543w/d216cf0b39ebb5546edb19ccc2475301/-/horizon-files-prod/ed/picture/q78wd0qx/e04c548f756ef08e6f3ba1c4100f4d1e2b4240ef.jpg
583,"<h1 class=""listing-item__header"">
    Téléviseur Lg 75 Pouces Nanocell
</h1>",Neuf,LG,749 000 ,Plateau,https://i.roamcdn.net/hz/ed/listing-thumb-543w/fcfe3af683091a2f739eef3b5fb2a4a8/-/horizon-files-prod/ed/picture/qenvmx8v/796fb292971848436c319e139596727e26300351.jpg
584,"<h1 class=""listing-item__header"">
    Téléviseur Samsung Qled 55 Pouces
</h1>",Neuf,Samsung,425 000 ,Plateau,https://i.roamcdn.net/hz/ed/listing-thumb-543w/0a93aa0251b57d8d5b72f9604e11c64d/-/horizon-files-prod/ed/picture/qj4qdx9v/6637fac8ce43a5d162c25d7ac3045b3fee9a1f6a.jpg
585,"<h1 class=""listing-item__header"">
    Téléviseur Hisense 75 Pouces Smart 4K
</h1>",Neuf,Hisense,510 000 ,Plateau,https://i.roamcdn.net/hz/ed/listing-thumb-543w/6dbf620941f26a2ae5fc7580b8aff814/-/horizon-files-prod/ed/picture/qgqwkd7n/040d23f02451560e314440128b90ce7b5e88bf9c.jpg
586,"<h1 class=""listing-item__header"">
    Téléviseur LG 65 Pouces Smart 4K
</h1>",Neuf,LG,450 000 ,Plateau,https://i.roamcdn.net/hz/ed/listing-thumb-543w/bfce4e080fddbdf3e9d3b59484222f7c/-/horizon-files-prod/ed/picture/qrz8jzrg/52a8f154c096b2422d9002578f3afc222fbbd8cf.jpg
587,"<h1 class=""listing-item__header"">
    Téléviseur Smart 32 Led
</h1>",Neuf,Autre,60 000 ,Plateau,https://i.roamcdn.net/hz/ed/listing-thumb-543w/c6ef21234ac414a8280f7116fe2fff52/-/horizon-files-prod/ed/picture/qngp70x0/ae567e8ce659558b2e92906594b5539938e6a56d.jpg
588,"<h1 class=""listing-item__header"">
    Téléviseur Samsung 55 Pouces Smart TV
</h1>",Neuf,Samsung,320 000 ,Plateau,https://i.roamcdn.net/hz/ed/listing-thumb-543w/548d881e0f8d969c32b1c9336126b217/-/horizon-files-prod/ed/picture/qrz85w78/3e3cbeff15ce2e23d036940b23398163e5a71c7a.jpg
589,"<h1 class=""listing-item__header"">
    Téléviseur Tcl 55 Pouces  4k Android
</h1>",Neuf,TCL,240 001 ,Plateau,https://i.roamcdn.net/hz/ed/listing-thumb-543w/6a8599402eec583b6454d1296b137ad0/-/horizon-files-prod/ed/picture/q78w08pm/7641b3fe641bb79ed971bdb8fea0645682e9ed7f.jpg
590,"<h1 class=""listing-item__header"">
    Téléviseur TCL 43 Pouces Android
</h1>",Neuf,TCL,140 000 ,Plateau,https://i.roamcdn.net/hz/ed/listing-thumb-543w/76949f5438ccbbb08fb5883783d78bb7/-/horizon-files-prod/ed/picture/qngpzxpx/68abe0c9b4d6e8f84b4e545cad012394a66eca0b.jpg
591,"<h1 class=""listing-item__header"">
    TV SAMSUNG 55 DU7000 4K WiFi
</h1>",Neuf,Samsung,400 000 ,Plateau,https://i.roamcdn.net/hz/ed/listing-thumb-543w/739d080e0dd025c6b3dc431113b723db/-/horizon-files-prod/ed/picture/q0vr72e/1639b8c52b3afcc16727039a93bf5d3f0db8fabf.jpg
592,"<h1 class=""listing-item__header"">
    Smart TV 75"" HISENSE 190Cm
</h1>",Neuf,Hisense,650 000 ,Plateau,https://i.roamcdn.net/hz/ed/listing-thumb-543w/5629ba9f48d13ac9112eb98433836db4/-/horizon-files-prod/ed/picture/q785p00g/5f80a844b8d0c9c757b0694c915e54fe25e05815.jpg
593,"<h1 class=""listing-item__header"">
    Smart tv 65"" ASTECH 4K UHD
</h1>",Neuf,Astech,360 000 ,Plateau,https://i.roamcdn.net/hz/ed/listing-thumb-543w/554bcda16ba259f343513d5506b441fa/-/horizon-files-prod/ed/picture/q9qxkkv/2221c55450a6ea09cc4bd1972a8fe6d80ec3b2c8.jpg
594,"<h1 class=""listing-item__header"">
    SMART TV LED
</h1>",Neuf,TCL,200 000 ,Zac Mbao,https://i.roamcdn.net/hz/ed/listing-thumb-543w/d5ec1506d4d10d05e24ee2d4329e599f/-/horizon-files-prod/ed/picture/q6xd268z/08d0a98096e17334db5d2f4acff6e6d5ec8fc70a.jpg
595,"<h1 class=""listing-item__header"">
    Smart tv deska 43
</h1>",Neuf,Autre,110 000 ,Plateau,https://i.roamcdn.net/hz/ed/listing-thumb-543w/5eddfd075ad433e2f63cf5da95302050/-/horizon-files-prod/ed/picture/qm5gkv2q/8fcf6d3010a15237c3f27f5d996b77f7e44abea9.jpg
596,"<h1 class=""listing-item__header"">
    Téléviseur Hisense 55 Pouces Smart
</h1>",Neuf,Hisense,260 000 ,Plateau,https://i.roamcdn.net/hz/ed/listing-thumb-543w/2ed42a25084f61ca465ac815f17f5588/-/horizon-files-prod/ed/picture/qenvqk2d/0972478926a5f9fcb71e65f1e2e0b76a1c1732e3.jpg
597,"<h1 class=""listing-item__header"">
    Téléviseur Tcl 65 Pouces Android
</h1>",Neuf,TCL,335 000 ,Plateau,https://i.roamcdn.net/hz/ed/listing-thumb-543w/f73f96599f811288fa3583d4feefc389/-/horizon-files-prod/ed/picture/q78w5695/64d11b153ba1e020e82205bf29bbdaacf88adcc9.jpg
598,"<h1 class=""listing-item__header"">
    Téléviseur Hisense 70 Pouces 4K
</h1>",Neuf,Hisense,525 000 ,Plateau,https://i.roamcdn.net/hz/ed/listing-thumb-543w/f9415a5f178c9866017ac64ff703f4b4/-/horizon-files-prod/ed/picture/q6xd2rj6/5f9de541e20be42fc97db76f690c33864294e804.jpg
599,"<h1 class=""listing-item__header"">
    Promo téléviseur LG 43pouces smart
</h1>",Neuf,Autre,219 000 ,Plateau,https://i.roamcdn.net/hz/ed/listing-thumb-543w/9d4c18745290baade4f0b429c4d03dac/-/horizon-files-prod/ed/picture/qkr8d6xn/a9c8d1650ff2db82cfdb7c180cba1a2d0f0acbcb.jpg
600,"<h1 class=""listing-item__header"">
    TÉLÉVISEUR ASTECH 75""QLED SMART ANDROID 75LX300
</h1>",Neuf,Astech,529 000 ,Plateau,https://i.roamcdn.net/hz/ed/listing-thumb-543w/595c1033ece31621f7875a1ffcde84a9/-/horizon-files-prod/ed/picture/qpdm5nwm/46695e58595a7e50c6bb949d21db0c3b9aed5b34.jpg
601,"<h1 class=""listing-item__header"">
    TÉLÉVISEUR HISENSE 75"" LED SMART 4K VIDAA
</h1>",Neuf,Hisense,529 000 ,Plateau,https://i.roamcdn.net/hz/ed/listing-thumb-543w/4fe055414edbdbc2af5c585ae52e491e/-/horizon-files-prod/ed/picture/q6xd2x4j/47cdcc30a44098eeddf5a15294e7ebe51752f087.jpg
602,"<h1 class=""listing-item__header"">
    TÉLÉVISEUR TORL 75"" SMART ANDROID
</h1>",Neuf,Autre,529 000 ,Plateau,https://i.roamcdn.net/hz/ed/listing-thumb-543w/e1539671d819c28e26ea1a88dac8542d/-/horizon-files-prod/ed/picture/q0g7x8gx/3ac3e76737ef43a1dc256b5d6f934fd8ab5e4dd1.jpg
603,"<h1 class=""listing-item__header"">
    TÉLÉVISEUR SMART TECHNOLOGY 75"" SMART
</h1>",Neuf,Autre,439 000 ,Plateau,https://i.roamcdn.net/hz/ed/listing-thumb-543w/827694ab33d657fbcb30c5cbbc77f140/-/horizon-files-prod/ed/picture/qpdmqzzr/84550c0c20f9ac67123681dba37ad3b0dd00f4b1.jpg
604,"<h1 class=""listing-item__header"">
    TÉLÉVISEUR LG 75"" UE75UQ810006
</h1>",Neuf,LG,739 000 ,Plateau,https://i.roamcdn.net/hz/ed/listing-thumb-543w/4188cc96da2d051fed84917faf2559fe/-/horizon-files-prod/ed/picture/qq42kwqz/caf51edbffedcabb68873f8fbf36df7155c047f8.jpg
605,"<h1 class=""listing-item__header"">
    TÉLÉVISEUR SMART TECHNOLOGY 75"" SMART ANDROID UHD 4K
</h1>",Neuf,Autre,498 000 ,Plateau,https://i.roamcdn.net/hz/ed/listing-thumb-543w/4c2a7837b293cf83514df3511291a8fa/-/horizon-files-prod/ed/picture/qxjpnwdq/2ab8d3db435ef0920a16b79319fc27acaf637a5f.jpg
606,"<h1 class=""listing-item__header"">
    TÉLÉVISEUR 75POUCES WIWLIL SMART ANDROID 4K ANTICASSE
</h1>",Neuf,Autre,498 000 ,Plateau,https://i.roamcdn.net/hz/ed/listing-thumb-543w/875c9c7353063f17349fdd4666f4bbcd/-/horizon-files-prod/ed/picture/qenvm9g4/8a75e875a3fb695d729aa4561616722e772c872f.jpg
607,"<h1 class=""listing-item__header"">
    TÉLÉVISEUR 75POUCES TCL SMART ANDROID 4K
</h1>",Neuf,TCL,529 000 ,Plateau,https://i.roamcdn.net/hz/ed/listing-thumb-543w/cabc50f02b147d108e5128157a4bd30b/-/horizon-files-prod/ed/picture/q9mj2r08/429f3be9a5447a28e3e7b7369b9d6d5eca5c8c7c.jpg
608,"<h1 class=""listing-item__header"">
    TÉLÉVISEUR 70POUCES LG SMART 4K
</h1>",Neuf,LG,649 000 ,Plateau,https://i.roamcdn.net/hz/ed/listing-thumb-543w/74527bd4fbfb899ca6ff4ec4d2b45324/-/horizon-files-prod/ed/picture/qngpk7rx/382b696b18d77dd65b9da9abf40ec000d80b0b2b.jpg
609,"<h1 class=""listing-item__header"">
    TÉLÉVISEUR 75POUCES ELACTRON QLED SMART ANROID
</h1>",Neuf,Elactron,529 000 ,Plateau,https://i.roamcdn.net/hz/ed/listing-thumb-543w/8c9e26a27cfd38fdf5bb93c23431e6fa/-/horizon-files-prod/ed/picture/qkr8dp9v/f03355e886eedd4e74bc4dad8d12b0f747108ab3.jpg
610,"<h1 class=""listing-item__header"">
    TÉLÉVISEUR 75POUCES SAMSUNG SMART
</h1>",Neuf,Samsung,739 000 ,Plateau,https://i.roamcdn.net/hz/ed/listing-thumb-543w/fb7f982f3edae3563b840e49c0dfa057/-/horizon-files-prod/ed/picture/qpdm50xr/2978313e45a29b0fcb66536583fcd18ee88d7eda.jpg
611,"<h1 class=""listing-item__header"">
    Téléviseur Samsung 65 Pouces 4K
</h1>",Neuf,Samsung,450 000 ,Plateau,https://i.roamcdn.net/hz/ed/listing-thumb-543w/06a3259781c977d5da2e781643c6f89b/-/horizon-files-prod/ed/picture/qwep56zk/e66fcc1308634d844e2a207272c80eeebfab8d6a.jpg
612,"<h1 class=""listing-item__header"">
    Téléviseur Lg Smart 4k
</h1>",Neuf,LG,310 000 ,Plateau,https://i.roamcdn.net/hz/ed/listing-thumb-543w/1c54bc015944605cb677a9e6bfee586c/-/horizon-files-prod/ed/picture/q2j0wj8k/d30b6233e965b11f2f332cf35ec31f8e761e29ea.jpg
613,"<h1 class=""listing-item__header"">
    Téléviseur Hisense 58 Pouces 4K
</h1>",Neuf,Hisense,290 000 ,Plateau,https://i.roamcdn.net/hz/ed/listing-thumb-543w/610b7df4a395ce79086d97c32dce3413/-/horizon-files-prod/ed/picture/qpdm29j2/0ff00a5fe8e5b794b0f2ce32e308a1cb10505081.jpg
614,"<h1 class=""listing-item__header"">
    TÉLÉVISEURS 32 POUCE ANDROÏDE SMART TV AMAZ
</h1>",Neuf,Autre,65 000 ,Plateau,https://i.roamcdn.net/hz/ed/listing-thumb-543w/346a57fda75120f058be8e52ffd2c1fd/-/horizon-files-prod/ed/picture/qenvmrg5/8771ddfd73025d1aca72dd5f5fb1d5561729b3e3.jpg
615,"<h1 class=""listing-item__header"">
    Television samsung a vider
</h1>",D'occasion,Samsung,50 000 ,Cité keur gorgui,https://i.roamcdn.net/hz/ed/listing-thumb-543w/a42fc9a8825d1eb17899fd4575309590/-/horizon-files-prod/ed/picture/q78wdj4q/0c2eb552aced24e5b7e9d73f4b916ffa33c1936e.jpg
616,"<h1 class=""listing-item__header"">
    CASQUE SANS FIL SONY A RÉDUIRE DE BRUIT
</h1>",Neuf,Sony,189 000 ,Plateau,https://i.roamcdn.net/hz/ed/listing-thumb-543w/a128ec39d62a8c300f8889c7d985dd80/-/horizon-files-prod/ed/picture/qngpk9pe/70e1528650d50668f7aeff8d29857ad3d03172b0.jpg
617,"<h1 class=""listing-item__header"">
    CASQUE SANS FIL ET ÉCOUTEURS SONY WHCH520
</h1>",Neuf,Sony,79 000 ,Plateau,https://i.roamcdn.net/hz/ed/listing-thumb-543w/24b5be9465fbfaf46f5ca46824199d51/-/horizon-files-prod/ed/picture/q44n25np/d11396e454849d0c4b557024c95992886cab63c2.jpg
618,"<h1 class=""listing-item__header"">
    Téléviseur Amaz 65 Pouces Android
</h1>",Neuf,Autre,260 000 ,Plateau,https://i.roamcdn.net/hz/ed/listing-thumb-543w/d25354187f0517af9a36841763ae8673/-/horizon-files-prod/ed/picture/q0g7x7wm/8b34e0f98a8b4133d8b0b56f682649c227a366dc.jpg
619,"<h1 class=""listing-item__header"">
    Téléviseur Amaz 55 Pouces Android
</h1>",Neuf,Autre,175 000 ,Plateau,https://i.roamcdn.net/hz/ed/listing-thumb-543w/5cec551cbfbae9beb026976b678ac894/-/horizon-files-prod/ed/picture/q8v4245r/2048d9df06d52de5c8a94aacbe556c8b07aca6c8.jpg
620,"<h1 class=""listing-item__header"">
    BOX FIRE TV CUBE
</h1>",Neuf,Autre,120 000 ,Grand-Yoff,https://i.roamcdn.net/hz/ed/listing-thumb-543w/b985f40f64ae0253c1472bdfd46fc52c/-/horizon-files-prod/ed/picture/q444nkpz/11c1bf4661d61cbe5501f1ba7071067c1ff99878.jpg
621,"<h1 class=""listing-item__header"">
    Téléviseur  Amaz 42 Pouces Android
</h1>",Neuf,Autre,95 000 ,Plateau,https://i.roamcdn.net/hz/ed/listing-thumb-543w/f1afc09057580017aa0774d4a56d71a5/-/horizon-files-prod/ed/picture/qzvpqpd8/5d0454499c52545384c024df209dd13d30f7510f.jpg
622,"<h1 class=""listing-item__header"">
    SMART TV 40 POUCES STAR TRACK TELEVISION
</h1>",Neuf,Star,115 000 ,Médina,https://i.roamcdn.net/hz/ed/listing-thumb-543w/c045af04cf0da9a4ab9793c928f7826e/-/horizon-files-prod/ed/picture/qkrgm9kw/de0dd97bc2c2a31ef0b43e792273500c20310d79.jpg
623,"<h1 class=""listing-item__header"">
    SMART LG 75"" UT80 4K (2024)
</h1>",Neuf,LG,750 000 ,Patte d‘oie,https://i.roamcdn.net/hz/ed/listing-thumb-543w/e46eb04bb4e907a2923b7f9a3f6b6605/-/horizon-files-prod/ed/picture/qzvp6wqn/fe236a51e6dad4a3d68e5004b3a75d407e37f4c9.jpg
624,"<h1 class=""listing-item__header"">
    TÉLÉVISEUR AMAZ 32POUCES LED SMART ANDROID
</h1>",Neuf,Autre,69 000 ,Plateau,https://i.roamcdn.net/hz/ed/listing-thumb-543w/959b251dc4463f093c89dc505967b9fc/-/horizon-files-prod/ed/picture/qenvmqxj/987615b4f808107bc307f7f4944526e96d524653.jpg
625,"<h1 class=""listing-item__header"">
    TÉLÉVISEUR AMAZ 32POUCES LED AM32FT1002
</h1>",Neuf,Autre,59 000 ,Plateau,https://i.roamcdn.net/hz/ed/listing-thumb-543w/7b24cc787cf7097355065a71c61d262a/-/horizon-files-prod/ed/picture/q78wd50q/7c7c249a367e8db620c579e97dc06dd65cb000a9.jpg
626,"<h1 class=""listing-item__header"">
    TÉLÉVISEUR AMAZ 42POUCES LED SMART ANDROID
</h1>",Neuf,Autre,105 000 ,Plateau,https://i.roamcdn.net/hz/ed/listing-thumb-543w/d1c457d5df5186777ca4b78bc7b6869e/-/horizon-files-prod/ed/picture/qrz8kvjq/d79b133363d4fb255347e1dcb921e54c90167f0d.jpg
627,"<h1 class=""listing-item__header"">
    TÉLÉVISEUR AMAZ 65POUCES LED SMART ANDROID
</h1>",Neuf,Autre,298 000 ,Plateau,https://i.roamcdn.net/hz/ed/listing-thumb-543w/b296694d16bc6fffd3d2b594a0c33fd1/-/horizon-files-prod/ed/picture/qngpkx0m/cab3955cba0669c1b3243cc62291c6e10dad297d.jpg
628,"<h1 class=""listing-item__header"">
    TÉLÉVISEUR AMAZ 55POUCES LED SMART ANDROID
</h1>",Neuf,Autre,189 000 ,Plateau,https://i.roamcdn.net/hz/ed/listing-thumb-543w/3ec4a0b9313544bb85f07a54b44bf4b7/-/horizon-files-prod/ed/picture/q8v42590/90cd29ace85bb80ba942edc9df6be2f2e3fc808d.jpg
629,"<h1 class=""listing-item__header"">
    TV Samsung promo big bazar allemand
</h1>",Neuf,Samsung,225 000 ,Liberte 5,https://i.roamcdn.net/hz/ed/listing-thumb-543w/6b32a5b75d4e12d5eb3f0f36bceac4f1/-/horizon-files-prod/ed/picture/qngx64ew/afcea91ae8e98e62f42333621bfe0c5a9f87197e.jpg
630,"<h1 class=""listing-item__header"">
    Tv 40 pouce west smart tv
</h1>",Neuf,Autre,99 900 ,Colobane,https://i.roamcdn.net/hz/ed/listing-thumb-543w/ccfff01bf013252aeb72527e71b3f81d/-/horizon-files-prod/ed/picture/qj4qdj9r/00c5025812d29dd3377ae439e4e2ec1fcaa74921.jpg
631,"<h1 class=""listing-item__header"">
    Tv west 43 pouce smart tv Androïde
</h1>",Neuf,Autre,110 000 ,Colobane,https://i.roamcdn.net/hz/ed/listing-thumb-543w/e684be1b764d846ef5a0b32a71a69896/-/horizon-files-prod/ed/picture/qm5gkrqm/9a28f53bdc397d2cd8fa5d15380c60fdf7daa0c9.jpg
632,"<h1 class=""listing-item__header"">
    Samsung 43CU7000B 4K 2023
</h1>",Neuf,Samsung,250 000 ,Guediawaye,https://i.roamcdn.net/hz/ed/listing-thumb-543w/38c5307fb005019ef4751de187d3481f/-/horizon-files-prod/ed/picture/qkr8rm2v/a9bac7550e363773ef27e035c370bc9f2942959b.jpg
633,"<h1 class=""listing-item__header"">
    Smart Tv 55 Amaz Android
</h1>",Neuf,Autre,180 000 ,Plateau,https://i.roamcdn.net/hz/ed/listing-thumb-543w/0c7a2e02c6e8e7ddec0c8514e862d9da/-/horizon-files-prod/ed/picture/qrz8kzex/6ce2e3a797e72a8242877689ecae672c9f09b262.jpg
634,"<h1 class=""listing-item__header"">
    TÉLÉVISEUR 65POUCES ASTECH SMART ANDROID
</h1>",Neuf,Astech,398 000 ,Plateau,https://i.roamcdn.net/hz/ed/listing-thumb-543w/2f9c4c1df902351baea1f659dda161c4/-/horizon-files-prod/ed/picture/q0g70eqg/829ce0c989cc059dad2d145da99cac25bd564a31.jpg
635,"<h1 class=""listing-item__header"">
    TÉLÉVISEUR 65POUCES SOLSTAR SMART ANDROID
</h1>",Neuf,Autre,420 000 ,Plateau,https://i.roamcdn.net/hz/ed/listing-thumb-543w/995ac6069cdde5a0582a2217ef9fec44/-/horizon-files-prod/ed/picture/qpdm5d52/656b49448b3ee8da9d8fa5e21863b7afb25486ce.jpg
636,"<h1 class=""listing-item__header"">
    TÉLÉVISEUR 65POUCES TCL SMART ANDROID 4K
</h1>",Neuf,TCL,420 000 ,Plateau,https://i.roamcdn.net/hz/ed/listing-thumb-543w/5c4a44af745e9c57548f91a415876e58/-/horizon-files-prod/ed/picture/qkr8drdx/4a9041cd642c4a557cd0b4dda8627114beb8407a.jpg
637,"<h1 class=""listing-item__header"">
    TÉLÉVISEUR 65POUCES HISENSE SMART VIDAA UHD 4K
</h1>",Neuf,Hisense,410 000 ,Plateau,https://i.roamcdn.net/hz/ed/listing-thumb-543w/bf80a7083fe1abcee92399b898680d9d/-/horizon-files-prod/ed/picture/qrz8kzk8/f6748497c60f4c3a36f15c483e93436c79fa537e.jpg
638,"<h1 class=""listing-item__header"">
    TÉLÉVISEUR 65POUCES WIWLIL SMART
</h1>",Neuf,Autre,320 000 ,Plateau,https://i.roamcdn.net/hz/ed/listing-thumb-543w/d71c3ccb5011aab1d0130080c93985bf/-/horizon-files-prod/ed/picture/q78wd8rz/b673dc933177a47cb0a04dfabd68ead7d5ed3836.jpg
639,"<h1 class=""listing-item__header"">
    TÉLÉVISEUR 65POUCES ÉLACTRON QLED SMART ANDROID
</h1>",Neuf,Elactron,410 000 ,Plateau,https://i.roamcdn.net/hz/ed/listing-thumb-543w/3866316ade2934b48a7718e2d47ff037/-/horizon-files-prod/ed/picture/q9mj2m6p/e29a528791e29ab14257dccfc0960ee453d1f270.jpg
640,"<h1 class=""listing-item__header"">
    TÉLÉVISEUR 65POUCES TEKO SMART
</h1>",Neuf,Astech,340 000 ,Plateau,https://i.roamcdn.net/hz/ed/listing-thumb-543w/82d083afa217510fa99716ccf66605db/-/horizon-files-prod/ed/picture/qv4w0458/5003eb42c0d4c619238ecd5e376c5c0dbfbbdc93.jpg
641,"<h1 class=""listing-item__header"">
    TÉLÉVISEUR WEST 65POUCES SMART ANDROID
</h1>",Neuf,Autre,310 000 ,Plateau,https://i.roamcdn.net/hz/ed/listing-thumb-543w/debc3c83f9b45bb18c8102cb95bacf10/-/horizon-files-prod/ed/picture/qv4w04gg/d41a4e9928877f8280e1b0129659d767203a1793.jpg
642,"<h1 class=""listing-item__header"">
    TÉLÉVISEUR ASTECH 43POUCES SMART ANDROID
</h1>",Neuf,Astech,135 000 ,Plateau,https://i.roamcdn.net/hz/ed/listing-thumb-543w/693017496da348dd39dd74cc095e6c71/-/horizon-files-prod/ed/picture/qkr8dr6j/14d35262a5700efb20f61caac102b046518f66ee.jpg
643,"<h1 class=""listing-item__header"">
    TÉLÉVISEUR 55POUCES HISENSE SMART VIDAA UHD 4K
</h1>",Neuf,Hisense,265 000 ,Plateau,https://i.roamcdn.net/hz/ed/listing-thumb-543w/4e9364f8be7837ace0b9dd26d9159d9e/-/horizon-files-prod/ed/picture/qwep9enj/780df94351951a0ee8032c7ede3f270d49741645.jpg
644,"<h1 class=""listing-item__header"">
    TÉLÉVISEUR ASTECH 85POUCES QLED SMART ANDROID
</h1>",Neuf,Astech,850 000 ,Plateau,https://i.roamcdn.net/hz/ed/listing-thumb-543w/fc853ce59ad336fc5cbef216d193a336/-/horizon-files-prod/ed/picture/q8v42vpx/ba10a91b0d1955d12ba22b5cb76478cccaf4eb08.jpg
645,"<h1 class=""listing-item__header"">
    TV Ecran ASTECH
</h1>",Neuf,Astech,60 000 ,Plateau,https://i.roamcdn.net/hz/ed/listing-thumb-543w/e38f8d7f760b2b040cb5e8c48be06522/-/horizon-files-prod/ed/picture/qj4qd465/fc6bad3664cff85586ec49f7b55c9e60be1f26cc.jpg
646,"<h1 class=""listing-item__header"">
    TV ECRAN PLAT DESKA
</h1>",Neuf,Autre,55 000 ,Plateau,https://i.roamcdn.net/hz/ed/listing-thumb-543w/dbbb297316d05e73d8286138ccf9af8b/-/horizon-files-prod/ed/picture/q44n2454/8d21f7e0d957405163b0f99b710ec44293c0a5c8.jpg
647,"<h1 class=""listing-item__header"">
    Projecteur TV Android PHILIPS
</h1>",Neuf,Philips,90 000 ,Grand-Yoff,https://i.roamcdn.net/hz/ed/listing-thumb-543w/fac167c10fffe9b6e716b3a94d7bbd1c/-/horizon-files-prod/ed/picture/qm5gkm7r/04a4bd60156da68179cdc33d8c468669a684426b.jpg
648,"<h1 class=""listing-item__header"">
    Vidéoprojecteur avec écran
</h1>",Neuf,Autre,120 000 ,Grand-Yoff,https://i.roamcdn.net/hz/ed/listing-thumb-543w/049c3819544a0d24dba4523d3f0e8603/-/horizon-files-prod/ed/picture/q6xd2727/0d20b200e714131f55a39e7a6a47fa9b8f44e7ac.jpg
649,"<h1 class=""listing-item__header"">
    Mini Projecteur 4K WiFi 5G.
</h1>",Neuf,Autre,115 000 ,Grand-Yoff,https://i.roamcdn.net/hz/ed/listing-thumb-543w/6cbac72fe1592f1904ab9961069dc3d7/-/horizon-files-prod/ed/picture/qwepgj60/2f65db2c78b199973dd0fa101ef895371ca0d07b.jpg
650,"<h1 class=""listing-item__header"">
    Téléviseur Smart 55 Pouces Android
</h1>",Neuf,Autre,205 000 ,Plateau,https://i.roamcdn.net/hz/ed/listing-thumb-543w/4683aeb0f17a92268b741512da5b2e3b/-/horizon-files-prod/ed/picture/qenvmdwx/bdc9ce255e1ae9626c752ce7acf9f7f60a2b19ca.jpg
651,"<h1 class=""listing-item__header"">
    Téléviseur Hisense 75 Pouces
</h1>",Neuf,Hisense,530 000 ,Plateau,https://i.roamcdn.net/hz/ed/listing-thumb-543w/e3a76ad74823829a6e92135c3c7d7981/-/horizon-files-prod/ed/picture/q78wp2zq/e8ca878e9224e2a9d1064d30275018a8dd60f8d5.jpg
652,"<h1 class=""listing-item__header"">
    Promo téléviseur TCL 43 pouces smart android
</h1>",Neuf,Autre,139 000 ,Plateau,https://i.roamcdn.net/hz/ed/listing-thumb-543w/2be1b123a8650bc421e962d1ca379703/-/horizon-files-prod/ed/picture/q6xd27xg/3f14ac6f5fefa41b6c1846f50edce58199149783.jpg
653,"<h1 class=""listing-item__header"">
    smart roch 32"" hd
</h1>",Neuf,Roch,90 000 ,Ouakam,https://i.roamcdn.net/hz/ed/listing-thumb-543w/e58d1a17e535648f1246f7cada2e1341/-/horizon-files-prod/ed/picture/qj4qp0w5/244e3b41f537890aed3ea035ca87210dc65d3215.jpg
654,"<h1 class=""listing-item__header"">
    TÉLÉVISEUR 60POUCES LG SMART 4K
</h1>",Neuf,LG,419 000 ,Plateau,https://i.roamcdn.net/hz/ed/listing-thumb-543w/be3cbb30b81967366a4d281d6c0160da/-/horizon-files-prod/ed/picture/q78wrnng/e95b385349ceadad859907938b21d20b264babe2.jpg
655,"<h1 class=""listing-item__header"">
    Smart Tv 32 deska
</h1>",Neuf,Autre,70 000 ,Plateau,https://i.roamcdn.net/hz/ed/listing-thumb-543w/8d22417db3cfb97bf115447392f65282/-/horizon-files-prod/ed/picture/qde7jx57/459b570a856e93faf7908fb13d1feea712819445.jpg
656,"<h1 class=""listing-item__header"">
    TÉLÉVISEUR ASTECH 43POUCES SMART ANDROID
</h1>",Neuf,Astech,135 000 ,Plateau,https://i.roamcdn.net/hz/ed/listing-thumb-543w/55bbe952ffa3a63b313f7955eb87ddc3/-/horizon-files-prod/ed/picture/qq428pjn/25681e51e0a92d43ecb62823ccc4dd47bc623bf7.jpg
657,"<h1 class=""listing-item__header"">
    Tv Sony 65 pouces Smart Android
</h1>",Neuf,Sony,950 000 ,Plateau,https://i.roamcdn.net/hz/ed/listing-thumb-543w/cff383577b915b6774409156b4661be7/-/horizon-files-prod/ed/picture/qzv26d4x/c131213d63979c77813447800bf2e9f43672a710.jpg
658,"<h1 class=""listing-item__header"">
    Smart TV deska 43 Android
</h1>",Neuf,Autre,110 000 ,Plateau,https://i.roamcdn.net/hz/ed/listing-thumb-543w/c33db1b7406c92eec22ca8e39aaa9145/-/horizon-files-prod/ed/picture/q78wwrnj/85fc7d50b1dfc10b4258b29620a8c878d7924b0b.jpg
659,"<h1 class=""listing-item__header"">
    TÉLÉVISEUR 43POUCES TORL SMART ANDROID
</h1>",Neuf,Autre,129 000 ,Plateau,https://i.roamcdn.net/hz/ed/listing-thumb-543w/3541f3aaf3a1256a5cc7874d4457f54f/-/horizon-files-prod/ed/picture/q0g70mez/8497ec49e9cf3bd2b6d7434fb76d0d9e4b97cf51.jpg
660,"<h1 class=""listing-item__header"">
    Tv SOLSTAR 43 SMART
</h1>",Neuf,Autre,150 000 ,Plateau,https://i.roamcdn.net/hz/ed/listing-thumb-543w/5e976af1c8233160b4679e137691d3fe/-/horizon-files-prod/ed/picture/q0gwzv6x/5c3464017a69f8a8b0254afbb6574665fde27b85.jpg
661,"<h1 class=""listing-item__header"">
    Led tv 32 pouces Star track télévision
</h1>",Neuf,Star,65 000 ,Médina,https://i.roamcdn.net/hz/ed/listing-thumb-543w/39db49d4f8ceef3cc9c745b5c1bdf32e/-/horizon-files-prod/ed/picture/q0q89qg/159841fb4f73ebef8831b529ad29eb8032424656.jpg
662,"<h1 class=""listing-item__header"">
    MINI CHAÎNE HISENSE 300W HP100
</h1>",Neuf,Hisense,149 000 ,Plateau,https://i.roamcdn.net/hz/ed/listing-thumb-543w/7263853a09196e42ce5403e25db63978/-/horizon-files-prod/ed/picture/qj4q7v9w/6420b6dcf6b68bdc28dda665822d110227458ff0.jpg
663,"<h1 class=""listing-item__header"">
    TÉLÉVISEUR 55POUCES SMART TECHNOLOGY SMART ANDROID
</h1>",Neuf,Autre,210 000 ,Plateau,https://i.roamcdn.net/hz/ed/listing-thumb-543w/7b9863a246aa850b2466db75807bcc3f/-/horizon-files-prod/ed/picture/qwep5q0z/e541571a614d60fed0593da8483f0d686493f151.jpg
664,"<h1 class=""listing-item__header"">
    TÉLÉVISEURS 55 POUCE ANDROÏDE SMART TV SMART TECHNOLOGIE
</h1>",Neuf,Autre,195 000 ,Plateau,https://i.roamcdn.net/hz/ed/listing-thumb-543w/4032edc7e38a4b08e7faa267642b1775/-/horizon-files-prod/ed/picture/qrz84ge4/7e5fddc7d9e706e1301d0f5e78e586456fd17686.jpg
665,"<h1 class=""listing-item__header"">
    Home Cinema SAMSOUND 5.1 DM8537B
</h1>",Neuf,Samsung,75 000 ,Grand-Dakar,https://i.roamcdn.net/hz/ed/listing-thumb-543w/81d2a464da0174dfbc00f4e0373e3c1a/-/horizon-files-prod/ed/picture/qkz86rz/0b3e9b1d47e796cd13947042ba7ce2613be559c4.jpg
666,"<h1 class=""listing-item__header"">
    TELEVISEUR LG 50 SMART UHD 4K UP7550PVG
</h1>",Neuf,LG,310 000 ,Plateau,https://i.roamcdn.net/hz/ed/listing-thumb-543w/e000e1e7249de757f6c13f4d1133652a/-/horizon-files-prod/ed/picture/q0g70qvk/ad97f3182da853df849d6854e4cf5df41d43667e.jpg
667,"<h1 class=""listing-item__header"">
    Tv box +iptv 1an +Netfx
</h1>",Neuf,Autre,40 000 ,Grand-Yoff,https://i.roamcdn.net/hz/ed/listing-thumb-543w/529e68fd2971d4e40f5572d584b5421a/-/horizon-files-prod/ed/picture/qv4erdpg/038191eb3a3e62205327125eefe82569a24d7dfe.jpg
668,"<h1 class=""listing-item__header"">
    TÉLÉVISEUR 75POUCES HISENSE SMART UHD 4K 75A6K
</h1>",Neuf,Hisense,498 000 ,Plateau,https://i.roamcdn.net/hz/ed/listing-thumb-543w/f9f0510bcb21350810e407fbcffc513c/-/horizon-files-prod/ed/picture/q6xd4egg/0ecce3037ddae57320e3e196eb7cd7e336ac9c09.jpg
669,"<h1 class=""listing-item__header"">
    TÉLÉVISEUR ASTECH 43"" SMART ANDROID 43AC111D
</h1>",Neuf,Astech,135 000 ,Plateau,https://i.roamcdn.net/hz/ed/listing-thumb-543w/188f641e57edf14b7375785decdd0d49/-/horizon-files-prod/ed/picture/q56d8ej0/0bf6aef89b860006bbcd0091b36b351be2a5e4c8.jpg
670,"<h1 class=""listing-item__header"">
    TÉLÉVISEUR 32POUCES ASTECH SMART ANDROID
</h1>",Neuf,Astech,89 000 ,Plateau,https://i.roamcdn.net/hz/ed/listing-thumb-543w/a51c414ac37a93a376c69aa74d8b50df/-/horizon-files-prod/ed/picture/q6xd4epg/913a129e9cbad0b6c574a667643be4216ce97763.jpg
671,"<h1 class=""listing-item__header"">
    Support mural mobile
</h1>",Neuf,Autre,20 000 ,Sicap Liberté,https://i.roamcdn.net/hz/ed/listing-thumb-543w/918388f14349125f3f780138bf4598ee/-/horizon-files-prod/ed/picture/migrated/q956rkv/09da7f85e062c835a0581c362a3b30aa59257d50.jpg
672,"<h1 class=""listing-item__header"">
    LG 77 Inch Class B2 PUA series OLED 4K
</h1>",Neuf,LG,1 350 000 ,Point-e,https://i.roamcdn.net/hz/ed/listing-thumb-543w/179fa5198e7c23be88b5be8ac3cf7e4b/-/horizon-files-prod/ed/picture/qpdm0pvx/6eb6c64698b10b1c22e6bba50e61825e4f68fc90.jpg
673,"<h1 class=""listing-item__header"">
    SMART TV SHARP 55,65,75, POUCES 4K UHD ANDROID GOOGLE TV
</h1>",Neuf,Sharp,1 ,Plateau,https://i.roamcdn.net/hz/ed/listing-thumb-543w/6ecf78f2ea14ef3838b65e3abd56e6b2/-/horizon-files-prod/ed/picture/q78wr27d/5822c8cbe6ad220af78b38dbc62463957b5ba21c.jpg
674,"<h1 class=""listing-item__header"">
    Hp moniteur
</h1>",Neuf,Autre,65 000 ,Liberte 1,https://i.roamcdn.net/hz/ed/listing-thumb-543w/bccbf08cecd62aed511f586bef60dad4/-/horizon-files-prod/ed/picture/qq428r04/bedc6f1f7221488cea189e6cf60983a8c4764803.jpg
675,"<h1 class=""listing-item__header"">
    Téléviseur Deska 55 Pouces Anti Tache
</h1>",Neuf,Autre,210 000 ,Plateau,https://i.roamcdn.net/hz/ed/listing-thumb-543w/cfa8e7eaa5fa28307c03ccddb7ad9b19/-/horizon-files-prod/ed/picture/qxjpe76n/7cc4fe19903c4e266683f5ba861b567d8fcbdd54.jpg
676,"<h1 class=""listing-item__header"">
    Téléviseur LG 43 Pouces
</h1>",Neuf,LG,120 000 ,Plateau,https://i.roamcdn.net/hz/ed/listing-thumb-543w/320bab47d83cb1ac9a882839080347ab/-/horizon-files-prod/ed/picture/q44nqgdm/bb61a65f4384ea3fdf55c71e64528fcf6a937a59.jpg
677,"<h1 class=""listing-item__header"">
    TÉLÉVISEUR 43POUCES SAMSUNG SMART UA
</h1>",Neuf,Samsung,205 000 ,Plateau,https://i.roamcdn.net/hz/ed/listing-thumb-543w/83b7c56ab5e615b72f7c1cd7b0adb8f8/-/horizon-files-prod/ed/picture/qenv78gz/ef196c38b2f399df426f4522a073a3068ef735fe.jpg
678,"<h1 class=""listing-item__header"">
    Téléviseur Teko 32  Smart Tv
</h1>",Neuf,Autre,65 000 ,Plateau,https://i.roamcdn.net/hz/ed/listing-thumb-543w/e36450a272d6cf6e63ef68f8209bd8a1/-/horizon-files-prod/ed/picture/q6xdzw5n/46fd26ab9d9b9e68b877bf8fed5767daf3651624.jpg
679,"<h1 class=""listing-item__header"">
    Téléviseur Astech 50 Pouces
</h1>",Neuf,Astech,205 000 ,Plateau,https://i.roamcdn.net/hz/ed/listing-thumb-543w/3f99bec907a0d81886b6450404b4de41/-/horizon-files-prod/ed/picture/qenq77v5/3702bf95725aeb3e460e9c97757fabe946936467.jpg
680,"<h1 class=""listing-item__header"">
    Téléviseur Teko 65 pouces
</h1>",Neuf,Autre,270 000 ,Plateau,https://i.roamcdn.net/hz/ed/listing-thumb-543w/58cded7cf514f451bc1abbd6ee921013/-/horizon-files-prod/ed/picture/q4487zz9/7e2858d6c10c0984f2fae5feca4fc018a9642d6d.jpg
681,"<h1 class=""listing-item__header"">
    HISENSE TV 32A4GS SMART VIDAA
</h1>",Neuf,Hisense,110 000 ,Point-e,https://i.roamcdn.net/hz/ed/listing-thumb-543w/db919f8bb5f70d8b27e58382d9fd4462/-/horizon-files-prod/ed/picture/q8v4xr2r/713e1bbd596d2a6265ae8a61292be4029c8d14a6.jpg
682,"<h1 class=""listing-item__header"">
    Tv 43 pouce Samsung smart tv 4k
</h1>",Neuf,Samsung,220 000 ,Colobane,https://i.roamcdn.net/hz/ed/listing-thumb-543w/43377dc3421b60b54a6137dc2c38dd67/-/horizon-files-prod/ed/picture/q44n68vp/85140e03eeeb84c123a9e082251041cc4e5fc7e9.jpg
683,"<h1 class=""listing-item__header"">
    Promo téléviseur Astech 43 pouces smart android
</h1>",Neuf,Astech,160 000 ,Plateau,https://i.roamcdn.net/hz/ed/listing-thumb-543w/f5cfeee1660be719b866d8337f7c589e/-/horizon-files-prod/ed/picture/qq428x64/0cca30d9f3b94afdb470f9b324c2f45c155d4c51.jpg
684,"<h1 class=""listing-item__header"">
    TELE SAMSUNG SMART TV 43
</h1>",D'occasion,Samsung,175 000 ,Cité keur gorgui,https://i.roamcdn.net/hz/ed/listing-thumb-543w/66cb41618e808c0c01d823e9c7aaf72f/-/horizon-files-prod/ed/picture/q9mj6x5n/4e988187f9bab8380e0b83fce6bbfc808bce10fd.jpg
685,"<h1 class=""listing-item__header"">
    TÉLÉVISEUR 82POUCES LG LED SMART 4K 82UP80006LA
</h1>",Neuf,LG,950 000 ,Plateau,https://i.roamcdn.net/hz/ed/listing-thumb-543w/6a16a2737624ca281b42fd37131efb3c/-/horizon-files-prod/ed/picture/qde7jm9r/95808a8aa4805ce2cd117a0f64c3ed3f48985735.jpg
686,"<h1 class=""listing-item__header"">
    Smart Tv deska 55 Pouces
</h1>",Neuf,Autre,199 000 ,Plateau,https://i.roamcdn.net/hz/ed/listing-thumb-543w/0b60332bce981974794faee93d0dffff/-/horizon-files-prod/ed/picture/qzvpp7vk/d1a926da79b2ab40da4a805e6ec646eef2ccf017.jpg
687,"<h1 class=""listing-item__header"">
    TÉLÉVISEUR 55POUCES SAMSUNG TU/AU7700KXXT
</h1>",Neuf,Samsung,329 000 ,Plateau,https://i.roamcdn.net/hz/ed/listing-thumb-543w/129568b346b785895d3c8aae52818aaf/-/horizon-files-prod/ed/picture/qpdmqrwj/b04b022e6fd7d7d7982f08e4a4ab3dd534f64231.jpg
688,"<h1 class=""listing-item__header"">
    TÉLÉVISEUR 60POUCES LG SMART 4K UM7100PVB
</h1>",Neuf,LG,419 000 ,Plateau,https://i.roamcdn.net/hz/ed/listing-thumb-543w/17a50e46bbbe4ee6f4703701f880c7ed/-/horizon-files-prod/ed/picture/qenvjznj/f57770ccb4daad988bb439a6944906c0d4687e33.jpg
689,"<h1 class=""listing-item__header"">
    IPTV Premium
</h1>",Neuf,Autre,4 000 ,Grand-Yoff,https://i.roamcdn.net/hz/ed/listing-thumb-543w/e7f5ec7fbd5861fc768a6697cd3c88c0/-/horizon-files-prod/ed/picture/qq4dg0mj/12b00dd9c2a078d1ed0f85f11d2720488d7bf218.jpg
690,"<h1 class=""listing-item__header"">
    Abonnement IPTV
</h1>",Neuf,Samsung,5 000 ,Almadies,https://i.roamcdn.net/hz/ed/listing-thumb-543w/4e5a81b4395e68acb04f5b37fb63218f/-/horizon-files-prod/ed/picture/qq428206/f2257065d2e39ab8cbee09deb5146389d67dc8ac.jpg
691,"<h1 class=""listing-item__header"">
    Sony Bravia 75"" Google TV 4K
</h1>",Neuf,Sony,950 000 ,Patte d‘oie,https://i.roamcdn.net/hz/ed/listing-thumb-543w/bf4ce90993bd0abae8e0fca5832afbe5/-/horizon-files-prod/ed/picture/q78wvk68/e9a94ff4e93a02b412e402c0181359062f12d810.jpg
692,"<h1 class=""listing-item__header"">
    Apple TV 4K 128GB
</h1>",Neuf,Apple,129 000 ,Fenêtre mermoz,https://i.roamcdn.net/hz/ed/listing-thumb-543w/2c137c1884b49d4f0d7f3acfc576cca0/-/horizon-files-prod/ed/picture/q9mm50xn/7a23ab54b68381ee2e46185f6568eaf875e7ae1b.jpg
693,"<h1 class=""listing-item__header"">
    TV OLED Philips Ambilight 65OLED707/12
</h1>",D'occasion,Philips,900 000 ,Fenêtre mermoz,https://i.roamcdn.net/hz/ed/listing-thumb-543w/2c08accde4086c5778d4b2acf43cb837/-/horizon-files-prod/ed/picture/qrz845xj/5aaca89074d7ef47bcb605be002cf2bdfeedf510.png
694,"<h1 class=""listing-item__header"">
    TÉLÉVISEURS LG 55 pouce SMART 4K
</h1>",Neuf,LG,315 000 ,Plateau,https://i.roamcdn.net/hz/ed/listing-thumb-543w/930d6e967a11511f00dbed3b2eaa561d/-/horizon-files-prod/ed/picture/q9mj6wv8/f623d07b16d6ed943aca544fde9fa2cc83403cc9.jpg
695,"<h1 class=""listing-item__header"">
    Ampli-Recepeteur-Home Cine -Marantz
</h1>",D'occasion,Autre,115 000 ,VDN,https://i.roamcdn.net/hz/ed/listing-thumb-543w/32d67710673d8497af0bcff795d3a9ab/-/horizon-files-prod/ed/picture/qde7jnj4/e57ba07f8ca73654dcab7bea07a38f146fb69569.png
696,"<h1 class=""listing-item__header"">
    LED TV SMART  TV SAMSUNG 55 POUCES 4K
</h1>",Neuf,Samsung,390 000 ,Plateau,https://i.roamcdn.net/hz/ed/listing-thumb-543w/a1b63ef1a804246eb60068b8d47009be/-/horizon-files-prod/ed/picture/qz0dk5v/d6985927c2168a2be0306b3ca30429fd0896ee65.jpg
697,"<h1 class=""listing-item__header"">
    TV Box 8GB | 128GB 8K Android13
</h1>",Neuf,Autre,50 000 ,Grand-Yoff,https://i.roamcdn.net/hz/ed/listing-thumb-543w/a4f2fb82ac5f3c098d87d82ebe3ef028/-/horizon-files-prod/ed/picture/qq44ne7z/3a919f88ba177cc1c310ec45291ca477b0d6ce84.jpg
698,"<h1 class=""listing-item__header"">
    TÉLÉVISEUR WIWLIL 43"" SMART
</h1>",Neuf,Autre,115 000 ,Plateau,https://i.roamcdn.net/hz/ed/listing-thumb-543w/00706349dd7ef393c18004a3562b2ba7/-/horizon-files-prod/ed/picture/q6xd4v8z/e5b4786078d8971e13ed731b1d74bf570391bde9.jpg
699,"<h1 class=""listing-item__header"">
    TÉLÉVISEUR WEST 43 "" SMART ANDROID 43 BD20W
</h1>",Neuf,Autre,110 000 ,Plateau,https://i.roamcdn.net/hz/ed/listing-thumb-543w/f607995929196189fda62cb9516368e0/-/horizon-files-prod/ed/picture/q78wr0mn/5d8deccae87eba11d9d8e52ddf4c58bcbdfa30ab.jpg
700,"<h1 class=""listing-item__header"">
    TÉLÉVISEUR WIWLIL 43POUCES SMART
</h1>",Neuf,Autre,115 000 ,Plateau,https://i.roamcdn.net/hz/ed/listing-thumb-543w/fac6c585010d1e00255efbee7c1a1646/-/horizon-files-prod/ed/picture/qwep5k5p/269fd2f7842d94bfb35af5fb2e79a04eea7ef7f0.jpg
701,"<h1 class=""listing-item__header"">
    Téléviseur 43POUCES WEST SMART ANDROID
</h1>",Neuf,Autre,110 000 ,Plateau,https://i.roamcdn.net/hz/ed/listing-thumb-543w/bcc45e511ff0e8212a44f9cea9db0e14/-/horizon-files-prod/ed/picture/qrz84j5j/2d19a96d886c82d6222d56e5c1d2bc0dd5567cf5.jpg
702,"<h1 class=""listing-item__header"">
    Deska 55pouces
</h1>",Neuf,Autre,200 000 ,Plateau,https://i.roamcdn.net/hz/ed/listing-thumb-543w/ecb75d617200dee1ffebd405aecf1e62/-/horizon-files-prod/ed/picture/q78wrx9j/b171b9c80e9d3e9164a210412751f8ba8532f7b0.jpg
703,"<h1 class=""listing-item__header"">
    Smart TV Astech 43 Android
</h1>",Neuf,Astech,125 000 ,Plateau,https://i.roamcdn.net/hz/ed/listing-thumb-543w/040673e7f5590dd6beb0019a998d4825/-/horizon-files-prod/ed/picture/q8v4xp79/a8710bda2c70ccd783bb635285bd6d8983b41b05.jpg
704,"<h1 class=""listing-item__header"">
    Smart TV 32 deska
</h1>",Neuf,Autre,75 000 ,Plateau,https://i.roamcdn.net/hz/ed/listing-thumb-543w/5f2890c71b2f4536d80939325ed40131/-/horizon-files-prod/ed/picture/qwepw48k/60e1f2c68029717876795a6d9f4795ce4546610e.jpg
705,"<h1 class=""listing-item__header"">
    tv smart astech android 4k full options
</h1>",Neuf,Astech,215 000 ,Ouakam,https://i.roamcdn.net/hz/ed/listing-thumb-543w/b8e210cbe50fac05c708cfee863ee92c/-/horizon-files-prod/ed/picture/qq42g55v/d898781f78e81318cd944aac1e604170a1ef1db0.jpg
706,"<h1 class=""listing-item__header"">
    TÉLÉVISEUR WIWIL 43""SMART 43QR1WS
</h1>",Neuf,Autre,119 000 ,Plateau,https://i.roamcdn.net/hz/ed/listing-thumb-543w/0be436da975e7cc58124e16b859d0fb5/-/horizon-files-prod/ed/picture/q6xd4n5z/def7a7f3866dd04ea1f453b2d01ab6c580c92863.jpg
707,"<h1 class=""listing-item__header"">
    TÉLÉVISEUR 43POUCES WIWLIL SMART
</h1>",Neuf,Autre,119 000 ,Plateau,https://i.roamcdn.net/hz/ed/listing-thumb-543w/90c0d16e6cdd9b2919c5079bbe64598a/-/horizon-files-prod/ed/picture/qde7j020/6b7afd9e9ab665c017e36fa3d99ecae486290e67.jpg
708,"<h1 class=""listing-item__header"">
    Sony Bravia 75"" AndroidTV ( 2023)
</h1>",Neuf,Sony,950 000 ,Guediawaye,https://i.roamcdn.net/hz/ed/listing-thumb-543w/07fd6a19a8afb688b5880982e398f44b/-/horizon-files-prod/ed/picture/q78w8pvq/a806acaf5fef73031241fc710a17e8d43bd0479a.jpg
709,"<h1 class=""listing-item__header"">
    Smart TV 65"" 4K Ultra HD ROCH
</h1>",Neuf,Roch,325 000 ,Plateau,https://i.roamcdn.net/hz/ed/listing-thumb-543w/3220c49df97e2f9db253ee9c7e8266c8/-/horizon-files-prod/ed/picture/qj4q7qn5/e6f047d90433c785f0f9293a8e4f453edacf95dd.jpg
710,"<h1 class=""listing-item__header"">
    TELEVISEUR SAMSUNG GU 65 SMART 4K TU697U
</h1>",Neuf,Samsung,439 000 ,Plateau,https://i.roamcdn.net/hz/ed/listing-thumb-543w/7f82305943355b4b6b5ed8a318206462/-/horizon-files-prod/ed/picture/q8v4xzxn/ea71819f1ad1e225a77383138df2554a8cd02add.jpg
711,"<h1 class=""listing-item__header"">
    TÉLÉVISEUR 65POUCES SAMSUNG GU SMART 4K TU6979U
</h1>",Neuf,Samsung,439 000 ,Plateau,https://i.roamcdn.net/hz/ed/listing-thumb-543w/959ba49c304b2457561bc6ee50c93e55/-/horizon-files-prod/ed/picture/qpdmqw2v/855e9253a6a17a570cfdebaec6d1c9d805c16769.jpg
712,"<h1 class=""listing-item__header"">
    TÉLÉVISEUR 55POUCES SAMSUNG 4K UA 55CU7000U
</h1>",Neuf,Samsung,329 000 ,Plateau,https://i.roamcdn.net/hz/ed/listing-thumb-543w/bdcaf9dac3ba0bd3f15709775e13eab0/-/horizon-files-prod/ed/picture/qzvp54ev/7b10e5111b96cface91c28f16c102f6e140122be.jpg
713,"<h1 class=""listing-item__header"">
    Samsung ue 65 AU/RU 7170
</h1>",Neuf,Samsung,380 000 ,Golf,https://i.roamcdn.net/hz/ed/listing-thumb-543w/ae956f5262ecef198b0c2cf6b5eba171/-/horizon-files-prod/ed/picture/qrz84zqx/5d34aadc7f6a974eb5429dfa3444e2a6018f35a7.jpg
714,"<h1 class=""listing-item__header"">
    Télévision global air
</h1>",D'occasion,Autre,150 000 ,Colobane,https://i.roamcdn.net/hz/ed/listing-thumb-543w/a323536092c1a6e57e1071b800e2d440/-/horizon-files-prod/ed/picture/q0g70pkk/009835ddc86d4512c290066b4f731f01b1e62213.jpg
715,"<h1 class=""listing-item__header"">
    TELEVISEUR SAMSUNG 32UA SMART
</h1>",Neuf,Samsung,165 000 ,Cité keur gorgui,https://i.roamcdn.net/hz/ed/listing-thumb-543w/f9b524545a0b6890f591ca2d8def9d9a/-/horizon-files-prod/ed/picture/qzvp52zv/96ba7745efc18e272882b20c516acc889ef6b24d.jpg
716,"<h1 class=""listing-item__header"">
    TELEVISEUR HISENSE 55"" SMART VIDAA UHD 4K 55A6M
</h1>",Neuf,Hisense,325 000 ,Cité keur gorgui,https://i.roamcdn.net/hz/ed/listing-thumb-543w/5655957012b28d2bae3d7b4977fcd17b/-/horizon-files-prod/ed/picture/qrz84284/ee3616d28658f8a9b450b977ccd31166c1badb9e.jpg
717,"<h1 class=""listing-item__header"">
    TELEVISEUR HISENSE 43""' SMART VIDAA 43A4K
</h1>",Neuf,Hisense,650 000 ,Cité keur gorgui,https://i.roamcdn.net/hz/ed/listing-thumb-543w/44a5a46b2aaf1fc43986daf891ff2f1b/-/horizon-files-prod/ed/picture/qv4wqnnv/2b62f588e57ab8d951354c6526dfc20cb578afc7.jpg
718,"<h1 class=""listing-item__header"">
    Videoprojecteur android 8go WiFi Bluetooth miroir d'écran
</h1>",Neuf,Autre,35 000 ,Golf,https://i.roamcdn.net/hz/ed/listing-thumb-543w/40972d7f0e3bba3ebb8456d320b58c4d/-/horizon-files-prod/ed/picture/qz7g0kn/ff46b953fac74d1ad8e8d4867691bbaaebc1f434.jpg
719,"<h1 class=""listing-item__header"">
    Téléviseur Astech Smart 50 pouces android
</h1>",Neuf,Astech,236 000 ,Mermoz,https://i.roamcdn.net/hz/ed/listing-thumb-543w/180898affe95c486fe1773a2f08fea13/-/horizon-files-prod/ed/picture/qrz80d2n/7b41afe4b49a8df1bb3428253b25c75d190cc2f1.jpg
720,"<h1 class=""listing-item__header"">
    BARRE DE SON SAMSUNG A450 300W
</h1>",Neuf,Samsung,128 000 ,Plateau,https://i.roamcdn.net/hz/ed/listing-thumb-543w/a6d43d10400f88ca7fa1b88ebbe6ee48/-/horizon-files-prod/ed/picture/q2j0dpz2/d0ff9f92e3724fb93994f62b4935e6a8ba83169e.jpg
721,"<h1 class=""listing-item__header"">
    BARRE DE SON TECHNOLUX 1000 WATT
</h1>",Neuf,Autre,59 900 ,Plateau,https://i.roamcdn.net/hz/ed/listing-thumb-543w/97f82fdbb323ebc9590dace67f7cdfeb/-/horizon-files-prod/ed/picture/qj4qwvmw/21879f114acf328897d97ea4ca03f56c5f23535e.jpg
722,"<h1 class=""listing-item__header"">
    BARRE DE SON LG
</h1>",Neuf,LG,114 900 ,Plateau,https://i.roamcdn.net/hz/ed/listing-thumb-543w/06b8dc358261397ac8e8f35d440db074/-/horizon-files-prod/ed/picture/qxjpz4dw/90663f02bc862df87000cb16a30af1262db8917e.jpg
723,"<h1 class=""listing-item__header"">
    Téléviseur OLED CX de LG de 65 po avec AI ThinQ
</h1>",Venant,LG,900 000 ,Comico,https://i.roamcdn.net/hz/ed/listing-thumb-543w/2b24cfe93cbdcbb5912530b3119f3600/-/horizon-files-prod/ed/picture/qde765mj/420af10cf0385233acd02c36cde45dbab9478ff8.jpg
724,"<h1 class=""listing-item__header"">
    Télévision wiwlil 75 pouces smart tv
</h1>",Neuf,Autre,500 000 ,Castor,https://i.roamcdn.net/hz/ed/listing-thumb-543w/31c5c868304111a3c8164ba7d0e935d3/-/horizon-files-prod/ed/picture/qq42vmk4/5aa9d352cce8917d95e3bc9f8ccdd1b0fbcfe3b9.jpg
725,"<h1 class=""listing-item__header"">
    LG 65 UR80 ( 2024)
</h1>",Neuf,LG,480 000 ,Sicap foire,https://i.roamcdn.net/hz/ed/listing-thumb-543w/cb46e3bf3c1ab17153f8f41729270af9/-/horizon-files-prod/ed/picture/qngpx8d0/ff28bc8235e2c83428766af18312f36aef08148a.jpg
726,"<h1 class=""listing-item__header"">
    IPTV: abonnement MENSUEL
</h1>",Neuf,All Star,4 000 ,Autres,https://i.roamcdn.net/hz/ed/listing-thumb-543w/526b669ee9bc2d520b959f5c0461ec32/-/horizon-files-prod/ed/picture/qwep8dmk/cceb0ea68701e33aca44c246e17b6719df4f829a.jpg
727,"<h1 class=""listing-item__header"">
    TÉLÉVISEUR LG 77"" OLED SMART 4 K c 34LA
</h1>",Neuf,LG,2 300 000 ,Plateau,https://i.roamcdn.net/hz/ed/listing-thumb-543w/1134747bc4c1047b7821f0a81a627a82/-/horizon-files-prod/ed/picture/qv4wq82x/eb0bbc1916c0eb2e0d65afbe5e1b06767a9e353f.jpg
728,"<h1 class=""listing-item__header"">
    TELEVIVEUR SAMSUNG 77"" OLED SMART 4K QE77S80CAT
</h1>",Neuf,Samsung,2 300 000 ,Plateau,https://i.roamcdn.net/hz/ed/listing-thumb-543w/be394af796813d6d9c20b4bbbf71293e/-/horizon-files-prod/ed/picture/q0g7zrez/1b18106a607d9a454adc5c802f08fef55d722b5a.jpg
729,"<h1 class=""listing-item__header"">
    TÉLÉVISEUR LG 77POUCES OLED SMART 4K
</h1>",Neuf,LG,2 300 000 ,Plateau,https://i.roamcdn.net/hz/ed/listing-thumb-543w/c4b3c29d6bfbc42c12a81cf54fbcbea2/-/horizon-files-prod/ed/picture/qngpz6mk/5356907bc94236560b23f7e5d85df09a2451177d.jpg
730,"<h1 class=""listing-item__header"">
    TÉLÉVISEUR 77POUCES SAMSUNG OLED SMART 4K
</h1>",Neuf,Samsung,2 300 000 ,Plateau,https://i.roamcdn.net/hz/ed/listing-thumb-543w/57f6bba179aef8e9fd7f6937f5127d13/-/horizon-files-prod/ed/picture/qkr8qj4m/40106a0db218de4a1e2d55e2092866a5bb2ba4aa.jpg
731,"<h1 class=""listing-item__header"">
    TÉLÉVISEUR HISENSE 75"" SMART UHF 4K 75A6K
</h1>",Neuf,Hisense,549 000 ,Plateau,https://i.roamcdn.net/hz/ed/listing-thumb-543w/fca57a2ca78ac0ec87c41fbdd1dd9722/-/horizon-files-prod/ed/picture/qngpz66k/c15b57c15d5ef349fde6cbcf5507ee2835b6419b.jpg
732,"<h1 class=""listing-item__header"">
    TÉLÉVISEUR 75POUCES HISENSE SMART UHD 4K
</h1>",Neuf,Hisense,549 000 ,Plateau,https://i.roamcdn.net/hz/ed/listing-thumb-543w/734eea627007302186bb5e83c8fffb0b/-/horizon-files-prod/ed/picture/q6xdmppv/efa95f601e7a5f27b624f85629c765f2190dde32.jpg
733,"<h1 class=""listing-item__header"">
    Téléviseur Hisense 58
</h1>",Neuf,Hisense,350 000 ,Cité keur gorgui,https://i.roamcdn.net/hz/ed/listing-thumb-543w/bf632889188398b134cb980fc4a32f79/-/horizon-files-prod/ed/picture/qq42veww/77618bb5d50ce358c9e4d45cc1134451f2f2885a.jpg
734,"<h1 class=""listing-item__header"">
    Smart TV 43 SAMSUNG 4K TU7000
</h1>",Neuf,Samsung,235 000 ,Plateau,https://i.roamcdn.net/hz/ed/listing-thumb-543w/f52c1707b5688b75d5d0eed84ed0c4b3/-/horizon-files-prod/ed/picture/qdekg7v8/43cebf560dc2e3b7520a62c9f475fa8db638f078.jpg
735,"<h1 class=""listing-item__header"">
    Smart TV Android 43"" west
</h1>",Neuf,Autre,112 000 ,Plateau,https://i.roamcdn.net/hz/ed/listing-thumb-543w/fd1599d0bc935fa524af451a51e7001c/-/horizon-files-prod/ed/picture/qwe2qgk4/c9d2943e6a7a011477e0c2c89fe2ab6c28ee7f00.jpg
736,"<h1 class=""listing-item__header"">
    BARRE DE SON HISENSE MINI HIFI 1000W HA350 2.0
</h1>",Neuf,Hisense,99 900 ,Plateau,https://i.roamcdn.net/hz/ed/listing-thumb-543w/2b293464e473edacacef35e4a1602aea/-/horizon-files-prod/ed/picture/qwep86p5/04e5170bb7591425fa968c57a16369ad0f388d87.jpg
737,"<h1 class=""listing-item__header"">
    TELEVISEUR WEST 43'' SMART ANDROID
</h1>",Neuf,Autre,115 000 ,Fass,https://i.roamcdn.net/hz/ed/listing-thumb-543w/69b0b72b3c5e750bb0073a66f4c994a2/-/horizon-files-prod/ed/picture/qpdm74mp/9f59eafe7f14200a811837b40b5ae7054ec716d6.jpg
738,"<h1 class=""listing-item__header"">
    TÉLÉVISEUR SAMSUNG 85""UHD 8K NEO QLED
</h1>",Neuf,Samsung,2 500 000 ,Plateau,https://i.roamcdn.net/hz/ed/listing-thumb-543w/eb7b755f78476deef10fd5927a7508ca/-/horizon-files-prod/ed/picture/qm5g4wm6/fc54e41156d645bce19c6289369472f49714b3a6.jpg
739,"<h1 class=""listing-item__header"">
    TÉLÉVISEUR 75POUCES SAMSUNG NEO QLED UHD 4K
</h1>",Neuf,Samsung,1 600 000 ,Plateau,https://i.roamcdn.net/hz/ed/listing-thumb-543w/268216a7e8fae2565578ceba52ef26cb/-/horizon-files-prod/ed/picture/q44nmgj8/14d276b2eaa98dcfeb899255dd9543b67f03359c.jpg
740,"<h1 class=""listing-item__header"">
    TÉLÉVISEUR 85POUCES SAMSUNG UHD 8K NEO QLED
</h1>",Neuf,Samsung,2 500 000 ,Plateau,https://i.roamcdn.net/hz/ed/listing-thumb-543w/e1dd8b1c8b6fcdc64c7bb93f54800cc3/-/horizon-files-prod/ed/picture/q78wmqkj/f8875f391e82c243dd38579aabe78f88078b2d0b.jpg
741,"<h1 class=""listing-item__header"">
    Tv 43 pouce west smart tv
</h1>",Neuf,Autre,110 000 ,Colobane,https://i.roamcdn.net/hz/ed/listing-thumb-543w/f7ce507685007e42d98e0ad534635b3d/-/horizon-files-prod/ed/picture/qzvp6w49/e5d58c8e010711ad828d6f9d311e369e5f61f6c3.jpg
742,"<h1 class=""listing-item__header"">
    Tv lG 70 pouce smart tv
</h1>",Neuf,LG,650 000 ,Colobane,https://i.roamcdn.net/hz/ed/listing-thumb-543w/1e1fe59d271842ca2a53d51bb982515a/-/horizon-files-prod/ed/picture/qxjpz96w/10f0d60a562635bbd2da4d41d270845f2346cb9a.jpg
743,"<h1 class=""listing-item__header"">
    Tv 50  smart technology  smart tv
</h1>",Neuf,Autre,175 000 ,Colobane,https://i.roamcdn.net/hz/ed/listing-thumb-543w/d90034cf62cb00a4c6c114dbbd583aa5/-/horizon-files-prod/ed/picture/q8v4drz4/e4b6b3ea963f518acd1dd624197034cad7e34b4a.jpg
744,"<h1 class=""listing-item__header"">
    TÉLÉVISEUR 55POUCES SMART TECHNOLOGY SMART ANDROID UHD
</h1>",Neuf,Autre,219 000 ,Plateau,https://i.roamcdn.net/hz/ed/listing-thumb-543w/0ea46fba5b1762deb1892a2c5d61ff89/-/horizon-files-prod/ed/picture/qwep894m/224d9030ad06c5b370db592b8f31e5c74b1a2306.jpg
745,"<h1 class=""listing-item__header"">
    SAMSUNG GALAXY FLIP 4 !
</h1>",D'occasion,Samsung,219 000 ,Plateau,https://i.roamcdn.net/hz/ed/listing-thumb-543w/9a0a5eea118b18550a94878ed857c5d1/-/horizon-files-prod/ed/picture/qj4qwdx5/a0d04a19968637548714cb14cb59f208fbd2a0fe.jpg
746,"<h1 class=""listing-item__header"">
    Téléviseur Astech 32 led
</h1>",Neuf,Astech,59 000 ,Mbao,https://i.roamcdn.net/hz/ed/listing-thumb-543w/cfbd6cd8e0f725ac259198718dba270f/-/horizon-files-prod/ed/picture/q56dxwe6/37253b9c53cc0ab3bce65048c77d90b15c2184ba.jpg
747,"<h1 class=""listing-item__header"">
    Smart TV 42"" sharp Android
</h1>",Neuf,Sharp,145 000 ,Plateau,https://i.roamcdn.net/hz/ed/listing-thumb-543w/6a38c9efa9040c78c2065b8767646597/-/horizon-files-prod/ed/picture/q0gwjg4j/b4860ecf18f7613d57dae0d1c33643539230d084.jpg
748,"<h1 class=""listing-item__header"">
    sonos arc barre de son dolby atmos
</h1>",D'occasion,Sony,590 000 ,Plateau,https://i.roamcdn.net/hz/ed/listing-thumb-543w/0d2f6fd9317105385a0e7fdda68856f5/-/horizon-files-prod/ed/picture/qzvp65rn/5cbc3cffbad7fbbd3aa37a23be59b5dbc4b3f8fd.jpg
749,"<h1 class=""listing-item__header"">
    IPTV: toutes les chaines du MONDE en un clic
</h1>",Neuf,All Star,20 000 ,Autres,https://i.roamcdn.net/hz/ed/listing-thumb-543w/2a09d7a8064118ff4a356156114fec23/-/horizon-files-prod/ed/picture/q6xdm4qg/05b6ce604c9669663415089e0184d71ce3eb855a.jpg
750,"<h1 class=""listing-item__header"">
    BARRE DE SON HISENSE MINI HIFI 1000W
</h1>",Neuf,Hisense,110 000 ,Plateau,https://i.roamcdn.net/hz/ed/listing-thumb-543w/a287770721d7a2548c71658b718cbccb/-/horizon-files-prod/ed/picture/qv4wq5wx/8e654c5bfb673ec5c198e95a69b337cbb197a3be.jpg
751,"<h1 class=""listing-item__header"">
    BARRE DE SON HISENSE 420W
</h1>",Neuf,Hisense,188 000 ,Plateau,https://i.roamcdn.net/hz/ed/listing-thumb-543w/67108f7ad1f460fb412bb859b037b37d/-/horizon-files-prod/ed/picture/qj4qw7q4/fa806a93bd71d29a76a633600391dc3a32ae9759.jpg
752,"<h1 class=""listing-item__header"">
    BARRE DE SON HISENSE 240W
</h1>",Neuf,Hisense,118 000 ,Plateau,https://i.roamcdn.net/hz/ed/listing-thumb-543w/2464e99a6b0387463982e0038654ebb7/-/horizon-files-prod/ed/picture/qwep8520/4447b886075b4080bb03bf8bd3e2f8675a5df852.jpg
753,"<h1 class=""listing-item__header"">
    Tv 43 led simple Astech
</h1>",Neuf,Astech,110 000 ,Plateau,https://i.roamcdn.net/hz/ed/listing-thumb-543w/fa33d974f0ae15693af5379476c12b35/-/horizon-files-prod/ed/picture/qj4qzg2d/8547616854977ac78ca0117646ec638632fbf52f.jpg
754,"<h1 class=""listing-item__header"">
    Téléviseur Astech Smart Android 43
</h1>",Neuf,Astech,135 000 ,Plateau,https://i.roamcdn.net/hz/ed/listing-thumb-543w/87fe032189f5ef37af45735dcbdfca03/-/horizon-files-prod/ed/picture/q0g7d6zg/18f1b4e6931d9ceec7a901c1592b77ce9b6f5f0d.jpg
755,"<h1 class=""listing-item__header"">
    Téléviseur 32 led Astech
</h1>",Neuf,Astech,65 000 ,Plateau,https://i.roamcdn.net/hz/ed/listing-thumb-543w/21d440fe7f426379e40b8aabaa8f9539/-/horizon-files-prod/ed/picture/q9mjgxm7/f6de8372406488456324186f3fea04e5cd98576f.jpg
756,"<h1 class=""listing-item__header"">
    l'IPTV le moins cher du marché
</h1>",Neuf,All Star,20 000 ,Autres,https://i.roamcdn.net/hz/ed/listing-thumb-543w/47cd1e72a29019df0888e7a427f1b486/-/horizon-files-prod/ed/picture/qq42vg8w/5b4d68ff0629e1f39f4cfa3e8740349273015c55.jpg
757,"<h1 class=""listing-item__header"">
    BARRE DE SON HISENSE 240W HS2100 2.1
</h1>",Neuf,Hisense,119 000 ,Plateau,https://i.roamcdn.net/hz/ed/listing-thumb-543w/1cd26d89595ebeee03adcda5f6652058/-/horizon-files-prod/ed/picture/qm5g4nwz/d356bd0e8727bdb627d9a87adfa9a6831fda7c03.jpg
758,"<h1 class=""listing-item__header"">
    BARRE DE SON HISENSE 420W AX312G 3.1.2
</h1>",Neuf,Hisense,189 000 ,Plateau,https://i.roamcdn.net/hz/ed/listing-thumb-543w/d741503f2f61936a465893eb616a6dc2/-/horizon-files-prod/ed/picture/q44n7j6z/789df48fa195ade7092130e82ad9c0d77a62cc82.jpg
759,"<h1 class=""listing-item__header"">
    BARRE DE SON HISENSE MINI HIFI 100W HA350 2.0
</h1>",Neuf,Hisense,98 000 ,Plateau,https://i.roamcdn.net/hz/ed/listing-thumb-543w/1a8a2c4e9e31e6da8b344a57f8914261/-/horizon-files-prod/ed/picture/qwep8w60/8bbc18a6c54faa5206a2b182b913089e8b1ae1e6.jpg
760,"<h1 class=""listing-item__header"">
    BARRE DE SON HISENSE MINI HIFI 100W HA350 2.0
</h1>",Neuf,Hisense,89 000 ,Plateau,https://i.roamcdn.net/hz/ed/listing-thumb-543w/1c7cd423299c986f405c80cc8d105aa0/-/horizon-files-prod/ed/picture/q6xdm57d/b3d959971ef332af1eb914413f809636e3736bf8.jpg
761,"<h1 class=""listing-item__header"">
    BARRE DE SON HISENSE 420W AX312G 3.1.2
</h1>",Neuf,Hisense,189 000 ,Plateau,https://i.roamcdn.net/hz/ed/listing-thumb-543w/58c249927e8a5eaed542cb068c9cb4d9/-/horizon-files-prod/ed/picture/qgqw0d2e/34d2810077c542ed1fd4b3c5ba3b448946767d08.jpg
762,"<h1 class=""listing-item__header"">
    BARRE DE SON HISENSE 240W HS2100 2.1
</h1>",Neuf,Hisense,119 000 ,Plateau,https://i.roamcdn.net/hz/ed/listing-thumb-543w/18a8e3da9fcf995bb8c6c80502316a10/-/horizon-files-prod/ed/picture/qq42v5pv/a24d2ddbbe77e402e2e89fd941cc6706fe21286e.jpg
763,"<h1 class=""listing-item__header"">
    Qled 55"" Google TV 4k UHD
</h1>",Neuf,Autre,270 000 ,Plateau,https://i.roamcdn.net/hz/ed/listing-thumb-543w/809383faefdf597c45c6782facbef48f/-/horizon-files-prod/ed/picture/q6xdqdq6/84618d28781df08a79675d883af6b27c04216018.jpg
764,"<h1 class=""listing-item__header"">
    Google TV 50"" 4k UHD
</h1>",Neuf,Autre,190 000 ,Plateau,https://i.roamcdn.net/hz/ed/listing-thumb-543w/265ba84aeba8bb2caa084c210dd1f711/-/horizon-files-prod/ed/picture/qq42zx7k/419f58df43a20a340da56c73635f4218ca4be50b.jpg
765,"<h1 class=""listing-item__header"">
    LG SMART 65"" UHD 4K 2023
</h1>",Neuf,LG,500 000 ,Patte d‘oie,https://i.roamcdn.net/hz/ed/listing-thumb-543w/c39efdfb1e6c7270f7439db2f854d8ac/-/horizon-files-prod/ed/picture/q0g7pe5e/77a2d8e8cbb34b291e7a37187df0b812ebcf85cc.jpg
766,"<h1 class=""listing-item__header"">
    TÉLÉVISEUR 58POUCES HISENSE LED UHD 4K SMART VIDAA
</h1>",Neuf,Hisense,298 000 ,Plateau,https://i.roamcdn.net/hz/ed/listing-thumb-543w/b98d1e62c1a41285627ae7dc2e7687f6/-/horizon-files-prod/ed/picture/qenv797j/9da0a35bcb312c82fb65543f0bf34422a7a231f6.jpg
767,"<h1 class=""listing-item__header"">
    TV Samsung 43 pouces
</h1>",D'occasion,Samsung,100 000 ,Bargny,https://i.roamcdn.net/hz/ed/listing-thumb-543w/e3d665d71273ef546a253b966ac5597b/-/horizon-files-prod/ed/picture/q56d5pv0/eee23ecbf9f094c34d2fcfcaaec918de0cf67912.jpg
768,"<h1 class=""listing-item__header"">
    TÉLÉVISEUR 50POUCES TCL SMART ANDROID 4K P635
</h1>",Neuf,TCL,239 000 ,Plateau,https://i.roamcdn.net/hz/ed/listing-thumb-543w/6ff55dd85218b50e8dee12d5cabfe155/-/horizon-files-prod/ed/picture/qde7694g/f5810eedf9716ebcefeb84347b5d2e5a645c138f.jpg
769,"<h1 class=""listing-item__header"">
    TÉLÉVISEUR 43 POUCES TCL SMART S5400A
</h1>",Neuf,TCL,149 000 ,Plateau,https://i.roamcdn.net/hz/ed/listing-thumb-543w/d4249c8fd4b640f7c45731149229c694/-/horizon-files-prod/ed/picture/qpdm7g2r/eba8477b1f21ac5616a60f8197fc219a9eee0990.jpg
770,"<h1 class=""listing-item__header"">
    TÉLÉVISEUR 40POUCES SAMSUNG SMART 40N5300AU
</h1>",Neuf,Samsung,189 000 ,Plateau,https://i.roamcdn.net/hz/ed/listing-thumb-543w/9c4be5676841b90bcdd7eeedbb935f0f/-/horizon-files-prod/ed/picture/qngpzg79/ad4518396cc3721f95367c9b4bb5177aebc16dab.jpg
771,"<h1 class=""listing-item__header"">
    TÉLÉVISEURS HISENSE 43 pouce smart TV
</h1>",Neuf,Hisense,135 000 ,Plateau,https://i.roamcdn.net/hz/ed/listing-thumb-543w/481fa2f5b7db84d58a9a50e2f458e644/-/horizon-files-prod/ed/picture/qgqw0m42/fe300c8144e7d5b5894c96f3f6f408f6a43aa78f.jpg
772,"<h1 class=""listing-item__header"">
    Tv Astech simple 30pouce
</h1>",Neuf,Astech,59 000 ,Plateau,https://i.roamcdn.net/hz/ed/listing-thumb-543w/992538847462d1f4fd008a6c568943a9/-/horizon-files-prod/ed/picture/qj4qw654/b6b0a4d91659e01184da86bd896a9280d2fd1048.jpg
773,"<h1 class=""listing-item__header"">
    TELEVISEUR HISENSE 100"" SMART 4K QLED
</h1>",Neuf,Hisense,1 699 900 ,Plateau,https://i.roamcdn.net/hz/ed/listing-thumb-543w/0c39e8c846c5acbc5688601b6fd0185f/-/horizon-files-prod/ed/picture/q44nmnk9/e04f5279381c9d1870904df74cbe66607230fb17.jpg
774,"<h1 class=""listing-item__header"">
    TV Sharp 32
</h1>",D'occasion,Sharp,50 000 ,Médina,https://i.roamcdn.net/hz/ed/listing-thumb-543w/8c57be35baa7ddd0c0394133cf9ed3e0/-/horizon-files-prod/ed/picture/qde767zj/0f8237199a7a35f1a8b8ecf8fe00d9aad0c25fe9.jpg
775,"<h1 class=""listing-item__header"">
    TÉLÉVISEURS 32 POUCE ANDROÏDE SMART TV
</h1>",Neuf,Autre,70 000 ,Plateau,https://i.roamcdn.net/hz/ed/listing-thumb-543w/4859733a2ac50341718958bd7a9b3fef/-/horizon-files-prod/ed/picture/qxjpz2z4/f2c56c8895e095e2f5b96374e1398841e5c406a1.jpg
776,"<h1 class=""listing-item__header"">
    Téléviseur Hisense 50 Pouces
</h1>",Neuf,Hisense,220 000 ,Plateau,https://i.roamcdn.net/hz/ed/listing-thumb-543w/108aa43afa921f47f1f3b93289154031/-/horizon-files-prod/ed/picture/qngxgz0g/3e1121b46e61808d1ed119e0840c05632e894912.jpg
777,"<h1 class=""listing-item__header"">
    Videoprojecteur android WiFi Bluetooth 1100lums 170 pouces
</h1>",Neuf,Autre,35 000 ,Parcelles Assainies,https://i.roamcdn.net/hz/ed/listing-thumb-543w/9934153a1ed5cdaca852a3139fdf0260/-/horizon-files-prod/ed/picture/q0vjxng/fab0f1c04a61c20480136578b0a58c0b8db82181.jpg
778,"<h1 class=""listing-item__header"">
    TELEVISEUR HISENSE 100 SMART 4K QLED VIDAA 100Q7N
</h1>",Neuf,Hisense,1 875 000 ,Plateau,https://i.roamcdn.net/hz/ed/listing-thumb-543w/3c533562e8e6a73299cfa602af56d784/-/horizon-files-prod/ed/picture/qgqwz2xe/480c29a61727bd084df4f29c50d2a2ca1d2ebb8b.jpg
779,"<h1 class=""listing-item__header"">
    Videoprojecteur android 8go bluetooth miroir d'écran wifi
</h1>",Neuf,Autre,35 000 ,Patte d‘oie,https://i.roamcdn.net/hz/ed/listing-thumb-543w/cfc8d21224a31225fab03387e6e40666/-/horizon-files-prod/ed/picture/q56dvmgp/4df0c8f4deef61e6f56c32d69749faddc6064bd8.jpg
780,"<h1 class=""listing-item__header"">
    TÉLÉVISEUR SAMSUNG 55POUCES SMART UHD 4K DU7000
</h1>",Neuf,Samsung,354 000 ,Plateau,https://i.roamcdn.net/hz/ed/listing-thumb-543w/fcc720343800b0588713895aa5d32d57/-/horizon-files-prod/ed/picture/qngp2649/0123e8254fab800aed53700dc5add081e86842ad.jpg
781,"<h1 class=""listing-item__header"">
    TÉLÉVISEUR 55POUCES SAMSUNG SMART UHD 4K
</h1>",Neuf,Samsung,354 000 ,Plateau,https://i.roamcdn.net/hz/ed/listing-thumb-543w/cc7d287d1335e07be9943ed189e9393e/-/horizon-files-prod/ed/picture/qm5gd2x9/15855f3e5d216b802e38db1fe8e67044f09b06f0.jpg
782,"<h1 class=""listing-item__header"">
    TÉLÉVISEUR 75POUCES SAMSUNG SMART 4K UHD
</h1>",Neuf,Samsung,794 000 ,Plateau,https://i.roamcdn.net/hz/ed/listing-thumb-543w/556677abcbd2d5e2cf76e91d44105cc1/-/horizon-files-prod/ed/picture/q56dvjje/fa66934fe4b3e41ea788536bf5deb50130da5e8d.jpg
783,"<h1 class=""listing-item__header"">
    Xiaomi
</h1>",Neuf,Autre,35 000 ,Sicap Liberté,https://i.roamcdn.net/hz/ed/listing-thumb-543w/025d5f595cfde11f924ac36d7b4959de/-/horizon-files-prod/ed/picture/q2jz5nje/88cb6ed20e2c410ed1ce03d92ea712c748839830.jpg
784,"<h1 class=""listing-item__header"">
    TÉLÉVISEUR LG 65” SMART TV AI ThinQ 4K UHD
</h1>",Neuf,LG,500 000 ,Liberte 6,https://i.roamcdn.net/hz/ed/listing-thumb-543w/94fc14c09407be7ee2e7ef40b4503685/-/horizon-files-prod/ed/picture/q56d4z5e/2e73420f97161be71e2678beb2b70cc77198e599.jpg
785,"<h1 class=""listing-item__header"">
    TELEVISEUR HISENSE 86 SMART WHITEBOARD UHD 4K TACTIL 86MR6DE
</h1>",Neuf,Hisense,2 085 000 ,Plateau,https://i.roamcdn.net/hz/ed/listing-thumb-543w/adb8f94938a12b9cc104b56fa68c2c3d/-/horizon-files-prod/ed/picture/q44n5kn2/f4573af4c1270a84a202973344d3f475c8082f2a.jpg
786,"<h1 class=""listing-item__header"">
    CASQUE SANS FIL SONY A RÉDUIRE DE BRUIT
</h1>",Neuf,Sony,189 000 ,Plateau,https://i.roamcdn.net/hz/ed/listing-thumb-543w/cc28d05dd60b7bf6fb4cbb72011a3303/-/horizon-files-prod/ed/picture/qq42g8np/0ed5414da274623c3150a8eec5c52284af24f729.jpg
787,"<h1 class=""listing-item__header"">
    TÉLÉVISEUR SAMSUNG 55""4k UA 55CU7000U
</h1>",Neuf,Samsung,354 000 ,Plateau,https://i.roamcdn.net/hz/ed/listing-thumb-543w/76e1160a06ab8726ca9cbdcc6258af81/-/horizon-files-prod/ed/picture/q0g750xj/1198eee04135ace8f651785f2f8a99bb2d712f4c.jpg
788,"<h1 class=""listing-item__header"">
    CASQUE SANS FIL ET ÉCOUTEURS SONY WH-CH520
</h1>",Neuf,Sony,69 000 ,Plateau,https://i.roamcdn.net/hz/ed/listing-thumb-543w/605adad3533517696f4ab0181f57a3e7/-/horizon-files-prod/ed/picture/qde74jz4/537e8f0ccf24f595a35555deae73629239c63f22.jpg
789,"<h1 class=""listing-item__header"">
    TÉLÉVISEUR ASTECH 43POUCES LED 43OD15
</h1>",Neuf,Astech,119 000 ,Plateau,https://i.roamcdn.net/hz/ed/listing-thumb-543w/12c6c3925cc8e4e38f2e1559f6447513/-/horizon-files-prod/ed/picture/qwepj55d/da10583e0c93b0505cebb837928cc9127352c121.jpg
790,"<h1 class=""listing-item__header"">
    TÉLÉVISEUR 55POUCES SAMSUNG SMART 4K
</h1>",Neuf,Samsung,329 000 ,Plateau,https://i.roamcdn.net/hz/ed/listing-thumb-543w/494c81572d8d7bbd47e6650f53b8d7a2/-/horizon-files-prod/ed/picture/qzvpe55q/2ff1aa8feafc49517ec89f149afa44d1d5a70da8.jpg
791,"<h1 class=""listing-item__header"">
    TÉLÉVISEUR 75POUCES HISENSE LED SMART 4K VIDAA
</h1>",Neuf,Hisense,519 000 ,Plateau,https://i.roamcdn.net/hz/ed/listing-thumb-543w/67f92f09192ae592a21fa6e09800d60a/-/horizon-files-prod/ed/picture/qrz8544q/f72c4e5469f0497459d13c5a6408dc259bed1e5f.jpg
792,"<h1 class=""listing-item__header"">
    TELEVISEUR SAMSUNG 75 NEO QLED UHD 4K 75QN90
</h1>",Neuf,Samsung,1 725 000 ,Plateau,https://i.roamcdn.net/hz/ed/listing-thumb-543w/bd443319ff309c70a26ed76ef45e56a3/-/horizon-files-prod/ed/picture/qgqw8em8/83a2961d9340e61eb849ebb118f1733a8220f994.jpg
793,"<h1 class=""listing-item__header"">
    TÉLÉVISEUR 43POUCES HISENSE SMART VIDAA 43A4K
</h1>",Neuf,Hisense,139 000 ,Plateau,https://i.roamcdn.net/hz/ed/listing-thumb-543w/71296d36929c0601a4ff8620b99f201f/-/horizon-files-prod/ed/picture/q8v4npnr/509d884a1980bf0c78c6a6b955197fdd56709859.jpg
794,"<h1 class=""listing-item__header"">
    TÉLÉVISEUR HISENSE 43POUCES SMART VIDAA 43A4k
</h1>",Neuf,Hisense,139 000 ,Plateau,https://i.roamcdn.net/hz/ed/listing-thumb-543w/b60d87a91df4eea831c9a27b61c9e67d/-/horizon-files-prod/ed/picture/q78w9pme/771ab21377bd72872ec7c17adfb079e34c53c8db.jpg
795,"<h1 class=""listing-item__header"">
    TÉLÉVISEUR HISENSE 32POUCED SMART  VIDAA 32A4GS
</h1>",Neuf,Hisense,89 000 ,Plateau,https://i.roamcdn.net/hz/ed/listing-thumb-543w/5c212d70cb8eda481e7f571fbf24290a/-/horizon-files-prod/ed/picture/qwepjg9z/e928dd0bc2330f3e4ac08b2f31c24d8383bd1a7b.jpg
796,"<h1 class=""listing-item__header"">
    TÉLÉVISEUR SAMSUNG 65"" SMART 4K
</h1>",Neuf,Samsung,459 000 ,Plateau,https://i.roamcdn.net/hz/ed/listing-thumb-543w/42e2e9545e0baf95b2489e487a1da3d2/-/horizon-files-prod/ed/picture/qxjpxgxv/d72b871f97849cf3c3403da6f44fb73ac196e4c1.jpg
797,"<h1 class=""listing-item__header"">
    TÉLÉVISEUR 32POUCES HISENSE SMART VIDAA 32A4GS
</h1>",Neuf,Hisense,104 000 ,Plateau,https://i.roamcdn.net/hz/ed/listing-thumb-543w/5f4fc45671551e958cb840efdcb52daf/-/horizon-files-prod/ed/picture/qenv297v/4a623a9280cdbe2acc7f77d7bd2ca98c6d7e7226.jpg
798,"<h1 class=""listing-item__header"">
    TÉLÉVISEUR 65POUCES SAMSUNG SMART 4K
</h1>",Neuf,Samsung,459 000 ,Plateau,https://i.roamcdn.net/hz/ed/listing-thumb-543w/734dad8935a5681f4aae3161c058457a/-/horizon-files-prod/ed/picture/q56dv9vx/c4c0ba3e18ab29af29e910ccc567235d7cf6f53a.jpg
799,"<h1 class=""listing-item__header"">
    TÉLÉVISEUR 75POUCES HISENSE LED SMART 4K VIDAA
</h1>",Neuf,Hisense,529 000 ,Plateau,https://i.roamcdn.net/hz/ed/listing-thumb-543w/15e3f39019150d0ec57bcaba8ff44a96/-/horizon-files-prod/ed/picture/qxjpxgqv/19112ebf4797041c64cb6471fee1b0c36d7a919e.jpg
800,"<h1 class=""listing-item__header"">
    BARRE DE SON SAMSUNG A450
</h1>",Neuf,Samsung,129 000 ,Plateau,https://i.roamcdn.net/hz/ed/listing-thumb-543w/2359f76fd99c7dff5a664253a0cf391f/-/horizon-files-prod/ed/picture/q8v4npgr/15cf3c56f1ee3dc56af699276250ea2a21457159.jpg
801,"<h1 class=""listing-item__header"">
    BARRE DE SON SAMSUNG A450
</h1>",Neuf,Samsung,129 000 ,Plateau,https://i.roamcdn.net/hz/ed/listing-thumb-543w/c229c176a3b778286a0666d8c617b4dd/-/horizon-files-prod/ed/picture/q6xdzn5n/3aafc2b831a3e7c87a5c8052a40b1ad506594984.jpg
802,"<h1 class=""listing-item__header"">
    TÉLÉVISEURS 55^ TCL SMART ANDROÏDE
</h1>",Neuf,TCL,240 000 ,Plateau,https://i.roamcdn.net/hz/ed/listing-thumb-543w/2abe0c7fd93255dd0daf8e143ecb957e/-/horizon-files-prod/ed/picture/q56dvxj6/6a3f1f37ba74eae535a66c10e5105ffb4536b43e.jpg
803,"<h1 class=""listing-item__header"">
    TÉLÉVISEUR HISENSE 65 "" SMART VIDAA UHD 4 K
</h1>",Neuf,Hisense,349 000 ,Plateau,https://i.roamcdn.net/hz/ed/listing-thumb-543w/103b67760bdef82ac24eed5fdd08796b/-/horizon-files-prod/ed/picture/q56dv450/6cae2c950690683b54f76b0c49c6c36ea9f5dd51.jpg
804,"<h1 class=""listing-item__header"">
    TÉLÉVISEUR 65POUCES HISENSE SMART VIDAA UHD 4K
</h1>",Neuf,Hisense,374 000 ,Plateau,https://i.roamcdn.net/hz/ed/listing-thumb-543w/b5474e7a3e17ca67902508688e4bbf99/-/horizon-files-prod/ed/picture/qm5gdrdd/58569a1f7d54d6394c794e6404efd5d40fdcaf66.jpg
805,"<h1 class=""listing-item__header"">
    Abonnement IPTV
</h1>",Neuf,Autre,25 000 ,Parcelles Assainies,https://i.roamcdn.net/hz/ed/listing-thumb-543w/ebe131c4f85a21f0af144c2ae557e9bb/-/horizon-files-prod/ed/picture/qenv2nmz/dd533e22e36db1094715281c336b91f3687eb4a2.jpg
806,"<h1 class=""listing-item__header"">
    Abonnement IPTV Premium
</h1>",Neuf,Autre,25 000 ,Parcelles Assainies,https://i.roamcdn.net/hz/ed/listing-thumb-543w/c33662442e375d8e0308c50356e9f268/-/horizon-files-prod/ed/picture/qde74ezj/dc346574599db2dd22f1b34ce4063255700c2907.jpg
807,"<h1 class=""listing-item__header"">
    TÉLÉVISEUR 43POUCES SAMSUNG SMART UA
</h1>",Neuf,Samsung,219 000 ,Plateau,https://i.roamcdn.net/hz/ed/listing-thumb-543w/9d7ef21293160b379980b80f20d1ab7d/-/horizon-files-prod/ed/picture/qgqwz5zq/d98537e6d1ff7f8858e667ce1d8c581baee185e4.jpg
808,"<h1 class=""listing-item__header"">
    TÉLÉVISEUR 75POUCES SAMSUNG SMART 75DU7000
</h1>",Neuf,Samsung,750 000 ,Plateau,https://i.roamcdn.net/hz/ed/listing-thumb-543w/c3bb5629ce0e24e7185e27f80068c82d/-/horizon-files-prod/ed/picture/qpdm2p8m/cf80f1385bffae34aedfe22d0fc8233610c8344e.jpg
809,"<h1 class=""listing-item__header"">
    TÉLÉVISEUR 55POUCES SAMSUNG SMART 4K
</h1>",Neuf,Samsung,349 000 ,Plateau,https://i.roamcdn.net/hz/ed/listing-thumb-543w/14e38bd4a2d6bcb0556cd83cdf2191e3/-/horizon-files-prod/ed/picture/qv4wxmk5/6a040b752f8d65a3453eb71b0a5c21b9a5641df1.jpg
810,"<h1 class=""listing-item__header"">
    TÉLÉVISEUR TCL 85 ” SMART ANDROID 4K P745
</h1>",Neuf,TCL,880 000 ,Plateau,https://i.roamcdn.net/hz/ed/listing-thumb-543w/5da092afe73b94c83f386fe367bc9b1f/-/horizon-files-prod/ed/picture/qngp250x/966532a85bdd6385721bc2de96f19a50f12cf80a.jpg
811,"<h1 class=""listing-item__header"">
    TÉLÉVISEUR 85POUCES TCL SMART ANDROID 4K P745
</h1>",Neuf,TCL,880 000 ,Plateau,https://i.roamcdn.net/hz/ed/listing-thumb-543w/4b2a91c01cf6288cd564b60728d1f342/-/horizon-files-prod/ed/picture/qxjpxdgq/886b596dc14c4deb89745d70986b6780e097b6de.jpg
812,"<h1 class=""listing-item__header"">
    TÉLÉVISEUR HISENSE 100” SMART 4K QLED VIDAA QUANTUM
</h1>",Neuf,Hisense,1 700 000 ,Plateau,https://i.roamcdn.net/hz/ed/listing-thumb-543w/9362fdcc090f73de5ab13e1cfb1724ea/-/horizon-files-prod/ed/picture/q0g7dr86/97b10b10ddf792e2a5eaf116b41e23b5621fe6d2.jpg
813,"<h1 class=""listing-item__header"">
    TÉLÉVISEUR HISENSE 58POUCES LED UHD 4K SMART VIDAA 58A6K
</h1>",Neuf,Hisense,298 000 ,Plateau,https://i.roamcdn.net/hz/ed/listing-thumb-543w/e2f7227ea28076de340f70690f1c9a19/-/horizon-files-prod/ed/picture/q6xd5pn4/64c7eae1f8949f4ea8ce88af3d5a40b169292a79.jpg
814,"<h1 class=""listing-item__header"">
    TÉLÉVISEUR ASTECH 85 P QLED SMART ANDROIDS
</h1>",Neuf,Astech,980 000 ,Plateau,https://i.roamcdn.net/hz/ed/listing-thumb-543w/4b7f8762eca86fe27f1393ffe6bc8ce7/-/horizon-files-prod/ed/picture/qde7n802/13e41c39ca566d5262ea227983632a4ab56ef64d.jpg
815,"<h1 class=""listing-item__header"">
    TÉLÉVISEUR HISENSE 85 SMART UHD4 K85A6k
</h1>",Neuf,Hisense,875 000 ,Plateau,https://i.roamcdn.net/hz/ed/listing-thumb-543w/0af6dd0990c9bd7d8c2389baf3df163c/-/horizon-files-prod/ed/picture/q0g7drk6/bd8374fc006efeae2eacf96d0b1112e132ce19a2.jpg
816,"<h1 class=""listing-item__header"">
    TÉLÉVISEUR 100POUCES HISENSE SMART 4K QLED VIDAA
</h1>",Neuf,Hisense,1 700 000 ,Plateau,https://i.roamcdn.net/hz/ed/listing-thumb-543w/90a23f51e8aaed75e9736a9072e1473f/-/horizon-files-prod/ed/picture/qwepw4p4/8f5996975c1be3e5ee7f010f216cb3744bb68d8e.jpg
817,"<h1 class=""listing-item__header"">
    TÉLÉVISEUR TCL 85 pouces SMART ANDROÏDE 4K P745
</h1>",Neuf,Autre,925 000 ,Plateau,https://i.roamcdn.net/hz/ed/listing-thumb-543w/06492a64e5f9a8b77a0d8657f737629e/-/horizon-files-prod/ed/picture/q8v4g649/c756acf9b9f52222c5a9294810a7324762bd788d.jpg
818,"<h1 class=""listing-item__header"">
    TÉLÉVISEUR 58POUCES HISENSE LED UHD 4K SMART VIDAA
</h1>",Neuf,Hisense,298 000 ,Plateau,https://i.roamcdn.net/hz/ed/listing-thumb-543w/1e40cb704c8711c40875c0b2f3b65a9c/-/horizon-files-prod/ed/picture/qxjpqrpz/a40c8c5b2b4f37fca1475d3b24a3ae6e836c87e7.jpg
819,"<h1 class=""listing-item__header"">
    TÉLÉVISEUR 85POUCES SAMSUNG SMART UE85CU8070U
</h1>",Neuf,Samsung,1 500 000 ,Plateau,https://i.roamcdn.net/hz/ed/listing-thumb-543w/46d486c8c1c9fe9f875e2205f9f36226/-/horizon-files-prod/ed/picture/qwepw4pg/5516ed05226106aa9f564842f7c29ef990b34850.jpg
820,"<h1 class=""listing-item__header"">
    TELEVISEUR SMART TECHNOLOGY 65 SMART UHD 4 K ANDROID
</h1>",Neuf,Autre,289 000 ,Plateau,https://i.roamcdn.net/hz/ed/listing-thumb-543w/347842c2a960f8491caee9ac74d7f678/-/horizon-files-prod/ed/picture/q0g7dn5x/05f17497b88bc5d4527b1b490eae65dbdc916c24.jpg
821,"<h1 class=""listing-item__header"">
    TÉLÉVISEUR 85POUCES ELACTRON QLED SMART ANDROID
</h1>",Neuf,Elactron,825 000 ,Plateau,https://i.roamcdn.net/hz/ed/listing-thumb-543w/e10eb682ce354acb1e2def592496687d/-/horizon-files-prod/ed/picture/qzvpxmdg/85037bc3ff53c44250f6335f4fd44b027d2039d5.jpg
822,"<h1 class=""listing-item__header"">
    TÉLÉVISEUR 85POUCES SAMSUNG SMART UHD 4K
</h1>",Neuf,Samsung,1 300 000 ,Plateau,https://i.roamcdn.net/hz/ed/listing-thumb-543w/030b7020f4b356f3e9e83753c0cf8671/-/horizon-files-prod/ed/picture/qj4qzkrg/c8f69f37e0b47fa748e0281cc3c7f5f9c529796e.jpg
823,"<h1 class=""listing-item__header"">
    TÉLÉVISEUR 85POUCES TORL SMART ANDROID 4K
</h1>",Neuf,Autre,625 000 ,Plateau,https://i.roamcdn.net/hz/ed/listing-thumb-543w/0366001b713c12b1530799314e665375/-/horizon-files-prod/ed/picture/qrz879v5/e308acbe6d3835151d9790a7bcb548e30a30726b.jpg
824,"<h1 class=""listing-item__header"">
    TÉLÉVISEUR 75POUCES SMART TECHNOLOGY SMART ANDROID 4K
</h1>",Neuf,Autre,489 000 ,Plateau,https://i.roamcdn.net/hz/ed/listing-thumb-543w/9fd569c9fbfc4366b946a7c2808be0df/-/horizon-files-prod/ed/picture/qv4wz8ep/c58e5a55bd71a18ff8180715741b1e136d158956.jpg
825,"<h1 class=""listing-item__header"">
    Téléviseur Smart 55 Pouces Android
</h1>",Neuf,Autre,220 000 ,Plateau,https://i.roamcdn.net/hz/ed/listing-thumb-543w/2f71607c1cc93a5294de4c5ecb4a46df/-/horizon-files-prod/ed/picture/q9mjnp6n/389c26fefbc774d808c23862e210649b214ac3e5.jpg
826,"<h1 class=""listing-item__header"">
    Téléviseur Smart 65 Pouces Android
</h1>",Neuf,Autre,290 000 ,Plateau,https://i.roamcdn.net/hz/ed/listing-thumb-543w/0e589d776d3632855639d034f609339e/-/horizon-files-prod/ed/picture/qq425m8v/811a715c6c35834479defd8d77b3e66a36ef358f.jpg
827,"<h1 class=""listing-item__header"">
    Téléviseur  Tcl 43 Pouces
</h1>",Neuf,TCL,145 000 ,Plateau,https://i.roamcdn.net/hz/ed/listing-thumb-543w/527ef4c6fbcad37f4155394e03af4480/-/horizon-files-prod/ed/picture/qq4262m6/0cb5947bfb65464a6f8af7a981777187bc57ce66.jpg
828,"<h1 class=""listing-item__header"">
    Android TV 75"" 4K ASTECH
</h1>",Neuf,Astech,540 000 ,Plateau,https://i.roamcdn.net/hz/ed/listing-thumb-543w/61f24e8a5b1bf59954b6d7c9d6f220ad/-/horizon-files-prod/ed/picture/q8v4grp0/f4853765bb852784db0b41d732048502c1fab4f5.jpg
829,"<h1 class=""listing-item__header"">
    TÉLÉVISEUR 75POUCES ASTECH QLED SMART ANDROID
</h1>",Neuf,Astech,569 000 ,Plateau,https://i.roamcdn.net/hz/ed/listing-thumb-543w/0e061cf65bad621b9eede4bc4ba3b200/-/horizon-files-prod/ed/picture/qrz87m08/8442eab5fbd0cd4eb524464ff99da55d15e5a297.jpg
830,"<h1 class=""listing-item__header"">
    Android TV 43"" incassable Deska
</h1>",Neuf,Autre,125 000 ,Plateau,https://i.roamcdn.net/hz/ed/listing-thumb-543w/a0361d29fabbe57c8d96b65b16a9da26/-/horizon-files-prod/ed/picture/q9mjg2j8/2e04d4c510d9abb9f55defc2f02ff351e1a852d4.jpg
831,"<h1 class=""listing-item__header"">
    Smart TV 43 "" Android 11
</h1>",Neuf,Autre,124 900 ,Plateau,https://i.roamcdn.net/hz/ed/listing-thumb-543w/da3cb0209682a7cf8fabd9b55b0ff4f1/-/horizon-files-prod/ed/picture/qwe26zv4/cb8714a99bb20590bc255bed40ff40494c96919d.jpg
832,"<h1 class=""listing-item__header"">
    TELEVISEUR WIWILIL 65POUCES SMART
</h1>",Neuf,Autre,279 000 ,Plateau,https://i.roamcdn.net/hz/ed/listing-thumb-543w/8f503bdace6b2ec1c12fc4480366ffcc/-/horizon-files-prod/ed/picture/qrz87nnj/71591123bedc460d71603a9e1630223ac72adec9.jpg
833,"<h1 class=""listing-item__header"">
    TÉLÉVISEUR WEST 65 "" SMART ANDROÏDE 65ZBC8W
</h1>",Neuf,Autre,279 000 ,Plateau,https://i.roamcdn.net/hz/ed/listing-thumb-543w/2a363491600a74b31b13bb377880a729/-/horizon-files-prod/ed/picture/qrz87n6j/8e13c7afb1a43b0e0f4283a4ad9c18c133118aae.jpg
834,"<h1 class=""listing-item__header"">
    TÉLÉVISEUR TEKO 65 ""SMART 65QBF1W
</h1>",Neuf,Autre,279 000 ,Plateau,https://i.roamcdn.net/hz/ed/listing-thumb-543w/3f1a9654d478c8758fff15b87cbe25a4/-/horizon-files-prod/ed/picture/qwepwgnp/c8fb2ca95c8ac5ca745af6ce90eb37f6eac1db8e.jpg
835,"<h1 class=""listing-item__header"">
    TÉLÉVISEUR SMART TECHNOLOGIES 65 pouces SMART 65 STT- 5065S
</h1>",Neuf,Autre,279 000 ,Plateau,https://i.roamcdn.net/hz/ed/listing-thumb-543w/1be86cef8b76ca5231625498925e017f/-/horizon-files-prod/ed/picture/qzvpxzzn/78e6b671679653da8b1c138a31a2ae4b3988b828.jpg
836,"<h1 class=""listing-item__header"">
    TÉLÉVISEUR SAMSUNG 65"" SMART UHD 4K 65 CU7170
</h1>",Neuf,Samsung,479 000 ,Plateau,https://i.roamcdn.net/hz/ed/listing-thumb-543w/da5c8e01f3b9b92396a6c981f5402667/-/horizon-files-prod/ed/picture/qkr80ppv/b3aafc5d2f033239dd131999d51f65652efdb984.jpg
837,"<h1 class=""listing-item__header"">
    TELEVISEUR WEST 65POUCES SMART ANDROID
</h1>",Neuf,Autre,289 000 ,Plateau,https://i.roamcdn.net/hz/ed/listing-thumb-543w/772b42d1fad15635b03110ed5838d8de/-/horizon-files-prod/ed/picture/qpdm800r/d867d043aa625c3a7f1938adce34b76d609a57f2.jpg
838,"<h1 class=""listing-item__header"">
    TÉLÉVISEUR SAMSUNG 65 "" QLED SMART 4K 65Q60D
</h1>",Neuf,Samsung,750 000 ,Plateau,https://i.roamcdn.net/hz/ed/listing-thumb-543w/97fbdf6dd94913b1b61db29b1358a95b/-/horizon-files-prod/ed/picture/q56dg9p0/5c3363580ee48d5c6789e9007e978b421cffbb4e.jpg
839,"<h1 class=""listing-item__header"">
    TELEVISEUR WOW 65 SMART ANDROID 4K
</h1>",Neuf,Autre,289 000 ,Plateau,https://i.roamcdn.net/hz/ed/listing-thumb-543w/9b8dce519ae5c38d8ea7c92da21a4472/-/horizon-files-prod/ed/picture/qpdm80gr/2f0ceefda7d17535b5e3391cdad4577b69843329.jpg
840,"<h1 class=""listing-item__header"">
    TÉLÉVISEUR 65POUCES WEST SMART ANDROID
</h1>",Neuf,Autre,269 000 ,Plateau,https://i.roamcdn.net/hz/ed/listing-thumb-543w/7832c82ac599142da2ea55fefc9fb084/-/horizon-files-prod/ed/picture/qj4qzp6d/6dcf300a30078dd8718a2d98ee452f574299f735.jpg
841,"<h1 class=""listing-item__header"">
    TÉLÉVISEUR 65POUCES TORL SMART ANDROID 4K
</h1>",Neuf,Autre,279 000 ,Plateau,https://i.roamcdn.net/hz/ed/listing-thumb-543w/1cc64b1f2bec15107ae89f4610c648af/-/horizon-files-prod/ed/picture/q44np05r/59834d78e99493a9c6186b9c888ce4c2aded3607.jpg
842,"<h1 class=""listing-item__header"">
    TELEVISEUR HISENSE 65POUCES SMART VIDAA UHD 4K
</h1>",Neuf,Hisense,379 000 ,Plateau,https://i.roamcdn.net/hz/ed/listing-thumb-543w/b57e4f6513fbc85da3168c2bedb64d84/-/horizon-files-prod/ed/picture/qngpw79x/ae846b260ae14e3d3dd84ffa7db9155f13be1697.jpg
843,"<h1 class=""listing-item__header"">
    TÉLÉVISEUR 65POUCES ELACTRON QLED SMART ANDROID
</h1>",Neuf,Elactron,349 000 ,Plateau,https://i.roamcdn.net/hz/ed/listing-thumb-543w/9d5ca4165308fecce9ae9d8c3b716eeb/-/horizon-files-prod/ed/picture/q9mjg5k8/255b7b532839cae9b4c7d44f460b7f9c8b2bf697.jpg
844,"<h1 class=""listing-item__header"">
    TÉLÉVISEUR TCL 65POUCES SMART ANDROID
</h1>",Neuf,TCL,479 000 ,Plateau,https://i.roamcdn.net/hz/ed/listing-thumb-543w/602c612b26c1716665673de016d0aabf/-/horizon-files-prod/ed/picture/q8v4gp47/43d51426bcd045a1f3140a5fd1e467ff5ae2e906.jpg
845,"<h1 class=""listing-item__header"">
    TÉLÉVISEUR 65POUCES SOLSTAR SMART ANDROID
</h1>",Neuf,Autre,349 000 ,Plateau,https://i.roamcdn.net/hz/ed/listing-thumb-543w/84293c989be5c4aa9a4504326e4d4eac/-/horizon-files-prod/ed/picture/q44np0nv/67dd9d2a9797039c285600db5d149c6a099caf1f.jpg
846,"<h1 class=""listing-item__header"">
    TÉLÉVISEUR LG 65 OLED SMART 4K 65C36LA
</h1>",Neuf,LG,1 600 000 ,Plateau,https://i.roamcdn.net/hz/ed/listing-thumb-543w/6485274da95499475e05e9b256be4570/-/horizon-files-prod/ed/picture/qm5gn6pz/04b50e76b3a2ad8ec5e6ba4730fa4d8a95fe86d4.jpg
847,"<h1 class=""listing-item__header"">
    TÉLÉVISEUR 65POUCES ASTECH SMART ANDROID
</h1>",Neuf,Astech,359 000 ,Plateau,https://i.roamcdn.net/hz/ed/listing-thumb-543w/ead459fc2c220b620d754798cba833f8/-/horizon-files-prod/ed/picture/qq42692n/f19547e92dad43d5070da70f7c95fe6dc57360ca.jpg
848,"<h1 class=""listing-item__header"">
    TÉLÉVISEUR SAMSUNG 65POUCES SMART 4K
</h1>",Neuf,Samsung,489 000 ,Plateau,https://i.roamcdn.net/hz/ed/listing-thumb-543w/cd0076ab1b274791f299e7f81ad56d7e/-/horizon-files-prod/ed/picture/qzvpxzpr/19a6fe3fd0de8b28eebec8ce3e62b7b53f45dec8.jpg
849,"<h1 class=""listing-item__header"">
    TÉLÉVISEUR 65POUCES LG UR73006LA
</h1>",Neuf,LG,479 000 ,Plateau,https://i.roamcdn.net/hz/ed/listing-thumb-543w/8c434ec443c76feaf8b1948432359e36/-/horizon-files-prod/ed/picture/q6xd5ndv/88a8e617ef1e8ff69557780ac9ba4da31ed37b4e.jpg
850,"<h1 class=""listing-item__header"">
    TÉLÉVISEUR LG 65POUCES QLED SMART 4K
</h1>",Neuf,LG,930 000 ,Plateau,https://i.roamcdn.net/hz/ed/listing-thumb-543w/3434d04d4854af8e29537112fbe5fd37/-/horizon-files-prod/ed/picture/q8v4gp57/100529a1645bdfcffa702b05b82f682b23b43571.jpg
851,"<h1 class=""listing-item__header"">
    TÉLÉVISEUR 65POUCES HISENSE ULED SMART VIDAA 4K
</h1>",Neuf,Hisense,650 000 ,Plateau,https://i.roamcdn.net/hz/ed/listing-thumb-543w/addb237979f4bdcca131552541851351/-/horizon-files-prod/ed/picture/qkr80p8m/f93e0eb48f4e3148bd5d5cbb75d89ca7c9e49322.jpg
852,"<h1 class=""listing-item__header"">
    TÉLÉVISEUR 65POUCES  SAMSUNG QLED
</h1>",Neuf,Samsung,950 000 ,Plateau,https://i.roamcdn.net/hz/ed/listing-thumb-543w/2f047cbce73ce4ba9f7e9262845f9d10/-/horizon-files-prod/ed/picture/qwepwg20/008ea3f3f55e34494f49080020844c588b655ae3.jpg
853,"<h1 class=""listing-item__header"">
    Téléviseur Astech 43 Pouces
</h1>",Neuf,Astech,125 000 ,Plateau,https://i.roamcdn.net/hz/ed/listing-thumb-543w/fc70dfbe364cf1940438f022fdcace97/-/horizon-files-prod/ed/picture/qgq9z6zk/031431ab3476a90662c92e845d361f6ee4516937.jpg
854,"<h1 class=""listing-item__header"">
    Téléviseur West 40 Pouces Smart Tv
</h1>",Neuf,Autre,95 000 ,Plateau,https://i.roamcdn.net/hz/ed/listing-thumb-543w/4137f8b2032fd47c315b2ff43c01d936/-/horizon-files-prod/ed/picture/qngxzzpw/a04e4f7a950fe434501d580b92cc09f993d4a620.jpg
855,"<h1 class=""listing-item__header"">
    TÉLÉVISEUR 85POUCES TORL SMART ANDROID 4K
</h1>",Neuf,Autre,650 000 ,Plateau,https://i.roamcdn.net/hz/ed/listing-thumb-543w/d34babb2ed27e49316574001e9c74b76/-/horizon-files-prod/ed/picture/qv4wzee8/56cca4b7bcb3f20f5c2228abd6f60cbe76f30d77.jpg
856,"<h1 class=""listing-item__header"">
    TÉLÉVISEUR 43POUCES TCL SMART
</h1>",Neuf,TCL,149 000 ,Plateau,https://i.roamcdn.net/hz/ed/listing-thumb-543w/b8e4524f0a3f2d62c6ed5d69c83c6e99/-/horizon-files-prod/ed/picture/qkr80ggx/fc58b4929ea80a5d0bc3a15c65c9fb0921643520.jpg
857,"<h1 class=""listing-item__header"">
    TÉLÉVISEUR 75POUCES TCL SMART ANDROID 4K
</h1>",Neuf,TCL,498 000 ,Plateau,https://i.roamcdn.net/hz/ed/listing-thumb-543w/8c971d3d77a14f674238ffc4127c3d7a/-/horizon-files-prod/ed/picture/q8v4g5zx/ec2a18e70ff17c20605f20337126d7dcab020317.jpg
858,"<h1 class=""listing-item__header"">
    SAMSUNG TELEVISION SMART TV 43 POUCES UA43AU7000U
</h1>",Neuf,Samsung,225 000 ,Médina,https://i.roamcdn.net/hz/ed/listing-thumb-543w/3c8192dc05fefc54e332297c9ab1c953/-/horizon-files-prod/ed/picture/qdew0w22/cc11cf233cc91b21d8cbbd87b86d79f2c59d59f1.jpg
859,"<h1 class=""listing-item__header"">
    TÉLÉVISION SAMSUNG SMART ULTRA HD 75” Pouces
</h1>",Neuf,Samsung,700 000 ,Liberte 6,https://i.roamcdn.net/hz/ed/listing-thumb-543w/13ad1d13849dfa00dcdacc0eb4aa0602/-/horizon-files-prod/ed/picture/qgqwgd0k/8d1f98944efa01bb3932ed15d24548a4ce5fc3aa.jpg
860,"<h1 class=""listing-item__header"">
    TELEVISEUR HISENSE 50POUCES SMART UHD
</h1>",Neuf,Hisense,229 000 ,Plateau,https://i.roamcdn.net/hz/ed/listing-thumb-543w/7ad8184a6670706b4b5a102149a901bf/-/horizon-files-prod/ed/picture/qxjpqdgn/15769a98ad12b92c7e1164f66fc33a2043f8b6b0.jpg
861,"<h1 class=""listing-item__header"">
    TÉLÉVISEUR HISENSE 43POUCES SMART VIDAA
</h1>",Neuf,Hisense,159 000 ,Plateau,https://i.roamcdn.net/hz/ed/listing-thumb-543w/5b5e9abce6d7af56b7b93f43d2a42ac5/-/horizon-files-prod/ed/picture/qde7nr95/3dcbfc299224dd0ddafda848c17cf2264c737263.jpg
862,"<h1 class=""listing-item__header"">
    TÉLÉVISEUR 55POUCES HISENSE SMART VIDAA UHD 4K
</h1>",Neuf,Hisense,269 000 ,Plateau,https://i.roamcdn.net/hz/ed/listing-thumb-543w/a70b9d7efc28d9b2d51e70264f95521a/-/horizon-files-prod/ed/picture/q6xd57n6/4242b6d92801eaa7fa49122923f2683d2ed04208.jpg
863,"<h1 class=""listing-item__header"">
    TELEVISEUR HISENSE 65POUCES SMART VIDAA UHD 4K
</h1>",Neuf,Hisense,379 000 ,Plateau,https://i.roamcdn.net/hz/ed/listing-thumb-543w/9c2c90604e04cdd666a34196544ea4f1/-/horizon-files-prod/ed/picture/q78wgvj5/29117ff43eb8614557f782d40b79455675b003aa.jpg
864,"<h1 class=""listing-item__header"">
    TÉLÉVISEUR 75POUCES HISENSE SMART UHD 4K
</h1>",Neuf,Hisense,589 000 ,Plateau,https://i.roamcdn.net/hz/ed/listing-thumb-543w/468ae7fafb9795bc0863bda7277fb29b/-/horizon-files-prod/ed/picture/q0g7dpkk/2d82e912180cc872b5ecad9274dfd0a6a07b6dcb.jpg
865,"<h1 class=""listing-item__header"">
    TÉLÉVISEUR G 43POUCES SMART ANDROID 4K
</h1>",Neuf,LG,249 000 ,Plateau,https://i.roamcdn.net/hz/ed/listing-thumb-543w/addd57f81c1c99b832139bc8d4c0b8d8/-/horizon-files-prod/ed/picture/q56dgwdg/f469384af4c0c9df9037c2e6f75c6d2d07f7cde5.jpg
866,"<h1 class=""listing-item__header"">
    TÉLÉVISEUR LG 50POUCES UHD 4K
</h1>",Neuf,LG,289 000 ,Plateau,https://i.roamcdn.net/hz/ed/listing-thumb-543w/c1911a8b521914f9efb941c179d76d36/-/horizon-files-prod/ed/picture/qv4wzmev/b00d9ebec43ad3766575dd751ded692bc6a2ca36.jpg
867,"<h1 class=""listing-item__header"">
    TÉLÉVISEUR SAMSUNG 55POUCES QLED SMART 4K
</h1>",Neuf,Samsung,429 000 ,Plateau,https://i.roamcdn.net/hz/ed/listing-thumb-543w/45d623283d0ef982ec9846feef197f9c/-/horizon-files-prod/ed/picture/qgqw8599/c2d544fc6bee8c3308d7e49cdb2912d414df024c.jpg
868,"<h1 class=""listing-item__header"">
    TÉLÉVISEUR LG 55POUCES 4K UQ75006LG
</h1>",Neuf,LG,329 000 ,Plateau,https://i.roamcdn.net/hz/ed/listing-thumb-543w/618de0bc60bfaf624a4e9db255b0e73c/-/horizon-files-prod/ed/picture/q2j0gzr8/02cc06a4b4bcf4e05141c772b724ccf8bdc64aef.jpg
869,"<h1 class=""listing-item__header"">
    CASQUE SANS FIL SONY WH1000XM4
</h1>",Neuf,Sony,169 000 ,Plateau,https://i.roamcdn.net/hz/ed/listing-thumb-543w/46fde41a47c8256edf8bcc805079000b/-/horizon-files-prod/ed/picture/qzvpjggg/d44ea44e208199fae5b448093cbb2224369d354f.jpg
870,"<h1 class=""listing-item__header"">
    CASQUE SANS FIL ET ÉCOUTEURS SONY WH-CH520
</h1>",Neuf,Sony,59 000 ,Plateau,https://i.roamcdn.net/hz/ed/listing-thumb-543w/2682c39bae6e0d5183162eebde59cff0/-/horizon-files-prod/ed/picture/q0g7dppw/049cbc563a3b9d3680d13e3e0d7ff1b316129941.jpg
871,"<h1 class=""listing-item__header"">
    TÉLÉVISEUR 43POUCES TEKO SMART TV
</h1>",Neuf,Autre,119 000 ,Plateau,https://i.roamcdn.net/hz/ed/listing-thumb-543w/4ac261e6427f25339d80125029030b64/-/horizon-files-prod/ed/picture/qzvpjn96/e5f3d5e467fe9cebba12b7007b1efc7ec817a7d3.jpg
872,"<h1 class=""listing-item__header"">
    TÉLÉVISEUR 32POUCES TEKO SMART
</h1>",Neuf,Autre,78 000 ,Plateau,https://i.roamcdn.net/hz/ed/listing-thumb-543w/13623b2762c8e7cd736439e8e2e404e9/-/horizon-files-prod/ed/picture/q8v49e79/bf3f14deb86ce0d960f60750bb83442bc974de21.jpg
873,"<h1 class=""listing-item__header"">
    TÉLÉVISEUR 43POUCES TEKO SMART TV
</h1>",Neuf,Autre,119 000 ,Plateau,https://i.roamcdn.net/hz/ed/listing-thumb-543w/6dd18410da67a534db704fcb3ba03a40/-/horizon-files-prod/ed/picture/q9mjnevj/9ccb4e45d9296ea88e603472d309a5f1b4ec57b5.jpg
874,"<h1 class=""listing-item__header"">
    TÉLÉVISEUR 32POUCES TORL ANDROID SMART
</h1>",Neuf,Autre,78 000 ,Plateau,https://i.roamcdn.net/hz/ed/listing-thumb-543w/dbd3683b8d93fbbece2a69923bf6feed/-/horizon-files-prod/ed/picture/qde72vq8/725c06fb2dfeec00db368c08840932a2c8e094ec.jpg
875,"<h1 class=""listing-item__header"">
    TÉLÉVISEUR 32POUCES TEKO SMART
</h1>",Neuf,Autre,78 000 ,Plateau,https://i.roamcdn.net/hz/ed/listing-thumb-543w/ea16571d186c9687fed92abbc8386467/-/horizon-files-prod/ed/picture/qkr8x4kn/7a29d39bdc5a4347d1b5c20d2acc84866de8494c.jpg
876,"<h1 class=""listing-item__header"">
    TÉLÉVISEUR 43POUCES TORL SMART ANDROID
</h1>",Neuf,Autre,119 000 ,Plateau,https://i.roamcdn.net/hz/ed/listing-thumb-543w/5729b43408b9ed50145e278049f244ce/-/horizon-files-prod/ed/picture/q44n6z9p/ef22126fa6f47bece840bb87a21d42fd18f5c75e.jpg
877,"<h1 class=""listing-item__header"">
    TÉLÉVISEUR 55POUCES WIWLIL SMART
</h1>",Neuf,Autre,198 000 ,Plateau,https://i.roamcdn.net/hz/ed/listing-thumb-543w/0216214ff1ecf9b928db749893d0c418/-/horizon-files-prod/ed/picture/q44n6zwp/b9d950a3836ffe00c27695843d81dc1bce95fbda.jpg
878,"<h1 class=""listing-item__header"">
    TÉLÉVISEUR 32POUCES TORL ANDROID SMART
</h1>",Neuf,Autre,78 000 ,Plateau,https://i.roamcdn.net/hz/ed/listing-thumb-543w/6827de86e059134aad288cc8d632c248/-/horizon-files-prod/ed/picture/q78w0eq8/b04e236bb7224b1b90a3492ba923d570d2bdf012.jpg
879,"<h1 class=""listing-item__header"">
    TÉLÉVISEUR 50POUCES TORL SMART ANDROID 4K
</h1>",Neuf,Autre,179 000 ,Plateau,https://i.roamcdn.net/hz/ed/listing-thumb-543w/105fb0c6788b73600c5a184e71aae0fd/-/horizon-files-prod/ed/picture/qenvx0z6/ab2a2ed1470b7525aea8cc4b498a3ce1ffafdd59.jpg
880,"<h1 class=""listing-item__header"">
    TÉLÉVISEUR 43POUCES TORL SMART ANDROID
</h1>",Neuf,Autre,119 000 ,Plateau,https://i.roamcdn.net/hz/ed/listing-thumb-543w/cb41fba3fdf888dde7a528dc1fc1976e/-/horizon-files-prod/ed/picture/qpdmjzr4/932f62e10c9232f28d3372b851350e81da1498a8.jpg
881,"<h1 class=""listing-item__header"">
    TÉLÉVISEUR 50POUCES TORL SMART ANDROID 4K
</h1>",Neuf,Autre,179 000 ,Plateau,https://i.roamcdn.net/hz/ed/listing-thumb-543w/4cbfea9629737be79a12773253fcf120/-/horizon-files-prod/ed/picture/qxjpk09z/0df12a8fb2a79489e109e7fff7e0086a44777179.jpg
882,"<h1 class=""listing-item__header"">
    TÉLÉVISEUR 55POUCES WIWLIL SMART
</h1>",Neuf,Autre,198 000 ,Plateau,https://i.roamcdn.net/hz/ed/listing-thumb-543w/c899c068d3ceaea8cfb79e4e3976f3e8/-/horizon-files-prod/ed/picture/q2j0we26/66afbc9501b1b0df40a30b102bcf800251712c35.jpg
883,"<h1 class=""listing-item__header"">
    TÉLÉVISEUR 55POUCES TORL SMART ANDROID 4K
</h1>",Neuf,Autre,198 000 ,Plateau,https://i.roamcdn.net/hz/ed/listing-thumb-543w/ca043e553b514f2c78fbcfd22480dbf8/-/horizon-files-prod/ed/picture/qngpjm89/f0bc455696125c2f82995109800676c3dcd11c65.jpg
884,"<h1 class=""listing-item__header"">
    TÉLÉVISEUR 55POUCES TORL SMART ANDROID 4K
</h1>",Neuf,Autre,198 000 ,Plateau,https://i.roamcdn.net/hz/ed/listing-thumb-543w/d4fb710138892fb0b49a8cc2eb5eea1a/-/horizon-files-prod/ed/picture/q78w0e48/a2f659ac748fe8d85b23728c4e3a459d0e9974ed.jpg
885,"<h1 class=""listing-item__header"">
    TÉLÉVISEUR 50POUCES WEST ANDROID
</h1>",Neuf,Autre,169 000 ,Plateau,https://i.roamcdn.net/hz/ed/listing-thumb-543w/90401cbde77ccc397a8a417240f82b78/-/horizon-files-prod/ed/picture/qgqwdnkk/6efacf5f236e06b896b1e74a2771246eb983ba46.jpg
886,"<h1 class=""listing-item__header"">
    TÉLÉVISEUR 50POUCES WEST SMART ANDROID
</h1>",Neuf,Autre,169 000 ,Plateau,https://i.roamcdn.net/hz/ed/listing-thumb-543w/94a53b4ee879b53275082e285c791132/-/horizon-files-prod/ed/picture/qrz8jpk5/2552ea97f1f7d232591dc9c5eabc8a920aef33d1.jpg
887,"<h1 class=""listing-item__header"">
    Téléviseur Astech 55 Pouces
</h1>",Neuf,Astech,230 000 ,Plateau,https://i.roamcdn.net/hz/ed/listing-thumb-543w/e62c086a85799361a3c258a3d57c59b5/-/horizon-files-prod/ed/picture/qj4r202g/83750f7547835070427ad0cfaf1c4a66ee0acbfa.jpg
888,"<h1 class=""listing-item__header"">
    IPTV clé Fire TV 4K Wi-Fi 6E
</h1>",Neuf,Autre,45 000 ,Grand-Yoff,https://i.roamcdn.net/hz/ed/listing-thumb-543w/d026955d54c67ebfcc2431ed5c8fa82c/-/horizon-files-prod/ed/picture/q04zjn8/cfc812cd220af02e061c7e8cb5108f1829998b7b.jpg
889,"<h1 class=""listing-item__header"">
    TÉLÉVISEUR WIWLIL 65POUCES SMART
</h1>",Neuf,Autre,289 000 ,Plateau,https://i.roamcdn.net/hz/ed/listing-thumb-543w/49418d2aa971f3b391656a457e193fe9/-/horizon-files-prod/ed/picture/qngpj8qx/f036080ba584a23b477eeb0c13b8db2b6bd8f0d6.jpg
890,"<h1 class=""listing-item__header"">
    TÉLÉVISEUR 65POUCES WIWLIL SMART
</h1>",Neuf,Autre,289 000 ,Plateau,https://i.roamcdn.net/hz/ed/listing-thumb-543w/51ddb1b2e09c3f17cffeb9ec1aea0165/-/horizon-files-prod/ed/picture/qpdmjr4r/b0421787a1304344a190ab046a410b65405c6126.jpg
891,"<h1 class=""listing-item__header"">
    LG TV HDMI 4K 65UT75
</h1>",Neuf,LG,425 000 ,VDN,https://i.roamcdn.net/hz/ed/listing-thumb-543w/79ef18d18bcb5bb76153c9a67555e496/-/horizon-files-prod/ed/picture/qgqw4999/b3eaea395b3be634cc7e176de89c66543b9a2ef9.jpg
892,"<h1 class=""listing-item__header"">
    TÉLÉVISEUR WIWLIL 65POUCES SMART
</h1>",Neuf,Autre,289 000 ,Plateau,https://i.roamcdn.net/hz/ed/listing-thumb-543w/c3e442c4b3415bd8cef233d25fed3593/-/horizon-files-prod/ed/picture/q8v49d2z/f0d22ae3d223b710d6218c278d33daff0ac810d4.jpg
893,"<h1 class=""listing-item__header"">
    TÉLÉVISEUR 65POUCES WIWLIL SMART
</h1>",Neuf,Autre,289 000 ,Plateau,https://i.roamcdn.net/hz/ed/listing-thumb-543w/4c198c0388b34a2d883389c23304659f/-/horizon-files-prod/ed/picture/qde726jj/152bf7c614bad4b7c38ac98673ff27c01e2d9740.jpg
894,"<h1 class=""listing-item__header"">
    TÉLÉVISEUR WIWLIL 85POUCES SMART ANTICASSE
</h1>",Neuf,Autre,750 000 ,Plateau,https://i.roamcdn.net/hz/ed/listing-thumb-543w/39ba38d1cd1d710812eb7d15ef778b42/-/horizon-files-prod/ed/picture/qrz8j008/d1173e200409e7a7ee48dfbe72d74cfc1781010f.jpg
895,"<h1 class=""listing-item__header"">
    TÉLÉVISEUR WIWLIL 75POUCES SMART ANTICASSE
</h1>",Neuf,Autre,529 000 ,Plateau,https://i.roamcdn.net/hz/ed/listing-thumb-543w/b76ee0afbf6b42b66ec53d5210e54151/-/horizon-files-prod/ed/picture/q0g79z5e/5a0587511a53cdd0dbb00298bcd23bb47259b274.jpg
896,"<h1 class=""listing-item__header"">
    TÉLÉVISEUR 85POUCES WIWLIL SMART ANTICASSE
</h1>",Neuf,Autre,750 000 ,Plateau,https://i.roamcdn.net/hz/ed/listing-thumb-543w/769821887067c699e541412bb8f3e194/-/horizon-files-prod/ed/picture/qxjpkzxm/d2bb57902f2d61f04fcf489191044df6390a66ca.jpg
897,"<h1 class=""listing-item__header"">
    TÉLÉVISEUR WIWLIL 75POUCES SMART ANTICASSE
</h1>",Neuf,Autre,529 000 ,Plateau,https://i.roamcdn.net/hz/ed/listing-thumb-543w/c53a9a3917b997f118ee0e2a8d83612e/-/horizon-files-prod/ed/picture/qwepk8jj/454f3a6dd38f5f0a68412949f598c9a94826c014.jpg
898,"<h1 class=""listing-item__header"">
    TÉLÉVISEUR ASTECH 65POUCES SMART ANDROID
</h1>",Neuf,Astech,359 000 ,Plateau,https://i.roamcdn.net/hz/ed/listing-thumb-543w/3cff43df445d1471de89941724aad8ac/-/horizon-files-prod/ed/picture/qxjpkx84/0bfdbded3e5346b4e36d7b6f5d89e7596a0432dd.jpg
899,"<h1 class=""listing-item__header"">
    TÉLÉVISEUR 65POUCES ASTECH SMART ANDROID
</h1>",Neuf,Astech,359 000 ,Plateau,https://i.roamcdn.net/hz/ed/listing-thumb-543w/4acaca0830a6d1fe3f72793790ad9aa2/-/horizon-files-prod/ed/picture/qrz8j5rg/0202383a93dff5de99725978254c920ad3c7bcdb.jpg
900,"<h1 class=""listing-item__header"">
    TÉLÉVISEUR ASTECH 75POUCES QLED SMART ANDROID
</h1>",Neuf,Astech,569 000 ,Plateau,https://i.roamcdn.net/hz/ed/listing-thumb-543w/816ecba98a1a27768abbd7143a6408f5/-/horizon-files-prod/ed/picture/q9mjnwkx/19ae28fd35b60941b8ce526c4952f9ff9f018617.jpg
901,"<h1 class=""listing-item__header"">
    TÉLÉVISEUR ASTECH 75POUCES QLED SMART ANDROID
</h1>",Neuf,Astech,569 000 ,Plateau,https://i.roamcdn.net/hz/ed/listing-thumb-543w/9a357979bfa361bab45e1201ef45dc7d/-/horizon-files-prod/ed/picture/qv4wkxd5/1436b9634fc5efa34a9c1e36c855e0e078a438ed.jpg
902,"<h1 class=""listing-item__header"">
    TÉLÉVISEUR SYINIX 32POUCES LED
</h1>",Neuf,Autre,63 000 ,Plateau,https://i.roamcdn.net/hz/ed/listing-thumb-543w/f6aca3b8b2d9113629a6327561ae6422/-/horizon-files-prod/ed/picture/qwepkn8z/992c8df21e6fe26182d470c3ba865bcca3a0711b.jpg
903,"<h1 class=""listing-item__header"">
    TÉLÉVISEUR SYINIX 32POUCES LED
</h1>",Neuf,Autre,63 000 ,Plateau,https://i.roamcdn.net/hz/ed/listing-thumb-543w/5de4eeb19cf750b1e5dc68c806e2f01f/-/horizon-files-prod/ed/picture/qq425wg7/489a883d29028a415b7f6f44bb8462d97c753377.jpg
904,"<h1 class=""listing-item__header"">
    Home Cinema SAMSOUND 5.1 DM8537B
</h1>",Neuf,Samsung,75 000 ,Grand-Dakar,https://i.roamcdn.net/hz/ed/listing-thumb-543w/ba46097a350d5405145191c2e5e28403/-/horizon-files-prod/ed/picture/qnqge9z/01c367e43c9c2d6bb1b3a71ff01a6ecfaa79d12f.jpg
905,"<h1 class=""listing-item__header"">
    BARRE DE SON HISENSE 1200W
</h1>",Réconditionné,Hisense,79 000 ,Plateau,https://i.roamcdn.net/hz/ed/listing-thumb-543w/3dfaf9c9181228097fe224e149de1282/-/horizon-files-prod/ed/picture/qwepkrj0/a199341317d66e6714183d4cb8c8afe56bc19dfd.jpg
906,"<h1 class=""listing-item__header"">
    TÉLÉVISEUR RISING 32POUCES SMART
</h1>",Neuf,Autre,69 000 ,Plateau,https://i.roamcdn.net/hz/ed/listing-thumb-543w/35f69b4014086f746bdaa640dad7b335/-/horizon-files-prod/ed/picture/q0g79kkm/37cea4a0503bd2f2a583f566647129f8a24ef5db.jpg
907,"<h1 class=""listing-item__header"">
    TÉLÉVISEUR 32POUCES LG SMART ANDROID
</h1>",Neuf,LG,129 000 ,Plateau,https://i.roamcdn.net/hz/ed/listing-thumb-543w/b8aec6e37e1329034052a178dc2371f4/-/horizon-files-prod/ed/picture/qwepkrgz/9f138fca8072b5ba9ced407e82149e7833a8253b.jpg
908,"<h1 class=""listing-item__header"">
    TÉLÉVISEUR 32POUCES SAMSUNG UA SMART
</h1>",Neuf,Samsung,149 000 ,Plateau,https://i.roamcdn.net/hz/ed/listing-thumb-543w/6fbbab4e3bb66b50572dc1481f83543c/-/horizon-files-prod/ed/picture/q56dzppn/1977b5631013461e09719ed965e6f398a5f4818c.jpg
909,"<h1 class=""listing-item__header"">
    TÉLÉVISEUR SYINIX 32POUCES LED SMART
</h1>",Neuf,Autre,59 000 ,Plateau,https://i.roamcdn.net/hz/ed/listing-thumb-543w/95636cf8cfba158af3adb84bb6ade8ea/-/horizon-files-prod/ed/picture/qm5gj00j/158271bcf906904e2609df9877118d79564889c0.jpg
910,"<h1 class=""listing-item__header"">
    TÉLÉVISEUR 32POUCES TCL SMART ANDROID 4K UHD
</h1>",Neuf,TCL,89 000 ,Plateau,https://i.roamcdn.net/hz/ed/listing-thumb-543w/79b896d700c4e21c886db006ed42fda9/-/horizon-files-prod/ed/picture/qrz8jrrn/7f22b43b605704fd30675380e35c18c7233573ae.jpg
911,"<h1 class=""listing-item__header"">
    TÉLÉVISEUR TORL 32POUCES SMART ANDROID ANTI CASSE
</h1>",Neuf,Autre,89 000 ,Plateau,https://i.roamcdn.net/hz/ed/listing-thumb-543w/8cab11b49bdb8f43915b634cf3755a96/-/horizon-files-prod/ed/picture/q0g79k7m/15abbbcc5f407dd8cf23583a7dbbc56e61923c1b.jpg
912,"<h1 class=""listing-item__header"">
    TÉLÉVISEUR TORL 32POUCES
</h1>",Neuf,Autre,62 000 ,Plateau,https://i.roamcdn.net/hz/ed/listing-thumb-543w/022634805cd7d38313ae84887fbf7d3e/-/horizon-files-prod/ed/picture/qv4wkdw2/523d03d68440e33b0b70a7e38b3b227c9af5536b.jpg
913,"<h1 class=""listing-item__header"">
    AnyCast Récepteur WiFi caster SmartPhone Tablette PC à TV
</h1>",Neuf,Autre,10 000 ,Parcelles Assainies,https://i.roamcdn.net/hz/ed/listing-thumb-543w/93d604fbf6256f3840dd71e94c3c1b37/-/horizon-files-prod/ed/picture/qq8r58j/d2db399f355a91353c3426d6504f958842073fda.jpg
914,"<h1 class=""listing-item__header"">
    TÉLÉVISEUR TLC 43POUCES SMART
</h1>",Neuf,TCL,169 000 ,Plateau,https://i.roamcdn.net/hz/ed/listing-thumb-543w/1e948f54bdd6387a95e081aa52aff076/-/horizon-files-prod/ed/picture/q44n64rz/8a88c83823bd8e75016ac0e450bd486abc90d82c.jpg
915,"<h1 class=""listing-item__header"">
    TÉLÉVISEUR 43POUCES TCL SMART
</h1>",Neuf,TCL,169 000 ,Plateau,https://i.roamcdn.net/hz/ed/listing-thumb-543w/b32e080a0aa112fd637269020eead22c/-/horizon-files-prod/ed/picture/qv4wk495/2f9148fc412ac8b2365909587ea98ba4cd60acec.jpg
916,"<h1 class=""listing-item__header"">
    TÉLÉVISEUR TCL 32POUCES SMART ANDROID 4K UHD
</h1>",Neuf,TCL,98 000 ,Plateau,https://i.roamcdn.net/hz/ed/listing-thumb-543w/ea63306430ffc3be5f6b5a55c65f411a/-/horizon-files-prod/ed/picture/qkr8xr75/3acebb4a10a5ed561eda7cf6d195026d70cbca3e.jpg
917,"<h1 class=""listing-item__header"">
    TÉLÉVISEUR TCL 32POUCES SMART ANDROID 4K UHD
</h1>",Neuf,TCL,98 000 ,Plateau,https://i.roamcdn.net/hz/ed/listing-thumb-543w/e21c27e2ba96f34bde0ed499aef2c696/-/horizon-files-prod/ed/picture/q56dz6pr/41264d8bf133de9b900d7f78ef3daf99064019d1.jpg
918,"<h1 class=""listing-item__header"">
    TÉLÉVISEUR TLC 55POUCES SMART ANDROID 4K UHD
</h1>",Neuf,TCL,249 000 ,Plateau,https://i.roamcdn.net/hz/ed/listing-thumb-543w/16fbe8a4adf029b761c3986794d3c82a/-/horizon-files-prod/ed/picture/qrz860j9/84f9233e54f7033d360ce102d01286e3c8372014.jpg
919,"<h1 class=""listing-item__header"">
    TÉLÉVISEUR TCL 55POUCES SMART ANDROID 4K UHD
</h1>",Neuf,TCL,249 000 ,Plateau,https://i.roamcdn.net/hz/ed/listing-thumb-543w/60b52460ab6bac4155938e0920422dca/-/horizon-files-prod/ed/picture/qwepkep6/254491a544decb0b58e5cdf67f3412647d38d0cb.jpg
920,"<h1 class=""listing-item__header"">
    Projecteur 4K avec écran
</h1>",Neuf,Autre,115 000 ,Grand-Yoff,https://i.roamcdn.net/hz/ed/listing-thumb-543w/de9ac7166e71786af4c762ce784f9a8c/-/horizon-files-prod/ed/picture/qgq9kjg9/4e4910da680fdca7fdb8189b33edeeaa08d82696.jpg
921,"<h1 class=""listing-item__header"">
    Télévision smart Android
</h1>",Neuf,Autre,110 000 ,Plateau,https://i.roamcdn.net/hz/ed/listing-thumb-543w/c469388284ca10ec4ef593699590b12e/-/horizon-files-prod/ed/picture/qq42wpn6/0062e30a51ab3333aa5c2f664606a3dbd3894203.jpg
922,"<h1 class=""listing-item__header"">
    TÉLÉVISEUR DESKA 55POUCES SMART ANTI-CASSE
</h1>",Neuf,Autre,239 000 ,Plateau,https://i.roamcdn.net/hz/ed/listing-thumb-543w/560b54308c62e8f976ce8b0590c4b68c/-/horizon-files-prod/ed/picture/qrz86d72/22f34c1d1187dcae7ab12f730cc8f364ef85a024.jpg
923,"<h1 class=""listing-item__header"">
    TÉLÉVISEUR 55POUCES DESKA SMART ANTI-CASSE
</h1>",Neuf,Autre,239 000 ,Plateau,https://i.roamcdn.net/hz/ed/listing-thumb-543w/fd62b473174699e584ac3b84aa347aa4/-/horizon-files-prod/ed/picture/qde7dxd2/b3a16bcbe1b623d58346a1c8afbe78ece2bc94cc.jpg
924,"<h1 class=""listing-item__header"">
    Google TV 55"" 4k UHD Qled
</h1>",Neuf,Autre,260 000 ,Plateau,https://i.roamcdn.net/hz/ed/listing-thumb-543w/5dc9c698c3335f09c9e5a53e249c9b9f/-/horizon-files-prod/ed/picture/qq42909j/e59421d4439f34b9718f976af81d95332cc3a34f.jpg
925,"<h1 class=""listing-item__header"">
    TV ASTECH LED
</h1>",Neuf,Astech,60 000 ,Plateau,https://i.roamcdn.net/hz/ed/listing-thumb-543w/20a6e42855e9c1afb7b2df1eda0143d3/-/horizon-files-prod/ed/picture/q56d9765/a21e266f0c8635a9c5820fb0e5cbd0dfec6204f9.jpg
926,"<h1 class=""listing-item__header"">
    Smart TV Vizio 65'' pouce 4K
</h1>",Neuf,"LG, Samsung,",475 000 ,Parcelles Assainies,https://i.roamcdn.net/hz/ed/listing-thumb-543w/4bd1bf1b7b1654baef7312a7660097b0/-/horizon-files-prod/ed/picture/qj89m9g/0213dce8a53775e8cc638886e7776384c9248992.jpg
927,"<h1 class=""listing-item__header"">
    Smart TV 65''
</h1>",Neuf,"LG, Samsung,",430 000 ,Parcelles Assainies,https://i.roamcdn.net/hz/ed/listing-thumb-543w/2a390dd287344a141cf34e519c82b895/-/horizon-files-prod/ed/picture/qz5w8dq/4ca716ceff58bc2b43a3b33a4a4f728f5203de29.jpg
928,"<h1 class=""listing-item__header"">
    Smart TV 43'' pouce
</h1>",Neuf,"LG, Samsung,",180 000 ,Parcelles Assainies,https://i.roamcdn.net/hz/ed/listing-thumb-543w/2f68d57d32c719f98995c8f3958fa553/-/horizon-files-prod/ed/picture/qq8xzdp/acb86801bd2df4ce787995c2fad4d2ffe8d7584c.jpg
929,"<h1 class=""listing-item__header"">
    Smart tv HISENSE 32"" full HD
</h1>",Neuf,Hisense,99 900 ,VDN,https://i.roamcdn.net/hz/ed/listing-thumb-543w/17828793d8f6f04b4c305fdfa454f398/-/horizon-files-prod/ed/picture/q8dr9z4/06c4a8cd977dc374321ee6eb16bc24e774243229.jpg
930,"<h1 class=""listing-item__header"">
    Smart TV 50’’ Vizio 4K
</h1>",Neuf,VIZIO,249 000 ,Parcelles Assainies,https://i.roamcdn.net/hz/ed/listing-thumb-543w/280f3eda6d9af81decd30f1f5eb89300/-/horizon-files-prod/ed/picture/qgn24eq/3cab8344ec446598deb5ea661027f19845818a8a.jpg
931,"<h1 class=""listing-item__header"">
    TÉLÉVISEUR SMART TECHNOLOGY 43POUCES SMART
</h1>",Neuf,Autre,129 000 ,Plateau,https://i.roamcdn.net/hz/ed/listing-thumb-543w/20610251881d3476f9b42d55ad308f57/-/horizon-files-prod/ed/picture/q6xdr6pz/d17eee8b408fd70364006fe69e1bc826bc3c4d91.jpg
932,"<h1 class=""listing-item__header"">
    TÉLÉVISEUR 43POUCES SMART TECHNOLOGY SMART
</h1>",Neuf,Autre,129 000 ,Plateau,https://i.roamcdn.net/hz/ed/listing-thumb-543w/2ef762b0f351486ebe314ae1b1cf18b8/-/horizon-files-prod/ed/picture/qenvp54x/c697c55d2012ac76a48b6e77a463dd88c0e8de91.jpg
933,"<h1 class=""listing-item__header"">
    TÉLÉVISEUR FOX 43POUCES ANDROID 43UHD
</h1>",Neuf,Autre,129 000 ,Plateau,https://i.roamcdn.net/hz/ed/listing-thumb-543w/35db0912cde52bf816d51f096f48e2b3/-/horizon-files-prod/ed/picture/qj4q5jkr/f0ed7e79d135d4d3733b3eb231ff941df98e2c13.jpg
934,"<h1 class=""listing-item__header"">
    TÉLÉVISEUR 43POUCES FOX SMART ANDROID
</h1>",Neuf,Autre,129 000 ,Plateau,https://i.roamcdn.net/hz/ed/listing-thumb-543w/e855ee83313e853a4d397a6255f7df18/-/horizon-files-prod/ed/picture/qpdmnwvm/96469c90572f1f753792aa0ce6c0d312d98037de.jpg
935,"<h1 class=""listing-item__header"">
    Support TV mural pivotant de 32 ""- 60""
</h1>",Neuf,Autre,15 000 ,Grand-Dakar,https://i.roamcdn.net/hz/ed/listing-thumb-543w/7a631011b22f81905644e0a534916bea/-/horizon-files-prod/ed/picture/qzv42vmn/94b33908ff7732557e5dd22c1cb03370fa60d441.png
936,"<h1 class=""listing-item__header"">
    TÉLÉVISEUR SAMSUNG 75POUCES UHD 4K NEO QLED
</h1>",Neuf,Samsung,1 800 000 ,Plateau,https://i.roamcdn.net/hz/ed/listing-thumb-543w/f20cb496721d8e30379aa6cf39bb79ca/-/horizon-files-prod/ed/picture/qngp050x/334d87d559f542e999bf2fa62dc8a1471bb2cdf5.jpg
937,"<h1 class=""listing-item__header"">
    TÉLÉVISEUR 98POUCES SAMSUNG QLED 4K
</h1>",Neuf,Samsung,2 500 000 ,Plateau,https://i.roamcdn.net/hz/ed/listing-thumb-543w/491dc06f308aed93879460a248503098/-/horizon-files-prod/ed/picture/q9mjr058/c04cca7e0c36444daea2c7433158d6e69139560e.jpg
938,"<h1 class=""listing-item__header"">
    BARRE DE SON HISENSE 120W H212 2.1
</h1>",Neuf,Hisense,98 000 ,Plateau,https://i.roamcdn.net/hz/ed/listing-thumb-543w/71fef8c00204bdb9e84637d9791be362/-/horizon-files-prod/ed/picture/qde7029m/1b308c6a04e9410cdfe86930db36600bf258a8b0.jpg
939,"<h1 class=""listing-item__header"">
    TÉLÉVISEUR SAMSUNG 85POUCES SMART TV UHD 4K
</h1>",Neuf,Samsung,1 500 000 ,Plateau,https://i.roamcdn.net/hz/ed/listing-thumb-543w/a8fcd8170bea3e0d6d728857780353f4/-/horizon-files-prod/ed/picture/qde7dr0g/9efb2bb97c3f9528b4aef8fa5cc54c8548e7c518.jpg
940,"<h1 class=""listing-item__header"">
    TÉLÉVISEUR 77POUCES SAMSUNG SMART TV 4K OLED
</h1>",Neuf,Samsung,2 500 000 ,Plateau,https://i.roamcdn.net/hz/ed/listing-thumb-543w/0b0a9026e96b8cfd5bf912085f026482/-/horizon-files-prod/ed/picture/q8v4k0pp/7a0c9ed162e081c1e3e2ac2ead24d9ee1095ee74.jpg
941,"<h1 class=""listing-item__header"">
    TÉLÉVISEUR 85POUCES SAMSUNG QLED
</h1>",Neuf,Samsung,1 800 000 ,Plateau,https://i.roamcdn.net/hz/ed/listing-thumb-543w/0ace70448218c49bef3f33d82668fd11/-/horizon-files-prod/ed/picture/qzvpr28n/f27ab2b167e521eb8aa2c549ae45dd7c4df99768.jpg
942,"<h1 class=""listing-item__header"">
    TÉLÉVISEUR 85POUCES SAMSUNG SMART TV UHD 4K
</h1>",Neuf,Samsung,1 500 000 ,Plateau,https://i.roamcdn.net/hz/ed/listing-thumb-543w/a6dd86b1e38051e68c4734793839ac24/-/horizon-files-prod/ed/picture/qkr86m7v/2e91c345f81feba08839123f3e38a3b4918c488b.jpg
943,"<h1 class=""listing-item__header"">
    TÉLÉVISEUR SAMSUNG 75POUCES
</h1>",Neuf,Samsung,749 000 ,Point-e,https://i.roamcdn.net/hz/ed/listing-thumb-543w/ceec7b5477b48c3dcf6198044a8ac01d/-/horizon-files-prod/ed/picture/qxjpwdp0/e000eb9a3da8407dbea7b3ef7f584427df8d39d9.jpg
944,"<h1 class=""listing-item__header"">
    TÉLÉVISEUR 75POUCES SAMSUNG UE
</h1>",Neuf,Samsung,749 000 ,Plateau,https://i.roamcdn.net/hz/ed/listing-thumb-543w/b43dbc3d3feb5effed29d12c9f1439ce/-/horizon-files-prod/ed/picture/qq42wq2n/abb61ad4700be5f6a72a34662659a6d23113e022.jpg
945,"<h1 class=""listing-item__header"">
    TÉLÉVISEUR 65POUCES SAMSUNG QLED
</h1>",Neuf,Samsung,649 000 ,Plateau,https://i.roamcdn.net/hz/ed/listing-thumb-543w/1e48573e589df88eff7c17b6d95edf4d/-/horizon-files-prod/ed/picture/q56drwdp/ad5ed7b56a672fc82c6c6d7bbcfb13cf74a61c71.jpg
946,"<h1 class=""listing-item__header"">
    TÉLÉVISEUR 65POUCES SAMSUNG SMART TV 4K
</h1>",Neuf,Samsung,479 000 ,Plateau,https://i.roamcdn.net/hz/ed/listing-thumb-543w/613b9dc2b3770fd217c962d3366ada33/-/horizon-files-prod/ed/picture/qv4w9mex/1a4cd8dff5adf6d1fef331a915be695e3c7aff46.jpg
947,"<h1 class=""listing-item__header"">
    TÉLÉVISEUR 75POUCES SAMSUNG
</h1>",Neuf,Samsung,749 000 ,Plateau,https://i.roamcdn.net/hz/ed/listing-thumb-543w/735cce00bd5a6fe0062f0078a269f273/-/horizon-files-prod/ed/picture/q44n0x6p/6e4233726c7f0086261b808561a9ac32b9afb618.jpg
948,"<h1 class=""listing-item__header"">
    TÉLÉVISEUR 75POUCES SAMSUNG
</h1>",Neuf,Samsung,749 000 ,Plateau,https://i.roamcdn.net/hz/ed/listing-thumb-543w/080d1808ab81417ce6ea9602af1f108f/-/horizon-files-prod/ed/picture/qq429mwe/1fc6c4cfa1e246090fdad07ee28a29a8ba7e5397.jpg
949,"<h1 class=""listing-item__header"">
    TÉLÉVISEUR SAMSUNG 75POUCES SMART 4K
</h1>",Neuf,Samsung,749 000 ,Plateau,https://i.roamcdn.net/hz/ed/listing-thumb-543w/1ecbdace31027c4346a6236dd151066c/-/horizon-files-prod/ed/picture/q6xdngrz/b4f837fdebdddf8a311fe82b4fadae8eb63a4b33.jpg
950,"<h1 class=""listing-item__header"">
    TÉLÉVISEUR SAMSUNG 65POUCES QLED 65Q60D
</h1>",Neuf,Samsung,649 000 ,Plateau,https://i.roamcdn.net/hz/ed/listing-thumb-543w/9d32f9357a74e8f6800ff77f6c41620d/-/horizon-files-prod/ed/picture/q0g7nqnx/5e4e141416a7ffeff386549cced23c183e56e7b3.jpg
951,"<h1 class=""listing-item__header"">
    TÉLÉVISEUR SAMSUNG 65POUCES SMART
</h1>",Neuf,Samsung,479 000 ,Plateau,https://i.roamcdn.net/hz/ed/listing-thumb-543w/396a43b8563dcacd1460d8f0a4bd439d/-/horizon-files-prod/ed/picture/qzvpz78x/9846d03972106079dc4618dfbf1b2fb42bc8526d.jpg
952,"<h1 class=""listing-item__header"">
    TÉLÉVISEUR 65POUCES SAMSUNG UE
</h1>",Neuf,Samsung,479 000 ,Plateau,https://i.roamcdn.net/hz/ed/listing-thumb-543w/556605d2acbd8475926255e254528f16/-/horizon-files-prod/ed/picture/qenv96rx/5ab56e1874f9ac0a874dedd63a21ba78c168e500.jpg
953,"<h1 class=""listing-item__header"">
    TÉLÉVISEUR 65POUCES SAMSUNG UHD 4K
</h1>",Neuf,Samsung,469 000 ,Plateau,https://i.roamcdn.net/hz/ed/listing-thumb-543w/e43685197043f796f5d5647cc58d72fb/-/horizon-files-prod/ed/picture/qq429m2e/ddbf435e685508b9012e2107d6cc761f40c2755f.jpg
954,"<h1 class=""listing-item__header"">
    TÉLÉVISEUR SMART TECHNOLOGY 50POUCES TV LED
</h1>",Neuf,Autre,169 000 ,Plateau,https://i.roamcdn.net/hz/ed/listing-thumb-543w/1a8fada743339cdf846666679e549ea4/-/horizon-files-prod/ed/picture/q8v4pj0p/56c4a7ebf962426d5323b2bf62a7f59ee3b5d009.jpg
955,"<h1 class=""listing-item__header"">
    TÉLÉVISEUR 50POUCES SMART TECHNOLOGY TV LED
</h1>",Neuf,Autre,169 000 ,Plateau,https://i.roamcdn.net/hz/ed/listing-thumb-543w/b145714b9754c4df8d8f3e968456c0b4/-/horizon-files-prod/ed/picture/qzvpzngn/11ca1120867f2567c4f4b7a4c57379b0e473fbe6.jpg
956,"<h1 class=""listing-item__header"">
    80000 Chaines IPTV 4K
</h1>",Neuf,Autre,45 000 ,Grand-Yoff,https://i.roamcdn.net/hz/ed/listing-thumb-543w/2963d663167bfaade13a855646bda13d/-/horizon-files-prod/ed/picture/q294x4d/e7768b47cf6fcac66a399a1571aec23570f16103.jpg
957,"<h1 class=""listing-item__header"">
    TÉLÉVISEUR SAMSUNG 55POUCES
</h1>",Neuf,Samsung,429 000 ,Plateau,https://i.roamcdn.net/hz/ed/listing-thumb-543w/93bb5aebba93afaec86d7afce25b581e/-/horizon-files-prod/ed/picture/qq429rrv/86055ba4e7a5f4df413bd2de7dc05c1bf9c311cc.jpg
958,"<h1 class=""listing-item__header"">
    TÉLÉVISEUR SAMSUNG 50POUCES
</h1>",Neuf,Samsung,319 000 ,Plateau,https://i.roamcdn.net/hz/ed/listing-thumb-543w/b7646eba04ca6423f949f098b008d387/-/horizon-files-prod/ed/picture/qkr8pzkj/b4056277200ac567e8d4b217fcde9cf9aa840a01.jpg
959,"<h1 class=""listing-item__header"">
    TÉLÉVISEUR HISENSE 75POUCES SMART UHD 4K
</h1>",Neuf,Hisense,589 000 ,Plateau,https://i.roamcdn.net/hz/ed/listing-thumb-543w/3849d6b1350f4bffed95282117de257e/-/horizon-files-prod/ed/picture/q8v4p7pn/b1a5d058eda0fb2cd859e49b879b1c291fc88f10.jpg
960,"<h1 class=""listing-item__header"">
    TÉLÉVISEUR SAMSUNG 85POUCES UHD 8K NEO QLED
</h1>",Neuf,Samsung,2 800 000 ,Plateau,https://i.roamcdn.net/hz/ed/listing-thumb-543w/bb1030ddd0979ff22f357c224441cc49/-/horizon-files-prod/ed/picture/q44n0g5m/47695864a262f0aacc232750e5cc40c301704d42.jpg
961,"<h1 class=""listing-item__header"">
    TÉLÉVISEUR SAMSUNG 85POUCES SMART TV UHD 4K
</h1>",Neuf,Samsung,1 500 000 ,Plateau,https://i.roamcdn.net/hz/ed/listing-thumb-543w/bfd9d0175cecc8e1b4c87d8c87cf8142/-/horizon-files-prod/ed/picture/qde70g72/b8eacee46124dca8af4d747f778cc01d81a382d9.jpg
962,"<h1 class=""listing-item__header"">
    TÉLÉVISEUR LG 77POUCES OLED 4K SMART TV
</h1>",Neuf,LG,2 500 000 ,Plateau,https://i.roamcdn.net/hz/ed/listing-thumb-543w/4b57df5bae033a90656888a3f7bd5bc5/-/horizon-files-prod/ed/picture/q6xdnjk4/62a2c5581968e36f70aa43198cf0aa3df15a79e6.jpg
963,"<h1 class=""listing-item__header"">
    TÉLÉVISEUR 75POUCES SAMSUNG UHD 4K NEO QLED
</h1>",Neuf,Samsung,1 750 000 ,Plateau,https://i.roamcdn.net/hz/ed/listing-thumb-543w/bb0ea52e3ec8682ce48d0c37dea042f1/-/horizon-files-prod/ed/picture/qq429rdj/5410f71cbff55d0ed1f1123c56452565b44832f2.jpg
964,"<h1 class=""listing-item__header"">
    TÉLÉVISEUR 75POUCES HISENSE SMART UHD 4K
</h1>",Neuf,Hisense,589 000 ,Plateau,https://i.roamcdn.net/hz/ed/listing-thumb-543w/376fb98eea0efda1cb3c2552d1d5d276/-/horizon-files-prod/ed/picture/q56d9k6g/ec3d65f5d6f5563bd4d1ae2e0941d6b31239704a.jpg
965,"<h1 class=""listing-item__header"">
    TÉLÉVISEUR 65POUCES SAMSUNG UHD 4K
</h1>",Neuf,Samsung,469 000 ,Plateau,https://i.roamcdn.net/hz/ed/listing-thumb-543w/70a9d3229ac2ce6aeb005b309d62c508/-/horizon-files-prod/ed/picture/qv4wgjmv/68f0748ce6b5890c35a5a4edef7b79eb2fd0be48.jpg
966,"<h1 class=""listing-item__header"">
    TÉLÉVISEUR 77POUCES SAMSUNG SMART TV 4K OLED
</h1>",Neuf,Samsung,2 500 000 ,Plateau,https://i.roamcdn.net/hz/ed/listing-thumb-543w/4e7417ddd83ac75776c7dbb60fcd3340/-/horizon-files-prod/ed/picture/q56d9n7e/8bb0d3bb5c7d56f585d1ce6af74b115a00343b44.jpg
967,"<h1 class=""listing-item__header"">
    TÉLÉVISEUR 75POUCES SAMSUNG UHD 4K NEO QLED
</h1>",Neuf,Samsung,1 750 000 ,Plateau,https://i.roamcdn.net/hz/ed/listing-thumb-543w/031c96d91340bd945e81a34b1eaa7bcb/-/horizon-files-prod/ed/picture/qwepgxqg/626961198c5f13900caa44be8853dc23df9e99f8.jpg
968,"<h1 class=""listing-item__header"">
    TÉLÉVISEUR SAMSUNG UA 43POUCES SMART
</h1>",Neuf,Samsung,210 000 ,Plateau,https://i.roamcdn.net/hz/ed/listing-thumb-543w/1ed8890451be2a439b8864879fd471fd/-/horizon-files-prod/ed/picture/qm5g6kzr/31c85fc9e7acc179cc6c53a92d3992f0d5c17723.jpg
969,"<h1 class=""listing-item__header"">
    TÉLÉVISEUR SAMSUNG 50POUCES SMART 4K
</h1>",Neuf,Samsung,279 000 ,Plateau,https://i.roamcdn.net/hz/ed/listing-thumb-543w/7cb7ef673a88e516cbc4371ada9237b3/-/horizon-files-prod/ed/picture/qq429kej/e50043210b59fb12f8108bfa668feee3aa0c7692.jpg
970,"<h1 class=""listing-item__header"">
    TÉLÉVISEUR 50POUCES SAMSUNG
</h1>",Neuf,Samsung,279 000 ,Plateau,https://i.roamcdn.net/hz/ed/listing-thumb-543w/dbe14ac9c9c55f09aa32cf767b968908/-/horizon-files-prod/ed/picture/q0g7nxj6/9ed9dde6a3439618a9c7085788d326803fa6e3bd.jpg
971,"<h1 class=""listing-item__header"">
    TV BOX Android 12 | 64GB
</h1>",Neuf,Autre,25 000 ,Grand-Yoff,https://i.roamcdn.net/hz/ed/listing-thumb-543w/2a9ef34f5fd7da1d43fb4f00700e0241/-/horizon-files-prod/ed/picture/qendz4z4/c067577d259b535602bf0e48fe1561f5b216ebb0.jpg
972,"<h1 class=""listing-item__header"">
    TÉLÉVISEUR HISENSE 65POUCES LED SMART TV 4K
</h1>",Neuf,Hisense,379 000 ,Plateau,https://i.roamcdn.net/hz/ed/listing-thumb-543w/bb0b0691a775be69b5071e94136a0e2f/-/horizon-files-prod/ed/picture/qgqwp8rm/ab6fa4965bfe3656465f760200414c4de9739443.jpg
973,"<h1 class=""listing-item__header"">
    TÉLÉVISEUR 65POUCES HISENSE LED SMART TV 4K
</h1>",Neuf,Hisense,379 000 ,Plateau,https://i.roamcdn.net/hz/ed/listing-thumb-543w/09dbfd2e1c4152317cecef70aa89570b/-/horizon-files-prod/ed/picture/qkr8p0kp/fb5907c3642610c787daa3ace30dde5297619421.jpg
974,"<h1 class=""listing-item__header"">
    AnyCast Récepteur streaming WiFi caster téléphone
</h1>",Neuf,Autre,10 000 ,Patte d‘oie,https://i.roamcdn.net/hz/ed/listing-thumb-543w/644a95ba0329438019425a10488631fe/-/horizon-files-prod/ed/picture/q6xdn5v4/a0e61c3f5367eea5ac063eec3496b50fb35ee90c.jpg
975,"<h1 class=""listing-item__header"">
    BARRE DE SON HISENSE 200W
</h1>",Neuf,Hisense,115 000 ,Plateau,https://i.roamcdn.net/hz/ed/listing-thumb-543w/d861e99e6655c36498e0e388da947bcd/-/horizon-files-prod/ed/picture/qrz8njrn/9afe9be89bdf0dea0c396bf6857e67e6fa73e978.jpg
976,"<h1 class=""listing-item__header"">
    BARRE DE SON HISENSE 200W HS218 2.1
</h1>",Neuf,Hisense,115 000 ,Plateau,https://i.roamcdn.net/hz/ed/listing-thumb-543w/c342542f63d92d60e22a0eabf6ae4dc4/-/horizon-files-prod/ed/picture/q0g7n97m/8d6fbb80ed55cbb30ffacc58c118481f6f4746ef.jpg
977,"<h1 class=""listing-item__header"">
    BARRE DE SON HISENSE 120W
</h1>",Neuf,Hisense,98 000 ,Plateau,https://i.roamcdn.net/hz/ed/listing-thumb-543w/b41b756a22fcaf009f8016139110b9ff/-/horizon-files-prod/ed/picture/q78wp0we/02dce82857328e38b168e39a03802021a7abe361.jpg
978,"<h1 class=""listing-item__header"">
    TÉLÉVISEUR 43POUCES HISENSE LED SMART TV VIDAA
</h1>",Neuf,Hisense,149 000 ,Plateau,https://i.roamcdn.net/hz/ed/listing-thumb-543w/a8a1103b4ad30db0995e40358e73ac43/-/horizon-files-prod/ed/picture/q6xdnvkp/e8b952dfb1d703242b300dfd70b1564a3d277383.jpg
979,"<h1 class=""listing-item__header"">
    TÉLÉVISEUR HISENSE 43POUCES LED SMART TV VIDAA
</h1>",Neuf,Autre,149 000 ,Plateau,https://i.roamcdn.net/hz/ed/listing-thumb-543w/215760bcdec3f978f89c98ccf7ec2035/-/horizon-files-prod/ed/picture/q44n0689/93b510c17eccdbafbac7107c62ff613bca7e2051.jpg
980,"<h1 class=""listing-item__header"">
    Vidéoprojecteur ANDROID  wifi 170pouces BT 1100Lux 8go
</h1>",Neuf,Autre,35 000 ,Patte d‘oie,https://i.roamcdn.net/hz/ed/listing-thumb-543w/4651ae6acc286b05dd2c402b55b4eabc/-/horizon-files-prod/ed/picture/q8vz2q2x/5125bca6b67b85f00e3612974dc1a48c4e1e76b7.jpg
981,"<h1 class=""listing-item__header"">
    TÉLÉVISEUR TCL 85POUCES ANDROID 4K
</h1>",Neuf,Autre,975 000 ,Plateau,https://i.roamcdn.net/hz/ed/listing-thumb-543w/64c6d64655c8c35ffbcf308c578495d5/-/horizon-files-prod/ed/picture/qkr8ppn5/488cf4e0e048a342dce78d22baedcee17bb8fdc7.jpg
982,"<h1 class=""listing-item__header"">
    TÉLÉVISEUR 98POUCES TCL 4K HDR
</h1>",Neuf,TCL,2 250 000 ,Plateau,https://i.roamcdn.net/hz/ed/listing-thumb-543w/a5a442863016b4cbbde0e4887abce21e/-/horizon-files-prod/ed/picture/qenv99mx/12a244523275f7e402a2ae7b05fbcffff5083913.jpg
983,"<h1 class=""listing-item__header"">
    TÉLÉVISEUR 75POUCES TCL SMART ANDROID 4K
</h1>",Neuf,TCL,549 000 ,Plateau,https://i.roamcdn.net/hz/ed/listing-thumb-543w/8749f047aed3b54e27c72c72f93f89ae/-/horizon-files-prod/ed/picture/q0g7nn0x/f0f33171836dbb105b1f03e0aed9e2dd1c129894.jpg
984,"<h1 class=""listing-item__header"">
    TÉLÉVISEUR TCL 65POUCES SMART ANDROID 4K
</h1>",Neuf,Autre,369 000 ,Plateau,https://i.roamcdn.net/hz/ed/listing-thumb-543w/88187f806d9a6cd7dac909ff891c7e6c/-/horizon-files-prod/ed/picture/qde700j0/29a781013aec763cc38d159b6db5d5192f7fd8c0.jpg
985,"<h1 class=""listing-item__header"">
    TÉLÉVISEUR 50POUCES TCL ANDROID 4K
</h1>",Neuf,TCL,235 000 ,Plateau,https://i.roamcdn.net/hz/ed/listing-thumb-543w/3f2433fae3373beace93d9b2c7a4bc03/-/horizon-files-prod/ed/picture/q6xdnnmz/150ee932ff1213fe1f392414ab6e85739c963d92.jpg
986,"<h1 class=""listing-item__header"">
    TÉLÉVISEUR TCL 55 POUCES SMART ANDROID 4K
</h1>",Neuf,Autre,259 000 ,Plateau,https://i.roamcdn.net/hz/ed/listing-thumb-543w/650f6152dc3bd331fd68238e2055dd28/-/horizon-files-prod/ed/picture/qv4wggq5/da977bdf31fda2133cc891683e7f5c27aa78d534.jpg
987,"<h1 class=""listing-item__header"">
    TÉLÉVISEUR 43POUCES TCL SMART ANDROID
</h1>",Neuf,TCL,169 000 ,Plateau,https://i.roamcdn.net/hz/ed/listing-thumb-543w/a564164a7deee2a85f296c8e24a442ab/-/horizon-files-prod/ed/picture/q8v4ppnp/6f6b60b3fd4b895a0855ff2ccdb7a72896980eb1.jpg
988,"<h1 class=""listing-item__header"">
    SUPPORT SPLIT TCL GRAND MODEL
</h1>",Neuf,TCL,15 000 ,Plateau,https://i.roamcdn.net/hz/ed/listing-thumb-543w/029c457fca17c516d4edbc9e98854e19/-/horizon-files-prod/ed/picture/qv4wggxm/33ec552ac726ca761c99a5b48190c216d6f59c71.jpg
989,"<h1 class=""listing-item__header"">
    LG UHD AI 75 UR80
</h1>",Neuf,LG,800 000 ,Médina,https://i.roamcdn.net/hz/ed/listing-thumb-543w/fc7ed9f48a2203eab636581f3ac955b3/-/horizon-files-prod/ed/picture/q2j07kdd/617cdeefe117442348366190541928fafc6aab2b.jpg
990,"<h1 class=""listing-item__header"">
    Samsung TV 4K 85 Pouces Smart
</h1>",Neuf,Samsung,1 599 000 ,Fenêtre mermoz,https://i.roamcdn.net/hz/ed/listing-thumb-543w/aeba42081973d7676f43b52299bfc3f6/-/horizon-files-prod/ed/picture/qx5dkmz/50e132a3c7e2ef10aec504a92ce1d13db1cbdfd6.jpg
991,"<h1 class=""listing-item__header"">
    TÉLÉVISEUR SMART TECHNOLOGY 32 POUCES
</h1>",Neuf,Autre,63 000 ,Plateau,https://i.roamcdn.net/hz/ed/listing-thumb-543w/04b46799a67c504059f74094d227d2c1/-/horizon-files-prod/ed/picture/qrz8nrw8/1a2ccb1278ce162d1ed61fd9da87a326ec0c31fb.jpg
992,"<h1 class=""listing-item__header"">
    TÉLÉVISEUR 43POUCES TCL SMART ANDROID
</h1>",Neuf,TCL,169 000 ,Plateau,https://i.roamcdn.net/hz/ed/listing-thumb-543w/f3a81090bd48435c9e619e1e3ddf2517/-/horizon-files-prod/ed/picture/q8v4pm8z/db273f970beb99b706ee15a783c1affbcbe8a6f1.jpg
993,"<h1 class=""listing-item__header"">
    TÉLÉVISEUR TCL 65POUCES SMART ANDROID 4K
</h1>",Neuf,Autre,379 000 ,Plateau,https://i.roamcdn.net/hz/ed/listing-thumb-543w/24616d8d8f44d18c5a57657b7cd53e91/-/horizon-files-prod/ed/picture/qngp798r/12107563c7eb80b6fe1f462e5fc22d201fd00693.jpg
994,"<h1 class=""listing-item__header"">
    TÉLÉVISEUR 50POUCES TCL ANDROID 4K
</h1>",Neuf,TCL,235 000 ,Plateau,https://i.roamcdn.net/hz/ed/listing-thumb-543w/2cf389c34eaaa444e9161e569d5277c4/-/horizon-files-prod/ed/picture/q2j07k9d/0786cbfb00332024550ca9f54d8bd98f384e5ed8.jpg
995,"<h1 class=""listing-item__header"">
    TÉLÉVISEUR 75POUCES TCL SMART ANDROID 4K
</h1>",Neuf,TCL,549 000 ,Plateau,https://i.roamcdn.net/hz/ed/listing-thumb-543w/e38e9a84d61db7cefb2b56f7c627b9bf/-/horizon-files-prod/ed/picture/q9mj5k2p/c643b166f1442cad7cd0468b1e85c82d89e53553.jpg
996,"<h1 class=""listing-item__header"">
    TÉLÉVISEUR 43POUCES SAMSUNG UA SMART
</h1>",Neuf,Samsung,219 000 ,Plateau,https://i.roamcdn.net/hz/ed/listing-thumb-543w/e6ee4816ff46b38f84bd6196791fd880/-/horizon-files-prod/ed/picture/qxjpg8n8/8265e65839cc4a80d2cfef18fbaf040966c8603c.jpg
997,"<h1 class=""listing-item__header"">
    TÉLÉVISEUR SOLSTAR 65POUCES LED ANDROID
</h1>",Neuf,Autre,349 000 ,Plateau,https://i.roamcdn.net/hz/ed/listing-thumb-543w/ea88231d611219efae3ac250e99d24d2/-/horizon-files-prod/ed/picture/qwepgprp/66bec7a01206006e4037cbaeb2ba75aab5bca4ca.jpg
998,"<h1 class=""listing-item__header"">
    TÉLÉVISEUR SOLSTAR 65POUCES SMART LED ANDROID
</h1>",Neuf,Autre,349 000 ,Plateau,https://i.roamcdn.net/hz/ed/listing-thumb-543w/fb74413dc03b9c29427cccdd26ee4199/-/horizon-files-prod/ed/picture/qv4wgwdm/327940a6b817b9d05d628652e75ce646ef6282b3.jpg
999,"<h1 class=""listing-item__header"">
    TABLE SUPPORT TÉLÉVISEUR 32-90POUCES
</h1>",Neuf,Autre,129 000 ,Plateau,https://i.roamcdn.net/hz/ed/listing-thumb-543w/3e036244f4989a47c4e2dbb974d7f26b/-/horizon-files-prod/ed/picture/q6xdn66z/65d592685f026d367fe59fefcac26d67a36a2de8.jpg
1000,"<h1 class=""listing-item__header"">
    PROMO MINI CHAÎNE SMART TECHNOLOGY
</h1>",Neuf,Autre,39 000 ,Plateau,https://i.roamcdn.net/hz/ed/listing-thumb-543w/af7cd62b98145115656801a64b472325/-/horizon-files-prod/ed/picture/qenvrg66/202e5b271c934aa344234e1873000d354d51c87d.jpg
1001,"<h1 class=""listing-item__header"">
    PROMO BARRE DE SON SMART TECHNOLOGY
</h1>",Neuf,Autre,49 000 ,Plateau,https://i.roamcdn.net/hz/ed/listing-thumb-543w/d0a7fcabe5f836e23cc3327fbae9a0ab/-/horizon-files-prod/ed/picture/qzvp8gmx/fa0130548dcdc16ee6a68c0886b6c3c7320631b2.jpg
1002,"<h1 class=""listing-item__header"">
    PROMO BARRE DE SON SMART TECHNOLOGY
</h1>",Neuf,Autre,49 000 ,Plateau,https://i.roamcdn.net/hz/ed/listing-thumb-543w/32081c5fab5d624ef48b5154f01e0d4a/-/horizon-files-prod/ed/picture/qrz8rdeg/2fa88ec9ede0596e0cd495218ef992010ed54790.jpg
1003,"<h1 class=""listing-item__header"">
    Smart TV 55''
</h1>",Neuf,"LG, Samsung, Heseinse, Vizio, JVC, Philips etc.",315 000 ,Parcelles Assainies,https://i.roamcdn.net/hz/ed/listing-thumb-543w/2d1266f5522e379775538a03809a2229/-/horizon-files-prod/ed/picture/qpqrg6j/1eb2c00e7658f6ceef9f3b501cf6af08c0d73234.jpg
1004,"<h1 class=""listing-item__header"">
    PROMO TÉLÉVISEUR SMART TECHNOLOGY 32POUCES SMART TV
</h1>",Neuf,Autre,82 000 ,Plateau,https://i.roamcdn.net/hz/ed/listing-thumb-543w/cb7ef5d7b071f1ce49c59c70f34a345a/-/horizon-files-prod/ed/picture/q6xdq0jz/54d9633daf586152e65d933b005ad82fd8819b6a.jpg
1005,"<h1 class=""listing-item__header"">
    Barre de son SAMSUNG 2.1, 200W Bluetooth HW-T450
</h1>",Neuf,Samsung,140 000 ,Médina,https://i.roamcdn.net/hz/ed/listing-thumb-543w/57a835cfc80433dedc577081c76aa0b3/-/horizon-files-prod/ed/picture/qrmew59/773bdac153d01684a83b0453bfc990e1666003ea.jpg
1006,"<h1 class=""listing-item__header"">
    TELEVISEUR SAMSUNG 55 QLED TV 55Q60
</h1>",Neuf,Samsung,410 000 ,Plateau,https://i.roamcdn.net/hz/ed/listing-thumb-543w/baee01245c259dd66d2bffd50a53f3cf/-/horizon-files-prod/ed/picture/qpdmgxwv/393eac8cf960307d1197283283698ee41fe6258f.jpg
1007,"<h1 class=""listing-item__header"">
    Écran hp 22f neufs
</h1>",Neuf,Autre,125 000 ,Médina,https://i.roamcdn.net/hz/ed/listing-thumb-543w/a26a5ab648b1adcc3c5174f3ee58c87e/-/horizon-files-prod/ed/picture/q8v4mew9/900f9b9cbd825b0632494a77b1731844f0f2f7cd.jpg
1008,"<h1 class=""listing-item__header"">
    Écran  hp 22 pouce  neufs
</h1>",Neuf,Autre,110 000 ,Médina,https://i.roamcdn.net/hz/ed/listing-thumb-543w/df8be77683763f4fa1fd1055c67c15b7/-/horizon-files-prod/ed/picture/qweprv7g/89d9de43474541cc5d8a3d6565439850facefd7a.jpg
1009,"<h1 class=""listing-item__header"">
    Mini Projecteur Android TV
</h1>",Neuf,Autre,160 000 ,Grand-Yoff,https://i.roamcdn.net/hz/ed/listing-thumb-543w/d5632721483a15f11238e6fb73510794/-/horizon-files-prod/ed/picture/qv444pkx/7d4ca3e26951f3eff98959215003c4f4fd608a59.jpg
1010,"<h1 class=""listing-item__header"">
    PROMO TÉLÉVISEUR SMART TECHNOLOGY 43POUCES SMART
</h1>",Neuf,Autre,129 000 ,Plateau,https://i.roamcdn.net/hz/ed/listing-thumb-543w/3fa79f8f32cfe71d0333078ae88d6ab5/-/horizon-files-prod/ed/picture/qpdmgzjr/725df4dcade0834b4450e5aee815e51e0079924a.jpg
1011,"<h1 class=""listing-item__header"">
    TELEVISEUR HISENSE 86 SMART
</h1>",Neuf,Hisense,2 075 000 ,Plateau,https://i.roamcdn.net/hz/ed/listing-thumb-543w/ffe58004697e7834e5cecc44610f6dea/-/horizon-files-prod/ed/picture/qgqwmxn8/1f1ba75c7effb5ffc4b753f98866033db0758cc7.jpg
1012,"<h1 class=""listing-item__header"">
    TOUR DE SON BLUETOOTH USB FM AUX 100 watts - BLUESKY
</h1>",Neuf,Autre,25 000 ,Patte d‘oie,https://i.roamcdn.net/hz/ed/listing-thumb-543w/654efdfc3a00497cdbb57a7a03663c9a/-/horizon-files-prod/ed/picture/q9mjk787/2728ee3ad1bd8b26a9891c11b14a7bab7b8e57eb.jpg
1013,"<h1 class=""listing-item__header"">
    Smart Technology intelligent  65″ Smart TV UHD STT-6597K
</h1>",Neuf,Smart Technology,319 000 ,Parcelles Assainies,https://i.roamcdn.net/hz/ed/listing-thumb-543w/6175836e8b1110c8945ca2073c06980c/-/horizon-files-prod/ed/picture/qxjp8700/b50267ceab5fd7778da13fb675ee8099bc668474.jpg
1014,"<h1 class=""listing-item__header"">
    PROMO TÉLÉVISEUR TORL 32POUCES ANDROID SMART TV
</h1>",Neuf,Autre,79 000 ,Plateau,https://i.roamcdn.net/hz/ed/listing-thumb-543w/f45290a9239eae799ad8ad74031970f3/-/horizon-files-prod/ed/picture/q6xdqwgd/c5f573c2d50bb6b1fc2e8a64ce623b8fa1a23dc3.jpg
1015,"<h1 class=""listing-item__header"">
    PROMO TÉLÉVISEUR TORL 43POUCES SMART TV
</h1>",Neuf,Autre,129 000 ,Plateau,https://i.roamcdn.net/hz/ed/listing-thumb-543w/d85351f339f18bbc492abb9f330beb83/-/horizon-files-prod/ed/picture/qngp9vmm/b4bde22a1f16fbc27ac40b568b6a4e47cfabca74.jpg
1016,"<h1 class=""listing-item__header"">
    PROMO TÉLÉVISEUR TORL 50 POUCES ANDROID SMART TV 4K
</h1>",Neuf,Autre,189 000 ,Plateau,https://i.roamcdn.net/hz/ed/listing-thumb-543w/7c7fec91b410851d92337234472f1e3c/-/horizon-files-prod/ed/picture/qj4q6g85/64bc74c1ea13e7f734c1e01d42a6a7f7a90ffed6.jpg
1017,"<h1 class=""listing-item__header"">
    PROMO TÉLÉVISEUR TORL 55 POUCES ANDROID SMART TV 4K
</h1>",Neuf,Autre,219 000 ,Plateau,https://i.roamcdn.net/hz/ed/listing-thumb-543w/f5454cf8c7e9caea01e94632ea6ce1e3/-/horizon-files-prod/ed/picture/q9mjkz77/fa15d784be8de68c941dfddbce56e1134edad652.jpg
1018,"<h1 class=""listing-item__header"">
    PROMO MINI CHAINE LG ON7
</h1>",Neuf,LG,239 000 ,Plateau,https://i.roamcdn.net/hz/ed/listing-thumb-543w/94668437aa4bd8cfff180a85484cc3d6/-/horizon-files-prod/ed/picture/qpdmg9vj/95dddfa659a4e0c2d6ccf5e65a233cc9ee7b5924.jpg
1019,"<h1 class=""listing-item__header"">
    PROMO MINI CHAÎNE LG ON7
</h1>",Neuf,LG,239 000 ,Plateau,https://i.roamcdn.net/hz/ed/listing-thumb-543w/7c50a03f4972ab611808f68bb70bc460/-/horizon-files-prod/ed/picture/qweprx0k/ca431faaf548eff2700e377340ebe429463f3239.jpg
1020,"<h1 class=""listing-item__header"">
    PROMO TÉLÉVISEUR 55POUCES TORL ANDROID SMART TV 4K
</h1>",Neuf,Autre,219 000 ,Plateau,https://i.roamcdn.net/hz/ed/listing-thumb-543w/15c7b86ee2d03bee91111e63022ce1f9/-/horizon-files-prod/ed/picture/qj4q6gde/386c7716239b30a1561817a9ba2c5cd6a5426f8f.jpg
1021,"<h1 class=""listing-item__header"">
    PROMO TÉLÉVISEUR 50POUCES TORL ANDROID SMART TV 4K
</h1>",Neuf,Autre,189 000 ,Plateau,https://i.roamcdn.net/hz/ed/listing-thumb-543w/c6b10b4ffa8e7f69bdd9bacd24747259/-/horizon-files-prod/ed/picture/qweprx9k/bbe7cba51826bfd38977519285f77f154c63713a.jpg
1022,"<h1 class=""listing-item__header"">
    PROMO TÉLÉVISEUR 43POUCES TORL ANDROID SMART TV
</h1>",Neuf,Autre,129 000 ,Plateau,https://i.roamcdn.net/hz/ed/listing-thumb-543w/4afe0996481aa7398b472be89a292408/-/horizon-files-prod/ed/picture/qzvp8kqv/67008ec1aa9355dd2c68890611486d45be43dc3a.jpg
1023,"<h1 class=""listing-item__header"">
    PROMO TÉLÉVISEUR 32POUCES TORL ANDROID SMART TV
</h1>",Neuf,Autre,79 000 ,Plateau,https://i.roamcdn.net/hz/ed/listing-thumb-543w/7082eda4008787f578ff5522e7980ed6/-/horizon-files-prod/ed/picture/qweprx8k/316079eda7538d31eda49d403c0bae8586ecc22b.jpg
1024,"<h1 class=""listing-item__header"">
    PROMO TÉLÉVISEUR TORL 32 ANDROID SMART TV
</h1>",Neuf,Autre,79 000 ,Plateau,https://i.roamcdn.net/hz/ed/listing-thumb-543w/48d5648eb8551e653d33aed872b5aeb9/-/horizon-files-prod/ed/picture/qzvp8kx6/f9ca0c9a1653a0bf9fe51f66c6f863fec94b32e5.jpg
1025,"<h1 class=""listing-item__header"">
    PROMO TÉLÉVISEUR SMART 55 POUCES SMART ANDROID
</h1>",Neuf,Autre,229 000 ,Plateau,https://i.roamcdn.net/hz/ed/listing-thumb-543w/0eedcd28b38ed6ade5c860db0639559d/-/horizon-files-prod/ed/picture/qweprwjm/d1b109e83e715f8554c5e637337ef8cd4f507ede.jpg
1026,"<h1 class=""listing-item__header"">
    Android TV 42"" SHARP
</h1>",Neuf,Sharp,154 900 ,Plateau,https://i.roamcdn.net/hz/ed/listing-thumb-543w/1b5d00eed56c54d8870ccfc980f901ba/-/horizon-files-prod/ed/picture/q8v5j02p/422ee21a1175fcd4ffbf788635459ddc5ff8da08.jpg
1027,"<h1 class=""listing-item__header"">
    PROMO TÉLÉVISEUR 65POUCES SMART TECHNOLOGY SMART
</h1>",Neuf,Autre,279 000 ,Plateau,https://i.roamcdn.net/hz/ed/listing-thumb-543w/8ff85c748e9d236b175bc9733bff8309/-/horizon-files-prod/ed/picture/qweprwwm/edffca6357ddfce633380fc9c6ecdcc62cc94620.jpg
1028,"<h1 class=""listing-item__header"">
    Téléviseur Sony BRAVIA 75 4K Ultra HD X8OK Dolby Vision
</h1>",Neuf,Sony,789 000 ,Plateau,https://i.roamcdn.net/hz/ed/listing-thumb-543w/459a793efd1dc0a33ba0d9d679ae68d2/-/horizon-files-prod/ed/picture/qweprnx0/f466244ceced67ebac7ecf2873ecc2a3ed46e15f.jpg
1029,"<h1 class=""listing-item__header"">
    PROMO TÉLÉVISEUR 75POUCES SMART TECHNOLOGY SMART TV
</h1>",Neuf,Autre,439 000 ,Plateau,https://i.roamcdn.net/hz/ed/listing-thumb-543w/843b9d2465060f0ef5c6b486c41bbfff/-/horizon-files-prod/ed/picture/qq42z9ep/7e44f40bb721a3621d2e01f9fafeb3fd0e2562ce.jpg
1030,"<h1 class=""listing-item__header"">
    PROMO TÉLÉVISEUR 75POUCES SMART TECHNOLOGY SMART ANDROID 4K
</h1>",Neuf,Autre,489 000 ,Plateau,https://i.roamcdn.net/hz/ed/listing-thumb-543w/c870d8e84a403f023e5465c4b7f558b6/-/horizon-files-prod/ed/picture/qgqwmp6m/2934623b7f274fd753ef1cdace9d7b1c4fee605b.jpg
1031,"<h1 class=""listing-item__header"">
    PROMO TÉLÉVISEUR 86POUCES SMART TECHNOLOGY UHD 4K ANDROID
</h1>",Neuf,Autre,875 000 ,Plateau,https://i.roamcdn.net/hz/ed/listing-thumb-543w/0ae5af1c5b0076fabe48745640a12aea/-/horizon-files-prod/ed/picture/qgqwmprm/0a94f98d2d540e82c5fb182026e2cdcffc370e22.jpg
1032,"<h1 class=""listing-item__header"">
    PROMO TÉLÉVISEUR DESKA 32 POUCES SMART
</h1>",Neuf,Autre,73 000 ,Plateau,https://i.roamcdn.net/hz/ed/listing-thumb-543w/134208f691d06d13f68e48a5581de2b8/-/horizon-files-prod/ed/picture/q0g7k7dj/dfb076b3898b4a706f27e46746df50e6aaac6a90.jpg
1033,"<h1 class=""listing-item__header"">
    Clé Box tv Roku 4K
</h1>",Neuf,Autre,45 000 ,Grand-Yoff,https://i.roamcdn.net/hz/ed/listing-thumb-543w/d56f23815c49cfda452101d0b496b8f5/-/horizon-files-prod/ed/picture/qq47jvzz/329d87d0e5e8ebd5651ad55a1d17a14c8b8501a5.jpg
1034,"<h1 class=""listing-item__header"">
    TÉLÉVISEUR DESKA 75 POUCES SMART
</h1>",Neuf,Autre,439 000 ,Plateau,https://i.roamcdn.net/hz/ed/listing-thumb-543w/2e473a69be3b7fc1c5d52ec3b6021c2b/-/horizon-files-prod/ed/picture/qrz8rvr9/dadc9c5562621cd3c60a05a2f71f28d1f566a07a.jpg
1035,"<h1 class=""listing-item__header"">
    TÉLÉVISEUR DESKA 55 POUCES SMART ANTI-CASSE
</h1>",Neuf,Autre,249 000 ,Plateau,https://i.roamcdn.net/hz/ed/listing-thumb-543w/b38dc8077baa63fe1429b3115080653e/-/horizon-files-prod/ed/picture/qm5g0prz/f96990eda30e9af0508f610fe40d2af1487d0e6e.jpg
1036,"<h1 class=""listing-item__header"">
    TÉLÉVISEUR DESKA 55 POUCES SMART
</h1>",Neuf,Autre,219 000 ,Plateau,https://i.roamcdn.net/hz/ed/listing-thumb-543w/53c71670d05d791d8f20a40577702262/-/horizon-files-prod/ed/picture/q44n58d5/b8ee27505d78df27d99fe57b59ad407bc80af2d3.jpg
1037,"<h1 class=""listing-item__header"">
    TÉLÉVISEUR 32POUCES DESKA SMART
</h1>",Neuf,Autre,74 000 ,Plateau,https://i.roamcdn.net/hz/ed/listing-thumb-543w/4214b651c87bb2920c84eb42861cfa24/-/horizon-files-prod/ed/picture/qngp9xgg/4d30a5742891a7940c3af921601635cfe2154021.jpg
1038,"<h1 class=""listing-item__header"">
    TÉLÉVISEUR 50POUCES FOX SMART TV ANDROID 4K
</h1>",Neuf,Autre,189 000 ,Plateau,https://i.roamcdn.net/hz/ed/listing-thumb-543w/462e13142d3a8dee958dd50d6cf12524/-/horizon-files-prod/ed/picture/q78wj898/ceddcb22a1b9f56d29bdc416bc70c8bdfada56e0.jpg
1039,"<h1 class=""listing-item__header"">
    TÉLÉVISEUR 86POUCES LG SMART TV UHD 4K
</h1>",Neuf,LG,1 200 000 ,Plateau,https://i.roamcdn.net/hz/ed/listing-thumb-543w/a92c8d7191fda7c60d87a03647785239/-/horizon-files-prod/ed/picture/q78wj80m/f8b12f4013d9ac947dddf52a863c1acf8c3c35c0.jpg
1040,"<h1 class=""listing-item__header"">
    TÉLÉVISEUR 86POUCES LG MODÈLE 2022 UHD 4K
</h1>",Neuf,LG,1 200 000 ,Plateau,https://i.roamcdn.net/hz/ed/listing-thumb-543w/fb21e5e9940edb529bd645dcb67360d4/-/horizon-files-prod/ed/picture/q2j0kjwk/d416c3df902c0af38a61fcb0c639a6c93755b35a.jpg
1041,"<h1 class=""listing-item__header"">
    TÉLÉVISEUR FOX 50POUCES SMART TV ANDROID UND 4K
</h1>",Neuf,Autre,189 000 ,Plateau,https://i.roamcdn.net/hz/ed/listing-thumb-543w/56556a85ba8c8c3aaa65c5bf832000ae/-/horizon-files-prod/ed/picture/qxjp8jd0/ce0e1cd3421fa5ee625175d812883677166ed150.jpg
1042,"<h1 class=""listing-item__header"">
    TÉLÉVISEUR LG 86 POUCES 4K SMART TV
</h1>",Neuf,Autre,1 200 000 ,Plateau,https://i.roamcdn.net/hz/ed/listing-thumb-543w/00efb481594b1b63e80055aedd5a2cbc/-/horizon-files-prod/ed/picture/qrz8rzzj/75c188041f733822c5c1a9dc8b30e209a5d39a00.jpg
1043,"<h1 class=""listing-item__header"">
    Abonnement iptv netflix et vente de box Android
</h1>",Neuf,All Star,25 000 ,Castor,https://i.roamcdn.net/hz/ed/listing-thumb-543w/34e1051e50007b21cd743bdebf5a6efc/-/horizon-files-prod/ed/picture/q8v45pm7/a742ad72763e50ce6ba573f4729b188c64ca4f6a.jpg
1044,"<h1 class=""listing-item__header"">
    PROMO TÉLÉVISEUR FOX 43POUCES ANDROID 43UHD
</h1>",Neuf,Autre,119 000 ,Plateau,https://i.roamcdn.net/hz/ed/listing-thumb-543w/a106ae3cf23e61986ecfe6094cbc079d/-/horizon-files-prod/ed/picture/q78wwemq/d5d6a1833a25e5300c7718a755ca534c41ad081c.jpg
1045,"<h1 class=""listing-item__header"">
    SMART TV ANDROID DE ROSSO LED 4K 65″, HD
</h1>",Neuf,Autre,399 000 ,Fass,https://i.roamcdn.net/hz/ed/listing-thumb-543w/f3730e6f43f224e6479cbcdf2c087985/-/horizon-files-prod/ed/picture/q8v44757/6f8236f45c902c72cc244094d208c53759418dae.jpg
1046,"<h1 class=""listing-item__header"">
    SMART TV ANDROID DE ROSSO LED 4K 55″, UHD, écran sans bords
</h1>",Neuf,Autre,299 000 ,Fass,https://i.roamcdn.net/hz/ed/listing-thumb-543w/e1fb38a275b660d59c86e425e5a81141/-/horizon-files-prod/ed/picture/q9mjjv96/830eca9c16c85f9b4f8661a166c5175bb1c26eb0.jpg
1047,"<h1 class=""listing-item__header"">
    SMART TV ANDROID DE ROSSO LED 2K 43″, UHD, écran sans bords
</h1>",Neuf,Autre,149 000 ,Fass,https://i.roamcdn.net/hz/ed/listing-thumb-543w/7a4540ea97f4890cda0dd466d00e4149/-/horizon-files-prod/ed/picture/q2j00xqq/078df69067b98625c031dad4e008e418dc8667d0.jpg
1048,"<h1 class=""listing-item__header"">
    PROMO TÉLÉVISEUR 55 POUCES HISENSE SMART 4K
</h1>",Neuf,Autre,269 000 ,Plateau,https://i.roamcdn.net/hz/ed/listing-thumb-543w/0cf8d1bd3bb709f7581f5ba7c495c2b3/-/horizon-files-prod/ed/picture/q9mjj6z7/c302d828ccea7f72096fb4ac317ea74980a8d1c8.jpg
1049,"<h1 class=""listing-item__header"">
    TÉLÉVISEUR 43POUCES HISENSE LED SMART
</h1>",Neuf,Hisense,159 000 ,Plateau,https://i.roamcdn.net/hz/ed/listing-thumb-543w/acb6212eba3238f9d25147f501c03001/-/horizon-files-prod/ed/picture/qenvvj56/d67162b502079c18e1927566a4da89500736b74b.jpg
1050,"<h1 class=""listing-item__header"">
    TÉLÉVISEUR 50POUCES HISENSE LED SMART
</h1>",Neuf,Hisense,229 000 ,Plateau,https://i.roamcdn.net/hz/ed/listing-thumb-543w/c0df1fbb4acafd1263c988a0a142fc68/-/horizon-files-prod/ed/picture/q6xdd4n7/bb22bd60c22d59304ec20c2f40c5d8a3b4522221.jpg
1051,"<h1 class=""listing-item__header"">
    TÉLÉVISEUR 32POUCES HISENSE LED SMART
</h1>",Neuf,Autre,98 000 ,Plateau,https://i.roamcdn.net/hz/ed/listing-thumb-543w/d753664b1c6f6a719c519e851c46f935/-/horizon-files-prod/ed/picture/q78wwr78/f52e9eb1fa8f4f35f1b22c23ae60763dd12474d1.jpg
1052,"<h1 class=""listing-item__header"">
    BARRE DE SON HISENSE 200W
</h1>",Neuf,Hisense,98 000 ,Plateau,https://i.roamcdn.net/hz/ed/listing-thumb-543w/66b926bc6267a736147be643576f2388/-/horizon-files-prod/ed/picture/qzvpp5vx/8415a4d3ca49c3612225b78c00fc6858a50e35b4.jpg
1053,"<h1 class=""listing-item__header"">
    TÉLÉVISEUR 32LED HISENSE
</h1>",Neuf,Autre,78 000 ,Plateau,https://i.roamcdn.net/hz/ed/listing-thumb-543w/99d999b1e79a5c92b5db36070575699c/-/horizon-files-prod/ed/picture/qde77je0/220b73dbe006944f15305fb71f95df19674f4e86.jpg
1054,"<h1 class=""listing-item__header"">
    BARRE DE SON HISENSE 120W
</h1>",Neuf,Hisense,89 000 ,Plateau,https://i.roamcdn.net/hz/ed/listing-thumb-543w/8e3848a7bf13b746f65d3098524ecbcd/-/horizon-files-prod/ed/picture/q2j00njk/6effd53a22e5fce8406b2f1515790a3222538e17.jpg
1055,"<h1 class=""listing-item__header"">
    Télécommande samsung smart tv original/act électrique
</h1>",Neuf,Samsung,30 000 ,Dieuppeul,https://i.roamcdn.net/hz/ed/listing-thumb-543w/ef245d0374f8733987cf75ffb1f20dcf/-/horizon-files-prod/ed/picture/q78wwm4g/1910f9f200191ae526f35ce046af76dd7b4b6912.jpg
1056,"<h1 class=""listing-item__header"">
    TÉLÉVISEUR 32POUCES WIWLIL 32POUCES SMART
</h1>",Neuf,Autre,78 000 ,Plateau,https://i.roamcdn.net/hz/ed/listing-thumb-543w/9aba7105a5f9dd99db89f854fbc9b61f/-/horizon-files-prod/ed/picture/qgqww898/f32e43d6890f43cbb49f925a2f8a6784430b3fc7.jpg
1057,"<h1 class=""listing-item__header"">
    PROMO TÉLÉVISEUR 32 POUCES TEKO SMART
</h1>",Neuf,Autre,78 000 ,Plateau,https://i.roamcdn.net/hz/ed/listing-thumb-543w/36e8f491994828c58b2f2d42322fb937/-/horizon-files-prod/ed/picture/qrz887vn/373d21f3822292e1f11f34d9f81058022da3938a.jpg
1058,"<h1 class=""listing-item__header"">
    PROMO TÉLÉVISEUR 32POUCES DESKA SMART
</h1>",Neuf,Autre,74 000 ,Plateau,https://i.roamcdn.net/hz/ed/listing-thumb-543w/c1c42a9d7042c3cb17ab00ae47f2accf/-/horizon-files-prod/ed/picture/q8v44g54/0b5664ae2de3e453b8aa7bd2d96fd21b60a5ce7b.jpg
1059,"<h1 class=""listing-item__header"">
    PROMO TÉLÉVISEUR 32 POUCES FOX SMART TV ANDROID
</h1>",Neuf,Autre,73 000 ,Plateau,https://i.roamcdn.net/hz/ed/listing-thumb-543w/9a8ed9e197f0295a1c851d3b5fde1f35/-/horizon-files-prod/ed/picture/qngppwxg/91f33bae37e931c8a97183354b344e975d6dfebb.jpg
1060,"<h1 class=""listing-item__header"">
    PROMO TÉLÉVISEUR 32POUCES TORL LED TV
</h1>",Neuf,Autre,69 000 ,Plateau,https://i.roamcdn.net/hz/ed/listing-thumb-543w/07b9b7372dd6815fa79215c8c5846070/-/horizon-files-prod/ed/picture/q0g77d2m/cc6b863d9c8959eadaa3b015af3540649f6fb99b.jpg
1061,"<h1 class=""listing-item__header"">
    PROMO TÉLÉVISEUR 32 POUCES WEST LED
</h1>",Neuf,Autre,62 000 ,Plateau,https://i.roamcdn.net/hz/ed/listing-thumb-543w/6abcce1e04747ff59a98887c34d1d204/-/horizon-files-prod/ed/picture/q2j00gr2/bfb55c6b5e2865d1c6ac8fa2ec245c34cd626298.jpg
1062,"<h1 class=""listing-item__header"">
    PROMO TÉLÉVISEUR 32POUCES SYINIX LED
</h1>",Neuf,Autre,62 000 ,Plateau,https://i.roamcdn.net/hz/ed/listing-thumb-543w/6b472717b9d795e858225b053c65d201/-/horizon-files-prod/ed/picture/qpdmm8wq/da4b86a043f12e93f8d08beff5093bac1ada7b5a.jpg
1063,"<h1 class=""listing-item__header"">
    PROMO TÉLÉVISEUR ATV 26POUCES LED
</h1>",Neuf,Autre,47 000 ,Plateau,https://i.roamcdn.net/hz/ed/listing-thumb-543w/de35ba2b0af526783efbb76c3df73872/-/horizon-files-prod/ed/picture/qv4wwz42/4db96d1e6421eeebee3e8829fb14e37950ce0040.jpg
1064,"<h1 class=""listing-item__header"">
    PROMO TÉLÉVISEUR 43 POUCES SMART FOX ANDROID
</h1>",Neuf,Autre,119 000 ,Plateau,https://i.roamcdn.net/hz/ed/listing-thumb-543w/735edafbccea3f102521923e80778f42/-/horizon-files-prod/ed/picture/q2j00gj2/26ee78ebe9c8b200a4aa8297e37af66b3830c901.jpg
1065,"<h1 class=""listing-item__header"">
    PROMO TÉLÉVISEUR EVERFINE 32POUCES LED TV
</h1>",Neuf,Autre,59 000 ,Plateau,https://i.roamcdn.net/hz/ed/listing-thumb-543w/b61076a1377637a5bfc140469b1ca50b/-/horizon-files-prod/ed/picture/qde77nem/cd6d3a05876e87d6c245e971fcc945d0a7c9a6f4.jpg
1066,"<h1 class=""listing-item__header"">
    Box Android 4K
</h1>",Neuf,Autre,25 000 ,Parcelles Assainies,https://i.roamcdn.net/hz/ed/listing-thumb-543w/11d5d70406cfbef891d3036c9583171f/-/horizon-files-prod/ed/picture/qq47pzq4/07de8a83c4fa61569393eb0a782d195fbacccf02.jpg
1067,"<h1 class=""listing-item__header"">
    TÉLÉVISEUR FOX 50POUCES SMART TV ANDROID UND 4K
</h1>",Neuf,Autre,189 000 ,Plateau,https://i.roamcdn.net/hz/ed/listing-thumb-543w/9df8236cd2cb35f9c5d38c6e332ee90b/-/horizon-files-prod/ed/picture/qq422z6w/2f6a04fd541d9a2cabeea26bd200bc3386688d2b.jpg
1068,"<h1 class=""listing-item__header"">
    TÉLÉVISEUR 86POUCES LG
</h1>",Neuf,LG,1 300 000 ,Plateau,https://i.roamcdn.net/hz/ed/listing-thumb-543w/654f8a5d5b030f15bed2f91e3ce99ab2/-/horizon-files-prod/ed/picture/qpdmmgj4/c319c8f7c81fde3ba7f0c061443dcbafaaeb70ff.jpg
1069,"<h1 class=""listing-item__header"">
    TÉLÉVISEUR 32 POUCES WEST ANDROID SMART
</h1>",Neuf,Autre,78 000 ,Plateau,https://i.roamcdn.net/hz/ed/listing-thumb-543w/b2e05dc12277a6a3e5bda7baa440cf58/-/horizon-files-prod/ed/picture/qgqww9d9/ac4b867b24bd793edf67b5622025e59c9f3f5f51.jpg
1070,"<h1 class=""listing-item__header"">
    TÉLÉVISEUR 32POUCES FOX SMART TV ANDROID
</h1>",Neuf,Autre,73 000 ,Plateau,https://i.roamcdn.net/hz/ed/listing-thumb-543w/45feb7b12b093e114672a05243f688be/-/horizon-files-prod/ed/picture/qm5ggpjr/410c2fab882016fc9788ead4140e4cc7eacfd171.jpg
1071,"<h1 class=""listing-item__header"">
    TÉLÉVISEUR 32POUCES WEST ANDROID SMART
</h1>",Neuf,Autre,73 000 ,Plateau,https://i.roamcdn.net/hz/ed/listing-thumb-543w/ef107515ac77e156923256ebc640714a/-/horizon-files-prod/ed/picture/qwepp2n4/3df1de7b2d1319ffbe2b21c2bb7283488040ee5e.jpg
1072,"<h1 class=""listing-item__header"">
    TÉLÉVISEUR 50POUCES FOX SMART TV ANDROID UHD 4K
</h1>",Neuf,Autre,189 000 ,Plateau,https://i.roamcdn.net/hz/ed/listing-thumb-543w/afd9192ac116859f609ff51933d7a52e/-/horizon-files-prod/ed/picture/q9mjj9rv/49ff4e13f25fbe4ca52d52df43db8a69e210ab44.jpg
1073,"<h1 class=""listing-item__header"">
    Smart TV Android 85"" ASTECH
</h1>",Neuf,Astech,955 000 ,Plateau,https://i.roamcdn.net/hz/ed/listing-thumb-543w/c01a5606a2edd2906538ffcda7e0fee1/-/horizon-files-prod/ed/picture/qq4224wp/b877381da321938f5db9a0a1d161156c942f6867.jpg
1074,"<h1 class=""listing-item__header"">
    NVIDIA SHIELD TV BOX
</h1>",Neuf,Autre,135 000 ,Grand-Yoff,https://i.roamcdn.net/hz/ed/listing-thumb-543w/8b2b5b721eaadc9267141c87169e7879/-/horizon-files-prod/ed/picture/qqee00j/8431f94e1891ef4ad902f9997f27dc46fa0b98d8.jpg
1075,"<h1 class=""listing-item__header"">
    Abonnement iptv
</h1>",Neuf,All Star,1 ,Castor,https://i.roamcdn.net/hz/ed/listing-thumb-543w/5b59e66c635553cb47467d817d450bde/-/horizon-files-prod/ed/picture/q78w5k2d/76e6935492acb5fbed0ce017c125a730e6061df1.jpg
1076,"<h1 class=""listing-item__header"">
    PROMO TÉLÉVISEUR ASTECH 43POUCES SMART ANDROID
</h1>",Neuf,Astech,139 000 ,Plateau,https://i.roamcdn.net/hz/ed/listing-thumb-543w/5d6e3f9d151b334b11c2fbf0391562f1/-/horizon-files-prod/ed/picture/q8v45jp6/b17f60f723c8b2f068fd0479e536407c0d0bd56a.jpg
1077,"<h1 class=""listing-item__header"">
    PROMO TÉLÉVISEUR DESKA 32POUCES SMART
</h1>",Neuf,Autre,78 000 ,Plateau,https://i.roamcdn.net/hz/ed/listing-thumb-543w/6c3fd42b5d47054eabbf87e77420b645/-/horizon-files-prod/ed/picture/qwep2dg6/35f9bf99627e5eba8f1cf5d5694982c9df59e318.jpg
1078,"<h1 class=""listing-item__header"">
    PROMO TÉLÉVISEUR 43POUCES DESKA SMART
</h1>",Neuf,Autre,124 000 ,Plateau,https://i.roamcdn.net/hz/ed/listing-thumb-543w/d4e01fe8aa2bf41a4e6db2d157dc2691/-/horizon-files-prod/ed/picture/qngpx47v/bfe4d89efe58a245f42dd2ba818d4006cf7c8b07.jpg
1079,"<h1 class=""listing-item__header"">
    TÉLÉVISEUR 55POUCES DESKA SMART ANTI-CASSE
</h1>",Neuf,Autre,244 000 ,Plateau,https://i.roamcdn.net/hz/ed/listing-thumb-543w/3927942308ae4fcfd7e469ba23122142/-/horizon-files-prod/ed/picture/q6xdkgnz/07876d4b02547b99f2fdb95716c9cfd017e9a078.jpg
1080,"<h1 class=""listing-item__header"">
    TÉLÉVISEUR 43POUCES WEST ANDROID
</h1>",Neuf,Autre,109 000 ,Plateau,https://i.roamcdn.net/hz/ed/listing-thumb-543w/e49b19a61359069cf1ee8770598d991c/-/horizon-files-prod/ed/picture/qxjp258q/cf29cefe9952e327500fc3cd89dbce55cd924d16.jpg
1081,"<h1 class=""listing-item__header"">
    TÉLÉVISEUR 55POUCES SAMSUNG 4K UA
</h1>",Neuf,Samsung,339 000 ,Plateau,https://i.roamcdn.net/hz/ed/listing-thumb-543w/3f7ad9a25fb02c66965a70cf934e7d83/-/horizon-files-prod/ed/picture/qj4qrezw/04cfd028f6d8942ead4f1482167ade3cab133695.jpg
1082,"<h1 class=""listing-item__header"">
    TÉLÉVISEUR SMART TECHNOLOGY 43POUCES SMART
</h1>",Neuf,Autre,129 000 ,Plateau,https://i.roamcdn.net/hz/ed/listing-thumb-543w/3ad37ec5e2edabeb5a1ec9cbd9a8b663/-/horizon-files-prod/ed/picture/q9mj9vn5/5a8d622bc1d99ee368a291505b20bf824a1ed010.jpg
1083,"<h1 class=""listing-item__header"">
    TÉLÉVISEUR SAMSUNG 55POUCES QLED
</h1>",Neuf,Samsung,398 000 ,Plateau,https://i.roamcdn.net/hz/ed/listing-thumb-543w/477adaa20b26b3097a6a65ac8cd81903/-/horizon-files-prod/ed/picture/qpdm6400/d583f83c706693f04c666f13b20b005c34715fce.jpg
1084,"<h1 class=""listing-item__header"">
    TÉLÉVISEUR ELACTRON 85POUCES SMART QLED ANDROID
</h1>",Neuf,Autre,850 000 ,Plateau,https://i.roamcdn.net/hz/ed/listing-thumb-543w/949a030b44ef031054e0d9d5d6da7af3/-/horizon-files-prod/ed/picture/qv4wejdv/197adf71dcb6279817b53543676e063f152e2f2d.jpg
1085,"<h1 class=""listing-item__header"">
    TELEVISEUR HISENSE 43* SMART TV VIDAA
</h1>",Neuf,Hisense,135 000 ,Plateau,https://i.roamcdn.net/hz/ed/listing-thumb-543w/640bc6424a6e3a40f543e0866e301264/-/horizon-files-prod/ed/picture/qrz8vxz5/f7a4cdf0bc0f8dcd2c4ea2af943b211c3895cb4a.jpg
1086,"<h1 class=""listing-item__header"">
    TÉLÉVISEUR HISENSE 100POUCES UHD 4K SMART
</h1>",Neuf,Hisense,1 900 000 ,Plateau,https://i.roamcdn.net/hz/ed/listing-thumb-543w/57b0a362cb27f6b9437141a554f4c324/-/horizon-files-prod/ed/picture/q78w5qvx/81389dc9820d73540e17a22e9be03a029dc4db0c.jpg
1087,"<h1 class=""listing-item__header"">
    TÉLÉVISEUR 86POUCES HISENSE SMART
</h1>",Neuf,Hisense,2 200 000 ,Plateau,https://i.roamcdn.net/hz/ed/listing-thumb-543w/da13a09c46f1910409990b0825557a84/-/horizon-files-prod/ed/picture/qgqw9r5n/8142131ffa83cc5c022268bd6c24a92213505738.jpg
1088,"<h1 class=""listing-item__header"">
    TÉLÉVISEUR HISENSE 43POUCES LED SMART TV
</h1>",Neuf,Hisense,159 000 ,Plateau,https://i.roamcdn.net/hz/ed/listing-thumb-543w/d26501c45f04959976306eebe4b627a1/-/horizon-files-prod/ed/picture/qxjp2mjv/ba05c732e3e945a7edf2754fb4dfa9dbc644692c.jpg
1089,"<h1 class=""listing-item__header"">
    TÉLÉVISEUR 32POUCES HISENSE LED SMART
</h1>",Neuf,Hisense,98 000 ,Plateau,https://i.roamcdn.net/hz/ed/listing-thumb-543w/888d775259d0c973560304c959bb53de/-/horizon-files-prod/ed/picture/qwep2xzz/fe58ac025dc1216b20190504e09ce851f3000a09.jpg
1090,"<h1 class=""listing-item__header"">
    TÉLÉVISEUR 50POUCES HISENSE LED SMART
</h1>",Neuf,Hisense,229 000 ,Plateau,https://i.roamcdn.net/hz/ed/listing-thumb-543w/fc710db56c8c8904e3abf2c9cd3890de/-/horizon-files-prod/ed/picture/qv4wer4k/0a9376bcd41e16597a0cca5dc6db9c4472b1e5b8.jpg
1091,"<h1 class=""listing-item__header"">
    TÉLÉVISEUR 55POUCES HISENSE SMART VIDAA UHD 4K
</h1>",Neuf,Hisense,269 000 ,Plateau,https://i.roamcdn.net/hz/ed/listing-thumb-543w/7e607ddeba165e057b932e8e8386ab15/-/horizon-files-prod/ed/picture/qenvq8nv/76f344bf7339564ad4746d0e74f233023ccb8db3.jpg
1092,"<h1 class=""listing-item__header"">
    TÉLÉVISEUR 65POUCES HISENSE SMART TV 4K
</h1>",Neuf,Hisense,398 000 ,Plateau,https://i.roamcdn.net/hz/ed/listing-thumb-543w/55bfd66ad8fb3f16de4ffeedd29f3ad1/-/horizon-files-prod/ed/picture/q2j0qvjj/8afeee805f5f198dd6c5e8b001e4c8e98a36e332.jpg
1093,"<h1 class=""listing-item__header"">
    TÉLÉVISEUR HISENSE 70POUCES LED SMART UHD 4K
</h1>",Neuf,Hisense,529 000 ,Plateau,https://i.roamcdn.net/hz/ed/listing-thumb-543w/1d95efc0d0813f433ac8b1b387092714/-/horizon-files-prod/ed/picture/q8v4580r/c0d3b20ff93e0525507d31555c27c7c7f66b2088.jpg
1094,"<h1 class=""listing-item__header"">
    TÉLÉVISEUR 43POUCES HISENSE LED SMART TV VIDAA
</h1>",Neuf,Hisense,159 000 ,Plateau,https://i.roamcdn.net/hz/ed/listing-thumb-543w/ec7f8834890743495be7508368c0e609/-/horizon-files-prod/ed/picture/qngpxkre/e2035b4359bdbedb178dc3251de0547c2043ee36.jpg
1095,"<h1 class=""listing-item__header"">
    TÉLÉVISEUR 100POUCES  HISENSE ULED QUANTUM DOT 4K SMART
</h1>",Neuf,Hisense,2 500 000 ,Plateau,https://i.roamcdn.net/hz/ed/listing-thumb-543w/fc7f6278785014b8f5b52038e4efd45f/-/horizon-files-prod/ed/picture/qxjp2nrz/ad2b467677df149e142d4677bc917f51d34bcf5a.jpg
1096,"<h1 class=""listing-item__header"">
    PROMO TÉLÉVISEUR 50POUCES HISENSE LED SMART VIDA
</h1>",Neuf,Hisense,229 000 ,Plateau,https://i.roamcdn.net/hz/ed/listing-thumb-543w/e23cfd2f4fae05de5dca8c2c5275b014/-/horizon-files-prod/ed/picture/qm5gpkzr/dd706479e1ed28478a5b5b8d67db9a17b5ad73fc.jpg
1097,"<h1 class=""listing-item__header"">
    TÉLÉVISEUR 55POUCES HISENSE SMART VIDAA UHD 4K
</h1>",Neuf,Hisense,269 000 ,Plateau,https://i.roamcdn.net/hz/ed/listing-thumb-543w/bce1f2c89283af6a72384725a4d5367d/-/horizon-files-prod/ed/picture/q2j0q2e8/a698a3424b73a28bf899b9ff81b5191f17c2deb2.jpg
1098,"<h1 class=""listing-item__header"">
    TÉLÉVISEUR 65POUCES HISENSE LED SMART TV 4K
</h1>",Neuf,Hisense,398 000 ,Plateau,https://i.roamcdn.net/hz/ed/listing-thumb-543w/de41b59e26e19d225fbeecb69a417ace/-/horizon-files-prod/ed/picture/q8v4526j/b90c9c067e1796bdefbad53587c9e6be01e981fb.jpg
1099,"<h1 class=""listing-item__header"">
    TÉLÉVISEUR  HISENSE UHD 4K SMART LASER 100L5
</h1>",Neuf,Hisense,1 800 000 ,Plateau,https://i.roamcdn.net/hz/ed/listing-thumb-543w/535304b1a096a4dea6791e12bd5c2d5d/-/horizon-files-prod/ed/picture/q78w5d28/b526f8dd39a3151824d01150ce3aa8a739c387f1.jpg
1100,"<h1 class=""listing-item__header"">
    TÉLÉVISEUR ASTECH 43POUCES ANDROID
</h1>",Neuf,Astech,139 000 ,Plateau,https://i.roamcdn.net/hz/ed/listing-thumb-543w/9e4a7aaeb6f73d66b5dad5ad5cc82445/-/horizon-files-prod/ed/picture/qenvq7x6/a2220c9313747c68a8e01f16ce47fb70d5d8e633.jpg
1101,"<h1 class=""listing-item__header"">
    TÉLÉVISEUR ASTECH 55POUCES SMART TV ANDROID
</h1>",Neuf,Astech,249 000 ,Plateau,https://i.roamcdn.net/hz/ed/listing-thumb-543w/b3aab8c105a9d0fd05b873f583ea9df2/-/horizon-files-prod/ed/picture/qde7k628/6d94173bf758fdba167ed614c3f20460b1747d8d.jpg
1102,"<h1 class=""listing-item__header"">
    PROMO TÉLÉVISEUR ASTECH SMART TV ANDROID
</h1>",Neuf,Astech,259 000 ,Plateau,https://i.roamcdn.net/hz/ed/listing-thumb-543w/b414c4ba893d16538815bf572b73bfbf/-/horizon-files-prod/ed/picture/qenvqwq6/3b7b7c77772fb395291a5e8588e9eb8fd8ef6f47.jpg
1103,"<h1 class=""listing-item__header"">
    PROMO TÉLÉVISEUR ASTECH 32POUCES SMART ANDROID
</h1>",Neuf,Astech,94 000 ,Plateau,https://i.roamcdn.net/hz/ed/listing-thumb-543w/0d0e2345f35fe5d8192b49c41bdfce17/-/horizon-files-prod/ed/picture/qpdm6864/9bca65dd660019696dd0e43e94643dc0e12d517e.jpg
1104,"<h1 class=""listing-item__header"">
    PROMO TÉLÉVISEUR ASTECH 32POUCES LED
</h1>",Neuf,Astech,69 000 ,Plateau,https://i.roamcdn.net/hz/ed/listing-thumb-543w/ec84fddfe489f1ba7a07460c4195c189/-/horizon-files-prod/ed/picture/qkr8g0gn/ca374624a53d8c0e8c3bea68cb27ed6bfe0f2764.jpg
1105,"<h1 class=""listing-item__header"">
    TÉLÉVISEUR ASTECH 43POUCES LED
</h1>",Neuf,Astech,119 000 ,Plateau,https://i.roamcdn.net/hz/ed/listing-thumb-543w/dcb362b79166ac6009a05eecff8aeea4/-/horizon-files-prod/ed/picture/qm5gpnp9/9f7589c1d444bef4a072ec08128671374a15b46e.jpg
1106,"<h1 class=""listing-item__header"">
    Box 4K Avec Abonnement IPTV 12 Mois
</h1>",Neuf,Autre,40 000 ,Parcelles Assainies,https://i.roamcdn.net/hz/ed/listing-thumb-543w/03f854cc4113a32e1b2e580e0cf13607/-/horizon-files-prod/ed/picture/qm5gpj2d/02a0ebaeb262da0464507434336a00e1eebef711.jpg
1107,"<h1 class=""listing-item__header"">
    TÉLÉVISEUR DESKA 43POUCES SMART
</h1>",Neuf,Autre,129 000 ,Plateau,https://i.roamcdn.net/hz/ed/listing-thumb-543w/0b1189185535bcfad83251ad9f53938d/-/horizon-files-prod/ed/picture/q0g7w85j/86d908dc85a2cf8b20347446e66fcad18275e544.jpg
1108,"<h1 class=""listing-item__header"">
    TÉLÉVISEUR DESKA 32POUCES SMART
</h1>",Neuf,Autre,75 000 ,Plateau,https://i.roamcdn.net/hz/ed/listing-thumb-543w/170c104e4b935bf0f8c43d2343db465c/-/horizon-files-prod/ed/picture/qenvqp2j/16355105106f8f8e7ba0a3975283c52cf98543cc.jpg
1109,"<h1 class=""listing-item__header"">
    TÉLÉVISEUR DESKA 65POUCES SMART
</h1>",Neuf,Autre,279 000 ,Plateau,https://i.roamcdn.net/hz/ed/listing-thumb-543w/24f1a704cc38cc5a4318f52abd5d95eb/-/horizon-files-prod/ed/picture/qgqw94zm/3836dcb704553623d55420e69619236f0fcd2993.jpg
1110,"<h1 class=""listing-item__header"">
    TÉLÉVISEUR DESKA 55 POUCES SMART
</h1>",Neuf,Autre,229 000 ,Plateau,https://i.roamcdn.net/hz/ed/listing-thumb-543w/6b402f4685df20d55ecbdae28dfc71fa/-/horizon-files-prod/ed/picture/qm5gpvgr/1f7a15e4951a637b7b67db7175344f05e52d54ab.jpg
1111,"<h1 class=""listing-item__header"">
    PROMO TÉLÉVISEUR DESKA 75POUCES SMART
</h1>",Neuf,Autre,439 000 ,Plateau,https://i.roamcdn.net/hz/ed/listing-thumb-543w/f6c644dfea648e5e011419ac8549fe05/-/horizon-files-prod/ed/picture/q8v45k5j/d3285b8e436e910abc0a6ceafef245d19a8478e0.jpg
1112,"<h1 class=""listing-item__header"">
    TÉLÉVISEUR WEST 43POUCES ANDROID SMART
</h1>",Neuf,Autre,115 000 ,Plateau,https://i.roamcdn.net/hz/ed/listing-thumb-543w/5c8639232e97c8b728c03108e77c5d5e/-/horizon-files-prod/ed/picture/q0g7w826/a2cc5cb0218a0b2018f56024a5fdd1689f991247.jpg
1113,"<h1 class=""listing-item__header"">
    TÉLÉVISEUR DESKA 55POUCES SMART-CASSE
</h1>",Neuf,Autre,249 000 ,Plateau,https://i.roamcdn.net/hz/ed/listing-thumb-543w/089a5bb9c57cf2437cb4154d4bdecc1c/-/horizon-files-prod/ed/picture/qwep2g96/84a9c2db7a62d9bd8eb4c8fff567926865e701ca.jpg
1114,"<h1 class=""listing-item__header"">
    Abonnement iptv et vente de box
</h1>",Neuf,General Max,1 ,Castor,https://i.roamcdn.net/hz/ed/listing-thumb-543w/4131caad550a1a3393eb3d50c4af9e7b/-/horizon-files-prod/ed/picture/qm5grw7j/8652f3cd58047fb20dd6297e03dd87b22d28aa4a.jpg
1115,"<h1 class=""listing-item__header"">
    Abonnement iptv et vente tout type de box Android
</h1>",Neuf,All Star,1 ,Castor,https://i.roamcdn.net/hz/ed/listing-thumb-543w/75b5bd161e696a1c59c64cabc743b439/-/horizon-files-prod/ed/picture/qkr8gppm/f25eebaea540dde3211d707ee94f83f78fcd971d.jpg
1116,"<h1 class=""listing-item__header"">
    TÉLÉVISEUR HISENSE 43POUCES LED SMART TV
</h1>",Neuf,Hisense,159 000 ,Plateau,https://i.roamcdn.net/hz/ed/listing-thumb-543w/69cfd3d3b713c0c0eab4c2cbbbe89d96/-/horizon-files-prod/ed/picture/q9mj9kzp/85a1a5343506b8ca682a50a254f2601287f60fb2.jpg
1117,"<h1 class=""listing-item__header"">
    TÉLÉVISEUR 86POUCES HISENSE SMART WHITEBOARD
</h1>",Neuf,Hisense,2 200 000 ,Plateau,https://i.roamcdn.net/hz/ed/listing-thumb-543w/25b48b667663318f26fa050a6e1394fd/-/horizon-files-prod/ed/picture/qpdm6g42/3fc736cf204835f47aa1399f6671abeb62242adf.jpg
1118,"<h1 class=""listing-item__header"">
    TÉLÉVISEUR HISENSE 70POUCES LED SMART 4K
</h1>",Neuf,Hisense,529 000 ,Plateau,https://i.roamcdn.net/hz/ed/listing-thumb-543w/c5b44185b5ce7db377e930d841f19f0f/-/horizon-files-prod/ed/picture/qv4wedj8/c31b5d0e9dfe80c8e109cfe9f42620e531fa0e66.jpg
1119,"<h1 class=""listing-item__header"">
    TÉLÉVISEUR 65POUCES HISENSE LED SMART TY 4K
</h1>",Neuf,Hisense,389 000 ,Plateau,https://i.roamcdn.net/hz/ed/listing-thumb-543w/6bdc7edec20d3cae0ecbd44dca262f3a/-/horizon-files-prod/ed/picture/qj4qr60z/c39260ac468d6c95d60749369a226e5a5f5e40af.jpg
1120,"<h1 class=""listing-item__header"">
    TÉLÉVISEUR 55POUCES HISENSE SMART 4K
</h1>",Neuf,Hisense,269 000 ,Plateau,https://i.roamcdn.net/hz/ed/listing-thumb-543w/4814fdde1dd73560d7d697893346af9c/-/horizon-files-prod/ed/picture/qgqw9m64/e593dcfb92fab629d826ede1dd484259518c7e3a.jpg
1121,"<h1 class=""listing-item__header"">
    TÉLÉVISEUR 50POUCES HISENSE LED SMART
</h1>",Neuf,Hisense,229 000 ,Plateau,https://i.roamcdn.net/hz/ed/listing-thumb-543w/bb3aacb6b913a5ff6ae34c19989fc762/-/horizon-files-prod/ed/picture/q44n85g8/e9c86e5e5677732b3929757f7732fa4d9b709549.jpg
1122,"<h1 class=""listing-item__header"">
    TÉLÉVISEUR HISENSE LED 32POUCES SMART
</h1>",Neuf,Hisense,98 000 ,Plateau,https://i.roamcdn.net/hz/ed/listing-thumb-543w/1b1a45a98beccdb1be16ab0b4743fba9/-/horizon-files-prod/ed/picture/q78w5jqz/afb70f47ff2ea415f06deb9924b91bc6c190e47d.jpg
1123,"<h1 class=""listing-item__header"">
    TÉLÉVISEUR SAMSUNG 55POUCES
</h1>",Neuf,Samsung,419 000 ,Plateau,https://i.roamcdn.net/hz/ed/listing-thumb-543w/3ceadeacfc01423d29311820273e764d/-/horizon-files-prod/ed/picture/q9mj9970/f687fded5ffa92ae3a2c31a4d33bc7939819c962.jpg
1124,"<h1 class=""listing-item__header"">
    TÉLÉVISEUR 75POUCES SAMSUNG
</h1>",Neuf,Samsung,749 000 ,Plateau,https://i.roamcdn.net/hz/ed/listing-thumb-543w/c6cfdd3b10c18eaf7eade7d4857322d4/-/horizon-files-prod/ed/picture/qkr8gr9v/a7291a71e76e4420166f50c65ca23f2c1b6e79b1.jpg
1125,"<h1 class=""listing-item__header"">
    TÉLÉVISEUR SAMSUNG 65POUCES
</h1>",Neuf,LG,649 000 ,Plateau,https://i.roamcdn.net/hz/ed/listing-thumb-543w/3fa4d591ff49d35ed9fdf56f60fcde96/-/horizon-files-prod/ed/picture/q8v45vqp/737e30078782af9caead5d7945d04d0922d101fe.jpg
1126,"<h1 class=""listing-item__header"">
    TÉLÉVISEUR 43POUCES LG UR700 4K MAGIC REMOTE
</h1>",Neuf,LG,239 000 ,Plateau,https://i.roamcdn.net/hz/ed/listing-thumb-543w/60cd0108d6d2380d93c05f82a669d069/-/horizon-files-prod/ed/picture/qv4we4nm/4152053c2a56c4ca9400a52f51d863a980b80ca5.jpg
1127,"<h1 class=""listing-item__header"">
    TÉLÉVISEUR SAMSUNG 50POUCES 50DU7000
</h1>",Neuf,Samsung,298 000 ,Plateau,https://i.roamcdn.net/hz/ed/listing-thumb-543w/6afade45ecad72833581d05ef21508b8/-/horizon-files-prod/ed/picture/q6xdkxgg/51f0e93d14d8a1297b4ec4e788b2666cb53137b6.jpg
1128,"<h1 class=""listing-item__header"">
    TELEVISEUR SAMSUNG 50POUCES SMART 4K DU7000
</h1>",Neuf,Samsung,298 000 ,Plateau,https://i.roamcdn.net/hz/ed/listing-thumb-543w/7b10b062f187c8e51e8da738ddc36895/-/horizon-files-prod/ed/picture/q44n8475/b33ad1149bbcc0cbd4f25eb7c3a80e7419c01cd2.jpg
1129,"<h1 class=""listing-item__header"">
    AnyCast Récepteur streaming pour caster  SmartPhone à TV
</h1>",Neuf,Autre,10 000 ,Patte d‘oie,https://i.roamcdn.net/hz/ed/listing-thumb-543w/1a2b56eb3041e3b23b273c40b66e2049/-/horizon-files-prod/ed/picture/qrz2z602/13b52a931a0dfb1e7d5f89879ae636a0170cc902.jpg
1130,"<h1 class=""listing-item__header"">
    Abonnement IPTV
</h1>",Neuf,TCL,5 000 ,Almadies,https://i.roamcdn.net/hz/ed/listing-thumb-543w/cf0a6d258cc8e10bc3107b4bdd3e4acf/-/horizon-files-prod/ed/picture/qrzqvpgj/f4d7fcebdc0bce3a9f4631af6576d99fed6b006e.jpg
1131,"<h1 class=""listing-item__header"">
    Téléviseur ROCH 75"" soit 187Cm
</h1>",Neuf,Roch,550 000 ,Plateau,https://i.roamcdn.net/hz/ed/listing-thumb-543w/04f7e4b898c4d4d7234f902750e1833e/-/horizon-files-prod/ed/picture/q9m9epn8/476ed6a930842a2d9323f6712baa4f7ca8cd8e63.jpg
1132,"<h1 class=""listing-item__header"">
    BAR DE SON LG SJ2
</h1>",Neuf,LG,129 000 ,Plateau,https://i.roamcdn.net/hz/ed/listing-thumb-543w/99c7cf5a2424f59ac4aef84ef284042e/-/horizon-files-prod/ed/picture/q9mj8vp6/5524f416832671f8411074a9de724be59c7cafde.jpg
1133,"<h1 class=""listing-item__header"">
    BARRE DE SON LG SJ2
</h1>",Neuf,LG,129 000 ,Plateau,https://i.roamcdn.net/hz/ed/listing-thumb-543w/6f8faaba9ebb3d3fd2e2ff00d26e497f/-/horizon-files-prod/ed/picture/q9mj8ve6/359353a97d10ad29ca1399e470953e919ac561ae.jpg
1134,"<h1 class=""listing-item__header"">
    Smart TV LED 32"" Deska ou WIWLIL
</h1>",Neuf,Autre,75 000 ,Grand-Dakar,https://i.roamcdn.net/hz/ed/listing-thumb-543w/4e0542c06efea2f10129c95d90e59d9c/-/horizon-files-prod/ed/picture/q9mj8x66/b831ab0f8e96b9faff1de33aac077bc222063e2a.jpg
1135,"<h1 class=""listing-item__header"">
    Smart TV 43"" CONTINENTAL
</h1>",Neuf,Continental,135 000 ,Plateau,https://i.roamcdn.net/hz/ed/listing-thumb-543w/808a037e856ca15deed6a9c50dfad3d8/-/horizon-files-prod/ed/picture/qng56ddm/bc8aa109faef472cd559a73a5d94b30df0a1241c.jpg
1136,"<h1 class=""listing-item__header"">
    TÉLÉCOMMANDE SAMSUNG ORIGINALE VENANT
</h1>",Venant,Samsung,10 000 ,Diamaguene,https://i.roamcdn.net/hz/ed/listing-thumb-543w/94e3c59cc64003df4ce58da33c6dccc8/-/horizon-files-prod/ed/picture/qenqg0j4/e35e3fe838774bc8711d0b45d5697859811e3a3d.jpg
1137,"<h1 class=""listing-item__header"">
    TÉLÉVISEUR TCL 43POUCES SMART ANDROID
</h1>",Neuf,TCL,159 000 ,Plateau,https://i.roamcdn.net/hz/ed/listing-thumb-543w/8f211c61e132f379604e44b1d00bc4bd/-/horizon-files-prod/ed/picture/qpdmw5jv/2514501b42829230ff6b153d9842741162bcbdf5.jpg
1138,"<h1 class=""listing-item__header"">
    TÉLÉVISEUR TORL  ANDROID SMART TV ANTI CASSE
</h1>",Neuf,Autre,139 000 ,Plateau,https://i.roamcdn.net/hz/ed/listing-thumb-543w/80ab2731481bf9d001157af99d987918/-/horizon-files-prod/ed/picture/qgqwgkdr/3c48608c9cc0d961531fa5465e1693cc0ca36b7b.jpg
1139,"<h1 class=""listing-item__header"">
    TÉLÉVISEUR SAMSUNG 32POUCES UA SMART
</h1>",Neuf,Samsung,139 000 ,Plateau,https://i.roamcdn.net/hz/ed/listing-thumb-543w/f80af21b41bfdfdd2d368e0952f59ada/-/horizon-files-prod/ed/picture/qrz8qkj4/f2933aad8aba50ac9ec9a7ec0837eb71074752fb.jpg
1140,"<h1 class=""listing-item__header"">
    TÉLÉVISEUR LG 32POUCES SMART ANDROID
</h1>",Neuf,LG,139 000 ,Plateau,https://i.roamcdn.net/hz/ed/listing-thumb-543w/562153c9569ca762c40b3e8dfa3736c1/-/horizon-files-prod/ed/picture/q8v4z29n/5ebd826845919912af3f24b3bf9257e5d1e682e0.jpg
1141,"<h1 class=""listing-item__header"">
    TÉLÉVISEUR JY 32POUCES SMART TV
</h1>",Neuf,Autre,74 000 ,Plateau,https://i.roamcdn.net/hz/ed/listing-thumb-543w/f2b1f2db079daf16c93e053c8bb02900/-/horizon-files-prod/ed/picture/qq42dk56/80d651833292370374ce70c4eeac854826cc3f33.jpg
1142,"<h1 class=""listing-item__header"">
    TÉLÉVISEUR SMART TECHNOLOGY 43POUCES SMART
</h1>",Neuf,Autre,135 000 ,Plateau,https://i.roamcdn.net/hz/ed/listing-thumb-543w/c5b9e8c02f20f716eb087d90dd820311/-/horizon-files-prod/ed/picture/qenv5w7z/7eb4eec7978ab3714e07718ef90642de6d71026f.jpg
1143,"<h1 class=""listing-item__header"">
    TÉLÉVISEUR SMART TECHNOLOGY 65POUCES SMART TV
</h1>",Neuf,Autre,289 000 ,Plateau,https://i.roamcdn.net/hz/ed/listing-thumb-543w/18b99a3014f8a7830cb89fe321a0725f/-/horizon-files-prod/ed/picture/q56d4g52/42c680fb6afac6104486840b27e904797fd2355a.jpg
1144,"<h1 class=""listing-item__header"">
    TÉLÉVISEUR SMART TECHNOLOGY 75POUCES SMART TV
</h1>",Neuf,Autre,449 000 ,Plateau,https://i.roamcdn.net/hz/ed/listing-thumb-543w/0b21eac10fb68e7c9b032b7dcfc267f8/-/horizon-files-prod/ed/picture/qgqwg804/d47284943614fdb9874c4f04ab32ad9bdad762a4.jpg
1145,"<h1 class=""listing-item__header"">
    TÉLÉVISEUR SAMSUNG 55POUCES SMART TV UHD 4K
</h1>",Neuf,Samsung,349 000 ,Plateau,https://i.roamcdn.net/hz/ed/listing-thumb-543w/3b518c252f62c08d89f9c2165f4ca8b7/-/horizon-files-prod/ed/picture/qxjp6qz8/ffd7a509b7ee67de195a35ef6146810684f00639.jpg
1146,"<h1 class=""listing-item__header"">
    TÉLÉVISEUR TEKO 55POUCES SMART TV
</h1>",Neuf,Autre,198 000 ,Plateau,https://i.roamcdn.net/hz/ed/listing-thumb-543w/1f5e5d3cee1687df911f654d5c215923/-/horizon-files-prod/ed/picture/qpdmwnzw/dd6a8fee954462d3c824a3a786cbcd19f8acc223.jpg
1147,"<h1 class=""listing-item__header"">
    TÉLÉVISEUR WIWLIL 55POUCES SMART
</h1>",Neuf,Autre,205 000 ,Plateau,https://i.roamcdn.net/hz/ed/listing-thumb-543w/3d2b58a0ca22c12cd7a1d5bad5fda427/-/horizon-files-prod/ed/picture/qenv5p09/34a2fe3a383316e6dc73e16902b04524d2a448f5.jpg
1148,"<h1 class=""listing-item__header"">
    TÉLÉVISEUR GLOBAL AIR  DLED SMART TV
</h1>",Neuf,Autre,339 000 ,Plateau,https://i.roamcdn.net/hz/ed/listing-thumb-543w/17eaf86b06743448d78a90c38d0402b6/-/horizon-files-prod/ed/picture/q0g728ez/385f5e2a1392dc51df4e4238fed15d6b801f1cf3.jpg
1149,"<h1 class=""listing-item__header"">
    TÉLÉVISEUR WOW  SMART TV ANDROID
</h1>",Neuf,Autre,205 000 ,Plateau,https://i.roamcdn.net/hz/ed/listing-thumb-543w/90603df08462b77e9977952a329c7e6b/-/horizon-files-prod/ed/picture/q6xd6rev/e2f44c01b3b9267492bac81105debe19a57ac6d6.jpg
1150,"<h1 class=""listing-item__header"">
    TÉLÉVISEUR WEST 65POUCES SMART
</h1>",Neuf,Autre,279 000 ,Plateau,https://i.roamcdn.net/hz/ed/listing-thumb-543w/acd11bcef6fb75901aef8262a415df38/-/horizon-files-prod/ed/picture/q8v4zke7/41f3d8d7d8c75285227e8edaa1d9a51fcce28bf9.jpg
1151,"<h1 class=""listing-item__header"">
    TÉLÉVISEUR ASTECH  SMART TV ANDROID
</h1>",Neuf,Astech,349 000 ,Plateau,https://i.roamcdn.net/hz/ed/listing-thumb-543w/67827202a56b107f3153c3466abf4dcd/-/horizon-files-prod/ed/picture/qngpd0mk/2635b4d29427a7540e77a9abe816d498c4b64b63.jpg
1152,"<h1 class=""listing-item__header"">
    TÉLÉVISEUR SAMSUNG 55POUCES
</h1>",Neuf,Samsung,349 000 ,Plateau,https://i.roamcdn.net/hz/ed/listing-thumb-543w/7c0caf99921863b1d43c65e79523b7f3/-/horizon-files-prod/ed/picture/qxjpj4j4/67222d94358b9a758c4b94774d523321cff46bdd.jpg
1153,"<h1 class=""listing-item__header"">
    TÉLÉVISEUR TCL  SMART ANDROID 4K
</h1>",Neuf,TCL,359 000 ,Plateau,https://i.roamcdn.net/hz/ed/listing-thumb-543w/f8456fa142c0f17181473aba628cdb55/-/horizon-files-prod/ed/picture/q78w7xeg/fce9e9d732046048da2fd8c04015c5432bf5bc07.jpg
1154,"<h1 class=""listing-item__header"">
    BOX ANDROID 4k+IPTV GOLD PREMIUM 12 MOIS
</h1>",Neuf,Autre,35 000 ,Diamaguene,https://i.roamcdn.net/hz/ed/listing-thumb-543w/807036cd08cbb45a64f0483672d96ef5/-/horizon-files-prod/ed/picture/q0g7gjee/4481befa11f567b8f3143f3aeb045d5ef6a7c9c1.jpg
1155,"<h1 class=""listing-item__header"">
    Téléviseur 43 pouces Smart
</h1>",Neuf,Astech,127 000 ,Plateau,https://i.roamcdn.net/hz/ed/listing-thumb-543w/062e2e490cd5fb9eb367b00284192a39/-/horizon-files-prod/ed/picture/qxj20nm4/7aea11d2caf2d714a3d390afb7e65bb7e8e44d42.jpg
1156,"<h1 class=""listing-item__header"">
    TÉLÉVISEUR SAMSUNG 55POUCES
</h1>",Neuf,Samsung,349 000 ,Plateau,https://i.roamcdn.net/hz/ed/listing-thumb-543w/76a3a99c0ecd5c1b12a7d4bdb188fc19/-/horizon-files-prod/ed/picture/q2j0jprk/80813935d364c9f96b2953caaefa172568408ec6.jpg
1157,"<h1 class=""listing-item__header"">
    TÉLÉVISEUR SAMSUNG 85POUCES
</h1>",Neuf,Samsung,1 400 000 ,Plateau,https://i.roamcdn.net/hz/ed/listing-thumb-543w/7d64d3d12557dc02a02f72d10e9bbbed/-/horizon-files-prod/ed/picture/qv4w47qw/df7abf7119604ac2534c821b5693c37a6bb79bcf.jpg
1158,"<h1 class=""listing-item__header"">
    Télécommande universelle pour Box Android ou Smart TV
</h1>",Neuf,Autre,10 000 ,Parcelles Assainies,https://i.roamcdn.net/hz/ed/listing-thumb-543w/49d00865c195bb794b5af1ca9f821dc3/-/horizon-files-prod/ed/picture/qngp5w5v/97c7864e2be250a9d5b2f0f407949f11abe0d9d1.jpg
1159,"<h1 class=""listing-item__header"">
    TÉLÉVISEUR SAMSUNG 55 QLED 55Q60
</h1>",Neuf,Samsung,419 000 ,Plateau,https://i.roamcdn.net/hz/ed/listing-thumb-543w/afc9029c0e4bfed6d5096890187f9cbf/-/horizon-files-prod/ed/picture/qngpgenw/3a5cfe03858e48cea32faa7fd87f36d8b44a18c6.jpg
1160,"<h1 class=""listing-item__header"">
    BARRE DE SON TECHNOLUX
</h1>",Neuf,Autre,49 000 ,Plateau,https://i.roamcdn.net/hz/ed/listing-thumb-543w/50cde0d7a5c3a59bc2934c82acfd0c03/-/horizon-files-prod/ed/picture/qde7eqxm/23d892b9684a52623a5b48bfe67b5b18878279a2.jpg
1161,"<h1 class=""listing-item__header"">
    BARRE DE SON LG 600WATTS
</h1>",Neuf,LG,229 000 ,Plateau,https://i.roamcdn.net/hz/ed/listing-thumb-543w/909601c33f7974138f07a8f7fb9eb924/-/horizon-files-prod/ed/picture/q2j0jvp2/380c555d0fb0fbf0fb58e8c54843550a1a67ae40.jpg
1162,"<h1 class=""listing-item__header"">
    TÉLÉVISEUR ELACTRON 85POUCES SMART QLED
</h1>",Neuf,Elactron,825 000 ,Plateau,https://i.roamcdn.net/hz/ed/listing-thumb-543w/c042e25bb91dffd36f9aadf40508b039/-/horizon-files-prod/ed/picture/q56d627p/09e72ab5c42d716e36d7147fe898a4b6ca64f9b2.jpg
1163,"<h1 class=""listing-item__header"">
    LG TELEVISION SMART TV 43 POUCES
</h1>",Neuf,LG,235 000 ,Médina,https://i.roamcdn.net/hz/ed/listing-thumb-543w/3afb54b9f4d78ce6961ef34fd9fc00be/-/horizon-files-prod/ed/picture/q6x6n6q4/315d321b349bf5f68cfb6ea8b6dc717a3494bdae.jpg
1164,"<h1 class=""listing-item__header"">
    Ecran tactile et interactif LG 4K 65 Pouces
</h1>",Neuf,LG,3 950 000 ,Plateau,https://i.roamcdn.net/hz/ed/listing-thumb-543w/bd1aa6213ba6ea73e8247f639d632f6b/-/horizon-files-prod/ed/picture/q9mjm29n/eb0df1fe40503050707b42039e924b8d836bf74b.png
1165,"<h1 class=""listing-item__header"">
    TÉLÉVISEUR JY 32 POUCES SMART TV
</h1>",Neuf,Autre,74 000 ,Plateau,https://i.roamcdn.net/hz/ed/listing-thumb-543w/c7aa829424bf0580d3fd8d2b4939a112/-/horizon-files-prod/ed/picture/qxjpje64/5200dc0c511616fb6a716d26d2e7c7315fb50af1.jpg
1166,"<h1 class=""listing-item__header"">
    TÉLÉVISEUR JY 32POUCES SMART TV
</h1>",Neuf,Autre,73 000 ,Plateau,https://i.roamcdn.net/hz/ed/listing-thumb-543w/f51ab08a9015c32acda78bed7a38546f/-/horizon-files-prod/ed/picture/qenvnxkz/fdb102e75846720472f931f637f5b1b5a209762b.jpg
1167,"<h1 class=""listing-item__header"">
    TÉLÉVISEUR EVERFINE 32POUCES LED TV
</h1>",Neuf,Autre,59 000 ,Plateau,https://i.roamcdn.net/hz/ed/listing-thumb-543w/48fc3a2176dac50eda76edcba10b1980/-/horizon-files-prod/ed/picture/q56d6zk2/b657010358f1162b5d6f350154f74f38e9815896.jpg
1168,"<h1 class=""listing-item__header"">
    TÉLÉVISEUR 85POUCES SMART
</h1>",Neuf,Samsung,1 350 000 ,Plateau,https://i.roamcdn.net/hz/ed/listing-thumb-543w/4d71c1c81383fc623c4c66a8527aa059/-/horizon-files-prod/ed/picture/qrz8zrg4/37f1d964e950b4349bee513eb42ef0c2f192c760.jpg
1169,"<h1 class=""listing-item__header"">
    TÉLÉVISEUR 65POUCES SAMSUNG UE
</h1>",Neuf,Samsung,489 000 ,Plateau,https://i.roamcdn.net/hz/ed/listing-thumb-543w/0bcf060515cf92b94bf1ff9b127aaa83/-/horizon-files-prod/ed/picture/qenvnr6d/1f56fdfce2bfa7b1fa1d2aed7aed367d19805ac9.jpg
1170,"<h1 class=""listing-item__header"">
    TÉLÉVISEUR SAMSUNG UA 65 QLED
</h1>",Neuf,Samsung,659 000 ,Plateau,https://i.roamcdn.net/hz/ed/listing-thumb-543w/7480a64d2e257bdc7928c10e6ca94b3f/-/horizon-files-prod/ed/picture/qwepervk/2ab389a8cf5129faaa598bd85a5b2ee2c0a3b9f4.jpg
1171,"<h1 class=""listing-item__header"">
    TÉLÉVISEUR HISENSE 85POUCES
</h1>",Neuf,Hisense,929 000 ,Plateau,https://i.roamcdn.net/hz/ed/listing-thumb-543w/ba7b4bf8dcd5fb06f8a2a7064b4a4abd/-/horizon-files-prod/ed/picture/qde7e985/882f188dce99945fd18f7eeae9f7e8fc0ee7744e.jpg
1172,"<h1 class=""listing-item__header"">
    TÉLÉVISEUR MASER 43POUCES SMART TV FULL HD
</h1>",Neuf,Autre,119 000 ,Plateau,https://i.roamcdn.net/hz/ed/listing-thumb-543w/f662f60be694431558dce534831146c6/-/horizon-files-prod/ed/picture/qq424z06/879b316ca061a08b7f0d1dabff711c11ee175265.jpg
1173,"<h1 class=""listing-item__header"">
    TÉLÉVISEUR MASER 32POUCES SMART TV
</h1>",Neuf,Autre,74 000 ,Plateau,https://i.roamcdn.net/hz/ed/listing-thumb-543w/8f90d4f6a7c571d0da1666879c07b19d/-/horizon-files-prod/ed/picture/q8v4vmwn/3967d5e0144bf1fb90ee614ebd2900932e3ff65a.jpg
1174,"<h1 class=""listing-item__header"">
    TÉLÉVISEUR WIWLIL 55POUCES SMART
</h1>",Neuf,Autre,219 000 ,Plateau,https://i.roamcdn.net/hz/ed/listing-thumb-543w/6155d0141ca05978998aa935f0019fdb/-/horizon-files-prod/ed/picture/qwepe27d/89a837e932d3f2a12eab8bf258d09b926f63a909.jpg
1175,"<h1 class=""listing-item__header"">
    TÉLÉVISEUR WIWLIL 43POUCES SMART
</h1>",Neuf,Autre,129 000 ,Plateau,https://i.roamcdn.net/hz/ed/listing-thumb-543w/648973fe7a9690193216671c40743b59/-/horizon-files-prod/ed/picture/q44n48k4/a178f89fde41684a535d906cac83a2f1425525fe.jpg
1176,"<h1 class=""listing-item__header"">
    TÉLÉVISEUR WEST 43POUCES ANDROID SMART
</h1>",Neuf,Autre,119 000 ,Plateau,https://i.roamcdn.net/hz/ed/listing-thumb-543w/77ecad278ca7e8468a34438ef627cbd7/-/horizon-files-prod/ed/picture/qkr8rgjp/982233c7cdd958dde545e5086cf696e70281f0e9.jpg
1177,"<h1 class=""listing-item__header"">
    TÉLÉVISEUR TÉLÉVISEUR TEKO 32POUCES  SMART
</h1>",Neuf,Autre,78 000 ,Plateau,https://i.roamcdn.net/hz/ed/listing-thumb-543w/8b0016c3ecc0a9d7e420163a012d5cfb/-/horizon-files-prod/ed/picture/q0g7gwjj/187cc4ca5cde8c3997edbbe6d0ed60abe764444d.jpg
1178,"<h1 class=""listing-item__header"">
    TÉLÉVISEUR WIWLIL 43POUCES SMART
</h1>",Neuf,Autre,139 000 ,Plateau,https://i.roamcdn.net/hz/ed/listing-thumb-543w/7164ac67250aade3e3ff14ebf575c7df/-/horizon-files-prod/ed/picture/qv4w4mnp/52dcd0662bee9a7f0f70ffb3b962b9fcf99c591f.jpg
1179,"<h1 class=""listing-item__header"">
    TÉLÉVISEUR WIWLIL 55POUCES SMART
</h1>",Neuf,Autre,219 000 ,Plateau,https://i.roamcdn.net/hz/ed/listing-thumb-543w/7a3b3152ecf270c34c57142b4fe11147/-/horizon-files-prod/ed/picture/q9mjm04j/28454a493c688923d91b30ae34c05f51cd17fabd.jpg
1180,"<h1 class=""listing-item__header"">
    PROMO TÉLÉVISEUR 40POUCES WEST ANDROID SMART
</h1>",Neuf,Autre,98 000 ,Plateau,https://i.roamcdn.net/hz/ed/listing-thumb-543w/501cfe59f0d6cbbe73223430b5130b4c/-/horizon-files-prod/ed/picture/q56dwd5r/ef527b5cedc5531c6073c40e3403763cff14133d.jpg
1181,"<h1 class=""listing-item__header"">
    PROMO TÉLÉVISEUR TEKO 32POUCES SMART
</h1>",Neuf,Autre,78 000 ,Plateau,https://i.roamcdn.net/hz/ed/listing-thumb-543w/e9bd68553a2e5b59f772d03afb93081f/-/horizon-files-prod/ed/picture/q78w8vn8/fc22d70787b9a27b93af6e430dbc756af3a95d76.jpg
1182,"<h1 class=""listing-item__header"">
    TÉLÉVISEUR TCL 43POUCES SMART ANDROID 4K
</h1>",Neuf,TCL,159 000 ,Plateau,https://i.roamcdn.net/hz/ed/listing-thumb-543w/f9008b1b56f5b595c827deda72e41fff/-/horizon-files-prod/ed/picture/q9mj046n/8af20b52d8b58ced924097f8dacb2bb64d795961.jpg
1183,"<h1 class=""listing-item__header"">
    TÉLÉVISEUR TCL 55POUCES SMART ANDROID 4K
</h1>",Neuf,TCL,259 000 ,Plateau,https://i.roamcdn.net/hz/ed/listing-thumb-543w/3570d56cbd2d92b7911394b4a67f7778/-/horizon-files-prod/ed/picture/q6xd704d/b1966389087d77a91074c99fe4b66181f174dfbd.jpg
1184,"<h1 class=""listing-item__header"">
    Smart tv 43 pouces Astech
</h1>",Neuf,Astech,135 000 ,Médina,https://i.roamcdn.net/hz/ed/listing-thumb-543w/a0514336600179490e0d7fbbf824f9d1/-/horizon-files-prod/ed/picture/qenvd6wx/97bfa0ad4c82f33a96e98870692b039add70571b.jpg
1185,"<h1 class=""listing-item__header"">
    Smart TV HISENSE  32'’
</h1>",Neuf,Hisense,105 000 ,Plateau,https://i.roamcdn.net/hz/ed/listing-thumb-543w/89907f93f246eed83eb753f9e310a614/-/horizon-files-prod/ed/picture/qz6wz9g/a9dcacfe27c283ca0cf8847c56e081d7c7630f32.jpg
1186,"<h1 class=""listing-item__header"">
    TÉLÉVISEUR LG 50POUCES SMART TV UHD 4K
</h1>",Neuf,LG,298 000 ,Plateau,https://i.roamcdn.net/hz/ed/listing-thumb-543w/987645609445ef13e68f2efaf4f50e3b/-/horizon-files-prod/ed/picture/qrz82wgg/9c69dfa35b632fca1dfe9fbac07463ebb2aacfd0.jpg
1187,"<h1 class=""listing-item__header"">
    TÉLÉVISEUR LG 55POUCES SMART TV
</h1>",Neuf,LG,329 000 ,Plateau,https://i.roamcdn.net/hz/ed/listing-thumb-543w/d81f02be509ede89f6ad12f21d271aca/-/horizon-files-prod/ed/picture/qpdmp9km/5be8b58b57394b11f53b0e93f27c844bd4b20003.jpg
1188,"<h1 class=""listing-item__header"">
    TÉLÉVISEUR LG 55POUCES SMART TV 4K
</h1>",Neuf,LG,329 000 ,Plateau,https://i.roamcdn.net/hz/ed/listing-thumb-543w/f22ea6d1895a2d7bf021b82b795f6720/-/horizon-files-prod/ed/picture/qm5gm78m/59198984ad7388944e891bc00255b3b583b200af.jpg
1189,"<h1 class=""listing-item__header"">
    PROMO TÉLÉVISEUR ÉLACTRON 75POUCES SMART QLED
</h1>",Neuf,Elactron,529 000 ,Plateau,https://i.roamcdn.net/hz/ed/listing-thumb-543w/6f323adfbd655bd75e3f058bdcef2663/-/horizon-files-prod/ed/picture/qq42qn0e/0364e2af5d521f7f43edb21f45808616ddfc9675.jpg
1190,"<h1 class=""listing-item__header"">
    PROMO TÉLÉVISEUR SAMSUNG UA 65POUCES UHD
</h1>",Neuf,Samsung,469 000 ,Plateau,https://i.roamcdn.net/hz/ed/listing-thumb-543w/f923295ea412169d1df5dcd4c42d1f64/-/horizon-files-prod/ed/picture/q78wvq2m/4f0af31f3ed854939953569babe01efd1fb4855b.jpg
1191,"<h1 class=""listing-item__header"">
    Projecteur LCD 3500
</h1>",Neuf,Autre,100 000 ,Dieuppeul,https://i.roamcdn.net/hz/ed/listing-thumb-543w/493420dc8effb3b0b86c0556c652a1ff/-/horizon-files-prod/ed/picture/q426qg8/7bdd2955d621db206a96891d54cd1555125caa20.jpg
1192,"<h1 class=""listing-item__header"">
    TÉLÉVISEUR LG 50POUCES SMART TV UHD 4K
</h1>",Neuf,LG,298 000 ,Plateau,https://i.roamcdn.net/hz/ed/listing-thumb-543w/ae253cd504cb6241ef576e15f56af927/-/horizon-files-prod/ed/picture/qxjpdggw/35792bb9136432dd84b0caded63f08a29a444b59.jpg
1193,"<h1 class=""listing-item__header"">
    PROMO TÉLÉVISEUR SAMSUNG 40POUCES SMART TV
</h1>",Neuf,Samsung,189 000 ,Plateau,https://i.roamcdn.net/hz/ed/listing-thumb-543w/d395f48047885c337c9e7795d416b952/-/horizon-files-prod/ed/picture/qxjpdgg0/711449194fff8d2f129159940c8a93c953afe8cb.jpg
1194,"<h1 class=""listing-item__header"">
    PROMO TÉLÉVISEUR LG 55POUCES SMART TV
</h1>",Neuf,LG,329 000 ,Plateau,https://i.roamcdn.net/hz/ed/listing-thumb-543w/782144c3e7d56e913ea3c721154068e8/-/horizon-files-prod/ed/picture/q0g7pnnz/a45fb21b708237a15e7febdc75a6d750a5f348ac.jpg
1195,"<h1 class=""listing-item__header"">
    PROMO TÉLÉVISEUR LG 75 POUCES SMART NANO CELL MODÈLE
</h1>",Neuf,LG,1 750 000 ,Plateau,https://i.roamcdn.net/hz/ed/listing-thumb-543w/6ee7e89fa85a22c2285d3eeed7e10a40/-/horizon-files-prod/ed/picture/qj4qmqwr/f95bbd6eee898d22389ecbf9e63a4ae27f0015e4.jpg
1196,"<h1 class=""listing-item__header"">
    TÉLÉVISEUR LG 70POUCES
</h1>",Neuf,LG,649 000 ,Plateau,https://i.roamcdn.net/hz/ed/listing-thumb-543w/b177f90bbe5ecaccd89c0c8cfdd89e17/-/horizon-files-prod/ed/picture/qm5gmg4m/a0ae0cad0c1a4ee78fc7228ccaf9d80d7383df52.jpg
1197,"<h1 class=""listing-item__header"">
    TÉLÉVISEUR LG 86POUCES NANO CELL
</h1>",Neuf,LG,1 850 000 ,Plateau,https://i.roamcdn.net/hz/ed/listing-thumb-543w/6bae202f80c535ad721e19bed271c675/-/horizon-files-prod/ed/picture/qpdmpm7m/bbfbf0c5bf403ab1080ee09a80fe13d202ecf6c3.jpg
1198,"<h1 class=""listing-item__header"">
    PROMO TÉLÉVISEUR LG 65POUCES OLED
</h1>",Neuf,LG,1 500 000 ,Plateau,https://i.roamcdn.net/hz/ed/listing-thumb-543w/67173b459fdda3132dd05ba5fbb7539c/-/horizon-files-prod/ed/picture/qq42q2ge/acd097791ca13b06e4603797df5ad349153c8c74.jpg
1199,"<h1 class=""listing-item__header"">
    Smart TV 43"" Samsung 4K UHD
</h1>",Neuf,Samsung,225 000 ,Plateau,https://i.roamcdn.net/hz/ed/listing-thumb-543w/dac66fa772f89ca97d49c0ef301a561a/-/horizon-files-prod/ed/picture/q8v56g2z/6bee82e27b2e9b5ade3658a34f1866dd54cddbb5.jpg
1200,"<h1 class=""listing-item__header"">
    Smart TV Samsung 50"" TU8000
</h1>",Neuf,Samsung,310 000 ,Plateau,https://i.roamcdn.net/hz/ed/listing-thumb-543w/80aae6e3f259a1176efd70c2bb6c9001/-/horizon-files-prod/ed/picture/qweewgr6/992f73309cf63b96c67fe0a84ae0086ef87ae1f7.jpg
1201,"<h1 class=""listing-item__header"">
    TV Marque LG 32 Pouces
</h1>",Venant,LG,75 000 ,Malika,https://i.roamcdn.net/hz/ed/listing-thumb-543w/c1063aea847cebe5d638a0d844881a89/-/horizon-files-prod/ed/picture/qrz82285/4ea1d0f06b9eb4d2963274f09127c0cc5bfca6c8.jpg
1202,"<h1 class=""listing-item__header"">
    TELEVISEUR HISENSE 100 POUCES10007Q
</h1>",Neuf,Hisense,2 550 000 ,Plateau,https://i.roamcdn.net/hz/ed/listing-thumb-543w/62afddc30e95c67bf92c4e24f4bc4bb6/-/horizon-files-prod/ed/picture/qpd6kzqr/132d44286a40ab61339863d48d764e2860c5ebc5.jpg
1203,"<h1 class=""listing-item__header"">
    TÉLÉVISEUR LG 50POUCES SMART TV UHD 4K
</h1>",Neuf,LG,305 000 ,Plateau,https://i.roamcdn.net/hz/ed/listing-thumb-543w/15928508039c472f4b5ad8c2f3744281/-/horizon-files-prod/ed/picture/qv4en8r8/2b2e273f5270824346e77f89410d303ef4cc7698.jpg
1204,"<h1 class=""listing-item__header"">
    TÉLÉVISEUR AIWA 55POUCES SMART TV
</h1>",Neuf,Autre,229 000 ,Plateau,https://i.roamcdn.net/hz/ed/listing-thumb-543w/ae46340e0a5f646b9e4a524b5bad8267/-/horizon-files-prod/ed/picture/qq47p0r4/e1be2440ec2a86b6eec39228c4a9df5ee5976722.jpg
1205,"<h1 class=""listing-item__header"">
    PROMO TÉLÉVISEUR LG 88POUCES OLED88ZI PVA
</h1>",Neuf,LG,17 000 000 ,Plateau,https://i.roamcdn.net/hz/ed/listing-thumb-543w/27f1f536a4da4bb9cf7176852b4f9941/-/horizon-files-prod/ed/picture/qngxr6vr/dfb513dacdc31b72303cf83c3c0d3892b6fedffe.jpg
1206,"<h1 class=""listing-item__header"">
    TÉLÉVISEUR LG 43POUCES SMART TV ANDROID 4K
</h1>",Neuf,LG,249 000 ,Plateau,https://i.roamcdn.net/hz/ed/listing-thumb-543w/7e19c8b4a467156d8b44315f041a2d3f/-/horizon-files-prod/ed/picture/q2jqpmvd/d2f7fdaef204273658eab65404b93272a62e998d.jpg
1207,"<h1 class=""listing-item__header"">
    PROMO TÉLÉVISEUR LG 32POUCES SMART ANDROID
</h1>",Neuf,LG,139 000 ,Plateau,https://i.roamcdn.net/hz/ed/listing-thumb-543w/c84fe209d787c80c22c8e5c4458dfdde/-/horizon-files-prod/ed/picture/qj4rvkgz/d26fc24014fe8c4b62bc51f7c9d4dd63f3a45e83.jpg
1208,"<h1 class=""listing-item__header"">
    PROMO TÉLÉVISEUR LG 43POUCES SMART TV LM6370PVA
</h1>",Neuf,LG,205 000 ,Plateau,https://i.roamcdn.net/hz/ed/listing-thumb-543w/bbba0c6ee6bf7c73c33f1aa9758e2576/-/horizon-files-prod/ed/picture/qm5p8276/c066b17aa34dfa2f458ce0d666b78d47a6dfef34.jpg
1209,"<h1 class=""listing-item__header"">
    SUPPORT TV PIVOTABLE 14-42
</h1>",Neuf,Autre,13 000 ,Plateau,https://i.roamcdn.net/hz/ed/listing-thumb-543w/8cc2050d89813b242f569afae2406012/-/horizon-files-prod/ed/picture/qm5p8e79/a84619f9143928edd7661a0dac5a8f9033fb5b3d.jpg
1210,"<h1 class=""listing-item__header"">
    PROMO SUPPORT TV PIVOTABLE 32 75 CP502
</h1>",Neuf,Autre,22 000 ,Plateau,https://i.roamcdn.net/hz/ed/listing-thumb-543w/971e7de2a3b22d077c77217e8581f783/-/horizon-files-prod/ed/picture/qrzvdew5/8f229b1cf84a7f0d1a2cccb4cfb8c07bb734e065.jpg
1211,"<h1 class=""listing-item__header"">
    PROMO TÉLÉVISEUR TCL 98POUCES 4K HDR
</h1>",Neuf,TCL,2 100 000 ,Plateau,https://i.roamcdn.net/hz/ed/listing-thumb-543w/7de1823cf078ca69fe78b453cd4f5386/-/horizon-files-prod/ed/picture/q448ewr9/f668d2786a2983dd65e31e69de298822c84f3322.jpg
1212,"<h1 class=""listing-item__header"">
    Smart Android 32"" WEST
</h1>",Neuf,Autre,77 000 ,Plateau,https://i.roamcdn.net/hz/ed/listing-thumb-543w/0bd7491a201029feccbd271e9649f90a/-/horizon-files-prod/ed/picture/qv4en5w2/66bf7a1cbdf5e76397590ed14b275d3cfba91af8.png
1213,"<h1 class=""listing-item__header"">
    Android TV 40"" west
</h1>",Neuf,Autre,99 000 ,Plateau,https://i.roamcdn.net/hz/ed/listing-thumb-543w/a86e2b14c98a2973b8dda7fe89936a44/-/horizon-files-prod/ed/picture/qenqgjvk/c41521da0c5f4c566312e1f7678cfd71a0dc5ade.png
1214,"<h1 class=""listing-item__header"">
    BARRE DE SON LG SNH5 600W 4.1 CANAUX
</h1>",Neuf,LG,230 000 ,Plateau,https://i.roamcdn.net/hz/ed/listing-thumb-543w/fe083c4fe34c07e8a36a2ed3b91c1ad0/-/horizon-files-prod/ed/picture/qrzvd4zx/e024ed86850c9edfbe25c3e93df726c4058708b9.jpg
1215,"<h1 class=""listing-item__header"">
    LG OLED EVO 55 POUCES 55C3 2023
</h1>",Neuf,LG,950 000 ,Plateau,https://i.roamcdn.net/hz/ed/listing-thumb-543w/2565e3d54070666052f2d2d5bad936f5/-/horizon-files-prod/ed/picture/qwe2q5e5/f90ff7b15fb9c71311ed820a146cc7e958d405bf.jpg
1216,"<h1 class=""listing-item__header"">
    LG OLED EVO 65 POUCES  65C3 2023
</h1>",Neuf,LG,1 650 000 ,Plateau,https://i.roamcdn.net/hz/ed/listing-thumb-543w/fdb402de1f1d55b0c3d6bce74f736638/-/horizon-files-prod/ed/picture/qdekxjew/a7b87b2f7f2b795831210cc2c61b1ade81c66cbf.jpg
1217,"<h1 class=""listing-item__header"">
    TELEVISEUR HISENSE 65 SMART VIDAA ULED QUANTUM DOT 4K 6507H
</h1>",Neuf,Hisense,635 000 ,Plateau,https://i.roamcdn.net/hz/ed/listing-thumb-543w/a37ca72b2d4a990ebd5506e7ac10fbc7/-/horizon-files-prod/ed/picture/q6xk0vkg/3c89cd06e4634165d09cc36a8471d55fcdd586c9.jpg
1218,"<h1 class=""listing-item__header"">
    PROMO BARRE DE SON TECHNOLUX
</h1>",Neuf,Autre,59 000 ,Plateau,https://i.roamcdn.net/hz/ed/listing-thumb-543w/e2565c32936846e801217c673ae1e76d/-/horizon-files-prod/ed/picture/qm5pzx5m/65bf190763a3e9963061078b0f2adcccf612e5e6.jpg
1219,"<h1 class=""listing-item__header"">
    Télévision  Star track 55 pouces smart tv
</h1>",Neuf,Star,235 000 ,Médina,https://i.roamcdn.net/hz/ed/listing-thumb-543w/324f0abb57004eb479de4d4aab23338c/-/horizon-files-prod/ed/picture/qxj246zm/f469ee8155b9340a4d16011b332a8cbb55b3002f.jpg
1220,"<h1 class=""listing-item__header"">
    PROMO MINI CHAÎNE LG
</h1>",Neuf,LG,139 000 ,Plateau,https://i.roamcdn.net/hz/ed/listing-thumb-543w/7092894f8e8e250d81cc0c40945f53f4/-/horizon-files-prod/ed/picture/q8v5qpnj/e71c46701a9af1b1db41c9b02642b7c431de41ce.jpg
1221,"<h1 class=""listing-item__header"">
    PROMO TÉLÉVISEUR 65POUCES ASTECH QLED ANDROID SOUNDBAR
</h1>",Neuf,Astech,398 000 ,Plateau,https://i.roamcdn.net/hz/ed/listing-thumb-543w/754102b32499ddcebc4b6b9b90a341f5/-/horizon-files-prod/ed/picture/qngx4e2m/13874f94e89d7132ea1b49dc9e7f6c687462546f.jpg
1222,"<h1 class=""listing-item__header"">
    PROMO TÉLÉVISEUR 50POUCES ASTECH SMART ANDROID
</h1>",Neuf,Astech,219 000 ,Plateau,https://i.roamcdn.net/hz/ed/listing-thumb-543w/2830d9ddff9616ba587f65312b3f51e0/-/horizon-files-prod/ed/picture/q2jqp0ng/e556891e8624dc9bd156c33b24c39d376360e94d.jpg
1223,"<h1 class=""listing-item__header"">
    PROMO BAR DE SON LG
</h1>",Neuf,LG,129 000 ,Plateau,https://i.roamcdn.net/hz/ed/listing-thumb-543w/29cd36c4a09655fcd854cf94111a27d2/-/horizon-files-prod/ed/picture/qrzvd84q/8f27630b0234064bc2efddc5bcf77e3b4510227f.jpg
1224,"<h1 class=""listing-item__header"">
    PROMO TÉLÉVISEUR 50POUCES TCL ANDROID 4K
</h1>",Neuf,TCL,229 000 ,Plateau,https://i.roamcdn.net/hz/ed/listing-thumb-543w/7b49699db2235e870cc366297c642189/-/horizon-files-prod/ed/picture/q0gwm7n6/34517009923f11c98dd6ed9a4397c16cc113fa85.jpg
1225,"<h1 class=""listing-item__header"">
    PROMO TÉLÉVISEUR ASTECH 65POUCES QLED ANDROID SOUNDBAR
</h1>",Neuf,Astech,395 000 ,Plateau,https://i.roamcdn.net/hz/ed/listing-thumb-543w/15a8038a51db616cf19db1c83ccb55d8/-/horizon-files-prod/ed/picture/qkrg98p8/3c647e6ac3816f9da2833b03e150ca8ae77a0b46.jpg
1226,"<h1 class=""listing-item__header"">
    TELEVISEUR ELACTRON 85 SMART QLED ANDROID TV
</h1>",Neuf,Elactron,989 900 ,Plateau,https://i.roamcdn.net/hz/ed/listing-thumb-543w/69d60ce2a77d284899635e309c022aa5/-/horizon-files-prod/ed/picture/q9m9eren/81cab58c268a6fd8e501f5ecaa2c4cd81e823851.jpg
1227,"<h1 class=""listing-item__header"">
    TELEVISEUR ELACTRON 75 SMART QLED ANDROID TS7561AS
</h1>",Neuf,Elactron,525 000 ,Plateau,https://i.roamcdn.net/hz/ed/listing-thumb-543w/5ce883077b7a1afd725e7591e049b152/-/horizon-files-prod/ed/picture/qj4r8q9r/197ef0bdc0a5bb43d941c4f796ac242cbac33292.jpg
1228,"<h1 class=""listing-item__header"">
    MINI CHAINE LG XBOOM PORTABLE 24HR BATTERIE PL5
</h1>",Neuf,LG,78 000 ,Plateau,https://i.roamcdn.net/hz/ed/listing-thumb-543w/76d85cca7dc5877e2416760dce2eceb0/-/horizon-files-prod/ed/picture/q56xe577/3a3e558bfab669d77e1b5e1643da2169488588cd.jpg
1229,"<h1 class=""listing-item__header"">
    MINI CHAINE SONY MHC-V43D
</h1>",Neuf,Sony,299 900 ,Plateau,https://i.roamcdn.net/hz/ed/listing-thumb-543w/602c786de54f12d0c6925bd19315a2da/-/horizon-files-prod/ed/picture/q8v5ekjx/5a2c4c868e90389b95c1c79095165a17eafd5076.jpg
1230,"<h1 class=""listing-item__header"">
    PROMO BARRE DE SON SONY
</h1>",Neuf,Sony,89 000 ,Plateau,https://i.roamcdn.net/hz/ed/listing-thumb-543w/065a326ba7bf9f3b50c436ef01ad9a74/-/horizon-files-prod/ed/picture/qrzvdqp8/c2d5f074605d15f7ca73af2c19281e125e9ecdd4.jpg
1231,"<h1 class=""listing-item__header"">
    PROMO MINI CHAÎNE LG XBOOM 950 WATTS
</h1>",Neuf,LG,169 000 ,Plateau,https://i.roamcdn.net/hz/ed/listing-thumb-543w/376203a8f16ab95f5e34772c360665cb/-/horizon-files-prod/ed/picture/qq47pdj4/0020add7449ff2994a4422b38ff3208d11bc0bd1.jpg
1232,"<h1 class=""listing-item__header"">
    PROMO HOME CINÉMA LG
</h1>",Neuf,LG,179 000 ,Plateau,https://i.roamcdn.net/hz/ed/listing-thumb-543w/b4599549a61e330a939b97e2f36d6bc1/-/horizon-files-prod/ed/picture/qpd6x5eq/083be7d87290fcb297f69b546c6dc1bbb4311013.jpg
1233,"<h1 class=""listing-item__header"">
    PROMO HOME CINÉMA LG AVEC BLUETOOTH
</h1>",Neuf,LG,189 000 ,Plateau,https://i.roamcdn.net/hz/ed/listing-thumb-543w/fd1717669db33ef52210aa9b171f25b5/-/horizon-files-prod/ed/picture/q9m948vp/68df8d77e82fcca467edfdf8811527b4f6341310.jpg
1234,"<h1 class=""listing-item__header"">
    PROMO HOME CINÉMA LG 1250 WATT
</h1>",Neuf,LG,259 000 ,Plateau,https://i.roamcdn.net/hz/ed/listing-thumb-543w/00c74f53671346d56d5749f7fa94cee1/-/horizon-files-prod/ed/picture/qdekxwqj/aaf9c703540a9399d7b5fff90403222e3dde7dba.jpg
1235,"<h1 class=""listing-item__header"">
    PROMO TÉLÉVISEUR ASTECH 65POUCES SMART TV ANDROID
</h1>",Neuf,Astech,349 000 ,Plateau,https://i.roamcdn.net/hz/ed/listing-thumb-543w/070973801d0c544859eb4c35fa1a9a9b/-/horizon-files-prod/ed/picture/qenqgnn9/e661e749774974a3a27c75e1280f66b42b71100e.jpg
1236,"<h1 class=""listing-item__header"">
    TÉLÉVISEUR ASTECH 32POUCES LED
</h1>",Neuf,Astech,69 000 ,Plateau,https://i.roamcdn.net/hz/ed/listing-thumb-543w/7e03d0578df2763b326977699516f9f9/-/horizon-files-prod/ed/picture/qngxrg5k/ba8858df7a5b776784461292b74d09d77b92f937.jpg
1237,"<h1 class=""listing-item__header"">
    PROMO TÉLÉVISEUR ASTECH 50POUCES SMART ANDROID
</h1>",Neuf,Astech,219 000 ,Plateau,https://i.roamcdn.net/hz/ed/listing-thumb-543w/1b883aa4548daa41bb7568bacf65e236/-/horizon-files-prod/ed/picture/q785n8vg/22c7a85082d99f5c52527c48fbdcc872787be180.jpg
1238,"<h1 class=""listing-item__header"">
    PROMO TÉLÉVISEUR ASTECH 55POUCES ANDROID SOUNDBAR
</h1>",Neuf,Astech,289 000 ,Plateau,https://i.roamcdn.net/hz/ed/listing-thumb-543w/266a4214fc2155f17c36986c9254a0df/-/horizon-files-prod/ed/picture/qq47p4q7/d2c7a4e14688985e391601f87cf3760c57d5cbac.jpg
1239,"<h1 class=""listing-item__header"">
    PROMO TÉLÉVISEUR SAMSUNG 55POUCES SMART
</h1>",Neuf,Samsung,329 000 ,Plateau,https://i.roamcdn.net/hz/ed/listing-thumb-543w/a564850096b1aafea97f5c4bf4b91362/-/horizon-files-prod/ed/picture/qpd6xkdr/83e222ffb93106af699b21909428a00764f4e539.jpg
1240,"<h1 class=""listing-item__header"">
    PlayStation 4 venant
</h1>",Venant,Autre,145 000 ,Parcelles Assainies,https://i.roamcdn.net/hz/ed/listing-thumb-543w/4919efaa6881efc218bb45b849e0de51/-/horizon-files-prod/ed/picture/qm5pzxnr/b07e358f3020f70b436a211846c82dc3a9f4e3ed.jpg
1241,"<h1 class=""listing-item__header"">
    PROMO TÉLÉVISEUR AIWA 55POUCES SMART TV
</h1>",Neuf,Autre,229 000 ,Plateau,https://i.roamcdn.net/hz/ed/listing-thumb-543w/8f3a7a3e07fb0acecc0e0332c6295638/-/horizon-files-prod/ed/picture/q0gwq66e/d615bc80e39a0e84de9748e706ab7ff22347427f.jpg
1242,"<h1 class=""listing-item__header"">
    PROMO TÉLÉVISEUR CONTINENTAL 32POUCES SMART TV
</h1>",Neuf,Continental,69 000 ,Plateau,https://i.roamcdn.net/hz/ed/listing-thumb-543w/8b23f08aae3451a32b96c178ec712c48/-/horizon-files-prod/ed/picture/qv4e2rr8/62affb094bccd339794f2bd181343f3826767b14.jpg
1243,"<h1 class=""listing-item__header"">
    PROMO TÉLÉVISEUR ROCH RH -LE 43pouces DSB LED
</h1>",Neuf,Roch,105 000 ,Plateau,https://i.roamcdn.net/hz/ed/listing-thumb-543w/9a4abfeff74f73cf1d9bf9496acd10f8/-/horizon-files-prod/ed/picture/q785kqqz/1e9d560c771a947465443d3139fc57cc210f3029.jpg
1244,"<h1 class=""listing-item__header"">
    PROMO TÉLÉVISEUR STAR TRACK 75POUCES SMART
</h1>",Neuf,Autre,389 000 ,Plateau,https://i.roamcdn.net/hz/ed/listing-thumb-543w/61e419a7ef9e371b912bff16de12fcd8/-/horizon-files-prod/ed/picture/qzvd7kkk/3efb654ece39aac1acdb3739e6972f325ce51701.jpg
1245,"<h1 class=""listing-item__header"">
    PROMO TÉLÉVISEUR SYINIX 32POUCES LED
</h1>",Neuf,Autre,62 000 ,Plateau,https://i.roamcdn.net/hz/ed/listing-thumb-543w/80c8f142849fcde2679ac3b71723de36/-/horizon-files-prod/ed/picture/qenq688z/b0312af334d4d9bc49f5a4ff10fe3c4ce1ce588b.jpg
1246,"<h1 class=""listing-item__header"">
    PROMO TÉLÉVISEUR TCL 43POUCES SMART ANDROID
</h1>",Neuf,TCL,159 000 ,Plateau,https://i.roamcdn.net/hz/ed/listing-thumb-543w/785759136cc95afead118786fff43ab2/-/horizon-files-prod/ed/picture/q56xmnn2/855fcc03380c520e1497e848582c05dd374b8305.jpg
1247,"<h1 class=""listing-item__header"">
    PROMO TÉLÉVISEUR TCL 55POUCES SMART ANDROID 4K
</h1>",Neuf,TCL,239 000 ,Plateau,https://i.roamcdn.net/hz/ed/listing-thumb-543w/2ac292c482eb01833c636dca2cb138f7/-/horizon-files-prod/ed/picture/qdek5qqj/107242f5dc9b55a5d288b77ec8caf2381d780afc.jpg
1248,"<h1 class=""listing-item__header"">
    TÉLÉVISEUR TCL 75POUCES SMART ANDROID 4K
</h1>",Neuf,TCL,539 000 ,Plateau,https://i.roamcdn.net/hz/ed/listing-thumb-543w/2ed6c60ccae4aabfe7c21666cf7d7f5d/-/horizon-files-prod/ed/picture/qkrgwkkx/64e41297adc8f8c5472ff39be27880381c1229ff.jpg
1249,"<h1 class=""listing-item__header"">
    PROMO TÉLÉVISEUR SMART TECHNOLOGY 55POUCES SMART
</h1>",Neuf,Autre,229 000 ,Plateau,https://i.roamcdn.net/hz/ed/listing-thumb-543w/2fb99b1f58659990b5c6d08ba4e07051/-/horizon-files-prod/ed/picture/qxj25mm8/1f87e63608a06373acea1f778fa2737cb0f412e7.jpg
1250,"<h1 class=""listing-item__header"">
    PROMO TÉLÉVISEUR SMART TECHNOLOGY 86POUCES SMART 4K
</h1>",Neuf,Autre,775 000 ,Plateau,https://i.roamcdn.net/hz/ed/listing-thumb-543w/6d8211658d1f7f625f55699e8f9fb90b/-/horizon-files-prod/ed/picture/q448x998/2a4c5ed3e31d5416b1e3e04568debb450462a483.jpg
1251,"<h1 class=""listing-item__header"">
    PROMO TÉLÉVISEUR TORL 43POUCES ANDROID SMART TV ANTI CASSE
</h1>",Neuf,Autre,149 000 ,Plateau,https://i.roamcdn.net/hz/ed/listing-thumb-543w/f6e5f70b3e44a097d061b61c2ba1c189/-/horizon-files-prod/ed/picture/qwe2dxxm/bb1f2812e5dc6993dc6a45cd3723797d732df6f6.jpg
1252,"<h1 class=""listing-item__header"">
    PROMO TÉLÉVISEUR TORL 65POUCES ANDROID SMART TV 4K
</h1>",Neuf,Autre,289 000 ,Plateau,https://i.roamcdn.net/hz/ed/listing-thumb-543w/3a9493f00debcb5d801496a0b8c7ed75/-/horizon-files-prod/ed/picture/qngx4v8r/9f1fffd956d7369d564f89787e3097e070ad9631.jpg
1253,"<h1 class=""listing-item__header"">
    PROMO TÉLÉVISEUR TORL 75POUCES ANDROID SMART TV 4K
</h1>",Neuf,Autre,479 000 ,Plateau,https://i.roamcdn.net/hz/ed/listing-thumb-543w/6e73b21021365bac444638f45e8c4a74/-/horizon-files-prod/ed/picture/q6xkgw8j/d53c69c57110e1d4aa23c26f4e545c96c271c8f0.jpg
1254,"<h1 class=""listing-item__header"">
    PROMO TÉLÉVISEUR TORL 43POUCES ANDROID SMART TV
</h1>",Neuf,Autre,129 000 ,Plateau,https://i.roamcdn.net/hz/ed/listing-thumb-543w/3a5fc65d9e49c054fdda2f0118e4be80/-/horizon-files-prod/ed/picture/qj4rng9z/1809d74bb603224a49471e00345630abedb964c9.jpg
1255,"<h1 class=""listing-item__header"">
    PROMO TÉLÉVISEUR TORL 55POUCES ANDROID SMART TV 4K
</h1>",Neuf,Autre,210 000 ,Plateau,https://i.roamcdn.net/hz/ed/listing-thumb-543w/a560ad5e064a2ba5d9f2bcee4da3a9df/-/horizon-files-prod/ed/picture/qrzvgwm8/48d343ede5674f2c51fe54971bcb4cf09aa0c208.jpg
1256,"<h1 class=""listing-item__header"">
    PROMO TÉLÉVISEUR WESTPOOL 32POUCES SMART TV ANDROID
</h1>",Neuf,Westpool,73 000 ,Plateau,https://i.roamcdn.net/hz/ed/listing-thumb-543w/94f7ba813dff9465d5a5ec8d117de932/-/horizon-files-prod/ed/picture/q448x9w8/7f2033a5b3d11fb5e64fa3915f9619bae7d7dd6c.jpg
1257,"<h1 class=""listing-item__header"">
    TÉLÉVISEUR WEST 32POUCES LED
</h1>",Neuf,Autre,62 000 ,Plateau,https://i.roamcdn.net/hz/ed/listing-thumb-543w/0ad5cfd1800f18b734ce9cb8f3aa61b2/-/horizon-files-prod/ed/picture/q8v5j8rz/b4db94ff89f0331ee0f8d87fe8b235fbcba7e586.jpg
1258,"<h1 class=""listing-item__header"">
    PROMO TÉLÉVISEUR WEST 50POUCES ANDROID SMART
</h1>",Neuf,Autre,179 000 ,Plateau,https://i.roamcdn.net/hz/ed/listing-thumb-543w/9d06ade89a8877e6ec374d4275714ef4/-/horizon-files-prod/ed/picture/qq47mnx4/8ab6ce536a6d676b606f01e26e29a09dbb95382d.jpg
1259,"<h1 class=""listing-item__header"">
    PROMO TÉLÉVISEUR WEST 65POUCES ANDROID SMART
</h1>",Neuf,Autre,269 000 ,Plateau,https://i.roamcdn.net/hz/ed/listing-thumb-543w/220b8e54a93a5eea32edea6a7ad45973/-/horizon-files-prod/ed/picture/q9m9pz2p/62cb62cd5bb15ea9640e6d2136e7de87e9e37404.jpg
1260,"<h1 class=""listing-item__header"">
    PROMO TÉLÉVISEUR WEST 43POUCES ANDROID SMART
</h1>",Neuf,Autre,110 000 ,Plateau,https://i.roamcdn.net/hz/ed/listing-thumb-543w/7a72826f1ea92a562ebf9c0e805ba888/-/horizon-files-prod/ed/picture/q0gwq6xe/9e2acda441593d25d517415860727d787f0b4259.jpg
1261,"<h1 class=""listing-item__header"">
    TÉLÉVISEUR ASTECH 32POUCES LED
</h1>",Neuf,Astech,69 000 ,Plateau,https://i.roamcdn.net/hz/ed/listing-thumb-543w/383658812f1ff1078576dc55b99c5ec4/-/horizon-files-prod/ed/picture/q8v5j2j4/3bbb1414acce68ce0ca234f445c7349d9d69c237.jpg
1262,"<h1 class=""listing-item__header"">
    TÉLÉVISEUR ASTECH 50pouces SMART ANDROID
</h1>",Neuf,Astech,219 000 ,Plateau,https://i.roamcdn.net/hz/ed/listing-thumb-543w/27f28ac28cee95e7a7f87c12bc808102/-/horizon-files-prod/ed/picture/qngx4k4g/99f8bdcafad5187ed11757397cb013756e41daca.jpg
1263,"<h1 class=""listing-item__header"">
    TÉLÉVISEUR ASTECH 55POUCES ANDROID SOUNDBAR
</h1>",Neuf,Astech,298 000 ,Plateau,https://i.roamcdn.net/hz/ed/listing-thumb-543w/3311293db6c7341ce5359fabbf411f30/-/horizon-files-prod/ed/picture/q6xkg2ep/4ca5ffb20a7eb0131c60909a88ecd0d48128f234.jpg
1264,"<h1 class=""listing-item__header"">
    TÉLÉVISEUR ASTECH 65POUCES SMART TV ANDROID
</h1>",Neuf,Astech,359 000 ,Plateau,https://i.roamcdn.net/hz/ed/listing-thumb-543w/b4d068b4fadced39e8f008fb66e2f67c/-/horizon-files-prod/ed/picture/qdek5zvm/faddc6d01129ba3ac253e0e238d4071244d437c4.jpg
1265,"<h1 class=""listing-item__header"">
    TÉLÉVISEUR ASTECH 75POUCES QLED ANDROID
</h1>",Neuf,Astech,549 000 ,Plateau,https://i.roamcdn.net/hz/ed/listing-thumb-543w/e4f1e8416639d815597049db97eae4c3/-/horizon-files-prod/ed/picture/qkrgwd42/a2e42e3a38b11b18b1e639fa66e5d413510403c2.jpg
1266,"<h1 class=""listing-item__header"">
    TÉLÉVISEUR SMART TECHNOLOGY 65POUCES SMART TV
</h1>",Neuf,Autre,289 000 ,Plateau,https://i.roamcdn.net/hz/ed/listing-thumb-543w/e0a626505f32422d028a8592e8d11592/-/horizon-files-prod/ed/picture/q0gwqxjm/6f8b8d5c2a0c8278b2913c041f821cd8fcf4b24c.jpg
1267,"<h1 class=""listing-item__header"">
    TÉLÉVISEUR LG 86POUCES MODÈLE 2022 UHD 4K
</h1>",Neuf,LG,1 400 000 ,Plateau,https://i.roamcdn.net/hz/ed/listing-thumb-543w/ad741d58c00bcbbda35a92c2309f2a92/-/horizon-files-prod/ed/picture/qdek5zpm/89ab6be384e41d9bd6ba06380d2fc8d59c046979.jpg
1268,"<h1 class=""listing-item__header"">
    TELEVISEUR TCL 85POCES SMART ANDROID 4K
</h1>",Neuf,TCL,985 000 ,Plateau,https://i.roamcdn.net/hz/ed/listing-thumb-543w/ed888984aa98181f14d317fceaa93499/-/horizon-files-prod/ed/picture/qzvd78pn/a93c70c5ab298df254e858ffbd69fa31f9cfec32.jpg
1269,"<h1 class=""listing-item__header"">
    TELEVISEUR TCL 75 POUCES ANDROID SMART 4K
</h1>",Neuf,TCL,549 000 ,Plateau,https://i.roamcdn.net/hz/ed/listing-thumb-543w/615536674cf70e1fc0d683a278f555c4/-/horizon-files-prod/ed/picture/qkrgw78v/84f8a6fc3670a09c2bc0d08e8eda844085f7569c.jpg
1270,"<h1 class=""listing-item__header"">
    TELEVISEUR TCL 65POUCES SMART ANDROID 4K
</h1>",Neuf,TCL,369 000 ,Plateau,https://i.roamcdn.net/hz/ed/listing-thumb-543w/cf683e983dee58671596fbcaef29e44b/-/horizon-files-prod/ed/picture/qm5pz0gd/1436ed3e4650c879b1cf9890e863d44f4b5d9eb8.jpg
1271,"<h1 class=""listing-item__header"">
    TELEVISEUR TCL 32POUCES SMART ANDROID 4K
</h1>",Neuf,Autre,98 000 ,Plateau,https://i.roamcdn.net/hz/ed/listing-thumb-543w/9ce5be5debcaad778067f517a581ec05/-/horizon-files-prod/ed/picture/qrzvgr8j/453ddb883f274552eb0b193331ae1f5fc9757e5d.jpg
1272,"<h1 class=""listing-item__header"">
    Mini caméra cachée wifi
</h1>",Neuf,Autre,20 000 ,Colobane,https://i.roamcdn.net/hz/ed/listing-thumb-543w/1e089ef7027695e72c5116f55e09aee2/-/horizon-files-prod/ed/picture/q785kj5n/003a42d22d44f10b56781f74e3d29663906268b6.jpg
1273,"<h1 class=""listing-item__header"">
    TELEVISEUR TORL 75 POUCES ANDROID SMART 4K
</h1>",Neuf,Autre,498 000 ,Plateau,https://i.roamcdn.net/hz/ed/listing-thumb-543w/b86cb43431fce27df4c7dd46b49e5a28/-/horizon-files-prod/ed/picture/qrzvg88m/d682091515af1352e844145fb81e144680f31582.jpg
1274,"<h1 class=""listing-item__header"">
    TELEVISEUR SOLSTAR 32POUCES SMART ANDROID
</h1>",Neuf,Autre,89 000 ,Plateau,https://i.roamcdn.net/hz/ed/listing-thumb-543w/7fdff42c143da67e2f5622d2eb281394/-/horizon-files-prod/ed/picture/qngx4d8k/4efd238216025520982a4c182a9496a94edcf37e.jpg
1275,"<h1 class=""listing-item__header"">
    TÉLÉVISEUR 43POUCES SMART TECHNOLOGY SMART TV
</h1>",Neuf,Autre,132 000 ,Plateau,https://i.roamcdn.net/hz/ed/listing-thumb-543w/10e784e64f4f49e2b4b428687c06efb1/-/horizon-files-prod/ed/picture/qv4e787w/bbb9d6712295f6b2d4a3887a8eac0c73d8bb65e7.jpg
1276,"<h1 class=""listing-item__header"">
    TÉLÉVISEUR 75POUCES SMART TECHNOLOGY SMART TV
</h1>",Neuf,Autre,439 000 ,Plateau,https://i.roamcdn.net/hz/ed/listing-thumb-543w/cd1163536eb26907fc4d58496196d068/-/horizon-files-prod/ed/picture/q2jqemme/989d7a77ade3f2b73a147d89a78bb3a8c6e232d2.jpg
1277,"<h1 class=""listing-item__header"">
    TÉLÉVISEUR 65POUCES SMART TECHNOLOGY SMART TV
</h1>",Neuf,Autre,279 000 ,Plateau,https://i.roamcdn.net/hz/ed/listing-thumb-543w/1f473a1eb5b8b01cdc7a82f4a6ce2d16/-/horizon-files-prod/ed/picture/qgq9nxxr/44cc10b5b5d55a1b6612f07a1fbd66d9025443d5.jpg
1278,"<h1 class=""listing-item__header"">
    TÉLÉVISEUR 32POUCES SMART TECHNOLOGY SMART TV
</h1>",Neuf,Autre,79 000 ,Plateau,https://i.roamcdn.net/hz/ed/listing-thumb-543w/a0e800bb17b873a7ae7a090f2004a99e/-/horizon-files-prod/ed/picture/qwe2v44k/eb91f89c67f7c76912c5f89d1ea407a958801f9d.jpg
1279,"<h1 class=""listing-item__header"">
    BARRE DE SON SONY 600WATTS HT-S40R
</h1>",Neuf,Sony,229 000 ,Plateau,https://i.roamcdn.net/hz/ed/listing-thumb-543w/ed66d8ac8e2347051b661d6960344a00/-/horizon-files-prod/ed/picture/qj4r8kjd/765b3cb0f550fd7684e01d9834c043a611c0bc6f.jpg
1280,"<h1 class=""listing-item__header"">
    Smart TV 55"" star-track 4K UHD
</h1>",Neuf,Star,245 000 ,Plateau,https://i.roamcdn.net/hz/ed/listing-thumb-543w/873a54ceda161e73150beaa998bd32ff/-/horizon-files-prod/ed/picture/qwe2v52d/099de1a566da89170220f1ef116727546e5e36e8.jpg
1281,"<h1 class=""listing-item__header"">
    Box Tv 8gb | 128gb 8K Android 13
</h1>",Neuf,T95,45 000 ,Grand-Yoff,https://i.roamcdn.net/hz/ed/listing-thumb-543w/13619169ffb4c32f8ecd37b12c18fd14/-/horizon-files-prod/ed/picture/qnmde90/6661d39f3a1a7d7ab863ba7d67956db468ff8267.jpg
1282,"<h1 class=""listing-item__header"">
    Television LG Smart Tv 32 Pouces
</h1>",Neuf,LG,155 000 ,Médina,https://i.roamcdn.net/hz/ed/listing-thumb-543w/1aa368f322d893c99b0d548b72561843/-/horizon-files-prod/ed/picture/q0g2n27w/68a0d8ef0751ebc0fed7d347bdb0ef4d552df1db.jpg
1283,"<h1 class=""listing-item__header"">
    TELEVISEUR LG 65POUCES SMART TV UHD UQ9000PUB
</h1>",Neuf,LG,498 000 ,Plateau,https://i.roamcdn.net/hz/ed/listing-thumb-543w/8c8bb97590a39ab4c8649e6339c58536/-/horizon-files-prod/ed/picture/qq47j2d7/4037250944f744bdf3a3b8174a4392f6f8deb2eb.jpg
1284,"<h1 class=""listing-item__header"">
    TELEVISEUR SAMSUNG 65POUCES SMART TV4K UHD TU7000F
</h1>",Neuf,Samsung,498 000 ,Plateau,https://i.roamcdn.net/hz/ed/listing-thumb-543w/621d4030c71f77d07caa00905745adea/-/horizon-files-prod/ed/picture/qdekv7em/b33e758e2427574b4755be567344fb931697f1aa.jpg
1285,"<h1 class=""listing-item__header"">
    TELEVISEUR SAMSUNG 65POUCES SMART 4K UHD CU7000D
</h1>",Neuf,Samsung,498 000 ,Plateau,https://i.roamcdn.net/hz/ed/listing-thumb-543w/b4ae4664228e90da610844ebd1a2cc52/-/horizon-files-prod/ed/picture/qm5pxgmj/957c03a6575882b3376b391f98bb54d36e61c336.jpg
1286,"<h1 class=""listing-item__header"">
    TELEVISEUR SAMSUNG 65POUCES SMART UHD 4K TU7OOOB
</h1>",Neuf,Samsung,498 000 ,Plateau,https://i.roamcdn.net/hz/ed/listing-thumb-543w/514921e4a6f6ee95bad0917eb5b011dc/-/horizon-files-prod/ed/picture/qkrg4g92/b49641497f47609e838a0a6df90989a62e2aa116.jpg
1287,"<h1 class=""listing-item__header"">
    TELEVISEUR LG 32POUCES LED TV
</h1>",Neuf,LG,98 000 ,Plateau,https://i.roamcdn.net/hz/ed/listing-thumb-543w/2ffacbcb6e570ac2b8be01452a38332b/-/horizon-files-prod/ed/picture/qq47j4x7/d519c737372dd4057c0832da179c174b60071d87.jpg
1288,"<h1 class=""listing-item__header"">
    TELEVISEUR LG OLED 65POUCES 4K 2023
</h1>",Neuf,LG,1 500 000 ,Plateau,https://i.roamcdn.net/hz/ed/listing-thumb-543w/04302d32ef7b0cc734ac7e00553c719e/-/horizon-files-prod/ed/picture/qwe2vmdd/dc35b37dff18784eec121dccc0fbd552858e3c3e.jpg
1289,"<h1 class=""listing-item__header"">
    TELEVISEUR LG OLED 55POUCES 4K
</h1>",Neuf,LG,819 000 ,Plateau,https://i.roamcdn.net/hz/ed/listing-thumb-543w/af3edd4616d976ea94032b9ff34ebce8/-/horizon-files-prod/ed/picture/qpd6zpxj/7de1a6c34f345efe7f662931d71fa148b48c141e.jpg
1290,"<h1 class=""listing-item__header"">
    TELEVISEUR WIWLIL 32POUCES SMART
</h1>",Neuf,Autre,78 000 ,Plateau,https://i.roamcdn.net/hz/ed/listing-thumb-543w/f4d1099a0841ab96f2f7cdd1c40a2042/-/horizon-files-prod/ed/picture/qm5p22dw/96fd607c182e0b234cc78e4aad7bdd6ca2703d5a.jpg
1291,"<h1 class=""listing-item__header"">
    Xiaomi Mi Box S 4K 2e Gén
</h1>",Neuf,Autre,40 000 ,Grand-Yoff,https://i.roamcdn.net/hz/ed/listing-thumb-543w/009e8305e1e5d9a231b7954ae06884e7/-/horizon-files-prod/ed/picture/q6xk5r5d/81fcc9862c7a8335d741a6ad8f9efbfabdd34797.jpg
1292,"<h1 class=""listing-item__header"">
    TELEVISEUR SAMSUNG 86POUCES 4K UHDUR78006LC
</h1>",Neuf,Samsung,1 450 000 ,Plateau,https://i.roamcdn.net/hz/ed/listing-thumb-543w/e6b77a7ed6e68d5218a4fa2d10691b7d/-/horizon-files-prod/ed/picture/qdek8gk4/64fc6261067ee22e5d223fa334f87677a76d2c8e.jpg
1293,"<h1 class=""listing-item__header"">
    TELEVISEUR SAMSUNG 85POUCES CRYSTAL 4KCU8000
</h1>",Neuf,Samsung,1 425 000 ,Plateau,https://i.roamcdn.net/hz/ed/listing-thumb-543w/d02fbdcdf060ac2d6393368adab46005/-/horizon-files-prod/ed/picture/q8v56750/6a2c844ac310d97168f1d26920e034296bc9902a.jpg
1294,"<h1 class=""listing-item__header"">
    HOME CINÉMA LG1000W AVEC BLUETOOTH 655
</h1>",Neuf,LG,198 000 ,Plateau,https://i.roamcdn.net/hz/ed/listing-thumb-543w/f1926fba61a7c7047f184115586c91ab/-/horizon-files-prod/ed/picture/q9m97wzx/e81321e29b8688c65cc32eb7c9709952c44329ff.jpg
1295,"<h1 class=""listing-item__header"">
    TÉLÉVISEUR WEST 32POUCES LED
</h1>",Neuf,Autre,68 500 ,Plateau,https://i.roamcdn.net/hz/ed/listing-thumb-543w/61ea26b70d9be424d7c8764e36b620ae/-/horizon-files-prod/ed/picture/q785294m/0a829d3bd3ec70155edc1fb0ac9bf39ceeafc72e.jpg
1296,"<h1 class=""listing-item__header"">
    TELEVISEUR DESKA 55 SMART TV 55CR81C
</h1>",Neuf,Autre,249 900 ,Plateau,https://i.roamcdn.net/hz/ed/listing-thumb-543w/fed01072269ef61c9822df9bb8ae3bc5/-/horizon-files-prod/ed/picture/q9m97g2p/a4dde2da1225636e2f9fd209cdb4513289823b3a.jpg
1297,"<h1 class=""listing-item__header"">
    TÉLÉVISEUR TCL 65POUCES ANDROID 4K
</h1>",Neuf,TCL,349 000 ,Plateau,https://i.roamcdn.net/hz/ed/listing-thumb-543w/b2a70bc3e0a8578773641066d3e6dfca/-/horizon-files-prod/ed/picture/q8v569x9/55dc816d98ee2324686604b8f6e0b1cba011554b.jpg
1298,"<h1 class=""listing-item__header"">
    TELEVISEUR DESKA 50 SMART TV 50C81C
</h1>",Neuf,Autre,199 900 ,Plateau,https://i.roamcdn.net/hz/ed/listing-thumb-543w/ef7bdd23ef3b14f4760a5f4f6c4032e5/-/horizon-files-prod/ed/picture/q0gwrn56/333a07f2d0ca985a34f7038575d5ef0160a46150.jpg
1299,"<h1 class=""listing-item__header"">
    TELEVISEUR DESKA 43 SMART TV 43CR81-C
</h1>",Neuf,Autre,135 000 ,Plateau,https://i.roamcdn.net/hz/ed/listing-thumb-543w/51bdb30807063a8c6a49f752e8b0a773/-/horizon-files-prod/ed/picture/qgq9xw7m/46fe42d011fbc329a42a130a3aa20e3de74831da.jpg
1300,"<h1 class=""listing-item__header"">
    TELEVISEUR LG 43POUCES SMART TV
</h1>",Neuf,LG,219 000 ,Plateau,https://i.roamcdn.net/hz/ed/listing-thumb-543w/331f10db50626b3c3f37c0aa776799f7/-/horizon-files-prod/ed/picture/q2jqmrmd/b4e8fa282d6991f2ee8a1cc3ff6afb92d898f07b.jpg
1301,"<h1 class=""listing-item__header"">
    TÉLÉVISEUR LG 55POUCES OLED B36LA
</h1>",Neuf,LG,875 000 ,Plateau,https://i.roamcdn.net/hz/ed/listing-thumb-543w/8bad90a93d9207d0cd5e2fe8027a31d8/-/horizon-files-prod/ed/picture/qq470qp7/ebaadd6e5f32725d25eb3d31b65b7315ddd010c4.jpg
1302,"<h1 class=""listing-item__header"">
    TÉLÉVISEUR LG 50POUCES SMART TV 4K PVG UQ70006LB
</h1>",Neuf,LG,298 000 ,Plateau,https://i.roamcdn.net/hz/ed/listing-thumb-543w/2b5e28277bdc4e28d46bb9f199d9e4a2/-/horizon-files-prod/ed/picture/q9m97040/053a0941ca6609706788c245808bbbf088e32dc1.jpg
1303,"<h1 class=""listing-item__header"">
    TÉLÉVISEUR LG 32 POUCES SMART ANTROID
</h1>",Neuf,LG,139 000 ,Plateau,https://i.roamcdn.net/hz/ed/listing-thumb-543w/876b3fa064f4542541af0b9b64b6d0cf/-/horizon-files-prod/ed/picture/qrzv92gn/ef1f83fabbde2453bd2b182e66c0c54905281a47.jpg
1304,"<h1 class=""listing-item__header"">
    TÉLÉVISEUR SAMSUNG 65POUCES SAMART 4K UA7100
</h1>",Neuf,Samsung,519 000 ,Plateau,https://i.roamcdn.net/hz/ed/listing-thumb-543w/45c477ab3e41dedd9b32f1efd474a8b4/-/horizon-files-prod/ed/picture/qenqeg82/5861311caa3ec1301fb720954531bc6901f343f6.jpg
1305,"<h1 class=""listing-item__header"">
    TÉLÉVISEUR SAMSUNG 65POUCES SMART 4K CU 7000U
</h1>",Neuf,Samsung,519 000 ,Plateau,https://i.roamcdn.net/hz/ed/listing-thumb-543w/2171b938d9c10d77e6653d4865ebe6e0/-/horizon-files-prod/ed/picture/qq47epxj/217873e78928518341d3585459caa8b3c5fadd1f.jpg
1306,"<h1 class=""listing-item__header"">
    Smart tv 32 pouces Star Sat télévision + wifi + android
</h1>",Neuf,Star,80 000 ,Médina,https://i.roamcdn.net/hz/ed/listing-thumb-543w/94cfa95f1c2d4e151a6f6ab1fe2feb1a/-/horizon-files-prod/ed/picture/q44jwkzz/0fbec1ab3c57d7a427430a039eaacf8bc48fd7ae.jpg
1307,"<h1 class=""listing-item__header"">
    Projecteur Android 4K
</h1>",Neuf,Autre,105 000 ,Grand-Yoff,https://i.roamcdn.net/hz/ed/listing-thumb-543w/847566ce45552682ce5f05ebf8db9c5b/-/horizon-files-prod/ed/picture/qngxke4k/83ab0bb993fd73f91c72726123ee30e70362e306.jpg
1308,"<h1 class=""listing-item__header"">
    Mini Projecteur Android
</h1>",Neuf,Autre,80 000 ,Grand-Yoff,https://i.roamcdn.net/hz/ed/listing-thumb-543w/087558987a1f212a443cda247be5f002/-/horizon-files-prod/ed/picture/q2jqdeg6/dda85ebebf4eddf35a41354aaaa613872119743c.jpg
1309,"<h1 class=""listing-item__header"">
    BATRE DE SON TECHNOLUX TEC 12SB
</h1>",Neuf,Autre,79 000 ,Plateau,https://i.roamcdn.net/hz/ed/listing-thumb-543w/026abcc7af1277fa767975283c403f98/-/horizon-files-prod/ed/picture/qpd6e5gx/c9c58427e5483ecec3fd9d659e634bef77f8773c.jpg
1310,"<h1 class=""listing-item__header"">
    BARRE DE SON SYNIX L501
</h1>",Neuf,Autre,69 000 ,Plateau,https://i.roamcdn.net/hz/ed/listing-thumb-543w/2a94011f9cbf7e2791f8c33fea880435/-/horizon-files-prod/ed/picture/qwe279rj/4637a1a349a023b85f1f2fcc48693bf75d7fab1b.jpg
1311,"<h1 class=""listing-item__header"">
    TELEVISEUR 50POUCES WSET SMART ANDROID TV
</h1>",Neuf,Autre,198 000 ,Plateau,https://i.roamcdn.net/hz/ed/listing-thumb-543w/34493aa6a092482a0df430e55727f18e/-/horizon-files-prod/ed/picture/qm5pen52/7398a3ba99aecdfdecdcc67f0f83108a9194f22c.jpg
1312,"<h1 class=""listing-item__header"">
    TELEVISEUR 43POUCES WEST SMART ANDROID TV
</h1>",Neuf,Autre,119 000 ,Plateau,https://i.roamcdn.net/hz/ed/listing-thumb-543w/f9110dfdb0d041396cd1ddc37db53cae/-/horizon-files-prod/ed/picture/q0gwjdwd/39c646c9776ba61b99f880789985add59874f176.jpg
1313,"<h1 class=""listing-item__header"">
    TELEVISEUR 32 POUCES WEST DMART ANDROID TV
</h1>",Neuf,Autre,78 000 ,Plateau,https://i.roamcdn.net/hz/ed/listing-thumb-543w/a8ca4326b9bc1857241031e6cab5b4e0/-/horizon-files-prod/ed/picture/q785z0kz/c3ed8c38f7abf73ddce1b2187ee974221604335c.jpg
1314,"<h1 class=""listing-item__header"">
    TELEVISEUR 65"" WEST SMART ANDROID 65ZBC8W
</h1>",Neuf,Autre,289 000 ,Plateau,https://i.roamcdn.net/hz/ed/listing-thumb-543w/90e9f19e767382a1a0c6f53c68f2c5d6/-/horizon-files-prod/ed/picture/qrzve6p5/bde857b7e437d4bfc50b6e1b8a7d9ef82d903d5f.jpg
1315,"<h1 class=""listing-item__header"">
    Télécommande clavier Air Mouse
</h1>",Neuf,Autre,15 000 ,Grand-Dakar,https://i.roamcdn.net/hz/ed/listing-thumb-543w/8b2e2e57c29f74a3ef99a09f822abe63/-/horizon-files-prod/ed/picture/qq4462ep/e4cd386cbd0489cf0511e18592c84ee18187bb2d.png
1316,"<h1 class=""listing-item__header"">
    TELEVISEUR ASTECH 85POUCES QLED ANDROID 4K
</h1>",Neuf,Astech,989 000 ,Plateau,https://i.roamcdn.net/hz/ed/listing-thumb-543w/4b6d701dfe2e2362a39cf24971ffd493/-/horizon-files-prod/ed/picture/qenqe504/d9b41f0a6f5a1b3be66d3be40b21275e8001e119.jpg
1317,"<h1 class=""listing-item__header"">
    Smart TV Android 65"" ROCH
</h1>",Neuf,Roch,325 000 ,Plateau,https://i.roamcdn.net/hz/ed/listing-thumb-543w/3fcff21b268e50c2ca85ddc102407635/-/horizon-files-prod/ed/picture/q6xk9x0d/90e23db00dbdb45d2040c6c853701b8d3b5373db.jpg
1318,"<h1 class=""listing-item__header"">
    Smart TV 55 Android 4K
</h1>",Neuf,Continental,249 900 ,Plateau,https://i.roamcdn.net/hz/ed/listing-thumb-543w/6cb2880a8b1da68e25f28f32a974857b/-/horizon-files-prod/ed/picture/qpd6ep9r/3f6b1f8dde830e999a0b246f45669d728984e0ba.jpg
1319,"<h1 class=""listing-item__header"">
    TELEVISEUR SAMSUNG 65POUCES SMART 4K CU7000U
</h1>",Neuf,Samsung,519 000 ,Plateau,https://i.roamcdn.net/hz/ed/listing-thumb-543w/20cea68c91537b72f41dcff8e9a4a0e7/-/horizon-files-prod/ed/picture/qngxqv4x/5c7c987c00599d409913276f510bea6e4614244d.jpg
1320,"<h1 class=""listing-item__header"">
    Clé Box Xiaomi TV Stick 4K
</h1>",Neuf,Autre,40 000 ,Grand-Yoff,https://i.roamcdn.net/hz/ed/listing-thumb-543w/b7fb700bca682f6de0047809dbbba09c/-/horizon-files-prod/ed/picture/q2jqgm6p/f630c6edbc89af6d058b4c3fc880f916504be6ed.jpg
1321,"<h1 class=""listing-item__header"">
    TELEVISEUR SAMSUNG 32POUCES LED UA 32 N5000AS
</h1>",Neuf,Samsung,98 000 ,Plateau,https://i.roamcdn.net/hz/ed/listing-thumb-543w/ae6aeeffd53c8f9b430f31669875650f/-/horizon-files-prod/ed/picture/qj4r06pe/18f10a51bcbb7c3bf1d0127d2b0bef395abeacc6.jpg
1322,"<h1 class=""listing-item__header"">
    Smart TV 55 TCL 4K
</h1>",Neuf,TCL,249 900 ,Plateau,https://i.roamcdn.net/hz/ed/listing-thumb-543w/7d7acaebc867aa18ae17993c0e453341/-/horizon-files-prod/ed/picture/q7856we8/bfff1503b29d2f84ba9d80f3b302061084c3db55.jpg
1323,"<h1 class=""listing-item__header"">
    Téléviseur 55 ROCH Android 4k
</h1>",Neuf,Roch,230 000 ,VDN,https://i.roamcdn.net/hz/ed/listing-thumb-543w/a1ffabdcd0bdd80812d7975b6d534dfc/-/horizon-files-prod/ed/picture/qj4r9v7g/d7447d25215aedae7c9a2e03b32df4de1ec77c6c.jpg
1324,"<h1 class=""listing-item__header"">
    TELEVISEUR SAMSUNG 75POUCES NANO CELL
</h1>",Neuf,Samsung,850 000 ,Plateau,https://i.roamcdn.net/hz/ed/listing-thumb-543w/0c1349c8128a2c5fe87ac467d0eda0d0/-/horizon-files-prod/ed/picture/qj4r0jj4/a63facea3ddba2941a3033dc4677bed84b1ae160.jpg
1325,"<h1 class=""listing-item__header"">
    TELEVISEUR SAMSUNG 65POUCES QLED CRYSTAL 4K
</h1>",Neuf,Samsung,675 000 ,Plateau,https://i.roamcdn.net/hz/ed/listing-thumb-543w/fba79a3ca894913cebc72d25c787e7ff/-/horizon-files-prod/ed/picture/qm5pwr5z/d83e8d582c00bb86426163b63d4cfd1701b3c68f.jpg
1326,"<h1 class=""listing-item__header"">
    TELEVISEUR HISENSE 85POUCES UHD 4K 85A6K
</h1>",Neuf,Hisense,969 000 ,Plateau,https://i.roamcdn.net/hz/ed/listing-thumb-543w/5ccc1b858d68833f2ea4862a950bcb8c/-/horizon-files-prod/ed/picture/qq47rd4n/15cb262e841cfc44094b6ac1bcc6670bbaf2bb9d.jpg
1327,"<h1 class=""listing-item__header"">
    TELEVISEUR SAMSUNG 50POUCES SMART TV4K AU7090
</h1>",Neuf,Samsung,298 000 ,Plateau,https://i.roamcdn.net/hz/ed/listing-thumb-543w/cd09483f36059bcaa372e6252b565194/-/horizon-files-prod/ed/picture/q2jqxje2/1672598227ee9c07fc45454e47a4f1c9316fdb36.jpg
1328,"<h1 class=""listing-item__header"">
    TELEVISEUR SAMSAUNG 55POUCES SAMART 4K AU/CU7170
</h1>",Neuf,Samsung,339 000 ,Plateau,https://i.roamcdn.net/hz/ed/listing-thumb-543w/9042351816360cc40e9e7bbb1b986094/-/horizon-files-prod/ed/picture/qgq96qn8/c76fc60d4bd8be499432d2c77be5ef1604d1a412.jpg
1329,"<h1 class=""listing-item__header"">
    TELEVISEUR HISENSE 100POUCES UHD 4K 8BITS+FRC 100U7Q
</h1>",Neuf,Samsung,2 950 000 ,Plateau,https://i.roamcdn.net/hz/ed/listing-thumb-543w/646db7a71b8697adb93ace2c7b2d6920/-/horizon-files-prod/ed/picture/q9m9vme0/05b284e9b7b9e44c51222f89ca3bcc7f1cdc387b.jpg
1330,"<h1 class=""listing-item__header"">
    TELEVISEUR SAMSUNG 98POUCES QLED 4K 98Q80C
</h1>",Neuf,Samsung,3 800 000 ,Plateau,https://i.roamcdn.net/hz/ed/listing-thumb-543w/ecc1d315683c902c333e062860869005/-/horizon-files-prod/ed/picture/qdekge8m/e2c1313f9cd2c9c562028b5bdb1da24a6152ccd2.jpg
1331,"<h1 class=""listing-item__header"">
    TELEVISEUR SAMSUNG 85POUCES QLED AQ85Q70
</h1>",Neuf,Samsung,1 850 000 ,Plateau,https://i.roamcdn.net/hz/ed/listing-thumb-543w/17ff9f01d7d239577830a40cdd22a4d8/-/horizon-files-prod/ed/picture/q56xk6kn/e7fef554e4aa2832f63eeaf1f5d64a720ab6c005.jpg
1332,"<h1 class=""listing-item__header"">
    TELEVISEUR SAMSUNG 75POUCES 4K 75BU8100KXXT
</h1>",Neuf,Samsung,819 000 ,Plateau,https://i.roamcdn.net/hz/ed/listing-thumb-543w/91020c4d7e81d2f9a493faff5a6de295/-/horizon-files-prod/ed/picture/qv4ej4rk/9b8270f1aa09307c31a1a92d29829e50f6d1b1d2.jpg
1333,"<h1 class=""listing-item__header"">
    TELEVISEUR SAMSUNG 65POUCES UA65 UHD
</h1>",Neuf,Samsung,519 000 ,Plateau,https://i.roamcdn.net/hz/ed/listing-thumb-543w/32b02043c184115db4dd58aeca2f8679/-/horizon-files-prod/ed/picture/qgq96q7n/c0f2912a88284f47e9f4d401361dfd599fd316e1.jpg
1334,"<h1 class=""listing-item__header"">
    Smart TV 40"" Samsung Led 1080PXL
</h1>",Neuf,Samsung,189 900 ,Plateau,https://i.roamcdn.net/hz/ed/listing-thumb-543w/26a37e402a43529b652ab3f36a9c0077/-/horizon-files-prod/ed/picture/q6xkwe2g/2df06e5e44120c028ad5f4df82ae3295793893e9.jpg
1335,"<h1 class=""listing-item__header"">
    TELEVISEUR 55POUCES ASTECH SMART ANDROID
</h1>",Neuf,Astech,249 000 ,Plateau,https://i.roamcdn.net/hz/ed/listing-thumb-543w/b0aac347b2ba689caac616a8f19e5a70/-/horizon-files-prod/ed/picture/qpd698dv/272958e52e036a781c5908cb077759692a1b1f6b.jpg
1336,"<h1 class=""listing-item__header"">
    TELEVISEUR SAMSUNG 85POUCES 8K QLED QN85Q900B
</h1>",Neuf,Samsung,3 500 000 ,Plateau,https://i.roamcdn.net/hz/ed/listing-thumb-543w/39e4b0d4af501a2e9b11baa4b2adfe66/-/horizon-files-prod/ed/picture/qrzvw7z4/290ab889631027c9205fc021ad0e7a719b3ee972.jpg
1337,"<h1 class=""listing-item__header"">
    TELEVISEUR TORL 65 POUCES ANDROID SMART 4K
</h1>",Neuf,Autre,298 000 ,Plateau,https://i.roamcdn.net/hz/ed/listing-thumb-543w/039a7536e7f05f59c20c7f9102f7958a/-/horizon-files-prod/ed/picture/qj4rg42d/9f55b4345d90519c5b77ee3312f38ccdcd1c1ec6.jpg
1338,"<h1 class=""listing-item__header"">
    TELEVISEUR SOLSTAR 75 POUCES SMART 4K ANDROIDTV
</h1>",Neuf,Autre,529 000 ,Plateau,https://i.roamcdn.net/hz/ed/listing-thumb-543w/46de656d2b8ba0b6f45cccf8b69dfe11/-/horizon-files-prod/ed/picture/qzvdkvxn/77da68a47c62792b42da93bd11e8e42cbf9e11ed.jpg
1339,"<h1 class=""listing-item__header"">
    TELEVISEUR SOLSTAR 65 POUCES SMART ANDROID
</h1>",Neuf,Autre,349 000 ,Plateau,https://i.roamcdn.net/hz/ed/listing-thumb-543w/5d6a56a7a7544c72c13b75ee6234699e/-/horizon-files-prod/ed/picture/q785q8xg/030f36266dcb9f656915e5d0717f2de31fb9a225.jpg
1340,"<h1 class=""listing-item__header"">
    TELEVISEUR SOLSTAR 50POUCES SMART UHD 4K
</h1>",Neuf,Autre,219 000 ,Plateau,https://i.roamcdn.net/hz/ed/listing-thumb-543w/36cce2c9f6751f689ef112ea42325190/-/horizon-files-prod/ed/picture/qngxvgpk/a323362f574a4fe85b2bf2788e4fbd128df1ee83.jpg
1341,"<h1 class=""listing-item__header"">
    TELEVISEUR SAMSUNG 55 UHD 4K
</h1>",Neuf,Samsung,339 000 ,Plateau,https://i.roamcdn.net/hz/ed/listing-thumb-543w/ea005c819fe3b16933671a98783b3f13/-/horizon-files-prod/ed/picture/q0gwvqgj/d259a0d918efc648e7a3adccc586724be7764fc1.jpg
1342,"<h1 class=""listing-item__header"">
    TELEVISEUR SAMSUNG 65 QLED EN 4K
</h1>",Neuf,Samsung,749 000 ,Plateau,https://i.roamcdn.net/hz/ed/listing-thumb-543w/fa5b2158696049d5fd00e0c413bf2ac3/-/horizon-files-prod/ed/picture/q9m9xep7/a6fa006f3a2339259d954706036ad6063c530787.jpg
1343,"<h1 class=""listing-item__header"">
    TELEVISEUR SAMSUNG 55 UHD 4K 2023 SMART CRYSTAL
</h1>",Neuf,Samsung,339 000 ,Plateau,https://i.roamcdn.net/hz/ed/listing-thumb-543w/6b3e91c700178dc4f9be12507c46ffe8/-/horizon-files-prod/ed/picture/q0gwve9w/76165370f36beee019c902deff6f21e8cfd23010.jpg
1344,"<h1 class=""listing-item__header"">
    TÉLÉVISEUR SOLSTAR 50POUCES SMART UHD 4K
</h1>",Neuf,Autre,219 000 ,Plateau,https://i.roamcdn.net/hz/ed/listing-thumb-543w/141078db321aaadea1a3748a7cbda321/-/horizon-files-prod/ed/picture/qgq97xr2/7a1070b43cade4ac8116428b0c0efac692c4847d.jpg
1345,"<h1 class=""listing-item__header"">
    TÉLÉVISEUR SOLSTAR 65POUCES SMART LED ANDROID
</h1>",Neuf,Autre,359 000 ,Plateau,https://i.roamcdn.net/hz/ed/listing-thumb-543w/fd5cf79193fc513d97745747e1553732/-/horizon-files-prod/ed/picture/qngx86vk/964b2707f3222c4b0b8d90d097008ef53c957e1a.jpg
1346,"<h1 class=""listing-item__header"">
    TÉLÉVISEUR SOLSTAR 75POUCES SMART ANDROID UHD 4K
</h1>",Neuf,Autre,529 000 ,Plateau,https://i.roamcdn.net/hz/ed/listing-thumb-543w/23d02a74b6166a914e37e04cb1c41413/-/horizon-files-prod/ed/picture/qdekm8q7/f5ee376e9a4d4d8edd341fc265022fe4ef5572f5.jpg
1347,"<h1 class=""listing-item__header"">
    TÉLÉVISEUR SOLSTAR 100POUCES SMART ANDROID UHD 4K
</h1>",Neuf,Autre,2 000 000 ,Plateau,https://i.roamcdn.net/hz/ed/listing-thumb-543w/23d41640906a62e60009116dff69fc43/-/horizon-files-prod/ed/picture/qgq97x72/65297a4a10b5474a7021f175e5acc5280b531dff.jpg
1348,"<h1 class=""listing-item__header"">
    TELEVISEUR TORL 55 POUCES SMART ANDROID 4K
</h1>",Neuf,Autre,219 000 ,Plateau,https://i.roamcdn.net/hz/ed/listing-thumb-543w/e176faf4a584976957e687eee5a68015/-/horizon-files-prod/ed/picture/q448wvv4/d767be4388541e2b14f7657b0be4d74946aecc6e.jpg
1349,"<h1 class=""listing-item__header"">
    TELEVISEUR TORL 65 POUCES ANDROID SMART 4K
</h1>",Neuf,Autre,298 000 ,Plateau,https://i.roamcdn.net/hz/ed/listing-thumb-543w/8060a27f155ebe8740893392da9bd8a1/-/horizon-files-prod/ed/picture/q56xq0q5/a961efbbdefa3cbd41ce2d66e6305632832d6b5b.jpg
1350,"<h1 class=""listing-item__header"">
    TELEVISEUR TORL 75 POUCES ANDROID SMART 4K
</h1>",Neuf,Autre,529 000 ,Plateau,https://i.roamcdn.net/hz/ed/listing-thumb-543w/ddc5510966cf1fd40919b62bf39b332a/-/horizon-files-prod/ed/picture/qgq97ezr/fbbf8602d56b6c0ce5a79b86dc0fdf9c2c5c2647.jpg
1351,"<h1 class=""listing-item__header"">
    TÉLÉVISEUR TORL 43POUCES ANDROID SMART TV
</h1>",Neuf,Autre,129 000 ,Plateau,https://i.roamcdn.net/hz/ed/listing-thumb-543w/a33e51be6db699dc8538cc6885193bdf/-/horizon-files-prod/ed/picture/qdekmgv0/f176170267d80e4db08c30369c526bc2ad602df5.jpg
1352,"<h1 class=""listing-item__header"">
    TÉLÉVISEUR TORL 85POUCES ANDROID SMART TV 4K
</h1>",Neuf,Autre,729 000 ,Plateau,https://i.roamcdn.net/hz/ed/listing-thumb-543w/9c12fff9da50c29447a6df46898b90ee/-/horizon-files-prod/ed/picture/qpd6r4zm/ac6863ff7680d53a21b9423acfddce9fe7ebb1a5.jpg
1353,"<h1 class=""listing-item__header"">
    TÉLÉVISEUR WOW 55POUCES SMART TV ANDROID 4K
</h1>",Neuf,Autre,219 000 ,Plateau,https://i.roamcdn.net/hz/ed/listing-thumb-543w/e8095366f3704530fea3c5620d399472/-/horizon-files-prod/ed/picture/q448wgkz/36a65234005592c457741588ea1503ab2b411cdf.jpg
1354,"<h1 class=""listing-item__header"">
    TÉLÉVISEUR WOW 65POUCES SMART TV ANDROID 4K
</h1>",Neuf,Autre,289 000 ,Plateau,https://i.roamcdn.net/hz/ed/listing-thumb-543w/523a276794e41382cc2cbc1c3e49995f/-/horizon-files-prod/ed/picture/q8v5r766/747b63fa37592ae4edb48dcedad47ced17af7768.jpg
1355,"<h1 class=""listing-item__header"">
    TÉLÉVISEUR SMART TECHNOLOGY 86POUCES SMART
</h1>",Neuf,Autre,789 000 ,Plateau,https://i.roamcdn.net/hz/ed/listing-thumb-543w/5c95b3a1cbbb74c88d96f4b86d106672/-/horizon-files-prod/ed/picture/qq47xxmj/2f882e328e91e1597896e38101ea4873c975fc7f.jpg
1356,"<h1 class=""listing-item__header"">
    TÉLÉVISEUR SAMSUNG 55POUCES
</h1>",Neuf,Samsung,349 000 ,Plateau,https://i.roamcdn.net/hz/ed/listing-thumb-543w/5ef9f44b28c935b020e7a3364ec6282b/-/horizon-files-prod/ed/picture/qrzvmmg5/629e1cfb20cb6f6d0e2d72ae09691de6ca7347bd.jpg
1357,"<h1 class=""listing-item__header"">
    TÉLÉVISEUR LG 55POUCES
</h1>",Neuf,LG,349 000 ,Plateau,https://i.roamcdn.net/hz/ed/listing-thumb-543w/8a7c3396e24164569fd9d299a42925f8/-/horizon-files-prod/ed/picture/qwe200dg/22af3410d1780dbfd7b49b13bb36e353db2ad1d5.jpg
1358,"<h1 class=""listing-item__header"">
    80000 Chaines télé direct
</h1>",Neuf,Autre,75 000 ,Mermoz,https://i.roamcdn.net/hz/ed/listing-thumb-543w/e5d4f0c5eea11d82345ebe1f597a8268/-/horizon-files-prod/ed/picture/qjw0rve/10be0a0f0a153f1e9dc032aedfacaf92f6782c18.jpg
1359,"<h1 class=""listing-item__header"">
    TÉLÉVISEUR TEKO 55POUCES SMART TV
</h1>",Neuf,Autre,205 000 ,Plateau,https://i.roamcdn.net/hz/ed/listing-thumb-543w/f748b3cd3c4fae82687407b5aba9b84e/-/horizon-files-prod/ed/picture/qrzvmkvq/590adc0b6f29d1f4b02890affa6f01d622866ff5.jpg
1360,"<h1 class=""listing-item__header"">
    TÉLÉVISEUR SAMSUNG UA 50POUCES SMART 4K
</h1>",Neuf,Samsung,310 000 ,Plateau,https://i.roamcdn.net/hz/ed/listing-thumb-543w/7e1410e1890e85bd1789e0d88ca50d9a/-/horizon-files-prod/ed/picture/qj4r9x4g/952187e4d3c6d1e219d0cbef81741715c728d8d1.jpg
1361,"<h1 class=""listing-item__header"">
    TÉLÉVISEUR SAMSUNG UA 32POUCES
</h1>",Neuf,Samsung,98 000 ,Plateau,https://i.roamcdn.net/hz/ed/listing-thumb-543w/293eb49c8747a76712d5a996f4e4e9e0/-/horizon-files-prod/ed/picture/qkrgnxrn/411ef97ee17ce1f03c7260c724ddea24f3ef920e.jpg
1362,"<h1 class=""listing-item__header"">
    Télévision Samsung 50 pouce smart
</h1>",Neuf,Samsung,310 000 ,Colobane,https://i.roamcdn.net/hz/ed/listing-thumb-543w/6d2e42f9a0b8fc20afb1f60387b07976/-/horizon-files-prod/ed/picture/q6xk8rvv/943d7fa2b36bf1bce6f15a4ef123c84cbb9c52e3.jpg
1363,"<h1 class=""listing-item__header"">
    TÉLÉVISEUR TEKO 43POUCES SMART TV
</h1>",Neuf,Autre,119 000 ,Plateau,https://i.roamcdn.net/hz/ed/listing-thumb-543w/9a194ca142e6796d34d5edad5256ce79/-/horizon-files-prod/ed/picture/q0gwxmnk/039e125f69b18acf59ff6cf024f2a1e278d690e6.jpg
1364,"<h1 class=""listing-item__header"">
    TÉLÉVISEUR WOW 55POUCES SMART TV ANDROID 4K
</h1>",Neuf,Autre,219 000 ,Plateau,https://i.roamcdn.net/hz/ed/listing-thumb-543w/77a0dfc0b83eb8fcd68368048f30ffdf/-/horizon-files-prod/ed/picture/q785dnp5/9a8503ecb1a2e9ee18d8ec404621374c68efe136.jpg
1365,"<h1 class=""listing-item__header"">
    TÉLÉVISEUR WOW 65POUCES SMART TV ANDROID 4K
</h1>",Neuf,Autre,298 000 ,Plateau,https://i.roamcdn.net/hz/ed/listing-thumb-543w/267fdd72f1d4faa2d91b593d8156e676/-/horizon-files-prod/ed/picture/qzvdqgzv/05816e663fc3dd4613aa6046b9e64db252c4ebce.jpg
1366,"<h1 class=""listing-item__header"">
    Fire TV Stick 4K Max Wifi 6E
</h1>",Neuf,Autre,50 000 ,Grand-Yoff,https://i.roamcdn.net/hz/ed/listing-thumb-543w/a78723d387ae2900ab5146fd9d154a37/-/horizon-files-prod/ed/picture/qwe29d8p/8faf24b5275af0da1b312d7487d7122740720eb9.jpg
1367,"<h1 class=""listing-item__header"">
    TÉLÉVISEUR SMART TECHNOLOGY 86 SMART UHD 4K ANDROID
</h1>",Neuf,Autre,799 900 ,Plateau,https://i.roamcdn.net/hz/ed/listing-thumb-543w/2f859cc1dd7c3d71645861c4c3062b10/-/horizon-files-prod/ed/picture/qngxk47k/9acb6b0b2845f834dae76764330487e374a7203f.jpg
1368,"<h1 class=""listing-item__header"">
    Télécommande pour Box Android
</h1>",Neuf,Autre,5 000 ,Sicap Liberté,https://i.roamcdn.net/hz/ed/listing-thumb-543w/2d26096937b99a9155daf6c5508ea36b/-/horizon-files-prod/ed/picture/qv4e06wg/5685e166b996ea9d43dcbf87565b39e07562bf7d.jpg
1369,"<h1 class=""listing-item__header"">
    TÉLÉVISEUR TCL 75POUCES ANDROID SMART
</h1>",Neuf,TCL,549 000 ,Plateau,https://i.roamcdn.net/hz/ed/listing-thumb-543w/7e0b84f1ebf75df447e53cd4e5601a7e/-/horizon-files-prod/ed/picture/qzvdq0jg/a18ed2dfc253cad49188c6cfd9a9f2764595b4a2.jpg
1370,"<h1 class=""listing-item__header"">
    TÉLÉVISEUR TCL 65POUCES ANDROID 4K
</h1>",Neuf,TCL,359 000 ,Plateau,https://i.roamcdn.net/hz/ed/listing-thumb-543w/c13d7379182c68e51bf9884d812b72a5/-/horizon-files-prod/ed/picture/q56x2kze/8f6494d49f096f598d2f44a587c6913950850fa8.jpg
1371,"<h1 class=""listing-item__header"">
    TÉLÉVISEUR TCL 55POUCES ANDROID 4K
</h1>",Neuf,TCL,249 000 ,Plateau,https://i.roamcdn.net/hz/ed/listing-thumb-543w/57601d24a1fc805c2cdcc7f84daf8998/-/horizon-files-prod/ed/picture/qj4rd0xg/f8b90cb4fe172ec658a1b2bdac5fe297aa3cb871.jpg
1372,"<h1 class=""listing-item__header"">
    TÉLÉVISEUR TCL 50POUCES ANDROID 4K
</h1>",Neuf,TCL,229 000 ,Plateau,https://i.roamcdn.net/hz/ed/listing-thumb-543w/e3799ebf19389f1fc3589c278a30e46d/-/horizon-files-prod/ed/picture/q8v52799/d3b6a574d6bdea6c175d3679c779b162a0e168e9.jpg
1373,"<h1 class=""listing-item__header"">
    TÉLÉVISEUR ASTECH 55POUCES LED SMART ANDROID
</h1>",Neuf,Astech,259 000 ,Plateau,https://i.roamcdn.net/hz/ed/listing-thumb-543w/f99e1dd7e998161d3f0ac5abcec8d8e7/-/horizon-files-prod/ed/picture/qv4e0jkp/f1f7f58353e032d686a4b68de7c7b5d85e4c30a8.jpg
1374,"<h1 class=""listing-item__header"">
    TÉLÉVISEUR ASTECH 43POUCES SMART ANDROID
</h1>",Neuf,Astech,139 000 ,Plateau,https://i.roamcdn.net/hz/ed/listing-thumb-543w/63c4f1d1117d4a5d28cd3a8c9b1444cb/-/horizon-files-prod/ed/picture/qenqj976/6df96688e876f430bb8c963964381341b7f4571d.jpg
1375,"<h1 class=""listing-item__header"">
    TÉLÉVISEUR ASTECH 65POUCES SMART TV ANDROID
</h1>",Neuf,Astech,369 000 ,Plateau,https://i.roamcdn.net/hz/ed/listing-thumb-543w/cae060da950e1d84f909b9cdb59c26d7/-/horizon-files-prod/ed/picture/qwe2906d/aba3faca0eac0198b637cf2a3d1f943e96d8f077.jpg
1376,"<h1 class=""listing-item__header"">
    TÉLÉVISEUR ASTECH 75POUCES QLED ANDROID
</h1>",Neuf,Astech,549 000 ,Plateau,https://i.roamcdn.net/hz/ed/listing-thumb-543w/90b6100215a0224d2c6b6e56b05a8135/-/horizon-files-prod/ed/picture/q9m92xv7/82a1327904410030e6c00e0de55bdcbdd6c4b89f.jpg
1377,"<h1 class=""listing-item__header"">
    Alexa Echo Dot | 5e avec horloge
</h1>",Neuf,Autre,55 000 ,Grand-Yoff,https://i.roamcdn.net/hz/ed/listing-thumb-543w/035cf3bc25950be082f85d1c403216e7/-/horizon-files-prod/ed/picture/qzg82r9/d1245a5a6afa041f99ed6be7a2101e58c8e9fa57.jpg
1378,"<h1 class=""listing-item__header"">
    TÉLÉVISEUR WOW 65POUCES SMART TV ANDROID 4K
</h1>",Neuf,Autre,289 000 ,Plateau,https://i.roamcdn.net/hz/ed/listing-thumb-543w/bfee320b514cca21b418190eb9ea9ba8/-/horizon-files-prod/ed/picture/qpd65we4/e769d37838a9750a60477f5f957af957edbb6d0d.jpg
1379,"<h1 class=""listing-item__header"">
    TÉLÉVISEUR WOW 55POUCES SMART TV ANDROID 4K
</h1>",Neuf,Autre,219 000 ,Plateau,https://i.roamcdn.net/hz/ed/listing-thumb-543w/4a58f890b326a502fb06100bc48ca24a/-/horizon-files-prod/ed/picture/qgq9kgek/13002dec83f8f281f4c3306470b1e853f6efaaaf.jpg
1380,"<h1 class=""listing-item__header"">
    TÉLÉVISEUR WOW 75POUCES SMART TV ANDROID 4K
</h1>",Neuf,Autre,469 000 ,Plateau,https://i.roamcdn.net/hz/ed/listing-thumb-543w/f4892985bd6d3e145538b4e49c94c362/-/horizon-files-prod/ed/picture/q9m928qj/88c3eb47745df8ac45d9d94d978df09b8cebde42.jpg
1381,"<h1 class=""listing-item__header"">
    TÉLÉVISEUR LG 55POUCES
</h1>",Neuf,LG,349 000 ,Plateau,https://i.roamcdn.net/hz/ed/listing-thumb-543w/f3d05e421dc22cb9495a565595861cfd/-/horizon-files-prod/ed/picture/q448qe69/946016543bcb001934ddec790d19a12df0e83cf1.jpg
1382,"<h1 class=""listing-item__header"">
    TÉLÉVISEUR HISENSE 65POUCES OLED SMART
</h1>",Neuf,Hisense,398 000 ,Plateau,https://i.roamcdn.net/hz/ed/listing-thumb-543w/303f8bf0bb5fd90acb16e4747a103a71/-/horizon-files-prod/ed/picture/qv4e5nkk/3081c958da3555f303bce26fb6ebda01aa4415c0.jpg
1383,"<h1 class=""listing-item__header"">
    TÉLÉVISEUR HISENSE LED 32POUCES
</h1>",Neuf,Hisense,79 000 ,Plateau,https://i.roamcdn.net/hz/ed/listing-thumb-543w/e93994775157e2d1d50a371fb6914f7d/-/horizon-files-prod/ed/picture/q785rn0x/e6c86ecaa73ea3f7814dda977f3b46b5707546c5.jpg
1384,"<h1 class=""listing-item__header"">
    TÉLÉVISEUR HISENSE 32POUCES  LED
</h1>",Neuf,Hisense,78 000 ,Plateau,https://i.roamcdn.net/hz/ed/listing-thumb-543w/0fc45d2a2e1686288043f9468868d14e/-/horizon-files-prod/ed/picture/q2jqnexv/12eff860d1fc12437704644ee6eeafbe6afa947b.jpg
1385,"<h1 class=""listing-item__header"">
    TÉLÉVISEUR HISENSE 75POUCES OLED SMART
</h1>",Neuf,Hisense,798 000 ,Plateau,https://i.roamcdn.net/hz/ed/listing-thumb-543w/7f25e620bd0b11bf0e2c6f74aea17d9a/-/horizon-files-prod/ed/picture/qkrgv4zv/df40487bc1ebf4d6e9867c18b3e3521fd8997033.jpg
1386,"<h1 class=""listing-item__header"">
    TÉLÉVISEUR SMART TECHNOLOGY 43POUCES SMART
</h1>",Neuf,Autre,129 000 ,Plateau,https://i.roamcdn.net/hz/ed/listing-thumb-543w/b71d91e614e00c6093cb5810c0695520/-/horizon-files-prod/ed/picture/qgq9jzp8/8ecbb1fdfbcc42cf7f4350143c6903c47faf92b8.jpg
1387,"<h1 class=""listing-item__header"">
    TÉLÉVISEUR TEKO 65POUCES SMART TV
</h1>",Neuf,Autre,279 000 ,Plateau,https://i.roamcdn.net/hz/ed/listing-thumb-543w/3b6688f86517264aac285620cbd3d80a/-/horizon-files-prod/ed/picture/qngxnjzv/df559ae4ed4a8ead3f9af0f746ba5dc9d4bd784e.jpg
1388,"<h1 class=""listing-item__header"">
    TÉLÉVISEUR SMART TECHNOLOGY 86POUCES SMART 4K
</h1>",Neuf,Autre,775 000 ,Plateau,https://i.roamcdn.net/hz/ed/listing-thumb-543w/893217c53625596dc658cce90785368e/-/horizon-files-prod/ed/picture/q785r09n/e08b39cc89672ca8eb846e23eb73ca97e5df8c05.jpg
1389,"<h1 class=""listing-item__header"">
    TÉLÉVISEUR RISING 32POUCES SMART TV
</h1>",Neuf,Autre,79 000 ,Plateau,https://i.roamcdn.net/hz/ed/listing-thumb-543w/c232a93d9ea5f764476952c609da94af/-/horizon-files-prod/ed/picture/qenqjx24/1fb5d7866f12424e40411fef43cd7faaa06b13d1.jpg
1390,"<h1 class=""listing-item__header"">
    TÉLÉVISEUR SMART TECHNOLOGY 75POUCES SMART ANDROID UHD 4K
</h1>",Neuf,Autre,469 000 ,Plateau,https://i.roamcdn.net/hz/ed/listing-thumb-543w/e577cd90ef5fb0382cec8ae04807cf5d/-/horizon-files-prod/ed/picture/qm5p9699/c361df6d37786d595164045fd3c7800b7d70ff80.jpg
1391,"<h1 class=""listing-item__header"">
    TÉLÉVISEUR SMART TECHNOLOGY 65POUCES SMART 4K
</h1>",Neuf,Autre,298 000 ,Plateau,https://i.roamcdn.net/hz/ed/listing-thumb-543w/22b497fade01e6a30bf0d33033426bd4/-/horizon-files-prod/ed/picture/qxj2egez/62607568565b3ab1a5fdea60a5ed83f215af4ff2.jpg
1392,"<h1 class=""listing-item__header"">
    TÉLÉVISEUR SMART TECHNOLOGY 55POUCES SMART
</h1>",Neuf,Autre,229 000 ,Plateau,https://i.roamcdn.net/hz/ed/listing-thumb-543w/2570ca5e0edbf609e5f2a61e59d338ad/-/horizon-files-prod/ed/picture/q8v5xpx9/cddb08d049f3649ea6dc2410854a8b662d9351bc.jpg
1393,"<h1 class=""listing-item__header"">
    TÉLÉVISEUR SMART TECHNOLOGIE 43POUCES SMART
</h1>",Neuf,Autre,129 000 ,Plateau,https://i.roamcdn.net/hz/ed/listing-thumb-543w/99b614d88a0db2d6c286f360ee20efec/-/horizon-files-prod/ed/picture/qwe284pm/ee7e02806b99a750ef88083d709bcbf00c44b0b5.jpg
1394,"<h1 class=""listing-item__header"">
    TÉLÉVISEUR WEST 43POUCES ANDROID SMART
</h1>",Neuf,Autre,119 000 ,Plateau,https://i.roamcdn.net/hz/ed/listing-thumb-543w/f4150ae3b9a2b612b07fe1ad6ae58151/-/horizon-files-prod/ed/picture/qngxn7n9/cb27bb378a341bc63b9422baad6392ed8df7122f.jpg
1395,"<h1 class=""listing-item__header"">
    Box Android 4K UHD
</h1>",Neuf,Autre,25 000 ,Sicap Liberté,https://i.roamcdn.net/hz/ed/listing-thumb-543w/2c9c5ddf5a22a584fb2cb17424f9d39d/-/horizon-files-prod/ed/picture/qzvd58q8/254523448733f24b26ca5391e0040a477b5a321f.jpg
1396,"<h1 class=""listing-item__header"">
    TÉLÉVISEUR TCL 75POUCES ANDROID SMART
</h1>",Neuf,TCL,549 000 ,Plateau,https://i.roamcdn.net/hz/ed/listing-thumb-543w/1a31c4ee44192b1e3e130dd0508d5d25/-/horizon-files-prod/ed/picture/qngxz6xr/d6e66f39fdf2d28ba11fa9f4f52cbbd63f487a7f.jpg
1397,"<h1 class=""listing-item__header"">
    TÉLÉVISEUR TCL 65POUCES ANDROID 4K
</h1>",Neuf,TCL,369 000 ,Plateau,https://i.roamcdn.net/hz/ed/listing-thumb-543w/372f219004944dc98a39c7893e13f475/-/horizon-files-prod/ed/picture/q0gwzq5e/5d356457c06576c6440a3db912906d71a3f35102.jpg
1398,"<h1 class=""listing-item__header"">
    TÉLÉVISEUR SAMSUNG UA 65POUCES UHD
</h1>",Neuf,Samsung,529 000 ,Plateau,https://i.roamcdn.net/hz/ed/listing-thumb-543w/4b2bdc929274d69529ff5053bc65415a/-/horizon-files-prod/ed/picture/qj4rwn2z/6a45a504564fed6deec4ddd3ab6fbe449fdd047b.jpg
1399,"<h1 class=""listing-item__header"">
    Smart TV Android 43"" 109Cm 1080pxl
</h1>",Neuf,Roch,139 000 ,Plateau,https://i.roamcdn.net/hz/ed/listing-thumb-543w/a315e58f74f8934a90574ac0d1fab8d5/-/horizon-files-prod/ed/picture/qderp02j/5ef4e715f71be3c9b20fa51daf609bf49db1b161.jpg
1400,"<h1 class=""listing-item__header"">
    TELEVISEUR LG OLED MAGIC REMOTE SMART MODEL 2022
</h1>",Neuf,LG,1 800 000 ,Plateau,https://i.roamcdn.net/hz/ed/listing-thumb-543w/74acd2ae2413b067d047b847a5facaec/-/horizon-files-prod/ed/picture/qv4eq8w8/5a89d1ccf27e23e0574ad4f7c8ccf0afb7877fcb.jpg
1401,"<h1 class=""listing-item__header"">
    TÉLÉVISEUR LG 43POUCES SMART TV
</h1>",Neuf,LG,229 000 ,Plateau,https://i.roamcdn.net/hz/ed/listing-thumb-543w/2d0f419206b2ffeaf4d18e5c3e12647a/-/horizon-files-prod/ed/picture/q9m9d79p/e76905335c1fc9fe6bfd5262f0caef474dd878c9.jpg
1402,"<h1 class=""listing-item__header"">
    TÉLÉVISEUR ASTECH 55POUCES LED SMART ANDROID
</h1>",Neuf,Astech,259 000 ,Plateau,https://i.roamcdn.net/hz/ed/listing-thumb-543w/9e9eac1778a1a9d46295a60db834d319/-/horizon-files-prod/ed/picture/q9m9d2pw/9a4fa1693b405741ab6d661a54c0fabe056fb217.jpg
1403,"<h1 class=""listing-item__header"">
    TÉLÉVISEUR TEKO 32POUCES SMART
</h1>",Neuf,Autre,78 000 ,Plateau,https://i.roamcdn.net/hz/ed/listing-thumb-543w/e3beb445e09dfae72ee70a7cba4982c1/-/horizon-files-prod/ed/picture/qkrgqd4w/770815756229dfc929c1fc2ef23f5e6a7bf9ed09.jpg
1404,"<h1 class=""listing-item__header"">
    TÉLÉVISEUR TEKO 50POUCES SMART
</h1>",Neuf,Autre,189 000 ,Plateau,https://i.roamcdn.net/hz/ed/listing-thumb-543w/71d5b8211de539f54864ee3109d7c4cc/-/horizon-files-prod/ed/picture/qm5p4kx2/9f8f8f47d9da3839decf21711d15fdafd33a4791.jpg
1405,"<h1 class=""listing-item__header"">
    TÉLÉVISEUR LG 86POUCES 4K SMART TV
</h1>",Neuf,LG,1 300 000 ,Plateau,https://i.roamcdn.net/hz/ed/listing-thumb-543w/bf72c29b64532740e268b39b27c33930/-/horizon-files-prod/ed/picture/qj4rwzww/31412f92c7bc07f85b2c7ebc42fc722b6f4d2d33.jpg
1406,"<h1 class=""listing-item__header"">
    TÉLÉVISEUR LG 75POUCES 4K SMART TV
</h1>",Neuf,LG,799 000 ,Plateau,https://i.roamcdn.net/hz/ed/listing-thumb-543w/2a3a69862bb063baf3dc99ca514276a1/-/horizon-files-prod/ed/picture/qm5p4n4j/b8a94169de8da81a16579379e45408b886549d04.jpg
1407,"<h1 class=""listing-item__header"">
    Smart TV LG 4K HDR 55UR75 2023
</h1>",Neuf,LG,380 000 ,Plateau,https://i.roamcdn.net/hz/ed/listing-thumb-543w/d2e6a6b0ba7e0b0cde66da1c50766d4a/-/horizon-files-prod/ed/picture/qenq7rnk/b28d1fb4fda6ed07cd0725a029ba264fff3afd28.jpg
1408,"<h1 class=""listing-item__header"">
    SMART TV LG 4K HDR 65UR73006LA
</h1>",Neuf,LG,630 000 ,Plateau,https://i.roamcdn.net/hz/ed/listing-thumb-543w/478c575f23f09695f64b8ea11e210e01/-/horizon-files-prod/ed/picture/qgq90mq8/dc8a746e6cef041348f76cb86af02c33bef60369.jpg
1409,"<h1 class=""listing-item__header"">
    TV LG OLED 55BXPVA
</h1>",Neuf,LG,800 000 ,Plateau,https://i.roamcdn.net/hz/ed/listing-thumb-543w/0a21b435b0516580e2fdb237ad478207/-/horizon-files-prod/ed/picture/qngxzpmz/40d12d026ebd23216205b95b83241af9ce29873e.jpg
1410,"<h1 class=""listing-item__header"">
    TÉLÉVISEUR SAMSUNG 85POUCES QLED
</h1>",Neuf,Samsung,1 800 000 ,Plateau,https://i.roamcdn.net/hz/ed/listing-thumb-543w/e5a72c9ed1a907b44bf35cb60daf6290/-/horizon-files-prod/ed/picture/qrzv0z9q/d1099970546111ac1ae3959d3252dee1fee12b43.jpg
1411,"<h1 class=""listing-item__header"">
    TÉLÉVISEUR SAMSUNG 55POUCES QLED
</h1>",Neuf,Samsung,419 000 ,Plateau,https://i.roamcdn.net/hz/ed/listing-thumb-543w/19d5ba760443234c04fec294d847e53f/-/horizon-files-prod/ed/picture/q9m9dmq7/2257a3e4f75e743374f8e947288bd3adfd956041.jpg
1412,"<h1 class=""listing-item__header"">
    TELEVISEUR - ASTECH – 55 POUCES- SMART -ANDROID
</h1>",Neuf,Astech,319 900 ,Ouakam,https://i.roamcdn.net/hz/ed/listing-thumb-543w/c7927348a55fc213408f8945f3a309a6/-/horizon-files-prod/ed/picture/q788722g/8b76f638a3b5c6432862ae7303c4edd35108cc83.jpg
1413,"<h1 class=""listing-item__header"">
    TELEVISEUR ICONA 65'' SMART TV
</h1>",Neuf,Autre,385 000 ,Ouakam,https://i.roamcdn.net/hz/ed/listing-thumb-543w/8f76b60653892771ae3ec45f5cfbb6c5/-/horizon-files-prod/ed/picture/qm5pv9xw/b7e76cd8ccbbf336bc7fb45823bae9d307a63b50.jpg
1414,"<h1 class=""listing-item__header"">
    SMART TV STAR SAT 50''
</h1>",Neuf,Star Sat,195 000 ,Grand-Dakar,https://i.roamcdn.net/hz/ed/listing-thumb-543w/8fa59a8e1c0cff5950a19d3ebbd72ba3/-/horizon-files-prod/ed/picture/qq4dp5pp/ff3a644a9f2e9ba6e538662b00dc792e24e8831e.jpg
1415,"<h1 class=""listing-item__header"">
    TÉLÉVISEUR TEKO 43POUCES SMART TV
</h1>",Neuf,Autre,119 000 ,Plateau,https://i.roamcdn.net/hz/ed/listing-thumb-543w/aeff807319aeead229ebee40772058bd/-/horizon-files-prod/ed/picture/q9m9wpk0/88f1d5ffdc2274b7418f07b7fce2e5e3e5a30ee2.jpg
1416,"<h1 class=""listing-item__header"">
    TÉLÉVISEUR TEKO 55POUCES SMART TV
</h1>",Neuf,Autre,198 000 ,Plateau,https://i.roamcdn.net/hz/ed/listing-thumb-543w/397e1fe1b1054c7bc94196aab6e541d9/-/horizon-files-prod/ed/picture/qv4ex2w2/16de77cc76498f4168784efaca4d13b87b1a4aeb.jpg
1417,"<h1 class=""listing-item__header"">
    TÉLÉVISEUR TEKO 65POUCES SMART TV
</h1>",Neuf,Autre,279 000 ,Plateau,https://i.roamcdn.net/hz/ed/listing-thumb-543w/1f596754494265d70c1c260fabbf7957/-/horizon-files-prod/ed/picture/qzvde7p9/76793514261d52207702bccd5140dcebad906d48.jpg
1418,"<h1 class=""listing-item__header"">
    TÉLÉVISEUR WIWLIL 43POUCES SMART
</h1>",Neuf,Autre,119 000 ,Plateau,https://i.roamcdn.net/hz/ed/listing-thumb-543w/e952701a99339ca956f917cb3ab3cf9f/-/horizon-files-prod/ed/picture/qj4r2nrw/cdb53516a7ae079a9b908250ee2e28763939c9ad.jpg
1419,"<h1 class=""listing-item__header"">
    BARRE DE SON HISENSE 120W HS212
</h1>",Neuf,Hisense,89 000 ,Plateau,https://i.roamcdn.net/hz/ed/listing-thumb-543w/7207b9ec1481c91a9e012f61822f6042/-/horizon-files-prod/ed/picture/q2jq5mqq/5a4f376285c0402056199abca20f46fa75bb52e9.jpg
1420,"<h1 class=""listing-item__header"">
    BARRE DE SONY 200W HS218
</h1>",Neuf,Hisense,98 000 ,Plateau,https://i.roamcdn.net/hz/ed/listing-thumb-543w/5629c3a2407e64d9f98ffa581e04206f/-/horizon-files-prod/ed/picture/q0gw942e/5b44aceb0440d8b492f02df20471c4e2ca1c06a0.jpg
1421,"<h1 class=""listing-item__header"">
    BARRE DE SONY 330W HT S400
</h1>",Neuf,Sony,179 000 ,Plateau,https://i.roamcdn.net/hz/ed/listing-thumb-543w/878570e2c6925bcbefc8932e453c22ac/-/horizon-files-prod/ed/picture/qxj2xrd0/5714eaac3e4fab2888ae1d274bd34eeddd394dad.jpg
1422,"<h1 class=""listing-item__header"">
    BARRE DE SONY 400W HT S20R
</h1>",Neuf,Sony,169 000 ,Plateau,https://i.roamcdn.net/hz/ed/listing-thumb-543w/52aff24ec01ee4a75aa9c6416cf2aa51/-/horizon-files-prod/ed/picture/qq47g0q7/c4bb715ba4206e3c39e29b0760ed7443f1a676e0.jpg
1423,"<h1 class=""listing-item__header"">
    TELEVISEUR TEKO 55 POUCES SMART TV
</h1>",Neuf,Autre,198 000 ,Plateau,https://i.roamcdn.net/hz/ed/listing-thumb-543w/d2aef7eec250bc609f428077fcb66cd7/-/horizon-files-prod/ed/picture/q2jq558g/3746cbb0b424685f98490a8ee433fb2ca234e9ec.jpg
1424,"<h1 class=""listing-item__header"">
    TELEVISEUR TEKO 65 POUCES SMART TV
</h1>",Neuf,Autre,279 000 ,Plateau,https://i.roamcdn.net/hz/ed/listing-thumb-543w/aa9a526cb68359eb38514abdda7a15eb/-/horizon-files-prod/ed/picture/qj4r2255/5c941796b8a781bf14f201e36129b1ed11612449.jpg
1425,"<h1 class=""listing-item__header"">
    TELEVISEUR TEKO 43 POUCES SMART TV
</h1>",Neuf,Autre,119 000 ,Plateau,https://i.roamcdn.net/hz/ed/listing-thumb-543w/f6f54535453f1d22bf5f033e9fa0b8a3/-/horizon-files-prod/ed/picture/qm5pddvg/0b3ff12ce683cec212d9583b691f54dc737a7cc2.jpg
1426,"<h1 class=""listing-item__header"">
    PROMO TÉLÉVISEUR WEST 40POUCES ANDROID SMART
</h1>",Neuf,Autre,98 000 ,Plateau,https://i.roamcdn.net/hz/ed/listing-thumb-543w/8fd01923c581f512ca2c5e4a5678d84e/-/horizon-files-prod/ed/picture/q9m9wnxw/f6ac6ceeb6027090f22b3422f3343aa67fb2ac5e.jpg
1427,"<h1 class=""listing-item__header"">
    PROMO TÉLÉVISEUR ASTECH 85POUCES QLED ANDROID 4K
</h1>",Neuf,Astech,960 000 ,Plateau,https://i.roamcdn.net/hz/ed/listing-thumb-543w/739d5630890140fb5b0d74decf19463f/-/horizon-files-prod/ed/picture/q785904x/da8c4c8602c095434c641eed23cfcdad955c894a.jpg
1428,"<h1 class=""listing-item__header"">
    PROMO TÉLÉVISEUR ASTECH 43POUCES SMART ANDROID
</h1>",Neuf,Astech,139 000 ,Plateau,https://i.roamcdn.net/hz/ed/listing-thumb-543w/3d6fb1b8c213f891fb9bcad2f14f91c5/-/horizon-files-prod/ed/picture/q8v5n92r/0b911c456d70178e93e2d31f05d30533f3f1db92.jpg
1429,"<h1 class=""listing-item__header"">
    PROMO TÉLÉVISEUR ASTECH 65POUCES SMART TV ANDROID
</h1>",Neuf,Astech,369 000 ,Plateau,https://i.roamcdn.net/hz/ed/listing-thumb-543w/bac042edc4e68d7ed0b1ef1e1b1968b0/-/horizon-files-prod/ed/picture/q9m9wn2w/6bd3af37f84881ce643fcdf0d3e6aef2050decaa.jpg
1430,"<h1 class=""listing-item__header"">
    PROMO TÉLÉVISEUR ASTECH 75POUCES QLED ANDROID
</h1>",Neuf,Astech,549 000 ,Plateau,https://i.roamcdn.net/hz/ed/listing-thumb-543w/3f355084580fb566bd955c0d71dfb576/-/horizon-files-prod/ed/picture/qkrg2xvw/5dc0f856f72b0b8a640a642d8a0a1bfdf449402f.jpg
1431,"<h1 class=""listing-item__header"">
    PROMO TÉLÉVISEUR ASTECH 50POUCES SMART ANDROID
</h1>",Neuf,Astech,219 000 ,Plateau,https://i.roamcdn.net/hz/ed/listing-thumb-543w/c6c30a20b9706fdf92059048d3eb48cc/-/horizon-files-prod/ed/picture/qm5pdj92/04c162a59eb623aa522538fd803ff4088d0c32e9.jpg
1432,"<h1 class=""listing-item__header"">
    PROMO TÉLÉVISEUR ASTECH 43POUCES LED
</h1>",Neuf,Astech,119 000 ,Plateau,https://i.roamcdn.net/hz/ed/listing-thumb-543w/01f6cb0a2100db3fb4c0774272775462/-/horizon-files-prod/ed/picture/qenq2pz2/c2d094d90c2e8b6e2714331810bf27eaa1030709.jpg
1433,"<h1 class=""listing-item__header"">
    PROMO TÉLÉVISEUR ASTECH 65POUCES QLED ANDROID SOUNDBAR
</h1>",Neuf,Astech,398 000 ,Plateau,https://i.roamcdn.net/hz/ed/listing-thumb-543w/218e2c0f9dcb3313cd83270353b854cc/-/horizon-files-prod/ed/picture/qdek49j5/9f2017ccd6eb2e32f3c5c0b93f67508ce4afd2ce.jpg
1434,"<h1 class=""listing-item__header"">
    PROMO TÉLÉVISEUR DESKA 43POUCES SMART TV
</h1>",Neuf,Autre,129 000 ,Plateau,https://i.roamcdn.net/hz/ed/listing-thumb-543w/1d703fe32b8ffedb5522c2269cec0c73/-/horizon-files-prod/ed/picture/qgq9zm0r/7aecb30f412fabddce3aea0817d116ad2be2518e.jpg
1435,"<h1 class=""listing-item__header"">
    TELEVISEUR TCL 75 POUCES ANDROID SMART 4K
</h1>",Neuf,TCL,629 000 ,Plateau,https://i.roamcdn.net/hz/ed/listing-thumb-543w/f26df43b01b7658b8cc32764f6653f29/-/horizon-files-prod/ed/picture/q8v5nz26/d59d6af17be8abdfd92657e2bece71fbd5f51fcc.jpg
1436,"<h1 class=""listing-item__header"">
    PROMO TÉLÉVISEUR SAMSUNG 85POUCES QLED 8K
</h1>",Neuf,Samsung,3 800 000 ,Plateau,https://i.roamcdn.net/hz/ed/listing-thumb-543w/9c459c71877458c6b30882ffbf1244fa/-/horizon-files-prod/ed/picture/qpd689e4/0ea42f5ff53b617e758a69ea8878deb6b56a636a.jpg
1437,"<h1 class=""listing-item__header"">
    PROMO TÉLÉVISEUR JY 24POUCES LED
</h1>",Neuf,Autre,49 000 ,Plateau,https://i.roamcdn.net/hz/ed/listing-thumb-543w/b6171d80485c6a180a1b6e596329c7c0/-/horizon-files-prod/ed/picture/qwe2w8zg/5356073d6e1f9343a8acdc69089d28c55a3ffe69.jpg
1438,"<h1 class=""listing-item__header"">
    PROMO TÉLÉVISEUR ATV 31POUCES LED
</h1>",Neuf,Autre,59 000 ,Plateau,https://i.roamcdn.net/hz/ed/listing-thumb-543w/408dd65b464b2cdfe834e605709660c3/-/horizon-files-prod/ed/picture/q0gwdz2w/f48f1f6352962b1eee70d61f050bf5234ce9c1e3.jpg
1439,"<h1 class=""listing-item__header"">
    PROMO TÉLÉVISEUR ATV 26POUCES LED
</h1>",Neuf,Autre,49 000 ,Plateau,https://i.roamcdn.net/hz/ed/listing-thumb-543w/45be38bb5a3fc12fbe7bbff1ddcf8c66/-/horizon-files-prod/ed/picture/q6xk5m67/d1287fc38d807f32d96ac01be6d578772334b51e.jpg
1440,"<h1 class=""listing-item__header"">
    PROMO TÉLÉVISEUR ATV 28POUCES LED
</h1>",Neuf,Autre,54 000 ,Plateau,https://i.roamcdn.net/hz/ed/listing-thumb-543w/198377f1100d18056be84ac55bad5ceb/-/horizon-files-prod/ed/picture/qwe2w8e6/3d3270a6a73e968b14c4ddcae6462c2f7700f9a8.jpg
1441,"<h1 class=""listing-item__header"">
    XIAOMI MI BOX S 4K BOX ANDROID TV
</h1>",Neuf,Autre,50 000 ,Médina,https://i.roamcdn.net/hz/ed/listing-thumb-543w/56fdf47b1f9318867c64cad101b79839/-/horizon-files-prod/ed/picture/q6xx4wz7/baa01b79b1a0eaeea787f57d4c88bd6f522528b4.jpg
1442,"<h1 class=""listing-item__header"">
    TÉLÉVISEUR TCL 32POUCES SMART ANDROID 4K
</h1>",Neuf,TCL,98 000 ,Plateau,https://i.roamcdn.net/hz/ed/listing-thumb-543w/293b43b9899350a2216a5e5321025423/-/horizon-files-prod/ed/picture/q0gwd94x/58ae1c4cfae549c8007ed0fc716e6b827d556825.jpg
1443,"<h1 class=""listing-item__header"">
    Xiaomi Mi Box S 4K
</h1>",Neuf,Autre,50 000 ,Grand-Dakar,https://i.roamcdn.net/hz/ed/listing-thumb-543w/360ac6bde880b10db77044692fda8289/-/horizon-files-prod/ed/picture/q8x7v99/4a523451ce5b369664fca41ca03375a43e6baea5.png
1444,"<h1 class=""listing-item__header"">
    PROMO TÉLÉVISEUR LG 55POUCES OLED
</h1>",Neuf,LG,759 000 ,Plateau,https://i.roamcdn.net/hz/ed/listing-thumb-543w/5d6f74856b0d4143bcb25e36990a1fcc/-/horizon-files-prod/ed/picture/qenqwrjv/1cc62a381b72e328db5c07198fef4605bfc1edd2.jpg
1445,"<h1 class=""listing-item__header"">
    PROMO TÉLÉVISEUR LG 32POUCES SMART ANDROID
</h1>",Neuf,LG,149 000 ,Plateau,https://i.roamcdn.net/hz/ed/listing-thumb-543w/f3699c599a7e08b9cea04c58235abdde/-/horizon-files-prod/ed/picture/q8v5gmdr/c300a66c977cd77e44cf7056bb9612058d366179.jpg
1446,"<h1 class=""listing-item__header"">
    PROMO TÉLÉVISEUR LG 32POUCES SMART TV
</h1>",Neuf,LG,139 000 ,Plateau,https://i.roamcdn.net/hz/ed/listing-thumb-543w/0e83dc75912bafbf85457f9609cf3e4c/-/horizon-files-prod/ed/picture/q6xk5qmn/41c4332bc771baf5a35a3badc7c76f8391005c1f.jpg
1447,"<h1 class=""listing-item__header"">
    TÉLÉVISEUR HISENSE LED 32POUCES
</h1>",Neuf,Hisense,89 000 ,Plateau,https://i.roamcdn.net/hz/ed/listing-thumb-543w/b88cbf660b4228046fce8451a38164f6/-/horizon-files-prod/ed/picture/qpd68g22/f5d947cb12278ba418dd2f9d310f759bc7947c5d.jpg
1448,"<h1 class=""listing-item__header"">
    PROMO TÉLÉVISEUR JY 24POUCES LED
</h1>",Neuf,Autre,54 000 ,Plateau,https://i.roamcdn.net/hz/ed/listing-thumb-543w/e6695b886b20b2c5797ddc3c7ed6fb9d/-/horizon-files-prod/ed/picture/q6xk5kzp/56a513e083b8d0e68811b9e045f86ca40115479a.jpg
1449,"<h1 class=""listing-item__header"">
    PROMO TÉLÉVISEUR LG 77POUCED OLED 4K SMART TV
</h1>",Neuf,LG,2 650 000 ,Plateau,https://i.roamcdn.net/hz/ed/listing-thumb-543w/ef7834c61dbc5b11891ec91867426d68/-/horizon-files-prod/ed/picture/qxj2qd6j/1328542d60d3cecc7a37e6344622621bc1413bd8.jpg
1450,"<h1 class=""listing-item__header"">
    Vidéoprojecteur android 8go Wifi BT 170 pouces (4,31m)
</h1>",Neuf,Autre,35 000 ,Patte d‘oie,https://i.roamcdn.net/hz/ed/listing-thumb-543w/6d5c005c2de9097916ec0dcea9902613/-/horizon-files-prod/ed/picture/qrzvjd0g/37c0963777279b004ed753d24b7fb3c74ba6ad20.jpg
1451,"<h1 class=""listing-item__header"">
    PROMO TÉLÉVISEUR ATV 22POUCES LED
</h1>",Neuf,Autre,36 000 ,Plateau,https://i.roamcdn.net/hz/ed/listing-thumb-543w/51f2a4886ec6d9da1ee9e0aa50b16ed2/-/horizon-files-prod/ed/picture/qq475epp/86cf3b259951229d1bb089e8dab256321e0b789f.jpg
1452,"<h1 class=""listing-item__header"">
    PROMO TÉLÉVISEUR LG 32POUCES SMART TV
</h1>",Neuf,LG,145 000 ,Plateau,https://i.roamcdn.net/hz/ed/listing-thumb-543w/7b0268832675bab54f322189f75d5670/-/horizon-files-prod/ed/picture/qngxjqpz/0258fb224538edd366680c1e25f27ea4b8a5cb02.jpg
1453,"<h1 class=""listing-item__header"">
    PROMO TÉLÉVISEUR LG 32POUCES
</h1>",Neuf,LG,105 000 ,Plateau,https://i.roamcdn.net/hz/ed/listing-thumb-543w/01068a4e931958b7169d2a29bdb1c000/-/horizon-files-prod/ed/picture/q2jqwx0j/47f020b429935fbfd11a21675a830f0282535b54.jpg
1454,"<h1 class=""listing-item__header"">
    PROMO TÉLÉVISEUR LG 43POUCES SMART TV
</h1>",Neuf,LG,229 000 ,Plateau,https://i.roamcdn.net/hz/ed/listing-thumb-543w/26229eaa2cfea3b4601997c5e3cb6bc2/-/horizon-files-prod/ed/picture/q4486g89/b65f01a9bc2d34187f4ae58ab7bfd212ad0caca6.jpg
1455,"<h1 class=""listing-item__header"">
    TÉLÉVISEUR LG 43POUCES
</h1>",Neuf,LG,179 000 ,Plateau,https://i.roamcdn.net/hz/ed/listing-thumb-543w/4f28e6b84ebda904a911e0b1b81502a5/-/horizon-files-prod/ed/picture/qwe2k625/91ad361b0ec1de913c813d847d3f837541fe925a.jpg
1456,"<h1 class=""listing-item__header"">
    PROMO TÉLÉVISEUR LG 43POUCES SMART TV 4K
</h1>",Neuf,LG,259 000 ,Plateau,https://i.roamcdn.net/hz/ed/listing-thumb-543w/7d806ffa1cbb24de6d862e1f6cebcbad/-/horizon-files-prod/ed/picture/q785065x/7f40e160e0364ce690e0671b0b661c1f7915688f.jpg
1457,"<h1 class=""listing-item__header"">
    TÉLÉVISEUR LG 50POUCES SMART TV UHD 4K
</h1>",Neuf,LG,298 000 ,Plateau,https://i.roamcdn.net/hz/ed/listing-thumb-543w/7e574f602e1d6260871182bcf07ecc42/-/horizon-files-prod/ed/picture/q8v5975z/e367a365a4c9257af5b776291e7f4e0d4dc77b35.jpg
1458,"<h1 class=""listing-item__header"">
    PROMO TÉLÉVISEUR LG 65 4K + TÉLÉCOMMANDE MAGIC REMOTE
</h1>",Neuf,LG,569 000 ,Plateau,https://i.roamcdn.net/hz/ed/listing-thumb-543w/c486ae82dbda7eb9c9901c3732b51ae5/-/horizon-files-prod/ed/picture/qngxjqdr/e6ca7233b67b165e1c347e59ac768ee6bd34055a.jpg
1459,"<h1 class=""listing-item__header"">
    PROMO TÉLÉVISEUR TCL 55POUCES ANDROID 4K
</h1>",Neuf,TCL,249 000 ,Plateau,https://i.roamcdn.net/hz/ed/listing-thumb-543w/ebf54b373c4ac67910f1a67cd8e4228a/-/horizon-files-prod/ed/picture/qkrgxv48/0d962fe14083ab202f00bfaa18005b662d080326.jpg
1460,"<h1 class=""listing-item__header"">
    PROMO TÉLÉVISEUR TCL 65POUCES ANDROID 4K
</h1>",Neuf,TCL,359 000 ,Plateau,https://i.roamcdn.net/hz/ed/listing-thumb-543w/dee3e5fb8e309813e7673c2c1b313835/-/horizon-files-prod/ed/picture/qq47580j/a076f34ec772d033cbf97411d5fe7c4b8f54a457.jpg
1461,"<h1 class=""listing-item__header"">
    PROMO TÉLÉVISEUR LG 75POUCES NANO CELL
</h1>",Neuf,LG,939 000 ,Plateau,https://i.roamcdn.net/hz/ed/listing-thumb-543w/cf3b9fe539e989c58d2492356c2487c3/-/horizon-files-prod/ed/picture/qxj2kgn2/2797a6a841e8bd33a3fa7c40aac259eb117cb497.jpg
1462,"<h1 class=""listing-item__header"">
    PROMO TÉLÉVISEUR LG 75POUCES
</h1>",Neuf,LG,829 000 ,Plateau,https://i.roamcdn.net/hz/ed/listing-thumb-543w/141b3acf1a04c02532c868232b791b3a/-/horizon-files-prod/ed/picture/q6xkv4p7/47a55c66bafbd253f96d1804f66a0060ed67dcdb.jpg
1463,"<h1 class=""listing-item__header"">
    PROMO TÉLÉVISEUR LG 75POUCES
</h1>",Neuf,LG,829 000 ,Plateau,https://i.roamcdn.net/hz/ed/listing-thumb-543w/4f520908c77a86fe582ea53684b74d65/-/horizon-files-prod/ed/picture/qdek2jp8/43933ed1bbe5bb698f750ae8d05f27e6f5c64999.jpg
1464,"<h1 class=""listing-item__header"">
    PROMO TÉLÉVISEUR LG 75POUCES
</h1>",Neuf,LG,829 000 ,Plateau,https://i.roamcdn.net/hz/ed/listing-thumb-543w/6394f85615fd7817f08ccd1645b80c04/-/horizon-files-prod/ed/picture/qm5pj6kg/5cf77559688811a22bccc06360f531216dee0a54.jpg
1465,"<h1 class=""listing-item__header"">
    PROMO TÉLÉVISEUR LG 75POUCES UR
</h1>",Neuf,LG,829 000 ,Plateau,https://i.roamcdn.net/hz/ed/listing-thumb-543w/5e25a7182e396450ce4f687b040d7597/-/horizon-files-prod/ed/picture/q4486qvp/d4c502110f75572043838ae31cf997fab6eecc8e.jpg
1466,"<h1 class=""listing-item__header"">
    PROMO TÉLÉVISEUR LG 55POUCES OLED
</h1>",Neuf,LG,888 000 ,Plateau,https://i.roamcdn.net/hz/ed/listing-thumb-543w/fa138cac447491d6d42d90141978d28e/-/horizon-files-prod/ed/picture/q6xkv497/2f636bc840e90e132383aaadaf81d29452e72f7c.jpg
1467,"<h1 class=""listing-item__header"">
    PROMO TÉLÉVISEUR SAMSUNG 65POUCES
</h1>",Neuf,Samsung,930 000 ,Plateau,https://i.roamcdn.net/hz/ed/listing-thumb-543w/80b63183132cdace19073fc5d74e75b2/-/horizon-files-prod/ed/picture/q56xz8ke/bcc87bb542f7cb412d01156fe3797a454c714e67.jpg
1468,"<h1 class=""listing-item__header"">
    PROMO TÉLÉVISEUR LG 50POUCES SMART TV 4K
</h1>",Neuf,LG,289 000 ,Plateau,https://i.roamcdn.net/hz/ed/listing-thumb-543w/79b8704e7f70d8e73b47107af97818dc/-/horizon-files-prod/ed/picture/qxj2ke7z/dbc68958e18fce2c98722ee6462464d9ad5a7c16.jpg
1469,"<h1 class=""listing-item__header"">
    Tv box 11.0
</h1>",Neuf,Autre,35 000 ,Grand-Yoff,https://i.roamcdn.net/hz/ed/listing-thumb-543w/13cf3bd26c4deafae2b907adb570105b/-/horizon-files-prod/ed/picture/qr0x84m/d4e3d9f58fb445d79da2bd7b6296df634f7233f6.jpg
1470,"<h1 class=""listing-item__header"">
    PROMO TÉLÉVISEUR TCL 55POUCES ANDROID 4K
</h1>",Neuf,TCL,249 000 ,Plateau,https://i.roamcdn.net/hz/ed/listing-thumb-543w/983397d5ea3177ff7c5234c7ee994e03/-/horizon-files-prod/ed/picture/qgq9dpkm/9cf133b2f7128b337534958d2afa3e71e60808aa.jpg
1471,"<h1 class=""listing-item__header"">
    PROMO TÉLÉVISEUR TCL 65POUCES ANDROID 4K
</h1>",Neuf,TCL,349 000 ,Plateau,https://i.roamcdn.net/hz/ed/listing-thumb-543w/f30ce28dbbce005a0d48a52973f37dda/-/horizon-files-prod/ed/picture/qgq9dp7e/b786d39afdd1f3928795c51f693a8266975aab71.jpg
1472,"<h1 class=""listing-item__header"">
    PROMO BARRE DE SON LG
</h1>",Neuf,LG,239 000 ,Plateau,https://i.roamcdn.net/hz/ed/listing-thumb-543w/36e685ebe625c62778f5d8a6900ddfe7/-/horizon-files-prod/ed/picture/qngxjppm/3eab6fed6e376fb531e9208492b489e216c6d92a.jpg
1473,"<h1 class=""listing-item__header"">
    PROMO TÉLÉVISEUR LG 65POUCES SMART TV 4K
</h1>",Neuf,LG,549 000 ,Plateau,https://i.roamcdn.net/hz/ed/listing-thumb-543w/213c4ba4e5a11d3128d9590f5868f6f5/-/horizon-files-prod/ed/picture/qpd6jm2x/e0cc0eb68445f0ec247ea09d50c04657e9da7edf.jpg
1474,"<h1 class=""listing-item__header"">
    PROMO TÉLÉVISEUR WIWLIL 55POUCES SMART
</h1>",Neuf,Autre,219 000 ,Plateau,https://i.roamcdn.net/hz/ed/listing-thumb-543w/ce12f31537596378294b89d639c2feaa/-/horizon-files-prod/ed/picture/q4486n72/21ecfd6325aaa4c389ac9669a5c314acf2ff90c0.jpg
1475,"<h1 class=""listing-item__header"">
    PROMO TÉLÉVISEUR HISENSE 55POUCES SMART
</h1>",Neuf,Hisense,279 000 ,Plateau,https://i.roamcdn.net/hz/ed/listing-thumb-543w/fa77c4c0bdc76a760739de1bf4c1d096/-/horizon-files-prod/ed/picture/q7850w9j/ac5eabe8e8c9292a7a60fde984989223dfae212d.jpg
1476,"<h1 class=""listing-item__header"">
    PROMO TÉLÉVISEUR HISENSE 43POUCES LED
</h1>",Neuf,Hisense,129 000 ,Plateau,https://i.roamcdn.net/hz/ed/listing-thumb-543w/23f8ef22d35ba76ea17811b9448b4409/-/horizon-files-prod/ed/picture/qdek274r/bedf19965499681ec72869eabd69f2f395644cf7.jpg
1477,"<h1 class=""listing-item__header"">
    TÉLÉVISEUR LG 65POUCES
</h1>",Neuf,LG,549 000 ,Plateau,https://i.roamcdn.net/hz/ed/listing-thumb-543w/597ada44fcf8ac3ac2ef0bce83933286/-/horizon-files-prod/ed/picture/qxj2kpqm/3dcc68d64559655a8ced124d294c1ff990f3e9b7.jpg
1478,"<h1 class=""listing-item__header"">
    PROMO TÉLÉVISEUR LG 65POUCES
</h1>",Neuf,LG,549 000 ,Plateau,https://i.roamcdn.net/hz/ed/listing-thumb-543w/c99e5493e36d010701d1ced79eb82e08/-/horizon-files-prod/ed/picture/q2jqw0wp/791e426e05d9c5123e71c7c36a069b9a11d00fa5.jpg
1479,"<h1 class=""listing-item__header"">
    PROMO TÉLÉVISEUR LG 65POUCES
</h1>",Neuf,LG,549 000 ,Plateau,https://i.roamcdn.net/hz/ed/listing-thumb-543w/5a40ba67206eeb4fd728ceb60eff56ab/-/horizon-files-prod/ed/picture/qv4ekwkg/61633e4cf922067b0ca6c4c1bc5499d9708e7fca.jpg
1480,"<h1 class=""listing-item__header"">
    PROMO TÉLÉVISEUR SAMSUNG 98POUCES QN90 4K SMART TV
</h1>",Neuf,Samsung,6 000 000 ,Plateau,https://i.roamcdn.net/hz/ed/listing-thumb-543w/d6969f4dd6fa5817785fb69815155740/-/horizon-files-prod/ed/picture/qgq9dwmm/fdf0cf4e275d76653c321582642238ca8e5366b0.jpg
1481,"<h1 class=""listing-item__header"">
    PROMO BARRE DE SON HISENSE 120W
</h1>",Neuf,Hisense,98 000 ,Plateau,https://i.roamcdn.net/hz/ed/listing-thumb-543w/f594a17afbd0e9f103fd5d8e8752a1c5/-/horizon-files-prod/ed/picture/qenqx5r5/6970118a4c6296e3935cdb85ad9559750381fe70.jpg
1482,"<h1 class=""listing-item__header"">
    PROMO BARRE DE SON HISENSE 200W
</h1>",Neuf,Hisense,110 000 ,Plateau,https://i.roamcdn.net/hz/ed/listing-thumb-543w/deadff7ab35e476f72b13f3996daaf01/-/horizon-files-prod/ed/picture/q2jqwr0p/823becb19a62531225e891055758f8ab7f920f57.jpg
1483,"<h1 class=""listing-item__header"">
    PROMO TV SAMSUNG 55POUCES 4K
</h1>",Neuf,Samsung,339 000 ,Plateau,https://i.roamcdn.net/hz/ed/listing-thumb-543w/1404657b86f659342b0c6dd7580b468f/-/horizon-files-prod/ed/picture/q56xrjpp/69eabea4dea8531cd442497e97c3b11fa33b2cbd.jpg
1484,"<h1 class=""listing-item__header"">
    PROMO TV SAMSUNG 75POUCES AU75AU7000UHD
</h1>",Neuf,Samsung,819 000 ,Plateau,https://i.roamcdn.net/hz/ed/listing-thumb-543w/81b116296aa8d942c8aa2be1718fd8c6/-/horizon-files-prod/ed/picture/qm5pv2gz/47a110a3d3e9037aecebe5931961707941639140.jpg
1485,"<h1 class=""listing-item__header"">
    PROMO TV HISENSE 50POUCES LED SMART
</h1>",Neuf,Hisense,198 000 ,Plateau,https://i.roamcdn.net/hz/ed/listing-thumb-543w/4fa166ae7911bd29c2c80c0d04dfa724/-/horizon-files-prod/ed/picture/q2jq8x0v/dc2bbf795b5524cf8a618f3e4aab9a043dedd851.jpg
1486,"<h1 class=""listing-item__header"">
    PROMO TV HISENSE 32POUCES SMART VIDAA
</h1>",Neuf,Hisense,98 000 ,Plateau,https://i.roamcdn.net/hz/ed/listing-thumb-543w/abf51429f595e339fcc5851de1426463/-/horizon-files-prod/ed/picture/q56xrkd0/842546e72b0e472b4e56e0baad1269178abe4158.jpg
1487,"<h1 class=""listing-item__header"">
    PROMO TV SOLSTAR 43POUCES SMART ANDROID
</h1>",Neuf,Autre,139 000 ,Plateau,https://i.roamcdn.net/hz/ed/listing-thumb-543w/a3e04b0c447b97c66f30ab1b66d36726/-/horizon-files-prod/ed/picture/qkrg6z8v/89c36860eb7902fd9e37d9d202cb3ab39c092e6b.jpg
1488,"<h1 class=""listing-item__header"">
    PROMO TV SOLSTAR 85POUCES SMART ANDROID
</h1>",Neuf,Autre,829 000 ,Plateau,https://i.roamcdn.net/hz/ed/listing-thumb-543w/fd8deb06290d0366d4844c2d8327081c/-/horizon-files-prod/ed/picture/q448rgnr/4e06f6b9a76113c4b1c23c49d142c389c2d9b590.jpg
1489,"<h1 class=""listing-item__header"">
    PROMO TV SOLSTAR 55POUCES SMART ANDROID
</h1>",Neuf,Autre,249 000 ,Plateau,https://i.roamcdn.net/hz/ed/listing-thumb-543w/bbaa090be3522ad561ca68d29f2acc09/-/horizon-files-prod/ed/picture/q8v5k75p/63b292ba0580a619c2b69dd0c65a3a7c964589df.jpg
1490,"<h1 class=""listing-item__header"">
    PROMO TV SOLSTAR 65POUCES SMART ANDROID
</h1>",Neuf,Autre,349 000 ,Plateau,https://i.roamcdn.net/hz/ed/listing-thumb-543w/49dacf8579542d0eb9c11a81c1591d8f/-/horizon-files-prod/ed/picture/qngx0qxx/1a262211757603af8559e404b09fc4fc12cc4a31.jpg
1491,"<h1 class=""listing-item__header"">
    PROMO TV HISENSE 65POUCES LED SMART TV 4K
</h1>",Neuf,Hisense,349 000 ,Plateau,https://i.roamcdn.net/hz/ed/listing-thumb-543w/76fd740f76ec3dbd8f79cadcb591a023/-/horizon-files-prod/ed/picture/qkrg6z5v/49b4b8eae163c49fd8dfb165e9bb69f085f41a23.jpg
1492,"<h1 class=""listing-item__header"">
    TV HISENSE 43POUCES LED SMART TV
</h1>",Neuf,Hisense,149 000 ,Plateau,https://i.roamcdn.net/hz/ed/listing-thumb-543w/8e06621665259246c1c53c7630916209/-/horizon-files-prod/ed/picture/qm5pvw5d/2926769bff3ece744c086a967626fc7391c3dadd.jpg
1493,"<h1 class=""listing-item__header"">
    PROMO TV HISENSE 65POUCES LED SMART TV 4K
</h1>",Neuf,Hisense,349 000 ,Plateau,https://i.roamcdn.net/hz/ed/listing-thumb-543w/aea09a75724efc51a698912d2957db49/-/horizon-files-prod/ed/picture/qq47wrqn/fa432891c9ec99db0bac3d59c07a27ac5a378f92.jpg
1494,"<h1 class=""listing-item__header"">
    PROMO TV HISENSE 65POUCES LED SMART TV 4K
</h1>",Neuf,Hisense,349 000 ,Plateau,https://i.roamcdn.net/hz/ed/listing-thumb-543w/27a63dd36158b26479cdaf0c083b2110/-/horizon-files-prod/ed/picture/qwe2nxd0/2d8bf318f32e5412d09cd95a93194cec5c07be98.jpg
1495,"<h1 class=""listing-item__header"">
    TV WAIGAA 75POUCES SMART TV UHD 4K
</h1>",Neuf,Autre,449 000 ,Plateau,https://i.roamcdn.net/hz/ed/listing-thumb-543w/f6fe133b2b1da0c934f64ecdf1e98c4b/-/horizon-files-prod/ed/picture/qdekdqpm/e52cfff3b4d2e6a3f939e00ec0cc9cc883373e5d.jpg
1496,"<h1 class=""listing-item__header"">
    TELEVISEUR ASTECH 43'' LED
</h1>",Neuf,Astech,149 990 ,Ouakam,https://i.roamcdn.net/hz/ed/listing-thumb-543w/fd68aaa32b6988333b078c1892577de0/-/horizon-files-prod/ed/picture/qq47w8mv/b596c71fc32a4006225496b75dc022592130ad8f.jpg
1497,"<h1 class=""listing-item__header"">
    TÉLÉVISEUR WIWLIL 32POUCES SMART
</h1>",Neuf,Autre,78 000 ,Plateau,https://i.roamcdn.net/hz/ed/listing-thumb-543w/f1124e509b8e107da90c17fb4b44af89/-/horizon-files-prod/ed/picture/qgq949re/fd06342c195f881c679c318f41739c3aa7583ddc.jpg
1498,"<h1 class=""listing-item__header"">
    TÉLÉVISEUR WIWLIL 50POUCES SMART
</h1>",Neuf,Autre,189 000 ,Plateau,https://i.roamcdn.net/hz/ed/listing-thumb-543w/5d641c18b2fc566c6be66474116c3bc1/-/horizon-files-prod/ed/picture/q8v5k58x/3defbd64baf4b34d5f997250d1327b50bab1177f.jpg
1499,"<h1 class=""listing-item__header"">
    TÉLÉVISEUR WIWLIL 55POUCES SMART
</h1>",Neuf,Autre,219 000 ,Plateau,https://i.roamcdn.net/hz/ed/listing-thumb-543w/42f317c134434a3648a8eaa4a75479bf/-/horizon-files-prod/ed/picture/qv4e9erg/0b3d8a94578494b86378d9987c01af37f4d9bcd6.jpg
1500,"<h1 class=""listing-item__header"">
    TÉLÉVISEUR WIWLIL 65 POUCES SMART
</h1>",Neuf,Autre,298 000 ,Plateau,https://i.roamcdn.net/hz/ed/listing-thumb-543w/141ba91fb8f83bf1ed8f9e90d76d25ec/-/horizon-files-prod/ed/picture/q2jq8q9p/3a279299df98bf72598c77b4bdb3ac2e6a32bbd7.jpg
1501,"<h1 class=""listing-item__header"">
    Box IPTV Android 12
</h1>",Neuf,Autre,33 000 ,Grand-Yoff,https://i.roamcdn.net/hz/ed/listing-thumb-543w/0e4d8544b2fb038b3b006edd4cbaa2ad/-/horizon-files-prod/ed/picture/qw86prd/f2b4323a066dc7c0af46c80dd0b7ee3da603b824.png
1502,"<h1 class=""listing-item__header"">
    TELEVISION TCL 43POUCES SMART
</h1>",Neuf,TCL,159 000 ,Plateau,https://i.roamcdn.net/hz/ed/listing-thumb-543w/409ddf80f8c4ea1dd71f77fdbe91bb57/-/horizon-files-prod/ed/picture/qrzvn9n2/7d7f3a2686c727fbdbacea814918b220071ee2ec.jpg
1503,"<h1 class=""listing-item__header"">
    TÉLÉVISEUR SMART TECHNOLOGY 32POUCES SMART TV
</h1>",Neuf,Autre,74 000 ,Plateau,https://i.roamcdn.net/hz/ed/listing-thumb-543w/c9259dbf6d13dda1236418d05c2bcfd4/-/horizon-files-prod/ed/picture/q9m95v0v/2877264bbb7b6f37c85aabffc1d3ed30056c8382.jpg
1504,"<h1 class=""listing-item__header"">
    TÉLÉVISEUR WEST 43POUCES ANDROID SMART
</h1>",Neuf,Autre,119 000 ,Plateau,https://i.roamcdn.net/hz/ed/listing-thumb-543w/d83ad5c043bc9b92382b62227015aba2/-/horizon-files-prod/ed/picture/qngx7v49/018597abcb410a999b7ad3c918b5a0214100c92f.jpg
1505,"<h1 class=""listing-item__header"">
    TÉLÉVISEUR WEST 40POUCES ANDROID SMART
</h1>",Neuf,Autre,110 000 ,Plateau,https://i.roamcdn.net/hz/ed/listing-thumb-543w/2d0bec38590f430780e72661bbbd65a9/-/horizon-files-prod/ed/picture/q785pqk8/b44e620da778ac72f4d758b3c04b056b723523e7.jpg
1506,"<h1 class=""listing-item__header"">
    TÉLÉVISEUR LG 86POUCES SMART TV UHD 4K
</h1>",Neuf,LG,1 500 000 ,Plateau,https://i.roamcdn.net/hz/ed/listing-thumb-543w/4f3e5d0ce34f5a0bd4f8f92781cef6e2/-/horizon-files-prod/ed/picture/q56x9nee/80e40dc1a51b50243ff96322f66122b723c8ae61.jpg
1507,"<h1 class=""listing-item__header"">
    TÉLÉVISEUR TCL 85POUCES SMART ANDROID 4K
</h1>",Neuf,TCL,1 200 000 ,Plateau,https://i.roamcdn.net/hz/ed/listing-thumb-543w/5e322161f8a18cb7d6ee7d719b83211a/-/horizon-files-prod/ed/picture/qpd609v4/1f3d8158f82a573e3e7f8a7f9fc8ef654727182b.jpg
1508,"<h1 class=""listing-item__header"">
    TÉLÉVISEUR TCL 50POUCES ANDROID 4K
</h1>",Neuf,TCL,229 000 ,Plateau,https://i.roamcdn.net/hz/ed/listing-thumb-543w/8c13bc40ab5faf10fdc399f2ba563038/-/horizon-files-prod/ed/picture/q0gwn6rw/c124808014de5b155ce42b8cae2162da1090204f.jpg
1509,"<h1 class=""listing-item__header"">
    TÉLÉVISEUR TCL 32POUCES SMART ANDROID 4K
</h1>",Neuf,TCL,109 000 ,Plateau,https://i.roamcdn.net/hz/ed/listing-thumb-543w/8eff47549adbba2aad5c6376454043e0/-/horizon-files-prod/ed/picture/qpd609e4/385c6297dfad68a0c91e2f5f81338a95a2224a3e.jpg
1510,"<h1 class=""listing-item__header"">
    TÉLÉVISEUR TCL 65POUCES ANDROID 4K
</h1>",Neuf,TCL,359 000 ,Plateau,https://i.roamcdn.net/hz/ed/listing-thumb-543w/7e61ca24ec782d5ed6c6664da61e058d/-/horizon-files-prod/ed/picture/qm5p67w9/0df6fd7cb4d8ffb9435838fc0ccc886012071563.jpg
1511,"<h1 class=""listing-item__header"">
    TÉLÉVISEUR TCL 55POUCES ANDROID 4K
</h1>",Neuf,TCL,249 000 ,Plateau,https://i.roamcdn.net/hz/ed/listing-thumb-543w/f6c226c33ee30219afeecfc49392bbab/-/horizon-files-prod/ed/picture/q9m95zvj/e9f7971c7c3d55b97cc39022f388bf7f0395df6f.jpg
1512,"<h1 class=""listing-item__header"">
    TÉLÉVISEUR TCL 43POUCES LED SMART ANDROID
</h1>",Neuf,TCL,159 000 ,Plateau,https://i.roamcdn.net/hz/ed/listing-thumb-543w/f735f841003634d4d12bda32ba376093/-/horizon-files-prod/ed/picture/q785pq68/f830001a24448492db8c35247510efa6543c48df.jpg
1513,"<h1 class=""listing-item__header"">
    TÉLÉVISEUR WEST 65POUCES ANDROID SMART
</h1>",Neuf,Autre,289 000 ,Plateau,https://i.roamcdn.net/hz/ed/listing-thumb-543w/8062f326fb1209d21d35d9e3e7ba3978/-/horizon-files-prod/ed/picture/q785pm5m/e5b7b10d7c3a10a00a742ae3a86346cc17a48ee0.jpg
1514,"<h1 class=""listing-item__header"">
    TÉLÉVISEUR LG 75POUCES
</h1>",Neuf,LG,869 000 ,Plateau,https://i.roamcdn.net/hz/ed/listing-thumb-543w/1687ca2e549f738c90b237658113c92b/-/horizon-files-prod/ed/picture/q8v5pnwp/6b6691d58d29b25a68aa4aa5a1290c1eb6f36e9a.jpg
1515,"<h1 class=""listing-item__header"">
    TÉLÉVISEUR WEST 50POUCES ANDROID SMART
</h1>",Neuf,Autre,189 000 ,Plateau,https://i.roamcdn.net/hz/ed/listing-thumb-543w/3b839fedcab5859185e6f7f089fc7706/-/horizon-files-prod/ed/picture/q6xknzjg/6836ad858fe7a9c3e9d6d3df98bcd7221c8ca6a9.jpg
1516,"<h1 class=""listing-item__header"">
    Smart TV 85"" ASTECH Qled
</h1>",Neuf,Astech,929 000 ,Plateau,https://i.roamcdn.net/hz/ed/listing-thumb-543w/09ceed4f6729e278d4b6f82ca3082f34/-/horizon-files-prod/ed/picture/q0gwn808/c87ae44788731e49cc308fc9e3b6854701a707cc.jpg
1517,"<h1 class=""listing-item__header"">
    TÉLÉVISEUR SOLSTAR 32POUCES SMART HD LED
</h1>",Neuf,Autre,98 000 ,Plateau,https://i.roamcdn.net/hz/ed/listing-thumb-543w/7991d0e0790bf1544606c5ab14d4bc53/-/horizon-files-prod/ed/picture/q44808xv/7e51cb869336ff6aa72d37ed7bae6cee55e5e6d7.jpg
1518,"<h1 class=""listing-item__header"">
    TÉLÉVISEUR EVVOLI 32POUCES SMART TV
</h1>",Neuf,Autre,98 000 ,Plateau,https://i.roamcdn.net/hz/ed/listing-thumb-543w/843edf7b00f256d14bc08f70cf87e7c0/-/horizon-files-prod/ed/picture/qv4ege2x/815dd3e1de500a0aa265a140e3e1869b36f40dbf.jpg
1519,"<h1 class=""listing-item__header"">
    TÉLÉVISEUR ASTECH 32POUCES SMART ANDROID
</h1>",Neuf,Astech,98 000 ,Plateau,https://i.roamcdn.net/hz/ed/listing-thumb-543w/6fd9eb2b1cca0b311a22fbf20acc59b3/-/horizon-files-prod/ed/picture/q56x9xmp/fcf3cfad9b82c8b8f7d83c1597eac782c9aec471.jpg
1520,"<h1 class=""listing-item__header"">
    TÉLÉVISEUR ELACTRON 32POUCES SMART TV
</h1>",Neuf,Elactron,98 000 ,Plateau,https://i.roamcdn.net/hz/ed/listing-thumb-543w/ad54285f09a90200dc5be3a8cfff61ea/-/horizon-files-prod/ed/picture/qkrgpgwm/793c86b4969c1bd3a9fc9fcaf467abd8c77242aa.jpg
1521,"<h1 class=""listing-item__header"">
    TÉLÉVISEUR LG 32POUCES
</h1>",Neuf,LG,109 000 ,Plateau,https://i.roamcdn.net/hz/ed/listing-thumb-543w/9627c5671802b0c20a92968b5ab19ddb/-/horizon-files-prod/ed/picture/qv4ege8x/d0f20a116f8f2945dc4cb2fd832b9c95782a574f.jpg
1522,"<h1 class=""listing-item__header"">
    TÉLÉVISEUR HISENSE LED 32POUCES SMART
</h1>",Neuf,Hisense,109 000 ,Plateau,https://i.roamcdn.net/hz/ed/listing-thumb-543w/2da939ebfbadda07c19a89904306fb91/-/horizon-files-prod/ed/picture/qj4rprk4/f640cb31d100c70e2313ce6b82c6d26a9d3056ec.jpg
1523,"<h1 class=""listing-item__header"">
    TABLE SUPPORT TÉLÉVISEUR 32-90 POUCES
</h1>",Neuf,Autre,129 000 ,Plateau,https://i.roamcdn.net/hz/ed/listing-thumb-543w/527118e27e39bf2b84242e4bfc50bf71/-/horizon-files-prod/ed/picture/qrzvnve9/e2a5949d60a2234115474a27769751c9af1e0d91.jpg
1524,"<h1 class=""listing-item__header"">
    TÉLÉVISEUR TORL 32POUCES ANDROID SMART TV ANTI CASSE SECAM
</h1>",Neuf,Autre,139 000 ,Plateau,https://i.roamcdn.net/hz/ed/listing-thumb-543w/05b750599e6f5557d35f774d931d7318/-/horizon-files-prod/ed/picture/qv4ege6x/ebbe4ea2780e87dd5e9a25bf0e0997aa1a8d8528.jpg
1525,"<h1 class=""listing-item__header"">
    TÉLÉVISEUR LG 32POUCES SMART TV
</h1>",Neuf,LG,149 000 ,Plateau,https://i.roamcdn.net/hz/ed/listing-thumb-543w/cba29c8958f9228e52bb72aa4179c155/-/horizon-files-prod/ed/picture/qzvdzd9r/4037a2301a37ab480c12928e38622e7e056103f4.jpg
1526,"<h1 class=""listing-item__header"">
    TÉLÉVISEUR SAMSUNG UA 32POUCES SMART
</h1>",Neuf,Samsung,149 000 ,Plateau,https://i.roamcdn.net/hz/ed/listing-thumb-543w/1778a6c6679dbc402525ee138c0ba0fb/-/horizon-files-prod/ed/picture/qgq9p962/bbfb9c193d2adf12bcda8af17fd3d16721af6174.jpg
1527,"<h1 class=""listing-item__header"">
    TÉLÉVISEUR TORL 32POUCES SMART TV
</h1>",Neuf,Autre,79 000 ,Plateau,https://i.roamcdn.net/hz/ed/listing-thumb-543w/188d5aa9a22c86544d408bf60d564d9d/-/horizon-files-prod/ed/picture/q0gwnw4z/eeea9d226209aa8c65e4abb0d299c913170cbab5.jpg
1528,"<h1 class=""listing-item__header"">
    TÉLÉVISEUR ROCH 32POUCES LED
</h1>",Neuf,Roch,74 000 ,Plateau,https://i.roamcdn.net/hz/ed/listing-thumb-543w/81832fe64f3cda68526ecc392c498d84/-/horizon-files-prod/ed/picture/q8v5p574/69678d0f189ab6c7632b8834fe042fb725894c31.jpg
1529,"<h1 class=""listing-item__header"">
    TABLE SUPPORT TÉLÉVISEUR 32-75 POUCES
</h1>",Neuf,Autre,89 000 ,Plateau,https://i.roamcdn.net/hz/ed/listing-thumb-543w/d45f8d2b8a97c2c5ede8041d80b5af7b/-/horizon-files-prod/ed/picture/q785p5qe/af1dcf08027f752098cf4eabe2881b9af9544bcb.jpg
1530,"<h1 class=""listing-item__header"">
    TÉLÉVISEUR ELACTRON 32POUCES LED
</h1>",Neuf,Elactron,78 000 ,Plateau,https://i.roamcdn.net/hz/ed/listing-thumb-543w/2d36229a6aec2a05b7095c3328a381d8/-/horizon-files-prod/ed/picture/qkrg7jmp/e1d2a2c98bbcc4b01cf82be461a101d9c50fe0f5.jpg
1531,"<h1 class=""listing-item__header"">
    TÉLÉVISEUR MASER 32POUCES SMART TV
</h1>",Neuf,Autre,74 000 ,Plateau,https://i.roamcdn.net/hz/ed/listing-thumb-543w/60a25323ec945591a09e7a2206deb043/-/horizon-files-prod/ed/picture/qrzvr92q/801835ceebb6c9453e4bb46eb0d1bd4e280b4596.jpg
1532,"<h1 class=""listing-item__header"">
    TÉLÉVISEUR MASER 3POUCES LED SMART TV
</h1>",Neuf,Autre,74 000 ,Plateau,https://i.roamcdn.net/hz/ed/listing-thumb-543w/91a87ad7ff1724baefe19b28437cfbaf/-/horizon-files-prod/ed/picture/q0gwkjmj/329c16b77cf4d50b23114ea81e8da165618bfd7b.jpg
1533,"<h1 class=""listing-item__header"">
    TÉLÉVISEUR RISING 32POUCES SMART TV
</h1>",Neuf,Autre,74 000 ,Plateau,https://i.roamcdn.net/hz/ed/listing-thumb-543w/0de44e813073d9a3dbfef7dc34bb2358/-/horizon-files-prod/ed/picture/qdek9px4/7348090ad2702d291e280cffd8d35825bfe09cbd.jpg
1534,"<h1 class=""listing-item__header"">
    TÉLÉVISEUR SMART TECHNOLOGY 32 pouces LED
</h1>",Neuf,Autre,68 000 ,Plateau,https://i.roamcdn.net/hz/ed/listing-thumb-543w/38d991c948e8e4931fee5fb29c0856e3/-/horizon-files-prod/ed/picture/qm5p0e8g/60385acf5f34c2cbab5eb05be3d9bd31b61a0c1f.jpg
1535,"<h1 class=""listing-item__header"">
    TÉLÉVISEUR SYINIX 32 LED
</h1>",Neuf,Autre,68 000 ,Plateau,https://i.roamcdn.net/hz/ed/listing-thumb-543w/537eebba15329352594b8d595df3084a/-/horizon-files-prod/ed/picture/qxj28v42/d6bf8b4afa36979a025a561fb258768c8a9f238b.jpg
1536,"<h1 class=""listing-item__header"">
    TÉLÉVISEUR TORL 32 LED TV
</h1>",Neuf,Autre,69 000 ,Plateau,https://i.roamcdn.net/hz/ed/listing-thumb-543w/922202d1b14c39d957f27b24c28a01e1/-/horizon-files-prod/ed/picture/qngx9e4m/425c4fafc4e2c16a9127a26eaf2069300d43ea74.jpg
1537,"<h1 class=""listing-item__header"">
    TÉLÉVISEUR STAR TRACK 75POUCES SMART
</h1>",Neuf,Star,549 000 ,Plateau,https://i.roamcdn.net/hz/ed/listing-thumb-543w/6239da4814295ba07c36da3c573d4f2e/-/horizon-files-prod/ed/picture/qenqre0d/e6cac7e6a610023bcf32e297b00e2b0774f4b79b.jpg
1538,"<h1 class=""listing-item__header"">
    TÉLÉVISEUR TORL 75 ANDROID SMART TV ANTI CASSE
</h1>",Neuf,Autre,629 000 ,Plateau,https://i.roamcdn.net/hz/ed/listing-thumb-543w/e69ca0f0aab9a06c172ca393eba29767/-/horizon-files-prod/ed/picture/qj4r6eke/0bcbffcbf0eadd5b6f17d6b13dd3dd6367c60e00.jpg
1539,"<h1 class=""listing-item__header"">
    TÉLÉVISEUR HISENSE 75POUCES
</h1>",Neuf,Hisense,639 000 ,Plateau,https://i.roamcdn.net/hz/ed/listing-thumb-543w/54cd5439ba72ba0aaa88a956ab33c239/-/horizon-files-prod/ed/picture/qrzvre94/dbf2282f7b99b01a4e6968bd46b1852ab1b23a5a.jpg
1540,"<h1 class=""listing-item__header"">
    TÉLÉVISEUR HISENSE 75POUCES LED SMART TV4K
</h1>",Neuf,Hisense,639 000 ,Plateau,https://i.roamcdn.net/hz/ed/listing-thumb-543w/36455d504ae750cb137048e96bd13c41/-/horizon-files-prod/ed/picture/qwe2r74k/106f533448b8836bd1309e537f6e9dae038c2d18.jpg
1541,"<h1 class=""listing-item__header"">
    TÉLÉVISEUR SAMSUNG 75POUCES
</h1>",Neuf,Samsung,829 000 ,Plateau,https://i.roamcdn.net/hz/ed/listing-thumb-543w/9ceb9832c1c1c91ef54073b9caba745d/-/horizon-files-prod/ed/picture/q6xkq9p6/668bb8da2216b6ff45aa426584a53b6b239d435a.jpg
1542,"<h1 class=""listing-item__header"">
    SMART TV LG QNED NANO CELL 86 POUCES
</h1>",Neuf,LG,2 350 000 ,Plateau,https://i.roamcdn.net/hz/ed/listing-thumb-543w/07809a6b97700b70bd8d7b50024c331b/-/horizon-files-prod/ed/picture/qgq9meer/2ce376f1e6b16607d54ef831daa6c67cb894e736.jpg
1543,"<h1 class=""listing-item__header"">
    TÉLÉVISEUR LG 70POUCES 70NANO75VPA
</h1>",Neuf,LG,729 000 ,Plateau,https://i.roamcdn.net/hz/ed/listing-thumb-543w/35d6dc7775f2f0a7c39d72bf328b32fb/-/horizon-files-prod/ed/picture/qkrg7eez/90ce2274fbd6b33365f752ed54c75f561c3903cf.jpg
1544,"<h1 class=""listing-item__header"">
    TÉLÉVISEUR SAMSUNG 75 POUCES SMART 4K
</h1>",Neuf,Samsung,829 000 ,Plateau,https://i.roamcdn.net/hz/ed/listing-thumb-543w/a40cb54d799d94b77832f97dccb81f2b/-/horizon-files-prod/ed/picture/q4485vvm/f507a74e9c659fb5b10bf5ac59add7d56eed8a87.jpg
1545,"<h1 class=""listing-item__header"">
    TV LG OLED EVO OLED48C2 48 POUCES 2022
</h1>",Neuf,LG,750 000 ,Plateau,https://i.roamcdn.net/hz/ed/listing-thumb-543w/0badb69e31b8f13d88ef2f2e18a0482f/-/horizon-files-prod/ed/picture/qwe2r754/356c073ff0b5871dcba3869a5439978efe120705.jpg
1546,"<h1 class=""listing-item__header"">
    SMART TV LG OLED 4K 83C1 83 POUCES
</h1>",Neuf,LG,5 750 000 ,Plateau,https://i.roamcdn.net/hz/ed/listing-thumb-543w/b060c2132bb689fc37baa1a1ee0eb725/-/horizon-files-prod/ed/picture/q4485v7e/fd05d25840f48c11b84d64027a83e613996c0a8c.jpg
1547,"<h1 class=""listing-item__header"">
    Smart TV  LG UHD 4K 86 pouces 2023
</h1>",Neuf,LG,1 450 000 ,Plateau,https://i.roamcdn.net/hz/ed/listing-thumb-543w/7808f4a93f384564d597464aac65e52c/-/horizon-files-prod/ed/picture/q4485vrp/8bee37b730d01e96a04218ba2c367a2eec27ce0b.jpg
1548,"<h1 class=""listing-item__header"">
    Vidéoprojecteur wifi FHD 1100 lumens 170 pouces (4,31m)
</h1>",Neuf,Autre,35 000 ,Golf,https://i.roamcdn.net/hz/ed/listing-thumb-543w/f801782186d4a479f013d5057193d571/-/horizon-files-prod/ed/picture/qx42p9n/d5181fbd6f3360f260e6bb284ac23794cee5c0e6.jpg
1549,"<h1 class=""listing-item__header"">
    TÉLÉVISEUR ASTECH 43 SMART ANDROID
</h1>",Neuf,Astech,139 000 ,Plateau,https://i.roamcdn.net/hz/ed/listing-thumb-543w/692d80cb7bdd5f956842cf051929a66b/-/horizon-files-prod/ed/picture/qpd6g97v/197c83a60e54de7bb08fe377ff511b92d9f85640.jpg
1550,"<h1 class=""listing-item__header"">
    TÉLÉVISEUR ELACTRON 43 QLED SMART TV ANDROIDE
</h1>",Neuf,Elactron,180 000 ,Plateau,https://i.roamcdn.net/hz/ed/listing-thumb-543w/885584f6e264fb2c3e7359cf3c219a17/-/horizon-files-prod/ed/picture/qkrg7kqz/0f3be0986c4b363ea32276769728951f079448cf.jpg
1551,"<h1 class=""listing-item__header"">
    TÉLÉVISEUR DESKA 43 SMART TV
</h1>",Neuf,Autre,129 000 ,Plateau,https://i.roamcdn.net/hz/ed/listing-thumb-543w/cd2bde699d553b756e857c64dc6af8d2/-/horizon-files-prod/ed/picture/q8v5m8dn/499fecde5751a598cde38b58efe46767d8f99ea2.jpg
1552,"<h1 class=""listing-item__header"">
    TÉLÉVISEUR ASTECH 43 LED
</h1>",Neuf,Astech,129 000 ,Plateau,https://i.roamcdn.net/hz/ed/listing-thumb-543w/c6ef9b73ed18343fe56347d4d1ff59e8/-/horizon-files-prod/ed/picture/qv4edrqw/49799a1ae0536471347e028d4057611d8061572c.jpg
1553,"<h1 class=""listing-item__header"">
    TÉLÉVISEUR WIWLIL 43 SMART
</h1>",Neuf,Autre,129 000 ,Plateau,https://i.roamcdn.net/hz/ed/listing-thumb-543w/a77cc04fc0d3f244d2f8cc3039a65d12/-/horizon-files-prod/ed/picture/qenqr87d/7a292633e172a5e1dd906b5faf812fd7f7fcf8b3.jpg
1554,"<h1 class=""listing-item__header"">
    TÉLÉVISEUR MASER 32 LED SMART TV
</h1>",Neuf,Autre,78 000 ,Plateau,https://i.roamcdn.net/hz/ed/listing-thumb-543w/fd46aef8d936385f0ebe238e12ab7041/-/horizon-files-prod/ed/picture/qngx9v20/46fb8ecb5f226bc66feea16a1e5b72e856e42b43.jpg
1555,"<h1 class=""listing-item__header"">
    TÉLÉVISION MASER 43 SMART TV FULL
</h1>",Neuf,Autre,119 000 ,Plateau,https://i.roamcdn.net/hz/ed/listing-thumb-543w/979a13c2ec8016a12ac57250f5b9bce5/-/horizon-files-prod/ed/picture/q785jq95/c97616884ff2a4ea1730a0e74d6409b6dcaf1b07.jpg
1556,"<h1 class=""listing-item__header"">
    Smart TV led 32 ROCH FULL HD
</h1>",Neuf,Roch,92 000 ,VDN,https://i.roamcdn.net/hz/ed/listing-thumb-543w/9d1bb1c4b58b7e3538cbb41d4b6fac58/-/horizon-files-prod/ed/picture/qwe2r8dz/66c7478176146320fdca8a23d6fed409ecea9f5f.png
1557,"<h1 class=""listing-item__header"">
    Smart TV 32 sharp full HD
</h1>",Neuf,Sharp,109 000 ,VDN,https://i.roamcdn.net/hz/ed/listing-thumb-543w/1379679c79bbb48654cf05dc59bf7db4/-/horizon-files-prod/ed/picture/q44850mm/6054c0389aafa39939d0cd43cf65c5a71a0f942d.jpg
1558,"<h1 class=""listing-item__header"">
    TÉLÉVISEUR LG 55 LCD
</h1>",Neuf,LG,349 000 ,Plateau,https://i.roamcdn.net/hz/ed/listing-thumb-543w/f955725ed25c72b7fc7af4a942c2830f/-/horizon-files-prod/ed/picture/q6xkq5zn/3ef7ffe6bfcd65837bc8aba5b3a93d07eb4ac8e5.jpg
1559,"<h1 class=""listing-item__header"">
    TÉLÉVISEUR SAMSUNG 55POUCES SMART
</h1>",Neuf,Samsung,339 000 ,Plateau,https://i.roamcdn.net/hz/ed/listing-thumb-543w/bb82588bfb6f7424becbff1147bbfc28/-/horizon-files-prod/ed/picture/qwe2rwwm/f1247fdcd0f1700113f1380baa49cbe1a4fd7975.jpg
1560,"<h1 class=""listing-item__header"">
    TÉLÉVISEUR HISENSE 55 SMART 4K
</h1>",Neuf,Hisense,269 000 ,Plateau,https://i.roamcdn.net/hz/ed/listing-thumb-543w/743ebed06621b9602d7dac3abdc1a595/-/horizon-files-prod/ed/picture/q56xpgz2/d78837e4d04d2f568fe5314858be6114616ecb17.jpg
1561,"<h1 class=""listing-item__header"">
    TÉLÉVISEUR LG 50 SMART TV UHD 4K
</h1>",Neuf,LG,319 000 ,Plateau,https://i.roamcdn.net/hz/ed/listing-thumb-543w/f6f6a0bd5149f843aa1fc53e7caf255b/-/horizon-files-prod/ed/picture/qwe2rwkm/b7beeaa51ae4ecaa33477edb227b6f3d6ddee392.jpg
1562,"<h1 class=""listing-item__header"">
    TÉLÉVISEUR AIWA 55 SMART TV
</h1>",Neuf,Autre,279 000 ,Plateau,https://i.roamcdn.net/hz/ed/listing-thumb-543w/e685fe4c418e0e218be2c60209552291/-/horizon-files-prod/ed/picture/qdek9ndj/6955edce1ad00abd742be7870780e422ebbb1eeb.jpg
1563,"<h1 class=""listing-item__header"">
    TÉLÉVISEUR LG 43 SMART TV 4K
</h1>",Neuf,LG,269 000 ,Plateau,https://i.roamcdn.net/hz/ed/listing-thumb-543w/fee5c14134eb4ae188192ff3633ba399/-/horizon-files-prod/ed/picture/qwe2rwnm/48efb4eba70b5296dbac502d0563da991e008c11.jpg
1564,"<h1 class=""listing-item__header"">
    TÉLÉVISEUR ASTECH 55 LED SMART ANDROID
</h1>",Neuf,Astech,259 000 ,Plateau,https://i.roamcdn.net/hz/ed/listing-thumb-543w/36da44275dff6ff62c8d65f652db02ce/-/horizon-files-prod/ed/picture/q4485p08/5fbb15a86237264ed0b38792fef15390a4e78714.jpg
1565,"<h1 class=""listing-item__header"">
    TÉLÉVISEUR CAC 55 LED SMART
</h1>",Neuf,Autre,229 000 ,Plateau,https://i.roamcdn.net/hz/ed/listing-thumb-543w/3c6a630ba10ed4f164fb5915ae81471c/-/horizon-files-prod/ed/picture/qngx9w9r/cf13e5e6959c490ba994081876f47d82fef27923.jpg
1566,"<h1 class=""listing-item__header"">
    TÉLÉVISEUR ELACTRON 55 QLED SMART  ANDROID
</h1>",Neuf,Autre,249 000 ,Plateau,https://i.roamcdn.net/hz/ed/listing-thumb-543w/d0196a18b4601556a0e6fe4a3beec1a0/-/horizon-files-prod/ed/picture/qv4edzd8/4129c0440dfe1a19553d8765b738114156da90a8.jpg
1567,"<h1 class=""listing-item__header"">
    TÉLÉVISEUR CONTINENTAL 55 SMART TV
</h1>",Neuf,Continental,249 000 ,Plateau,https://i.roamcdn.net/hz/ed/listing-thumb-543w/ad569c8c7f12a28094b26e336bfa5c10/-/horizon-files-prod/ed/picture/qkrg707x/bee97bc72f8444eb82b02c2239c43a33fcec87e6.jpg
1568,"<h1 class=""listing-item__header"">
    TÉLÉVISEUR WESTPOOL 50 SMART TV WEBOS
</h1>",Neuf,Westpool,239 000 ,Plateau,https://i.roamcdn.net/hz/ed/listing-thumb-543w/894a0b97ec5547196e09bcbd1fb576ba/-/horizon-files-prod/ed/picture/qxj28g7m/306fdfbeea31de3f3401629af63f7cb1a81714c1.jpg
1569,"<h1 class=""listing-item__header"">
    Smart TV 43 ASTECH Android
</h1>",Neuf,Astech,134 900 ,Plateau,https://i.roamcdn.net/hz/ed/listing-thumb-543w/18b1d4e44974e0d9f2377363ab03f57b/-/horizon-files-prod/ed/picture/q6xkqqpz/0e179a5feb98879a94e7bdbaf2bce5ab17aa56d2.jpg
1570,"<h1 class=""listing-item__header"">
    TÉLÉVISEUR WIWLIL 43 SMART
</h1>",Neuf,Autre,129 000 ,Plateau,https://i.roamcdn.net/hz/ed/listing-thumb-543w/2204d11cd691a0f8c8eb2cb660c4ae6b/-/horizon-files-prod/ed/picture/q8v5mz50/48b83f2079a64008f39d065cf869009dad878cd1.jpg
1571,"<h1 class=""listing-item__header"">
    TÉLÉVISEUR ELACTRON 43 QLED SMART TV ANDROID
</h1>",Neuf,Autre,139 000 ,Plateau,https://i.roamcdn.net/hz/ed/listing-thumb-543w/24bd3c8db2f5a20733e1b6747d10762a/-/horizon-files-prod/ed/picture/q785j77q/f63963bb6bd5b695759bbcc7cce82e4fff3960af.jpg
1572,"<h1 class=""listing-item__header"">
    TÉLÉVISEUR LG 65 UP 75006LF
</h1>",Neuf,LG,539 000 ,Plateau,https://i.roamcdn.net/hz/ed/listing-thumb-543w/fe1697e90dcd4e561cb7490e6806895d/-/horizon-files-prod/ed/picture/qq47zq6k/1995a41e237739de7ba0f0fe38cec7f0e96e0174.jpg
1573,"<h1 class=""listing-item__header"">
    TÉLÉVISEUR SAMSUNG 65 SMART TV 4K
</h1>",Neuf,Samsung,529 000 ,Plateau,https://i.roamcdn.net/hz/ed/listing-thumb-543w/f12253f1e53648b7b842f4c6dc742d7e/-/horizon-files-prod/ed/picture/q0gwkpdd/3419e0b83923cea33eabdb7744f8aa4ce7c3a8b3.jpg
1574,"<h1 class=""listing-item__header"">
    TÉLÉVISEUR SAMSUNG 65 BU8100
</h1>",Neuf,Samsung,529 000 ,Plateau,https://i.roamcdn.net/hz/ed/listing-thumb-543w/e204ca3ef5ec3074527009267d7c6fd1/-/horizon-files-prod/ed/picture/q2jqkzgj/da0a8ab72e97d035803d175ae4cf207c1dad53ae.jpg
1575,"<h1 class=""listing-item__header"">
    TÉLÉVISEUR HISENSE 65 LED SMART TV 4K
</h1>",Neuf,Hisense,439 000 ,Plateau,https://i.roamcdn.net/hz/ed/listing-thumb-543w/6abcf9a9670048962b056f2d25b6c191/-/horizon-files-prod/ed/picture/qxj227qn/b726ebb1702e17608659da74d0d0330348a66bc3.jpg
1576,"<h1 class=""listing-item__header"">
    TÉLÉVISEUR ASTECH 65 QLED ANDROID AVEC SOUNDBAR
</h1>",Neuf,Astech,398 000 ,Plateau,https://i.roamcdn.net/hz/ed/listing-thumb-543w/86004b492a4e6132a82f5add77d0f2fd/-/horizon-files-prod/ed/picture/qpd6gpjp/0d98759abc93126ab6dd7eff50954ed0006e0076.jpg
1577,"<h1 class=""listing-item__header"">
    TÉLÉVISEUR ANTI CASSE TORL 65 ANDROID SMART TV
</h1>",Neuf,Autre,389 000 ,Plateau,https://i.roamcdn.net/hz/ed/listing-thumb-543w/8961bcb9c6d20a51852ff76929d840a8/-/horizon-files-prod/ed/picture/q8v5m0kz/61f36184d3a4650a2c937d4273a637ad44b66cef.jpg
1578,"<h1 class=""listing-item__header"">
    TÉLÉVISEUR GLOBAL AIR 65 DLED SMART TV
</h1>",Neuf,Autre,379 000 ,Plateau,https://i.roamcdn.net/hz/ed/listing-thumb-543w/c7b234658951530f56d62ff7a75a69f4/-/horizon-files-prod/ed/picture/q2jqq9ze/b3b7464e23738a3630086437a5a7a4f733b9c0e3.jpg
1579,"<h1 class=""listing-item__header"">
    TÉLÉVISEUR WIWLIL 65 pouces smart
</h1>",Neuf,Autre,298 000 ,Plateau,https://i.roamcdn.net/hz/ed/listing-thumb-543w/66ab8e88efb4e6a97502b9fb30fdeeb2/-/horizon-files-prod/ed/picture/qenqv085/8cd80ff334be15627ff8f24de450f5d080bee051.jpg
1580,"<h1 class=""listing-item__header"">
    TÉLÉVISEUR ASTECH 65 SMART TV ANDROID
</h1>",Neuf,Astech,359 000 ,Plateau,https://i.roamcdn.net/hz/ed/listing-thumb-543w/41306728baff1cbfc64417f8aa16dc9b/-/horizon-files-prod/ed/picture/qpd6mzrx/9834988d6c90d88dc847640637761ca157b595bb.jpg
1581,"<h1 class=""listing-item__header"">
    Téléviseur Star Track 40 Pouces ST-40D-AZ1200 led tv
</h1>",Neuf,Star,115 000 ,Médina,https://i.roamcdn.net/hz/ed/listing-thumb-543w/5db8e58914326ac08cc5bc8b403052a1/-/horizon-files-prod/ed/picture/qmzjqd9/529fc2ef76eb5515dc8d4463824492c4ed6e723b.jpg
1582,"<h1 class=""listing-item__header"">
    TÉLÉVISEUR CONTINENTAL 32 SMART TV
</h1>",Neuf,Continental,89 000 ,Plateau,https://i.roamcdn.net/hz/ed/listing-thumb-543w/df1050a6a34703c944a2c07f33f4aec7/-/horizon-files-prod/ed/picture/qrzv88dj/7045e0e5dba3f0b2d9a79688dd758cd51df06af0.jpg
1583,"<h1 class=""listing-item__header"">
    Abonnement IPTV Premium
</h1>",Neuf,Autre,5 000 ,Sicap Liberté,https://i.roamcdn.net/hz/ed/listing-thumb-543w/c937a54c0c0454b27f232ecde10bb346/-/horizon-files-prod/ed/picture/qv4ew4kj/830a514ba62f4ccf70b5a3c8360458fef4826ccc.jpg
1584,"<h1 class=""listing-item__header"">
    Abonnement IPTV (1/3/6/12/24) Mois
</h1>",Neuf,Autre,5 000 ,Sicap Liberté,https://i.roamcdn.net/hz/ed/listing-thumb-543w/ce720afed0988c5aeb2e042f413291aa/-/horizon-files-prod/ed/picture/q8v54v90/3d8ef2d0fafdbdea18e11f1fdf67e6b58267decf.jpg
1585,"<h1 class=""listing-item__header"">
    Câble Ethernet RJ45 1m 5m 10m 100m 300m
</h1>",Neuf,Autre,2 500 ,Sicap Liberté,https://i.roamcdn.net/hz/ed/listing-thumb-543w/4767c1b610282126ff3d22390fa6f469/-/horizon-files-prod/ed/picture/qq4724qj/cfb6ee346bf9c96dad917f947b52d498c7d43100.jpg
1586,"<h1 class=""listing-item__header"">
    BARRE DE SON SONY 120W HT- S100F
</h1>",Neuf,Sony,98 000 ,Plateau,https://i.roamcdn.net/hz/ed/listing-thumb-543w/d64b92b6d82747ea3716995edb7c83d0/-/horizon-files-prod/ed/picture/qm5ppw4g/2f86b036b986f956b99a184e325c1df1c1b72066.jpg
1587,"<h1 class=""listing-item__header"">
    MINI CHAINE SONY MHC-V13
</h1>",Neuf,Sony,219 000 ,Plateau,https://i.roamcdn.net/hz/ed/listing-thumb-543w/46fe4ea4ade92e33875c73031a53ad2b/-/horizon-files-prod/ed/picture/q7855xgq/afeb78762aea1b74502b5bf6e407137ddc695902.jpg
1588,"<h1 class=""listing-item__header"">
    MINI CHAINE SONY SRS - XP500
</h1>",Neuf,Sony,219 000 ,Plateau,https://i.roamcdn.net/hz/ed/listing-thumb-543w/a72ac85bec1e0de343bee0c7f9cedd86/-/horizon-files-prod/ed/picture/qv4eejxj/9eccd06f2979b36c9392b3965a258a487fe788b5.jpg
1589,"<h1 class=""listing-item__header"">
    TÉLÉVISEUR ASTECH 55 LED SMAT ANDROID
</h1>",Neuf,Astech,259 000 ,Plateau,https://i.roamcdn.net/hz/ed/listing-thumb-543w/62aed86d4454d4b5470c8c6f26aa8b9b/-/horizon-files-prod/ed/picture/qq477r66/1eb527f0117d82d62cefbe37335fad64772b3608.jpg
1590,"<h1 class=""listing-item__header"">
    TÉLÉVISEUR ASTECH 32SMART ANDROID
</h1>",Neuf,Astech,93 000 ,Plateau,https://i.roamcdn.net/hz/ed/listing-thumb-543w/c6e3c5c1e63cc48b6f9d8c4657cfe02d/-/horizon-files-prod/ed/picture/qgq9964r/d1f144cf0826c760725a4f841c7504c1a73ad9db.jpg
1591,"<h1 class=""listing-item__header"">
    TÉLÉVISEUR ASTECH 43POUCES SMART ANDROID
</h1>",Neuf,Astech,139 000 ,Plateau,https://i.roamcdn.net/hz/ed/listing-thumb-543w/58c268951f4895c05e50dc2a50cdaca9/-/horizon-files-prod/ed/picture/q78556x5/1f61438938e182f8d65a43e9dafb4ce8cb547171.jpg
1592,"<h1 class=""listing-item__header"">
    BARRE DE SON SONY 120W HT S100F
</h1>",Neuf,Sony,98 000 ,Plateau,https://i.roamcdn.net/hz/ed/listing-thumb-543w/4ded6fa9a5eebe8774f136344439b539/-/horizon-files-prod/ed/picture/qm5ppqrq/e154c82ab237f4a537e50b447f57c8564659130b.jpg
1593,"<h1 class=""listing-item__header"">
    HOME CINÉMA BARRE DE SON SONY HT  S700F
</h1>",Neuf,Sony,369 000 ,Plateau,https://i.roamcdn.net/hz/ed/listing-thumb-543w/4a6a7e242c9339cd6db6f05f5d77a38f/-/horizon-files-prod/ed/picture/qq477xd6/e9acddf7355e8c2362a5552daa03cf93dcaf7af3.jpg
1594,"<h1 class=""listing-item__header"">
    MINI CHAINE SONY SRS XP500
</h1>",Neuf,Sony,219 000 ,Plateau,https://i.roamcdn.net/hz/ed/listing-thumb-543w/c70f8da764f0afe366265dbee153093c/-/horizon-files-prod/ed/picture/qzvddw4v/4229d6977afd634cafeec5eed9e59223c873594d.jpg
1595,"<h1 class=""listing-item__header"">
    BARRE DE SON SONY 120W HT  S100F
</h1>",Neuf,Sony,98 000 ,Plateau,https://i.roamcdn.net/hz/ed/listing-thumb-543w/ba726c89445ac8904b6e9363b68d0d62/-/horizon-files-prod/ed/picture/qm5ppq5q/83cd50b50bfbd200af7cfd6713875b3108b52d62.jpg
1596,"<h1 class=""listing-item__header"">
    BARRE DE SON SONY 330W HT  S400
</h1>",Neuf,Sony,198 000 ,Plateau,https://i.roamcdn.net/hz/ed/listing-thumb-543w/962c328708661dfc9de737d7c7269e1d/-/horizon-files-prod/ed/picture/qkrggnmz/ccf015eee1476616ab3894f531de44e906179833.jpg
1597,"<h1 class=""listing-item__header"">
    BARRE DE SONY 600W HT S40R
</h1>",Neuf,Sony,239 000 ,Plateau,https://i.roamcdn.net/hz/ed/listing-thumb-543w/bac98837afc6f7292bfd7f017e50a608/-/horizon-files-prod/ed/picture/qm5ppqmq/ace7579b98242071b074d45f0ca422c3262087f7.jpg
1598,"<h1 class=""listing-item__header"">
    BARRE DE SON SONY 400W HT- S20R
</h1>",Neuf,Sony,179 000 ,Plateau,https://i.roamcdn.net/hz/ed/listing-thumb-543w/d81af05401a0222fbe6f558cc6718c10/-/horizon-files-prod/ed/picture/q8v55r0n/c9509352b54eebabae17c947099a376a87cc370a.jpg
1599,"<h1 class=""listing-item__header"">
    TÉLÉVISEUR 85POUCES HISENSE SMART 4K
</h1>",Neuf,Hisense,1 500 000 ,Plateau,https://i.roamcdn.net/hz/ed/listing-thumb-543w/899345bbca2af786c9671b8d5a820e9a/-/horizon-files-prod/ed/picture/q7855m4d/2a02da38b9dfc53300fb4d5c2296471380964251.jpg
1600,"<h1 class=""listing-item__header"">
    TÉLÉVISEUR HISENSE 65 SMART TV 4K
</h1>",Neuf,Hisense,398 000 ,Plateau,https://i.roamcdn.net/hz/ed/listing-thumb-543w/3bf0570ef5534b7ac80717d895bdd2eb/-/horizon-files-prod/ed/picture/q4488rp4/eb2a89fea8acfd623922fc2fa59baa32ef11e63a.jpg
1601,"<h1 class=""listing-item__header"">
    TÉLÉVISEUR 32POUCES MASER SMART TV
</h1>",Neuf,Autre,78 000 ,Plateau,https://i.roamcdn.net/hz/ed/listing-thumb-543w/a4a030170a912d268b666d00b298209e/-/horizon-files-prod/ed/picture/qzvd47wd/aeb5e53b6b7f205fa6d2511d540d62d4188c43bc.jpg
1602,"<h1 class=""listing-item__header"">
    TÉLÉVISEUR 32POUCES SMART MASER SMART TV
</h1>",Neuf,Autre,78 000 ,Plateau,https://i.roamcdn.net/hz/ed/listing-thumb-543w/fd32669581120a0ee7f403572d48c484/-/horizon-files-prod/ed/picture/q2jqr42p/540299d9846f5f960dd67e920a5d252541dc108b.jpg
1603,"<h1 class=""listing-item__header"">
    TÉLÉVISEUR 32 POUCES SMART RISING SMART TV
</h1>",Neuf,Autre,78 000 ,Plateau,https://i.roamcdn.net/hz/ed/listing-thumb-543w/48d496cb38c7892f69964816f694e0a7/-/horizon-files-prod/ed/picture/qkrg5wdj/84bdba3c548d7121051d26314d60920e551eebcb.jpg
1604,"<h1 class=""listing-item__header"">
    TÉLÉVISEUR 75POUCES MASER SMART UHD 4K
</h1>",Neuf,Autre,439 000 ,Plateau,https://i.roamcdn.net/hz/ed/listing-thumb-543w/5e3552050eb777d112d1a86016722be9/-/horizon-files-prod/ed/picture/qngxd42w/63f2405b7cb74d146c00b9117f3de034e03b0f1d.jpg
1605,"<h1 class=""listing-item__header"">
    Box tv +chaînes tv
</h1>",Neuf,LG,70 000 ,Mermoz,https://i.roamcdn.net/hz/ed/listing-thumb-543w/da1b39e31c6a7c97b9462ef6fbd48092/-/horizon-files-prod/ed/picture/migrated/qvgp85j/2d771f330a62a91ad24c5b72b7f8bcb351ae1d5c.jpg
1606,"<h1 class=""listing-item__header"">
    TÉLÉVISEUR 55POUCES WIWLIL SMART TV
</h1>",Neuf,Autre,229 000 ,Plateau,https://i.roamcdn.net/hz/ed/listing-thumb-543w/09dc0c02837a970d7a722d7d89bd9083/-/horizon-files-prod/ed/picture/q6xk6v7g/9d3f352dbbf6f4c543d6ebfe70ebeb3e256ddcae.jpg
1607,"<h1 class=""listing-item__header"">
    TÉLÉVISEUR 65POUCES WIWLIL SMART TV
</h1>",Neuf,Autre,319 000 ,Plateau,https://i.roamcdn.net/hz/ed/listing-thumb-543w/e4e09868a0f35e0dd35ee7437bb5e9e6/-/horizon-files-prod/ed/picture/q2jqrwzv/b80ccb26a2ce2842a520d85096562911a95d115a.jpg
1608,"<h1 class=""listing-item__header"">
    TELEVISEUR TORL 50 ANDROID SMART TV ANTI CASSE SECAM DVB-T2
</h1>",Neuf,Autre,249 900 ,Plateau,https://i.roamcdn.net/hz/ed/listing-thumb-543w/dea81c0b6d7829f13d4d9bbf274f9f59/-/horizon-files-prod/ed/picture/q8v5z90p/18da39427943a5809f97746673f1a671e7f7f311.jpg
1609,"<h1 class=""listing-item__header"">
    TELEVISEUR TORL 43 ANDROID SMART TV ANTI CASSE SECAM DVB-T2
</h1>",Neuf,Autre,179 900 ,Plateau,https://i.roamcdn.net/hz/ed/listing-thumb-543w/1e0c2f781b43b0ed6fa859219da340a2/-/horizon-files-prod/ed/picture/qq47d5qz/effd7540f91abbf4875fef7128b611a28296d0c2.jpg
1610,"<h1 class=""listing-item__header"">
    TELEVISEUR TORL 32 ANDROID SMART TV ANTI CASSE SECAM DVB-T2
</h1>",Neuf,Autre,135 000 ,Plateau,https://i.roamcdn.net/hz/ed/listing-thumb-543w/2be0549cdcddcf0704ef619f6cfe763e/-/horizon-files-prod/ed/picture/qwe2zkmp/3de546293d1681b61958de7d48dd08f127f70dd6.jpg
1611,"<h1 class=""listing-item__header"">
    Mi TV Stick Xiaomi 4K
</h1>",Neuf,Autre,45 000 ,Sicap Liberté,https://i.roamcdn.net/hz/ed/listing-thumb-543w/54f218d149f53334248202f0a2f463b4/-/horizon-files-prod/ed/picture/q0gwgmz6/df0f6e22944b08a49ad07946d588265319d4ce1b.jpg
1612,"<h1 class=""listing-item__header"">
    Box Xiaomi 2eme Génération avec Abonnement IPTV et Netflix
</h1>",Neuf,Autre,50 000 ,Sicap Liberté,https://i.roamcdn.net/hz/ed/listing-thumb-543w/4ecba8eba9e9fa7b7e3cc4a5ccc1e329/-/horizon-files-prod/ed/picture/qxj2j4zj/67ae8bc55d35a066c1788e1d2ecc874aa1a2f9cf.jpg
1613,"<h1 class=""listing-item__header"">
    TÉLÉVISEUR ATV 19POUCES LED UHDTV
</h1>",Neuf,Autre,36 000 ,Plateau,https://i.roamcdn.net/hz/ed/listing-thumb-543w/a3ab008bdcf1f3c9dada82e138d870d4/-/horizon-files-prod/ed/picture/qm5p5xww/2572065060b8beb17eac2bbc4470d7d3205d0d22.jpg
1614,"<h1 class=""listing-item__header"">
    TÉLÉVISEUR 22POUCES ATV LED UHD TV
</h1>",Neuf,Autre,39 000 ,Plateau,https://i.roamcdn.net/hz/ed/listing-thumb-543w/b42474ba2174b68b830b3a4959644418/-/horizon-files-prod/ed/picture/qngxgmqw/917faba33378064a4b5f8f79e0677a9993e7cf01.jpg
1615,"<h1 class=""listing-item__header"">
    Répéteur WiFi Xiaomi 1200 Mbps
</h1>",Neuf,Autre,25 000 ,Sicap Liberté,https://i.roamcdn.net/hz/ed/listing-thumb-543w/bb8cad4c1472d44af8cb97561ab3c706/-/horizon-files-prod/ed/picture/q0gwg9ed/70e9d7856bdc13cd888acbf341ac627c25f2ff32.jpg
1616,"<h1 class=""listing-item__header"">
    Répéteur WiFi Xiaomi 300 Mbps
</h1>",Neuf,Autre,15 000 ,Sicap Liberté,https://i.roamcdn.net/hz/ed/listing-thumb-543w/abb5e0f2a6612213fbc4aff63d229b74/-/horizon-files-prod/ed/picture/q2jqjwej/c63a460de2a3dd93ca90817798cfc5469e71b115.jpg
1617,"<h1 class=""listing-item__header"">
    Box Xiaomi 2eme Génération
</h1>",Neuf,Autre,50 000 ,Sicap Liberté,https://i.roamcdn.net/hz/ed/listing-thumb-543w/c533f519ef688e50deadca92a19a3aea/-/horizon-files-prod/ed/picture/qkrgrxjw/5d00244ca8194c9dece12ff5b51455bbad1e2d67.jpg
1618,"<h1 class=""listing-item__header"">
    Box Xiaomi Stick 4K
</h1>",Neuf,Autre,40 000 ,Sicap Liberté,https://i.roamcdn.net/hz/ed/listing-thumb-543w/c8d545be132e898c3a3776a3afb0869e/-/horizon-files-prod/ed/picture/qngxgj6z/fd49ded950472cab80ec58647d397129deba9e17.jpg
1619,"<h1 class=""listing-item__header"">
    TÉLÉVISEUR HISENSE 50POUCES SMART 4K
</h1>",Neuf,Hisense,229 000 ,Plateau,https://i.roamcdn.net/hz/ed/listing-thumb-543w/5c91dfa681c6226ea35ffdd49c7f552b/-/horizon-files-prod/ed/picture/qzvd2gdq/7bc35e76948dcd5e8765c75c866a6748903dcdfd.jpg
1620,"<h1 class=""listing-item__header"">
    TÉLÉVISEUR HISENSE 98 POUCES QLED
</h1>",Neuf,Hisense,2 500 000 ,Plateau,https://i.roamcdn.net/hz/ed/listing-thumb-543w/bf070506c7cb0d8c1c8ac2169f44362f/-/horizon-files-prod/ed/picture/qdekrxk4/7a596a97c63265d919edc002078035851c817b6a.jpg
1621,"<h1 class=""listing-item__header"">
    Television StarSat 32'' pouces Led Tv
</h1>",Neuf,Star Sat,80 000 ,Médina,https://i.roamcdn.net/hz/ed/listing-thumb-543w/3bcc90688f6233fddf2b42c9ac982bea/-/horizon-files-prod/ed/picture/qdeene27/8a2ee8c3a8357b2b381562829e4cb2aca74e070a.jpg
1622,"<h1 class=""listing-item__header"">
    Barre de Son LG SP9YA 5.1.2 ch 520W
</h1>",Neuf,LG,450 000 ,Plateau,https://i.roamcdn.net/hz/ed/listing-thumb-543w/6fed4e43b8411636644c5c299b1ac7f1/-/horizon-files-prod/ed/picture/q5647vmg/915cb9678816413391fecb66e16b418b637e6a72.jpg
1623,"<h1 class=""listing-item__header"">
    TÉLÉVISEUR JY 43POUCES SMART ANDROID TV
</h1>",Neuf,Autre,115 000 ,Plateau,https://i.roamcdn.net/hz/ed/listing-thumb-543w/4544042488ca51331d383d44cd21cec6/-/horizon-files-prod/ed/picture/qq4dp65v/9c73cd344d59c9755f8da07e9c066aaa1836e773.jpg
1624,"<h1 class=""listing-item__header"">
    TÉLÉVISEUR 75POUCES JY SMART ANDROID TV
</h1>",Neuf,Autre,439 000 ,Plateau,https://i.roamcdn.net/hz/ed/listing-thumb-543w/252511fdea86cd287c4365a3b415b1b4/-/horizon-files-prod/ed/picture/q9m84gnn/cac12ab48be99c7c75cc2bb65c7941c93c532ca9.jpg
1625,"<h1 class=""listing-item__header"">
    TÉLÉVISEUR LG 65POUCES UHD 4K 65QQ750
</h1>",Neuf,LG,549 000 ,Plateau,https://i.roamcdn.net/hz/ed/listing-thumb-543w/5a4d42c0d42bad09e8806314a2bea50a/-/horizon-files-prod/ed/picture/qdewxk58/e1dbe40be65f64b225d606a0e403e565f00f4f17.jpg
1626,"<h1 class=""listing-item__header"">
    TÉLÉVISEUR LG 65POUCESUQ751CLF
</h1>",Neuf,LG,549 000 ,Plateau,https://i.roamcdn.net/hz/ed/listing-thumb-543w/b046b4f9707def3ee73efcd7deebe014/-/horizon-files-prod/ed/picture/qj4jvr8g/48ea3c5e998d20ca7cf0af4cf5419db6d2225341.jpg
1627,"<h1 class=""listing-item__header"">
    BAFLE WOOFER SAMSOUND 5.1 DM-8540 / DM-8541
</h1>",Neuf,Samsung,75 000 ,Médina,https://i.roamcdn.net/hz/ed/listing-thumb-543w/61650f0e8da2e7fec3d46b84125e680e/-/horizon-files-prod/ed/picture/q8vz66vn/e0e54a933f38131643c72086034d4465d41ab681.png
1628,"<h1 class=""listing-item__header"">
    TV BOX
</h1>",Neuf,Autre,30 000 ,Sicap Liberté,https://i.roamcdn.net/hz/ed/listing-thumb-543w/690edc5c5c9124c1959dfcfc53c0d36c/-/horizon-files-prod/ed/picture/migrated/q2kr8nd/59fd836de6909a67ecd34ecbd882f33040d96c9b.jpg
1629,"<h1 class=""listing-item__header"">
    TÉLÉVISEUR HOSENSE 65POUCES 4K SMART
</h1>",Neuf,Hisense,349 000 ,Plateau,https://i.roamcdn.net/hz/ed/listing-thumb-543w/53f1219a6eae98d6ec3cbe9e897983a3/-/horizon-files-prod/ed/picture/q564ejj7/3dc64588dd400925820ff90b36eeea162a2ed128.jpg
1630,"<h1 class=""listing-item__header"">
    TÉLÉVISEUR TCL 75pouces smart UHD 4k
</h1>",Neuf,TCL,629 000 ,Plateau,https://i.roamcdn.net/hz/ed/listing-thumb-543w/4ea344a2590d35f999ca13714465ff6b/-/horizon-files-prod/ed/picture/qxj6078j/b62517a97f50c2939ff075f853b84c3cb62022bf.jpg
1631,"<h1 class=""listing-item__header"">
    TÉLÉVISEUR TCL 43POUCES SMART ULTRA HD 4K
</h1>",Neuf,TCL,159 000 ,Plateau,https://i.roamcdn.net/hz/ed/listing-thumb-543w/881d1a02a218125f66fb4bf152c8f66b/-/horizon-files-prod/ed/picture/q8vze866/d20d020871295dafd8929e033fdbcc319f39d270.jpg
1632,"<h1 class=""listing-item__header"">
    TÉLÉVISEUR TCL 55POUCES SMART ULTRA HD 4K
</h1>",Neuf,TCL,239 000 ,Plateau,https://i.roamcdn.net/hz/ed/listing-thumb-543w/44546ba638c8b78c9bf4e0554add9656/-/horizon-files-prod/ed/picture/q6x6ewmv/aaf0aa5bfe1e3c761c4104b81d2a1b1d02f562a9.jpg
1633,"<h1 class=""listing-item__header"">
    TÉLÉVISEUR TCL 43POUCES SMART ULTRA HD 4K
</h1>",Neuf,TCL,159 000 ,Plateau,https://i.roamcdn.net/hz/ed/listing-thumb-543w/bf11191c53036a062b72fadd2c48a9ba/-/horizon-files-prod/ed/picture/qwezvjj5/cfca735197660795015a75413d2df25333d3fe6c.jpg
1634,"<h1 class=""listing-item__header"">
    TÉLÉVISEUR TCL 50POUCES SMART 4K ULTRA HD
</h1>",Neuf,TCL,319 000 ,Plateau,https://i.roamcdn.net/hz/ed/listing-thumb-543w/1cd7a003228e5a968f0e938a945f3d02/-/horizon-files-prod/ed/picture/qzv4nee8/0bf17a16f8356954f967e8cb18056f2865a87df5.jpg
1635,"<h1 class=""listing-item__header"">
    TÉLÉVISEUR TCL 55POUCES SMART ULTRA HD 4K
</h1>",Neuf,TCL,239 000 ,Plateau,https://i.roamcdn.net/hz/ed/listing-thumb-543w/b1047a0b02244b5e1e88b5be468c9f0b/-/horizon-files-prod/ed/picture/qen5022v/d786edccf74d1a9b2ac1edfd8d332b078cdb9bb8.jpg
1636,"<h1 class=""listing-item__header"">
    TÉLÉVISEUR TCL 43POUCES SMART ULTRA HD 4K
</h1>",Neuf,TCL,169 000 ,Plateau,https://i.roamcdn.net/hz/ed/listing-thumb-543w/ea5befb185cf54b195011fd90718f753/-/horizon-files-prod/ed/picture/q8vzegwn/43842cb109834881230d04e4f21dad41c1b07348.jpg
1637,"<h1 class=""listing-item__header"">
    TÉLÉVISEUR TCL 50POUCES SMART UHD 4K
</h1>",Neuf,TCL,319 000 ,Plateau,https://i.roamcdn.net/hz/ed/listing-thumb-543w/a2acfad0c8db4a6fb6247de133580e27/-/horizon-files-prod/ed/picture/qpdwz84v/b879aec494fcd74294ec2cf65b59f21ce8ac4181.jpg
1638,"<h1 class=""listing-item__header"">
    TÉLÉVISEUR TCL 65POUCES SMART UHD 4K
</h1>",Neuf,TCL,349 000 ,Plateau,https://i.roamcdn.net/hz/ed/listing-thumb-543w/fd7188dd67b6b4184af4263108e1cb02/-/horizon-files-prod/ed/picture/qm5rxn7q/159db528a9ab9a2ce5d0142fb6c0abc88d22420f.jpg
1639,"<h1 class=""listing-item__header"">
    TÉLÉVISEUR TCL 75POUCES SMART ULTRA HD 4K
</h1>",Neuf,TCL,629 000 ,Plateau,https://i.roamcdn.net/hz/ed/listing-thumb-543w/79e256e16ccafc151bf6a40c822a3edc/-/horizon-files-prod/ed/picture/q2jreg9e/28fb129ba85c75fe7d0b4a8b87890f8a972a38e3.jpg
1640,"<h1 class=""listing-item__header"">
    TÉLÉVISEUR TCL 43POUCES SMART ULTRA HD 4K
</h1>",Neuf,TCL,169 000 ,Plateau,https://i.roamcdn.net/hz/ed/listing-thumb-543w/05b029240ed2613cd62adf3a40621daf/-/horizon-files-prod/ed/picture/qzv4nxwv/24676db4d0bb7f2c5ba1f2a93e70807a4ba6a1bf.jpg
1641,"<h1 class=""listing-item__header"">
    TÉLÉVISEUR TCL 55POUCES SMART ULTRA HD 4K
</h1>",Neuf,TCL,239 000 ,Plateau,https://i.roamcdn.net/hz/ed/listing-thumb-543w/a5c032853e54eb7f4f762d57aa62ad94/-/horizon-files-prod/ed/picture/qm5rxnkq/1813aaab26b98fcb2e0cd99b5efa59b83f7bb9dc.jpg
1642,"<h1 class=""listing-item__header"">
    TÉLÉVISEUR TCL 50POUCES SMART 4K UHD
</h1>",Neuf,TCL,219 000 ,Plateau,https://i.roamcdn.net/hz/ed/listing-thumb-543w/f940e721de88ba72b2f13a4f03dba4b4/-/horizon-files-prod/ed/picture/q9m8egwv/21cd635e1e2cf3d4530d696cd9d96c6d4acc28be.jpg
1643,"<h1 class=""listing-item__header"">
    TÉLÉVISEUR TCL 43POUCES SMART 4K UHD
</h1>",Neuf,TCL,159 000 ,Plateau,https://i.roamcdn.net/hz/ed/listing-thumb-543w/2edb58ae8291a4ebf632f927d452471f/-/horizon-files-prod/ed/picture/qpdwz820/568b21c6c78c99361dd10a57f2fec82a8419ee29.jpg
1644,"<h1 class=""listing-item__header"">
    TÉLÉVISEUR 86POUCES ASTECH QLED ANDROID 4K
</h1>",Neuf,Astech,975 000 ,Plateau,https://i.roamcdn.net/hz/ed/listing-thumb-543w/c81c162c028c82ac3b93e9c02c5008ba/-/horizon-files-prod/ed/picture/qdewv058/542400a645cc5dbcfd5b813378edaed86cb77daa.jpg
1645,"<h1 class=""listing-item__header"">
    TÉLÉVISEUR SAMSUNG 43POUCES SMART 4K UHD Au7000
</h1>",Neuf,Samsung,219 000 ,Plateau,https://i.roamcdn.net/hz/ed/listing-thumb-543w/00a4cec7d88611132ff71368a4578253/-/horizon-files-prod/ed/picture/qpdwz0pp/be620d631366648e431377861f798090d6eae1bc.jpg
1646,"<h1 class=""listing-item__header"">
    Télévision c &amp; y 22'' pouces Led Tv
</h1>",Neuf,Autre,44 000 ,Médina,https://i.roamcdn.net/hz/ed/listing-thumb-543w/8e8b33c10af523bd10a0eacaa8c12e44/-/horizon-files-prod/ed/picture/qxjjxkdm/5c637e3573156234531a07557d30e2e8aaea5383.jpg
1647,"<h1 class=""listing-item__header"">
    TÉLÉVISEUR 75POUCES TORL SMART ANDROID AVEC ANTI CASSE
</h1>",Neuf,Autre,619 000 ,Plateau,https://i.roamcdn.net/hz/ed/listing-thumb-543w/68c17193fae7f6c9ca1e18f1d3415d53/-/horizon-files-prod/ed/picture/qdewpmv2/846e424cf7a1385d7e2c1ad08b7c2cc0bf709317.jpg
1648,"<h1 class=""listing-item__header"">
    TÉLÉVISEUR 55POUCES TORL AVEC ANTI CASSE
</h1>",Neuf,Autre,279 000 ,Plateau,https://i.roamcdn.net/hz/ed/listing-thumb-543w/4c26d12ae0ebf0fd634e52a60e0f2b2c/-/horizon-files-prod/ed/picture/qj4je986/1bd302f36c6bb06267275005cc7b684d2bf18714.jpg
1649,"<h1 class=""listing-item__header"">
    TÉLÉVISEUR 50 POUCES TORL AVEC ANTI CASSE
</h1>",Neuf,Autre,219 000 ,Plateau,https://i.roamcdn.net/hz/ed/listing-thumb-543w/e75171a968fcb657dacaa3a393ac5982/-/horizon-files-prod/ed/picture/qxj6v90j/38553f2f096d8cbfe66bbd0f315f074a1c1c7faf.jpg
1650,"<h1 class=""listing-item__header"">
    TÉLÉVISEUR TORL 43POUCES SMART AVEC ANTI CASSE
</h1>",Neuf,Autre,159 000 ,Plateau,https://i.roamcdn.net/hz/ed/listing-thumb-543w/64bbd2d4364c82d18ee3d13c13e92e6e/-/horizon-files-prod/ed/picture/qdewpzkr/fd310de9a66caed5f8b30c598196a928ec9b3167.jpg
1651,"<h1 class=""listing-item__header"">
    TÉLÉVISEUR TORL AVEC ANTI CASSE 32POUCES SMART
</h1>",Neuf,Autre,119 000 ,Plateau,https://i.roamcdn.net/hz/ed/listing-thumb-543w/4fef43cb7bab872eb1ecc51ec1f81f66/-/horizon-files-prod/ed/picture/qzv495nv/ac32ba7c9fc0a3aec03a3d1e066177330b49a43d.jpg
1652,"<h1 class=""listing-item__header"">
    TÉLÉVISEUR 65POUCES TORL SMART ANDROID
</h1>",Neuf,Autre,389 000 ,Plateau,https://i.roamcdn.net/hz/ed/listing-thumb-543w/7b3d167bb5b9e7f575514b6ca2988f3d/-/horizon-files-prod/ed/picture/qrzqe494/b9062dd6a81b841fdebec60f76428d608869d9ac.jpg
1653,"<h1 class=""listing-item__header"">
    Television Bectel 26'' pouces Led Tv
</h1>",Neuf,Autre,58 000 ,Médina,https://i.roamcdn.net/hz/ed/listing-thumb-543w/aeb9ee13e0e6226f42f061967e3b9d37/-/horizon-files-prod/ed/picture/qxjjxw52/aa5141bbb57ec5baaac59d72561aad01d5b7c683.jpg
1654,"<h1 class=""listing-item__header"">
    Télévision c &amp; y 19'' pouces Led Tv
</h1>",Neuf,Autre,38 000 ,Médina,https://i.roamcdn.net/hz/ed/listing-thumb-543w/1b938df0550aab88197651b3dbdb824a/-/horizon-files-prod/ed/picture/qngg2jgw/e9c806d032146404811103a8c71c142c6389a47a.jpg
1655,"<h1 class=""listing-item__header"">
    Télévision Bectel 24'' pouces Led Tv
</h1>",Neuf,Autre,50 000 ,Médina,https://i.roamcdn.net/hz/ed/listing-thumb-543w/7f3c10b6d74fe0353934e55a3746381d/-/horizon-files-prod/ed/picture/qj4425v8/a3ae9bf76edf644203df5dff3afe99a35e6e363c.jpg
1656,"<h1 class=""listing-item__header"">
    Télévision Bectel 17 pouces Led Tv
</h1>",Neuf,Autre,25 000 ,Médina,https://i.roamcdn.net/hz/ed/listing-thumb-543w/0c877c344a55a5d1f32ef1e66da3cfc8/-/horizon-files-prod/ed/picture/qm559pkd/f5c3e0e9c7eafcb4e890a1515eb8e35edb0c7bb6.jpg
1657,"<h1 class=""listing-item__header"">
    HOME CINÉMA SMART TECHNOLOGY 7818
</h1>",Neuf,Autre,49 000 ,Plateau,https://i.roamcdn.net/hz/ed/listing-thumb-543w/990228fd3b20ba9c0c8b9fb612147070/-/horizon-files-prod/ed/picture/qq4drm0j/753a7503e57c5b7c0d962b51696afc5080f0ea53.jpg
1658,"<h1 class=""listing-item__header"">
    BAR DE SON SMART TECHNOLOGY AVEC BLUETOOTH
</h1>",Neuf,Autre,49 000 ,Plateau,https://i.roamcdn.net/hz/ed/listing-thumb-543w/68735bdc113a7de10438b01e54c21411/-/horizon-files-prod/ed/picture/q9m8vp7v/d8ddc29cc40440137b13e982dd6084bc3f0dbd29.jpg
1659,"<h1 class=""listing-item__header"">
    MINI CHAINE SMART TECHNOLOGY STH-807
</h1>",Neuf,Autre,79 000 ,Plateau,https://i.roamcdn.net/hz/ed/listing-thumb-543w/7852cd0b2bf0a57db16707b478efc53a/-/horizon-files-prod/ed/picture/q6x6j99v/b9134936d1b4e1dd9630969d1c9b928dfff8de4a.jpg
1660,"<h1 class=""listing-item__header"">
    MINI CHAINE SMART TECHNOLOGY 9999
</h1>",Neuf,Autre,39 000 ,Plateau,https://i.roamcdn.net/hz/ed/listing-thumb-543w/bda0326c5d32b2efa28a405a942c7941/-/horizon-files-prod/ed/picture/qen5kee9/751de03c8d0cbf4edd90463417498238569c3a21.jpg
1661,"<h1 class=""listing-item__header"">
    MINI CHAINE SMART TECHNOLOGY 7979
</h1>",Neuf,Autre,39 000 ,Plateau,https://i.roamcdn.net/hz/ed/listing-thumb-543w/1f5f8d8f155b1a5a2e36ffabfbb1c5ef/-/horizon-files-prod/ed/picture/q44dgv95/7fd8d8dd346e75c160f335a155f21b5ee2d1e0cb.jpg
1662,"<h1 class=""listing-item__header"">
    MINI CHAINE SMART TECHNOLOGY 3818
</h1>",Neuf,Autre,39 000 ,Plateau,https://i.roamcdn.net/hz/ed/listing-thumb-543w/bb48b5ec40261e682778dda0badbab67/-/horizon-files-prod/ed/picture/q8vz7w84/a0c11c0382ebd6ece3ba172549b7b20c3547e6d9.jpg
1663,"<h1 class=""listing-item__header"">
    Television Samsung Smart Tv 32'' Pouces
</h1>",Neuf,Samsung,155 000 ,Médina,https://i.roamcdn.net/hz/ed/listing-thumb-543w/030d7852ee06b1e0a60a018bdb7c6a55/-/horizon-files-prod/ed/picture/q44d0dre/0b332196479239711c0ed39b5baa22928bf88196.jpg
1664,"<h1 class=""listing-item__header"">
    TÉLÉVISEUR ELACTRON 32POUCES SALAM TV
</h1>",Neuf,Autre,93 000 ,Plateau,https://i.roamcdn.net/hz/ed/listing-thumb-543w/14741ec709e4f812198407444f033aa8/-/horizon-files-prod/ed/picture/qv4pj58k/ac7484f473ff6f450517320501311d2871d7d1b9.jpg
1665,"<h1 class=""listing-item__header"">
    TV 43POUCES ELACTRON QLED SMART ANDROID
</h1>",Neuf,Autre,139 000 ,Plateau,https://i.roamcdn.net/hz/ed/listing-thumb-543w/ed00a571d321eb8937ec41cef8095472/-/horizon-files-prod/ed/picture/qkr5zvzx/3f962addb136da587b09da81c5a575d6cca8c3e1.jpg
1666,"<h1 class=""listing-item__header"">
    TV 55POUCES ELACTRON QLED SMART ANDROID TV
</h1>",Neuf,Autre,249 000 ,Plateau,https://i.roamcdn.net/hz/ed/listing-thumb-543w/d0b61a6bbcf92eb5a81d9464c572a565/-/horizon-files-prod/ed/picture/qv4pj5kg/05aac53c845c242f0509af858d59c3f38501725b.jpg
1667,"<h1 class=""listing-item__header"">
    TV ELACTRON 65POUCES LED SMART ANDROID ULTRA HD 4K
</h1>",Neuf,Autre,369 000 ,Plateau,https://i.roamcdn.net/hz/ed/listing-thumb-543w/1516cf0a9cd772298c0d68819e02e248/-/horizon-files-prod/ed/picture/qen5kj9j/315d388e41c04cb6cdb00d070ca9b421b76e9cdc.jpg
1668,"<h1 class=""listing-item__header"">
    TV 75POUCES ELACTRON QLED SMART ANDROID
</h1>",Neuf,Autre,549 000 ,Plateau,https://i.roamcdn.net/hz/ed/listing-thumb-543w/c4dd4b334f1bd8311123b7abb8dc2f1e/-/horizon-files-prod/ed/picture/qngdqn9m/43debcdcf5280c2155c7798a38952253a31fc442.jpg
1669,"<h1 class=""listing-item__header"">
    TV 85POUCES ELACTRON QLED SMART ANDROID 4K UHD
</h1>",Neuf,Autre,1 100 000 ,Plateau,https://i.roamcdn.net/hz/ed/listing-thumb-543w/8550fe54915732a964e19c80634bad19/-/horizon-files-prod/ed/picture/qj4j07je/d5d87b64cc25a449fa53fcf1bf5bb5f59e909198.jpg
1670,"<h1 class=""listing-item__header"">
    SUPPORT TV 32 à 75POUCES VSTAR
</h1>",Neuf,Autre,85 000 ,Plateau,https://i.roamcdn.net/hz/ed/listing-thumb-543w/36e4cceb1a5429f8fe165101e278efc3/-/horizon-files-prod/ed/picture/qwez6nqj/18583afbc51a7a4e1eec5402c6cb8b291a8c1b35.jpg
1671,"<h1 class=""listing-item__header"">
    TÉLÉVISEUR 65"" HISENSE 65POUCES SMART UHD 4K
</h1>",Neuf,Hisense,349 000 ,Plateau,https://i.roamcdn.net/hz/ed/listing-thumb-543w/4298fe134e50673b8b032126fe2ad69d/-/horizon-files-prod/ed/picture/qpdw4nxx/937b313a852062379edaa35d96006e8584e2ce41.jpg
1672,"<h1 class=""listing-item__header"">
    TÉLÉVISEUR SAMSUNG 75POUCES CRISTAL UHD 4K
</h1>",Neuf,Samsung,829 000 ,Plateau,https://i.roamcdn.net/hz/ed/listing-thumb-543w/0c8176fe9fb12fb5ec3a34cbda6a412a/-/horizon-files-prod/ed/picture/qj4j0q0g/32dfbc3312ef1940f8f54d14aa174248bea71a4c.jpg
1673,"<h1 class=""listing-item__header"">
    TÉLÉVISEUR 55POUCES ASTECH LED SMART TV
</h1>",Neuf,Autre,243 000 ,Plateau,https://i.roamcdn.net/hz/ed/listing-thumb-543w/94b8b016b26712c58c73b39593522ea5/-/horizon-files-prod/ed/picture/q44d9k8m/d8b297c341fb85db8e95a043325ef566c8969475.jpg
1674,"<h1 class=""listing-item__header"">
    TÉLÉVISEUR 55POUCES SMART TECHNOLOGY SMART TV
</h1>",Neuf,Autre,189 000 ,Plateau,https://i.roamcdn.net/hz/ed/listing-thumb-543w/0504a69f5693fc00a3466917c17e3ddc/-/horizon-files-prod/ed/picture/q8vz865n/90419044c50fd2a0763bc027f8a5026be0368d1a.jpg
1675,"<h1 class=""listing-item__header"">
    TÉLÉVISEUR 55POUCES TORL UHD 4K
</h1>",Neuf,Autre,219 000 ,Plateau,https://i.roamcdn.net/hz/ed/listing-thumb-543w/b57898d234f0568c9e63674d388416de/-/horizon-files-prod/ed/picture/q9m8z795/06c57ce5bd75ca0d5d3f93d5bb14201f24c30812.jpg
1676,"<h1 class=""listing-item__header"">
    TÉLÉVISEUR 55POUCES SMART TECHNOLOGY SMART TV
</h1>",Neuf,Autre,189 000 ,Plateau,https://i.roamcdn.net/hz/ed/listing-thumb-543w/d617615bc6b70b8c48eed523e47cf303/-/horizon-files-prod/ed/picture/qv4pr8ew/0203e56a0854ae849edf903f80978f77dc14b76b.jpg
1677,"<h1 class=""listing-item__header"">
    TÉLÉVISEUR SAMSUNG 65POUCES CRISTAL 4K
</h1>",Neuf,Samsung,519 000 ,Plateau,https://i.roamcdn.net/hz/ed/listing-thumb-543w/184976bae05b61b5f034f9a2b0ee505d/-/horizon-files-prod/ed/picture/qrzqwrr8/bfe7d7ff87b65519ff8dae23d74838835216c4d4.jpg
1678,"<h1 class=""listing-item__header"">
    HOME CINÉMA LG 1000 WATTS AVEC BLUETOOTH 655
</h1>",Neuf,LG,189 000 ,Plateau,https://i.roamcdn.net/hz/ed/listing-thumb-543w/54f75837dbfb4fbf314c06916569bd75/-/horizon-files-prod/ed/picture/q0g26pgj/689ecc87b9b71e378035f046de4644b71f2b6756.jpg
1679,"<h1 class=""listing-item__header"">
    HOME CINÉMA LG 1000 WATT
</h1>",Neuf,LG,219 000 ,Plateau,https://i.roamcdn.net/hz/ed/listing-thumb-543w/e4a71d3088c4cfd5432fc4268c757c6e/-/horizon-files-prod/ed/picture/q2jr9prv/9ad039d82d03e396ee77efd4550193a0eab991c2.jpg
1680,"<h1 class=""listing-item__header"">
    MINI LG CJ44AUTO MUSIC PLAY
</h1>",Neuf,LG,136 000 ,Plateau,https://i.roamcdn.net/hz/ed/listing-thumb-543w/6da2f5e1138f496e414018828700162f/-/horizon-files-prod/ed/picture/qj4j9vjd/0cf417a505d53a59595352e8d105e9c511ea2684.jpg
1681,"<h1 class=""listing-item__header"">
    MINI CHAINE LG ON5 BOOMER 8""
</h1>",Neuf,LG,179 000 ,Plateau,https://i.roamcdn.net/hz/ed/listing-thumb-543w/31dcf22398c068eb9bb7c208600cd7d2/-/horizon-files-prod/ed/picture/qkr5n95v/b937658f4b032d42e30d90d612a4d09aed2c586b.jpg
1682,"<h1 class=""listing-item__header"">
    MINI CHAINE LG ON7 SUPER BASS BOOST
</h1>",Neuf,LG,239 000 ,Plateau,https://i.roamcdn.net/hz/ed/listing-thumb-543w/0300af39c7c1bbe2fbcff8abdad334f3/-/horizon-files-prod/ed/picture/qxj6946q/86a0cef50edee03d152e5fd2a248e5026295107e.jpg
1683,"<h1 class=""listing-item__header"">
    MINI CHAINE LG XBOOM PORTABLE 24HR IPX5
</h1>",Neuf,LG,74 000 ,Plateau,https://i.roamcdn.net/hz/ed/listing-thumb-543w/dfc79707ff77d90adac862d9babe70d5/-/horizon-files-prod/ed/picture/qrzqmdqj/94f3e793e229d90ba08063e8e32b3732c1eddb3c.jpg
1684,"<h1 class=""listing-item__header"">
    BAR DE SON LG SJ3 USB BLUETOOTH
</h1>",Neuf,LG,139 000 ,Plateau,https://i.roamcdn.net/hz/ed/listing-thumb-543w/e60e8ae9dbaedb89f035fcd1b1561bef/-/horizon-files-prod/ed/picture/q44dwedr/eaf32a94e3938f345affbfe0c8f1d1f7ed5b7d98.jpg
1685,"<h1 class=""listing-item__header"">
    TÉLÉVISEUR 55POUCES SMART TECHNOLOGY SMART
</h1>",Neuf,Autre,219 000 ,Plateau,https://i.roamcdn.net/hz/ed/listing-thumb-543w/edc3e3052d4bf6091775321681f8e3f6/-/horizon-files-prod/ed/picture/qj4j7knz/d8a6296fecb0c353c8f2fc1747919161c10066a9.jpg
1686,"<h1 class=""listing-item__header"">
    TÉLÉVISEUR SAMSUNG 50 POUCES SMART 4K
</h1>",Neuf,Samsung,319 000 ,Plateau,https://i.roamcdn.net/hz/ed/listing-thumb-543w/3d3f77546f337c24e04b676d68f5d46e/-/horizon-files-prod/ed/picture/q2jrnmnp/1da825b7d66620a849c45c32f4a2a034b3a62072.jpg
1687,"<h1 class=""listing-item__header"">
    TÉLÉVISEUR DESKA 50 POUCES SMART
</h1>",Neuf,Autre,198 000 ,Plateau,https://i.roamcdn.net/hz/ed/listing-thumb-543w/43f30cb33c7a9179804ca0b0aa3ddf20/-/horizon-files-prod/ed/picture/q9m8664x/c168a21f8e08575dd3e9ca71d4e0fc7ecdfd60eb.jpg
1688,"<h1 class=""listing-item__header"">
    TÉLÉVISEUR LIVONA 43 LED
</h1>",Neuf,Autre,109 000 ,Plateau,https://i.roamcdn.net/hz/ed/listing-thumb-543w/94f28b7602b6417b4927424dea08be27/-/horizon-files-prod/ed/picture/qxj6ee4q/675cf8bdf6c952fea82354d3ea7bdc8bb17143a8.jpg
1689,"<h1 class=""listing-item__header"">
    TV 65"" SMART TV SMART TECHNOLOGY
</h1>",Neuf,Autre,299 000 ,Sicap Liberté,https://i.roamcdn.net/hz/ed/listing-thumb-543w/379ec74fb2e6a26043a7a8ee634f1d03/-/horizon-files-prod/ed/picture/qq4q2gm7/95886d30b6bbd5bc5439806cd94b8e6904a63b5b.jpg
1690,"<h1 class=""listing-item__header"">
    TÉLÉVISEUR 32 SMART TECHNOLOGY LED
</h1>",Neuf,Autre,68 000 ,Plateau,https://i.roamcdn.net/hz/ed/listing-thumb-543w/e55ab05be5f47c9fbbc01b7fce0d17dd/-/horizon-files-prod/ed/picture/q6x64qvn/79daba4c9b2958c3896e3848c2883c8d80b9e163.jpg
1691,"<h1 class=""listing-item__header"">
    TÉLÉVISEUR LG 82 SMART 4K
</h1>",Neuf,LG,1 450 000 ,Plateau,https://i.roamcdn.net/hz/ed/listing-thumb-543w/dbb6bae5e632a2da7c86c9ca6f10da22/-/horizon-files-prod/ed/picture/q9m8dxg8/226f475c1e9bdfdecf88db7bfdc6e72ebd59cfae.jpg
1692,"<h1 class=""listing-item__header"">
    TÉLÉVISEUR LG 65POUCES SMART MAGIC REMONTE  2022
</h1>",Neuf,LG,1 600 000 ,Plateau,https://i.roamcdn.net/hz/ed/listing-thumb-543w/3e79c8b815c5bc7c4d0b3943295b3f7f/-/horizon-files-prod/ed/picture/qzv46wjn/7ad57444326a3bad102191a6048a04ff4a5dadef.jpg
1693,"<h1 class=""listing-item__header"">
    TÉLÉVISEUR LG 65POUCES OLED 4K
</h1>",Neuf,LG,1 700 000 ,Plateau,https://i.roamcdn.net/hz/ed/listing-thumb-543w/860b27a03254d6e57383b52e5cf7a18a/-/horizon-files-prod/ed/picture/qrzq0mjj/f3da6699b1df06e9d621ae16d68546167d083096.jpg
1694,"<h1 class=""listing-item__header"">
    TÉLÉVISEUR 65POUCES WIWLIIL SMART TV
</h1>",Neuf,Autre,319 000 ,Plateau,https://i.roamcdn.net/hz/ed/listing-thumb-543w/e8ae74019c91decd1818785fbfc32d88/-/horizon-files-prod/ed/picture/qkr5qq9m/6bb59f23041cd95add3a9e971d1cb51af676d412.jpg
1695,"<h1 class=""listing-item__header"">
    TÉLÉVISEUR 32"" TORL LED TV
</h1>",Neuf,Autre,68 000 ,Plateau,https://i.roamcdn.net/hz/ed/listing-thumb-543w/d2cb82e71220375d5bc86b7c4e53a324/-/horizon-files-prod/ed/picture/qv4pxpnv/94abb3129f8bc6110d5c784291ff5169a43d43dc.jpg
1696,"<h1 class=""listing-item__header"">
    TÉLÉVISEUR HISENSE 65POUCES SMART UHD 4K
</h1>",Neuf,Hisense,459 000 ,Plateau,https://i.roamcdn.net/hz/ed/listing-thumb-543w/b303aa48ed23572fe917457375d65124/-/horizon-files-prod/ed/picture/qwezw08m/ba6bbd4ef3da0c64a061ed06482161a739073f34.jpg
1697,"<h1 class=""listing-item__header"">
    TÉLÉVISEUR HISENSE 75POUCES UHD4K SMART
</h1>",Neuf,Hisense,729 000 ,Plateau,https://i.roamcdn.net/hz/ed/listing-thumb-543w/7039984e8b0490413454ff1d0e022786/-/horizon-files-prod/ed/picture/q6x658zj/72185df251fc1c68f306bf3b6e8a54985afed99e.jpg
1698,"<h1 class=""listing-item__header"">
    TÉLÉVISEUR 55POUCES ASTECH SMART ANDROID
</h1>",Neuf,Astech,225 900 ,Plateau,https://i.roamcdn.net/hz/ed/listing-thumb-543w/a56936401225e45fdaddf1c532994838/-/horizon-files-prod/ed/picture/qngdw0mz/4acd0becb757216b8264dcc4f0b5e1a7415a9913.png
1699,"<h1 class=""listing-item__header"">
    TÉLÉVISEUR 65POUCES ASTECH SMART ANDROID TV
</h1>",Neuf,Astech,359 000 ,Plateau,https://i.roamcdn.net/hz/ed/listing-thumb-543w/f8adac8f70c5bcfb2237a40e209c8820/-/horizon-files-prod/ed/picture/qv4pz485/b9959ae55df6688c227cbb106fe6a123cce43080.jpg
1700,"<h1 class=""listing-item__header"">
    TÉLÉVISEUR 55POUCES 140CM WIWLIL SMART TV
</h1>",Neuf,Autre,219 000 ,Plateau,https://i.roamcdn.net/hz/ed/listing-thumb-543w/26c2f424f89076a54a5356c3cde93d7b/-/horizon-files-prod/ed/picture/qrzqjedm/a72b6619c84fa61709c431ef203418cbdb69e691.jpg
1701,"<h1 class=""listing-item__header"">
    TÉLÉVISEUR 65POUCES WIWLIL SMART TV
</h1>",Neuf,Autre,319 000 ,Plateau,https://i.roamcdn.net/hz/ed/listing-thumb-543w/b9ef871ea98a08fe58c4b770a8acc691/-/horizon-files-prod/ed/picture/qngdjerw/60f999803d0988414cb11235911a9742a1ac92f5.jpg
1702,"<h1 class=""listing-item__header"">
    TÉLÉVISEUR 43POUCES SMART TECHNOLOGY SMART TV
</h1>",Neuf,Autre,129 000 ,Plateau,https://i.roamcdn.net/hz/ed/listing-thumb-543w/2b9d9c3e4f04bcba67d059747f4e0f81/-/horizon-files-prod/ed/picture/q6x6v90d/db9c5917454864355cafa2d2e44eb6cdae5b973a.jpg
1703,"<h1 class=""listing-item__header"">
    TÉLÉVISEUR 75POUCES SMART TECHNOLOGY SMART TV
</h1>",Neuf,Autre,498 000 ,Plateau,https://i.roamcdn.net/hz/ed/listing-thumb-543w/f062292fd6a378ff039b32474fdabd9e/-/horizon-files-prod/ed/picture/qen5xeg5/b9fadf390f23af20abbc12f386e8f238066e1914.jpg
1704,"<h1 class=""listing-item__header"">
    TÉLÉVISEUR 55POUCES SMART TECHNOLOGY SMART TV
</h1>",Neuf,Autre,229 000 ,Plateau,https://i.roamcdn.net/hz/ed/listing-thumb-543w/3f70c622f4c97649532a97b611f61589/-/horizon-files-prod/ed/picture/qj4jxen8/902f52f78120c03a81499a614c51053f1d31b76a.jpg
1705,"<h1 class=""listing-item__header"">
    TÉLÉVISEUR 65POUCES SMART TECHNOLOGY SMART TV
</h1>",Neuf,Autre,298 000 ,Plateau,https://i.roamcdn.net/hz/ed/listing-thumb-543w/48ad5e58d57ae4792226a8674177f0f8/-/horizon-files-prod/ed/picture/qgqgdeve/ce2e12d36352abbe94724fa5d3ee2bc2ccac5440.jpg
1706,"<h1 class=""listing-item__header"">
    TÉLÉVISEUR 32POUCES SMART TECHNOLOGY SMART TV
</h1>",Neuf,Autre,78 000 ,Plateau,https://i.roamcdn.net/hz/ed/listing-thumb-543w/67016ff128da8b4138c52a34bfd44a6d/-/horizon-files-prod/ed/picture/qq4d5emv/cbe770415ea0947e6115e20930c306503ad3bc5a.jpg
1707,"<h1 class=""listing-item__header"">
    TÉLÉVISEUR 32POUCES SMART TECHNOLOGY LED TV
</h1>",Neuf,Autre,72 000 ,Plateau,https://i.roamcdn.net/hz/ed/listing-thumb-543w/2b0f3c5f085accb813e30950064c94ef/-/horizon-files-prod/ed/picture/q9m8nqpn/dafcdc771fb2dcd609bcf02bcd3e215d22b8b5e7.jpg
1708,"<h1 class=""listing-item__header"">
    TÉLÉVISEUR 75POUCES SMART TECHNOLOGY SMART TV
</h1>",Neuf,Autre,439 000 ,Plateau,https://i.roamcdn.net/hz/ed/listing-thumb-543w/085aa0dc526bda68c356688d09ea6222/-/horizon-files-prod/ed/picture/q0g29jq8/3f71e6930d9cd0fa757c7af0f57f97542a1e5e25.jpg
1709,"<h1 class=""listing-item__header"">
    TÉLÉVISEUR 32POUCES SMART TECHNOLOGY SMART TV
</h1>",Neuf,Autre,78 000 ,Plateau,https://i.roamcdn.net/hz/ed/listing-thumb-543w/2a5923150f9eaea08e2df66a0d71bc94/-/horizon-files-prod/ed/picture/qxj6kv52/bb6fc8b96a810cc2d133f561670ac2fdb43217ed.jpg
1710,"<h1 class=""listing-item__header"">
    TÉLÉVISEUR 32POUCES  SMART TECHNOLOGY LED TV
</h1>",Neuf,Autre,72 000 ,Plateau,https://i.roamcdn.net/hz/ed/listing-thumb-543w/de6676fea83315bac21d483477db4e2b/-/horizon-files-prod/ed/picture/qngdjemm/878660ad0b34a1b5ac4ce3ebd469b68e834f5147.jpg
1711,"<h1 class=""listing-item__header"">
    TÉLÉVISEUR 43POUCES SMART TECHNOLOGY SMART TV
</h1>",Neuf,Autre,129 000 ,Plateau,https://i.roamcdn.net/hz/ed/listing-thumb-543w/a2780a07635e8a0e4f8a0cea49beccbe/-/horizon-files-prod/ed/picture/qm5rjexg/8643fc9d2886a5903214a270912840a1698a7345.jpg
1712,"<h1 class=""listing-item__header"">
    TÉLÉVISEUR 55POUCES SMART TECHNOLOGY SMART TV
</h1>",Neuf,Autre,229 000 ,Plateau,https://i.roamcdn.net/hz/ed/listing-thumb-543w/6a1738a2c28a00070054a78651de6aa9/-/horizon-files-prod/ed/picture/qv4pk66j/a25d65c006f910740bbb61f16e33bcca1d633d57.jpg
1713,"<h1 class=""listing-item__header"">
    TÉLÉVISEUR 65POUCES SMART TECHNOLOGY SMART TV
</h1>",Neuf,Autre,269 000 ,Plateau,https://i.roamcdn.net/hz/ed/listing-thumb-543w/d0ae397cb952c528a46750626c6557ff/-/horizon-files-prod/ed/picture/qzv4j99q/baab9a20aa40bd4cbcf1d004e88fa464ab936afd.jpg
1714,"<h1 class=""listing-item__header"">
    TÉLÉVISEUR 65POUCES SMART TECHNOLOGY SMART TV
</h1>",Neuf,Autre,269 000 ,Plateau,https://i.roamcdn.net/hz/ed/listing-thumb-543w/1e8b213472d67f817d7f43b59a8dfe38/-/horizon-files-prod/ed/picture/qzv4j90q/dd496d373d61b2faef920964810641f3880e70fc.jpg
1715,"<h1 class=""listing-item__header"">
    TÉLÉVISEUR 43POUCES SMART TECHNOLOGY SMART TV
</h1>",Neuf,Autre,129 000 ,Plateau,https://i.roamcdn.net/hz/ed/listing-thumb-543w/801db7c2170dca759cddf1df804ced12/-/horizon-files-prod/ed/picture/qdew2pg4/05074d7d6b554bdf9c68e59aecae816bb9d7f23f.jpg
1716,"<h1 class=""listing-item__header"">
    TÉLÉVISEUR 55POUCES SMART TECHNOLOGY SMART TV
</h1>",Neuf,Autre,189 000 ,Plateau,https://i.roamcdn.net/hz/ed/listing-thumb-543w/38453362b4b816aec82de25610c4c674/-/horizon-files-prod/ed/picture/qkr5xezp/73be9996537df1c80551cf0a36def625023baf94.jpg
1717,"<h1 class=""listing-item__header"">
    TÉLÉVISEUR 43POUCES ASTECH SMART ANDROID TV
</h1>",Neuf,Astech,139 000 ,Plateau,https://i.roamcdn.net/hz/ed/listing-thumb-543w/3333f9595d66989c02ecd65dc3c38e5e/-/horizon-files-prod/ed/picture/qm5rjewg/efeeb9ccef4cbafa9afab5b29aef265099345704.jpg
1718,"<h1 class=""listing-item__header"">
    TÉLÉVISEUR 43POUCES ASTECH SMART ANDROID
</h1>",Neuf,Astech,139 000 ,Plateau,https://i.roamcdn.net/hz/ed/listing-thumb-543w/cccdc7c1a1c3ac183d8842c1e0c6d973/-/horizon-files-prod/ed/picture/q6x6v9w8/884fe62b3c966da0713e89c2bc61e433be8fd7de.jpg
1719,"<h1 class=""listing-item__header"">
    TÉLÉVISEUR 43POUCES MASER SMART TV
</h1>",Neuf,Autre,115 000 ,Plateau,https://i.roamcdn.net/hz/ed/listing-thumb-543w/15c6556cc9745d28a1542a5b9a7543ac/-/horizon-files-prod/ed/picture/q8vz9w8n/05e261f894050cbe13dc6914372f27446a323635.jpg
1720,"<h1 class=""listing-item__header"">
    TÉLÉVISEUR 55POUCES WIWLIIL SMART TV
</h1>",Neuf,Autre,219 000 ,Plateau,https://i.roamcdn.net/hz/ed/listing-thumb-543w/7f880c392c305256ae3da7d1b4b08d38/-/horizon-files-prod/ed/picture/q0g29j6k/dea48f433986b013ae5390664410ed4b7dfc6bc5.jpg
1721,"<h1 class=""listing-item__header"">
    TÉLÉVISEUR 43POUCES SMART TV
</h1>",Neuf,Autre,129 000 ,Plateau,https://i.roamcdn.net/hz/ed/listing-thumb-543w/5ced0a20ee89e503e415a4acbd0b0185/-/horizon-files-prod/ed/picture/qm5rjevr/33f2713086f4392097ffac0847ae06fd192ce439.jpg
1722,"<h1 class=""listing-item__header"">
    TÉLÉVISEUR 43POUCES SMART TECHNOLOGY SMART TV
</h1>",Neuf,Autre,129 000 ,Plateau,https://i.roamcdn.net/hz/ed/listing-thumb-543w/0ec8b68794c268142fdb34823839f4e8/-/horizon-files-prod/ed/picture/qkr5xzp2/83f77d91b064068e0eb73cd44ffd6d46e93b2f0f.jpg
1723,"<h1 class=""listing-item__header"">
    TÉLÉVISEUR 43POUCES MASER SMART TV
</h1>",Neuf,Autre,115 000 ,Plateau,https://i.roamcdn.net/hz/ed/listing-thumb-543w/728b9bf48bd95da2cd5b9118a884808b/-/horizon-files-prod/ed/picture/q0g294km/58c40262344f0750ae37a0dbcaf34fe1871e9e0b.jpg
1724,"<h1 class=""listing-item__header"">
    TÉLÉVISEUR 32POUCES SMART TECHNOLOGY SMART TV
</h1>",Neuf,Autre,79 000 ,Plateau,https://i.roamcdn.net/hz/ed/listing-thumb-543w/641955d257d1dc1bde5c041e3511c43a/-/horizon-files-prod/ed/picture/q9m8n2ew/98916470c91edbbfc696d991852571e9b8d9b43a.jpg
1725,"<h1 class=""listing-item__header"">
    TÉLÉVISEUR 55POUCES WIWLIL SMART TV
</h1>",Neuf,Autre,219 000 ,Plateau,https://i.roamcdn.net/hz/ed/listing-thumb-543w/943ff742bb728473f45a8b9413c6d6a8/-/horizon-files-prod/ed/picture/qrzqjk9x/1ec58f742f2956cf63c06272e79b1c8463a4d83f.jpg
1726,"<h1 class=""listing-item__header"">
    TÉLÉVISEUR 43POUCES SMART ANDROID SMART TECHNOLOGY
</h1>",Neuf,Autre,129 000 ,Plateau,https://i.roamcdn.net/hz/ed/listing-thumb-543w/da9e9ec1a4c24dde6c9a0fb254ba8232/-/horizon-files-prod/ed/picture/qkr5xdew/0f3ab900e1054038e5631bd8c38c2a54b6e66eb0.jpg
1727,"<h1 class=""listing-item__header"">
    TÉLÉVISEUR 75 POUCES SMART TECHNOLOGY SMART TV
</h1>",Neuf,Autre,479 000 ,Plateau,https://i.roamcdn.net/hz/ed/listing-thumb-543w/6891fad1785087e14a6262cea1d4a090/-/horizon-files-prod/ed/picture/q564z2q2/b6636f5697a303f464f0582c88efa5126d7e0b0f.jpg
1728,"<h1 class=""listing-item__header"">
    TÉLÉVISEUR 75 POUCES STAR TRACK SMART ANDROID TV
</h1>",Neuf,Star,549 000 ,Plateau,https://i.roamcdn.net/hz/ed/listing-thumb-543w/59ef3462baf87bf8b510417fd2588d67/-/horizon-files-prod/ed/picture/qdew2zjr/16ae48191ebffd4d1b6d1e514ab7a1f680c63615.jpg
1729,"<h1 class=""listing-item__header"">
    TÉLÉVISEUR LG OLED 55POUCES BXPVA
</h1>",Neuf,LG,779 000 ,Plateau,https://i.roamcdn.net/hz/ed/listing-thumb-543w/396acde80b10a2d4512d688709a5528e/-/horizon-files-prod/ed/picture/qv4pg5p8/86ad839f861871289620578887d0b412a56f0076.jpg
1730,"<h1 class=""listing-item__header"">
    TÉLÉVISEUR HISENSE 43POUCES SMART TV
</h1>",Neuf,Hisense,165 000 ,Plateau,https://i.roamcdn.net/hz/ed/listing-thumb-543w/c9525d237a2d06387e7391164c82008a/-/horizon-files-prod/ed/picture/qq4d98dv/7087887622cf5f07a457278384c046f65fca5cf3.jpg
1731,"<h1 class=""listing-item__header"">
    TÉLÉVISEUR SAMSUNG 85 8K QA85QN800ATXZT
</h1>",Neuf,Samsung,2 500 000 ,Plateau,https://i.roamcdn.net/hz/ed/listing-thumb-543w/870e3d78dd0aa77a38202ef180715796/-/horizon-files-prod/ed/picture/qrzqnren/88c69633ba5caeaa54ae985d0d7ead83ed3bb33c.jpg
1732,"<h1 class=""listing-item__header"">
    TÉLÉVISEUR SAMSUNG 65POUCES SMART GU/TU6979U
</h1>",Neuf,Samsung,549 000 ,Plateau,https://i.roamcdn.net/hz/ed/listing-thumb-543w/83c18fd509fd5a4acd20aa641e3e9a8b/-/horizon-files-prod/ed/picture/qv4pd862/c30c796fc32739fcf1abf96c0061000c1a647485.jpg
1733,"<h1 class=""listing-item__header"">
    Téléviseur SAMSUNG 65POUCES AU/RU7170
</h1>",Neuf,Samsung,549 000 ,Plateau,https://i.roamcdn.net/hz/ed/listing-thumb-543w/a82aecd7282ffb6041d7c0a1585ac3ba/-/horizon-files-prod/ed/picture/qwezr4xz/93949865174454b7d6d6ed4156cf60a60eb32ce2.jpg
1734,"<h1 class=""listing-item__header"">
    TÉLÉVISEUR SAMSUNG 65POUCES CRYSTAL UHD 4K AU7700KXX
</h1>",Neuf,Samsung,549 000 ,Plateau,https://i.roamcdn.net/hz/ed/listing-thumb-543w/6ba53303c2728ec12612e6cb48c62240/-/horizon-files-prod/ed/picture/qxj68rev/ccdc70d66edbbbb393f4ebbe949e1e4e5bcc70cf.jpg
1735,"<h1 class=""listing-item__header"">
    TÉLÉVISEUR SAMSUNG 65POUCES SMART 4K UHD
</h1>",Neuf,Samsung,549 000 ,Plateau,https://i.roamcdn.net/hz/ed/listing-thumb-543w/ecd6c2dbefd66321e0c71cb14c48834f/-/horizon-files-prod/ed/picture/q9m8k7dw/22582b377efb215897baa825d06af406940cc28a.jpg
1736,"<h1 class=""listing-item__header"">
    TÉLÉVISEUR HISENSE 43POUCES SMART
</h1>",Neuf,Hisense,165 000 ,Plateau,https://i.roamcdn.net/hz/ed/listing-thumb-543w/b0ec37ed70cac00a6746761b4439244a/-/horizon-files-prod/ed/picture/q8vzm6gr/919dbe33d047fd02c1c1ca212089fd23726773c7.jpg
1737,"<h1 class=""listing-item__header"">
    TÉLÉVISEUR LG 55POUCES SMART UHD 4K
</h1>",Neuf,LG,344 000 ,Plateau,https://i.roamcdn.net/hz/ed/listing-thumb-543w/d0cee67d1df4ce5f80e3b8b8f36b2d6a/-/horizon-files-prod/ed/picture/qq4dzg8j/591fc41d25fd6f9001c2ceb49080492cc8159dcc.jpg
1738,"<h1 class=""listing-item__header"">
    Box Tv - Xiaomi box S
</h1>",Neuf,Xiaomi,45 000 ,Grand-Dakar,https://i.roamcdn.net/hz/ed/listing-thumb-543w/815901b36ba243c700a6593a2c62b37a/-/horizon-files-prod/ed/picture/qderq5pj/32266d85a99262ef99610033794592e579f78e3b.jpg
1739,"<h1 class=""listing-item__header"">
    TÉLÉVISEUR LG 55POUCES UP75006LF
</h1>",Neuf,LG,339 000 ,Plateau,https://i.roamcdn.net/hz/ed/listing-thumb-543w/79c55a21341f4e411fde6d6812d82fd6/-/horizon-files-prod/ed/picture/qrzzdggx/2a1f402d8b1276a0ff1baadb672a50db7f85eee9.jpg
1740,"<h1 class=""listing-item__header"">
    TÉLÉVISEUR LG 86POUCES SMART 4K UHD
</h1>",Neuf,LG,1 350 000 ,Plateau,https://i.roamcdn.net/hz/ed/listing-thumb-543w/f394132c49761b7b207b0f874220fee2/-/horizon-files-prod/ed/picture/q787j898/563db48ecc6ddebb4eec24a93f623b38124dd01b.jpg
1741,"<h1 class=""listing-item__header"">
    TÉLÉVISEUR LG 86POUCES 4K UHD 217CM
</h1>",Neuf,LG,1 350 000 ,Plateau,https://i.roamcdn.net/hz/ed/listing-thumb-543w/1aa3ae3b5b4494366c1afe3f7fc61229/-/horizon-files-prod/ed/picture/qzv48vxg/b24a275ddaaa99eada71abab8583b95386fe7a6f.jpg
1742,"<h1 class=""listing-item__header"">
    TÉLÉVISEUR SAMSUNG 8K 75 POUCES QA75QN800
</h1>",Neuf,Samsung,2 300 000 ,Plateau,https://i.roamcdn.net/hz/ed/listing-thumb-543w/75ee08c115f53eccc2c508f9a3674da0/-/horizon-files-prod/ed/picture/qrzq8x05/03e9e9c8ef4d65b412fb951d98166f59825cca15.jpg
1743,"<h1 class=""listing-item__header"">
    TÉLÉVISEUR AIWA 55POUCES SMART TV
</h1>",Neuf,Autre,269 000 ,Plateau,https://i.roamcdn.net/hz/ed/listing-thumb-543w/82c348c95985f46ddf21ecafbd626558/-/horizon-files-prod/ed/picture/qngdp7wz/89be909b83957817a54c8266015029bf725362ad.jpg
1744,"<h1 class=""listing-item__header"">
    TÉLÉVISEUR EVVOLI 32 SMART TV
</h1>",Neuf,Autre,110 000 ,Plateau,https://i.roamcdn.net/hz/ed/listing-thumb-543w/b6a4b5e04d26861ef416213b6d5fba09/-/horizon-files-prod/ed/picture/qj4jqpxv/a9a82e10710b3c120147f7fa8d56ca1807427574.jpg
1745,"<h1 class=""listing-item__header"">
    MINI CHAINE SYINIX SYN- L501 SB EXPLOSION DES BASSES
</h1>",Neuf,Autre,69 000 ,Plateau,https://i.roamcdn.net/hz/ed/listing-thumb-543w/9541fa5ce03824d003bc437dba6cb9e6/-/horizon-files-prod/ed/picture/q0g2w78x/02e9ad1a0e449382c64e2b96dea23db8629d450d.jpg
1746,"<h1 class=""listing-item__header"">
    MINI CHAINE LG OM 4560 220WATTS
</h1>",Neuf,LG,119 000 ,Plateau,https://i.roamcdn.net/hz/ed/listing-thumb-543w/60275f9158999323233e538af33e6483/-/horizon-files-prod/ed/picture/q564xdrr/59c14ba781ee749eb5b37fa16d09153ba5376e39.jpg
1747,"<h1 class=""listing-item__header"">
    MINI CHAINE LG LK72B EXPLOSION DES BASSES
</h1>",Neuf,LG,89 000 ,Plateau,https://i.roamcdn.net/hz/ed/listing-thumb-543w/1bec9f4c4c05d2bf7ea49a1d557eee2f/-/horizon-files-prod/ed/picture/qm5rpgvm/4ec5b150a2ab63877c6daff3790d5a487e512a66.jpg
1748,"<h1 class=""listing-item__header"">
    MINI CHAINE LG XBOOM CL65 950 WATTS
</h1>",Neuf,LG,189 000 ,Plateau,https://i.roamcdn.net/hz/ed/listing-thumb-543w/a0de2252c1f98f2617762e2dc4289fed/-/horizon-files-prod/ed/picture/qngdxp7v/59cb5378d715ef466ab3f1905d537bc5adbb8b2a.jpg
1749,"<h1 class=""listing-item__header"">
    MINI CHAINE LG CJ 44 MULTI JUKE-BOX
</h1>",Neuf,LG,159 000 ,Plateau,https://i.roamcdn.net/hz/ed/listing-thumb-543w/ba65305905f5679db34ace2ec7f1180d/-/horizon-files-prod/ed/picture/q7875wpm/1ddb21234ad150279f75bf1b5af69fd6a693853f.jpg
1750,"<h1 class=""listing-item__header"">
    Téléviseur Samsung 55Pouces QLED 55Q
</h1>",Neuf,Samsung,449 000 ,Plateau,https://i.roamcdn.net/hz/ed/listing-thumb-543w/7556bb46be506f651a73b0ce5b0697e5/-/horizon-files-prod/ed/picture/qzv44wkn/1a4220c698f0432a90397c644b7b8c57c47309ef.jpg
1751,"<h1 class=""listing-item__header"">
    Téléviseur Samsung 50 Pouces Au/Tu7000
</h1>",Neuf,Samsung,329 000 ,Plateau,https://i.roamcdn.net/hz/ed/listing-thumb-543w/9f4d3cd6f45ba9b94682f31255217311/-/horizon-files-prod/ed/picture/qen55zm4/8f50c3bcfb0ca97d82c3bdbff920269e8a176f6c.jpg
1752,"<h1 class=""listing-item__header"">
    MINI CHAINE LG LK72B
</h1>",Neuf,LG,98 000 ,Plateau,https://i.roamcdn.net/hz/ed/listing-thumb-543w/4b1f8e34143939516c5aae4d2c0ff744/-/horizon-files-prod/ed/picture/qv4ppzzk/aef101071776afd62854b71ccfe3e30bb1a3705b.jpg
1753,"<h1 class=""listing-item__header"">
    TÉLÉVISEUR LG 86 POUCES NANO CELL 4K
</h1>",Neuf,LG,1 419 000 ,Plateau,https://i.roamcdn.net/hz/ed/listing-thumb-543w/593e64935a77a25e9699e790cfd8cbf4/-/horizon-files-prod/ed/picture/qpdwd75r/9dae7f1cfbb956c8f82bfe8bfd9e9b238ca830c0.jpg
1754,"<h1 class=""listing-item__header"">
    TÉLÉVISEUR LG 86POUCES UN85006LA UHD
</h1>",Neuf,LG,1 300 000 ,Plateau,https://i.roamcdn.net/hz/ed/listing-thumb-543w/7cb21d1e11adc52d6e267a4d94382a61/-/horizon-files-prod/ed/picture/qpdwd7qw/0917a1d33cb2acecd3fbc36428f96de19a46b9b1.jpg
1755,"<h1 class=""listing-item__header"">
    TÉLÉVISEUR LG 86POUCES UHD UQ8000AUB
</h1>",Neuf,LG,1 289 000 ,Plateau,https://i.roamcdn.net/hz/ed/listing-thumb-543w/197a885f5817d8d65be616cdadf1da57/-/horizon-files-prod/ed/picture/qrzqz009/b1b6f82262d80a865ec03fb0199da67e127d81f5.jpg
1756,"<h1 class=""listing-item__header"">
    TÉLÉVISEUR 55POUCES TORL SMART 4K
</h1>",Neuf,Autre,229 000 ,Plateau,https://i.roamcdn.net/hz/ed/listing-thumb-543w/41f4a075f768fecc535143b3dac56736/-/horizon-files-prod/ed/picture/qngdgg0m/e441cb96586ce57c45bde156add5c3f708a73768.jpg
1757,"<h1 class=""listing-item__header"">
    TÉLÉVISEUR 65POUCES TORL SMART UHD
</h1>",Neuf,Autre,298 000 ,Plateau,https://i.roamcdn.net/hz/ed/listing-thumb-543w/628463369a13296b602fde60d84cd36f/-/horizon-files-prod/ed/picture/qv4p449j/2ad4fa5cb7287e974ac7bd0e4669a1b3e31cdd50.jpg
1758,"<h1 class=""listing-item__header"">
    TÉLÉVISEUR 50POUCES TORL SMART TV
</h1>",Neuf,Autre,189 000 ,Plateau,https://i.roamcdn.net/hz/ed/listing-thumb-543w/44fb70595e3cd2f934668a70ea2b442e/-/horizon-files-prod/ed/picture/qj4jmezw/4a135c514b3d8f67ff4a8f59bf3da7bfbc70faab.jpg
1759,"<h1 class=""listing-item__header"">
    TÉLÉVISEUR 65POUCES SMART TECHNOLOGY SMART UHD TV
</h1>",Neuf,Autre,299 000 ,Plateau,https://i.roamcdn.net/hz/ed/listing-thumb-543w/84a121e93258478782aa595f327c71b3/-/horizon-files-prod/ed/picture/q0g2pjdm/1ca53817b86a60f590b1ce71ba9a2a78d72e7c55.jpg
1760,"<h1 class=""listing-item__header"">
    TÉLÉVISEUR 55POUCES SMART TECHNOLOGY
</h1>",Neuf,Autre,194 000 ,Plateau,https://i.roamcdn.net/hz/ed/listing-thumb-543w/82440539136d58082d234fb9576e34b9/-/horizon-files-prod/ed/picture/q6x6795p/7a1819a39ca9162718533e516b4ffff9debc01a7.jpg
1761,"<h1 class=""listing-item__header"">
    TÉLÉVISEUR 55 CAC SMART UHD
</h1>",Neuf,Autre,244 000 ,Plateau,https://i.roamcdn.net/hz/ed/listing-thumb-543w/4a4b9a82c00700d0a2e66310f3fb7d08/-/horizon-files-prod/ed/picture/qpdwpemp/6c1d86c19a4b7a6d4895a5431096108b497775e2.jpg
1762,"<h1 class=""listing-item__header"">
    TÉLÉVISEUR SAMSUNG 32 SMART UA
</h1>",Neuf,Samsung,143 000 ,Plateau,https://i.roamcdn.net/hz/ed/listing-thumb-543w/11007bde5de832f61ba75da129151664/-/horizon-files-prod/ed/picture/q6x67zdj/62c356c1d3c658ab411a7b3bd1833eedf969a5a0.jpg
1763,"<h1 class=""listing-item__header"">
    TÉLÉVISEUR SOLSTAR 32 SMART
</h1>",Neuf,Autre,94 000 ,Plateau,https://i.roamcdn.net/hz/ed/listing-thumb-543w/7f9186ac94df50f7141b6c05c5ff18fd/-/horizon-files-prod/ed/picture/qj4jmzk8/469e1970bd7f19950a96e77b1e968ee6deadc7b9.jpg
1764,"<h1 class=""listing-item__header"">
    TÉLÉVISEUR 55POUCES STAR TRACK SMART TV
</h1>",Neuf,Star,194 000 ,Plateau,https://i.roamcdn.net/hz/ed/listing-thumb-543w/321be13f0c584297590c013e594022b5/-/horizon-files-prod/ed/picture/qwezmw7d/8b199d9c91003c96d289df92ff81029b2b415529.jpg
1765,"<h1 class=""listing-item__header"">
    TÉLÉVISEUR 32 POUCES READY LED
</h1>",Neuf,Autre,63 000 ,Plateau,https://i.roamcdn.net/hz/ed/listing-thumb-543w/02a775b5328b64eb3cc4a1be3d50016d/-/horizon-files-prod/ed/picture/q5667m7x/caf18f8ab8f2b3b3ca83a59067942a13ef01d687.jpg
1766,"<h1 class=""listing-item__header"">
    TÉLÉVISEUR JY 24 LED 2400D NOUVEAU MODÈLE
</h1>",Neuf,Autre,69 000 ,Plateau,https://i.roamcdn.net/hz/ed/listing-thumb-543w/cde415795e54d4fb1ef2ceaeb73fdeb3/-/horizon-files-prod/ed/picture/qnggr46r/529270639be125ffe23808f04dcbd19429f4271c.jpg
1767,"<h1 class=""listing-item__header"">
    TÉLÉVISEUR 75 POUCES SMART TECHNOLOGY  SMART 4K
</h1>",Neuf,Autre,449 000 ,Plateau,https://i.roamcdn.net/hz/ed/listing-thumb-543w/db260411bd2a12795fcbb90a49585fd5/-/horizon-files-prod/ed/picture/qq44p8vz/551dcd1fce1ff9eaa33ab76d0ea2472b38a0be87.jpg
1768,"<h1 class=""listing-item__header"">
    HOME CINÉMA LG PUISSANCE 330WATT
</h1>",Neuf,LG,169 000 ,Plateau,https://i.roamcdn.net/hz/ed/listing-thumb-543w/df33759d4aba2dd46ce363ca1efba8a3/-/horizon-files-prod/ed/picture/q0ggmwm6/74597b2b9cb5d43ec0aedf871866998fe70f4e51.jpg
1769,"<h1 class=""listing-item__header"">
    TÉLÉVISEUR LG 65 POUCES SMART 4K
</h1>",Neuf,LG,549 000 ,Plateau,https://i.roamcdn.net/hz/ed/listing-thumb-543w/60d884bb73a9f3410fba7f34b42878f9/-/horizon-files-prod/ed/picture/q2jjpqp8/43b68b7ee1d575d86d502bdd65edc781ee330c75.jpg
1770,"<h1 class=""listing-item__header"">
    TÉLÉVISEUR 85 POUCES SAMSUNG CRYSTAL 4K
</h1>",Neuf,Samsung,1 300 000 ,Plateau,https://i.roamcdn.net/hz/ed/listing-thumb-543w/c1a5124f8f7751486cd33df27ad901ff/-/horizon-files-prod/ed/picture/qq44p7mj/f419a731f8a1b2cb08d6028f9e68e2e9475dc37c.jpg
1771,"<h1 class=""listing-item__header"">
    TÉLÉVISEUR SMART TECHNOLOGY 32 LED TV
</h1>",Neuf,Autre,69 000 ,Plateau,https://i.roamcdn.net/hz/ed/listing-thumb-543w/a89bac7b44e04db58dd5c351885ab52f/-/horizon-files-prod/ed/picture/qnggrx49/1bb533f847304136266ee8faa99b502be834ec87.jpg
1772,"<h1 class=""listing-item__header"">
    TÉLÉVISEUR 75 POUCES SAMSUNG SMART CRYSTAL 4K
</h1>",Neuf,Samsung,789 000 ,Plateau,https://i.roamcdn.net/hz/ed/listing-thumb-543w/33b50bce29225fe41ea37957f54a4799/-/horizon-files-prod/ed/picture/q6xx0kg7/381a753a055811fd101e2896a2c8b39dc7d65973.jpg
1773,"<h1 class=""listing-item__header"">
    TÉLÉVISEUR 43POUCES SMART TECHNOLOGY SMART TV
</h1>",Neuf,Autre,139 000 ,Plateau,https://i.roamcdn.net/hz/ed/listing-thumb-543w/1da5fb81f489597775011bb2ed596ae2/-/horizon-files-prod/ed/picture/q5667xee/6b62c287f2e66539ccd9c718258147852cead45f.jpg
1774,"<h1 class=""listing-item__header"">
    TÉLÉVISEUR SAMSUNG 74 POUCES SMART 4K
</h1>",Neuf,Samsung,789 000 ,Plateau,https://i.roamcdn.net/hz/ed/listing-thumb-543w/8d675a1f3209f4de299c70c439e56b5a/-/horizon-files-prod/ed/picture/qnggrxm9/652aa50e08e9a7d8365b1fad4ccef45d46722952.jpg
1775,"<h1 class=""listing-item__header"">
    TÉLÉVISEUR 75 POUCES SMART TECHNOLOGY SMART TV
</h1>",Neuf,Autre,439 000 ,Plateau,https://i.roamcdn.net/hz/ed/listing-thumb-543w/0733499c0aaf287016bfa645f7d07ad2/-/horizon-files-prod/ed/picture/qenngq46/d451474aa0c5364443ee0ab3b4274aecdffaae70.jpg
1776,"<h1 class=""listing-item__header"">
    TÉLÉVISEUR 65 POUCES SMART TECHNOLOGY
</h1>",Neuf,Autre,349 000 ,Plateau,https://i.roamcdn.net/hz/ed/listing-thumb-543w/fa99f9682c0d2e707d42575f515e00b6/-/horizon-files-prod/ed/picture/q444e8kp/3da8748f90e83d937fe8415214a6becaeada018c.jpg
1777,"<h1 class=""listing-item__header"">
    TÉLÉVISEUR 55POUCES SMART TECHNOLOGY SMART TV
</h1>",Neuf,Autre,189 000 ,Plateau,https://i.roamcdn.net/hz/ed/listing-thumb-543w/928021e900f3d36e1c6403050a608838/-/horizon-files-prod/ed/picture/qzvvgd9g/3d7e9073b6b91c93f4daafe1c881fe124498bcfd.jpg
1778,"<h1 class=""listing-item__header"">
    TÉLÉVISEUR LG 43 POUCES SMART TV
</h1>",Neuf,LG,229 000 ,Plateau,https://i.roamcdn.net/hz/ed/listing-thumb-543w/5efaa7e04aaeeb55d51dc52e327f3ae9/-/horizon-files-prod/ed/picture/q6xx0k97/67a135ebd0ac44e90af127ad5be4536b07d5265e.jpg
1779,"<h1 class=""listing-item__header"">
    Téléviseur 65pouces TORL smart Android 4k
</h1>",Neuf,Autre,298 000 ,Plateau,https://i.roamcdn.net/hz/ed/listing-thumb-543w/77e3ee29ce8834149c6dff28bed845e3/-/horizon-files-prod/ed/picture/q8vvjxqx/2d41392f2aee5eeabd15e5a4edc1c5282b665639.jpg
1780,"<h1 class=""listing-item__header"">
    LG TELEVISION SMART TV 50 POUCES 4K 50UN7240PVG/50UP77
</h1>",Neuf,Star,350 000 ,Médina,https://i.roamcdn.net/hz/ed/listing-thumb-543w/35514662592c2814cefd8b29805c236f/-/horizon-files-prod/ed/picture/qn40jex/fea921b00c9dbcd6f7487cf7e6e16aa300c0bac1.png
1781,"<h1 class=""listing-item__header"">
    TÉLÉVISEUR CONTINENTAL 32 SMART TV
</h1>",Neuf,Continental,89 000 ,Plateau,https://i.roamcdn.net/hz/ed/listing-thumb-543w/1fc86890490afaf40ddea97714aadc08/-/horizon-files-prod/ed/picture/q0gg6nqj/020de0aed292f3f78af9051bf82d3cc2f45a990d.jpg
1782,"<h1 class=""listing-item__header"">
    Téléviseur RISING Pouces Led
</h1>",Neuf,Autre,69 000 ,Plateau,https://i.roamcdn.net/hz/ed/listing-thumb-543w/3ac8575623ee3279ac2acf7509e6ac92/-/horizon-files-prod/ed/picture/qpdd98q2/296d43aceab950bfc918032a7f3a945018625778.jpg
1783,"<h1 class=""listing-item__header"">
    Téléviseur Continental 32 Led
</h1>",Neuf,Continental,69 000 ,Plateau,https://i.roamcdn.net/hz/ed/listing-thumb-543w/87d2568e6114a7732adaba368b3244a7/-/horizon-files-prod/ed/picture/qenn8wev/a69d60fa6d3ff0c26ec6bf4eb5575cb9911b1556.jpg
1784,"<h1 class=""listing-item__header"">
    Téléviseur Continental 32 Smart TV
</h1>",Neuf,Continental,89 000 ,Plateau,https://i.roamcdn.net/hz/ed/listing-thumb-543w/039c8bb00f1e3c84083a3f29eef7cce0/-/horizon-files-prod/ed/picture/qdeeqn8w/5978e6ee84c37192f2e35fb7fa73d9dec37c5019.jpg
1785,"<h1 class=""listing-item__header"">
    Téléviseur Ready 32 Pouces Led Tv
</h1>",Neuf,Autre,63 000 ,Plateau,https://i.roamcdn.net/hz/ed/listing-thumb-543w/6f438d84408c0b64f6c5663b142a719b/-/horizon-files-prod/ed/picture/q9mmzggn/1c546fce34cecc43c533f814cb5b5c5244587322.jpg
1786,"<h1 class=""listing-item__header"">
    Téléviseur 65 pouces Continental smart Android Tv
</h1>",Neuf,Continental,349 000 ,Plateau,https://i.roamcdn.net/hz/ed/listing-thumb-543w/0279904a672587f9fd6086aad0495048/-/horizon-files-prod/ed/picture/q2jj55qg/fdc7165a52f19e462bfb7d58442d128588a354c8.jpg
1787,"<h1 class=""listing-item__header"">
    Téléviseur 65 pouces Continental smart Android Tv
</h1>",Neuf,Continental,349 000 ,Plateau,https://i.roamcdn.net/hz/ed/listing-thumb-543w/cae44de717396e72639a442996234235/-/horizon-files-prod/ed/picture/q566q7m7/8e61cf2a5f3c704e829f50c7efc3a0cd146a512a.jpg
1788,"<h1 class=""listing-item__header"">
    Téléviseur 43 ROCH Smart Android
</h1>",Neuf,Roch,139 000 ,Plateau,https://i.roamcdn.net/hz/ed/listing-thumb-543w/57b2edd29ae6343f214d09010b192459/-/horizon-files-prod/ed/picture/qennzg6d/b5f1e057ed60a7266f055deef6c866dd81c6c58a.jpg
1789,"<h1 class=""listing-item__header"">
    Téléviseur Continental 32 Smart TV
</h1>",Neuf,Continental,89 000 ,Plateau,https://i.roamcdn.net/hz/ed/listing-thumb-543w/b57350d20fa650b7277afd66a9862a98/-/horizon-files-prod/ed/picture/q0ggvmek/ab48035803cf1fbe50d64ff1670fa2cfe5a58a21.jpg
1790,"<h1 class=""listing-item__header"">
    Téléviseur Continental 32 Led HD
</h1>",Neuf,Continental,69 000 ,Plateau,https://i.roamcdn.net/hz/ed/listing-thumb-543w/301540afe34e0d6e1121a3c336d9dbfd/-/horizon-files-prod/ed/picture/q566q707/bfd4d1d139ba2a994efcad48096cbb75b5a2d590.jpg
1791,"<h1 class=""listing-item__header"">
    Téléviseur LG 43 pouces smart TV 6370 PVA
</h1>",Neuf,LG,239 000 ,Plateau,https://i.roamcdn.net/hz/ed/listing-thumb-543w/dfcc07bc9b488829baf075c528685057/-/horizon-files-prod/ed/picture/q8vvrq2j/4d744ca3bbec24a548b2526a9e5d6dc76f43e786.jpg
1792,"<h1 class=""listing-item__header"">
    TÉLÉVISEUR 32 POUCES SMART EVVOLI ANDROID TV
</h1>",Neuf,Autre,119 000 ,Plateau,https://i.roamcdn.net/hz/ed/listing-thumb-543w/ad1c93fec678f9e9fd0f2899867e6b71/-/horizon-files-prod/ed/picture/qng52mkz/0257cb50a0ba2de11b03f645f545f7f6636c3bd8.jpg
1793,"<h1 class=""listing-item__header"">
    TÉLÉVISEUR ELACTRON 50 SMART TV TS -5061S ANDROID
</h1>",Neuf,Autre,214 000 ,Plateau,https://i.roamcdn.net/hz/ed/listing-thumb-543w/6e340aa63dceb8d853bf0a4ace38cfc4/-/horizon-files-prod/ed/picture/qnggwe2x/cad0eac2859ec38765a3631d49f9650f59c88172.jpg
1794,"<h1 class=""listing-item__header"">
    TÉLÉVISEUR LG 32 POUCES TV LED HD
</h1>",Neuf,LG,105 000 ,Plateau,https://i.roamcdn.net/hz/ed/listing-thumb-543w/ebf7d27b31448298d8a97209d7884477/-/horizon-files-prod/ed/picture/qq446k7e/b0366a399e15b4ee8734b5c05256f78d3bdf75fb.jpg
1795,"<h1 class=""listing-item__header"">
    TÉLÉVISEUR 32POUCES LED ETEX GOLD
</h1>",Neuf,Autre,69 000 ,Plateau,https://i.roamcdn.net/hz/ed/listing-thumb-543w/1d9dae345e4f3b54183763540f999ba4/-/horizon-files-prod/ed/picture/qnggjr5k/8c97b7fcc9de2169ea9700ba1316e9849361f2fa.jpg
1796,"<h1 class=""listing-item__header"">
    TÉLÉVISEUR 32 POUCES READY LED TV
</h1>",Neuf,Autre,69 000 ,Plateau,https://i.roamcdn.net/hz/ed/listing-thumb-543w/3e772f936658a64d77dc3ac7aad0b502/-/horizon-files-prod/ed/picture/qq445mm7/0c9a3b3db67be1d8ab41dfa607fba74a7df026ba.jpg
1797,"<h1 class=""listing-item__header"">
    BAR DE SON LG 300W A+++
</h1>",Neuf,LG,129 000 ,Plateau,https://i.roamcdn.net/hz/ed/listing-thumb-543w/241d5b58b76cd6503a9ec9ccf1d2a204/-/horizon-files-prod/ed/picture/q6xxvkv7/eee154c2b4f916c3e9cdbcb76d8d91cd70ba09f7.jpg
1798,"<h1 class=""listing-item__header"">
    TÉLÉVISEUR SAMSUNG  SMART 4K UHD
</h1>",Neuf,Samsung,319 000 ,Plateau,https://i.roamcdn.net/hz/ed/listing-thumb-543w/2fb11131fe4d93b1467f3445ed1ac5dd/-/horizon-files-prod/ed/picture/qennxnw2/a20a6ed298fbfc61f7cb12c0aad8d8976fd06af5.jpg
1799,"<h1 class=""listing-item__header"">
    Support mural tv mobile
</h1>",Neuf,All Star,20 000 ,Liberte 6 extension,https://i.roamcdn.net/hz/ed/listing-thumb-543w/4974149a20f7d94bc2ff39478c8f978b/-/horizon-files-prod/ed/picture/q04znkd/b907e995050a33daf308a0b7084dab5296669a78.jpg
1800,"<h1 class=""listing-item__header"">
    TELEVISEUR - HISENSE 55"" - SMART TV - UHD -4K ANDROID
</h1>",Neuf,Hisense,349 900 ,Ouakam,https://i.roamcdn.net/hz/ed/listing-thumb-543w/b6b6e625e9c6f3dad6b7cbbc3af68203/-/horizon-files-prod/ed/picture/q788589g/4295b2c0238a02aab25b2d4402d77be817192576.jpg
1801,"<h1 class=""listing-item__header"">
    TELEVISEUR - HISENSE - 50""- SMART ANDROID - NOIR
</h1>",Neuf,Hisense,299 000 ,Ouakam,https://i.roamcdn.net/hz/ed/listing-thumb-543w/8b73cd717d7cf70f4cbd78a3fcf21abc/-/horizon-files-prod/ed/picture/q566x6vp/3a71cd1be890fdcdce89a7748689f85819567d69.jpg
1802,"<h1 class=""listing-item__header"">
    TELEVISEUR- ASTECH – 50 POUCES - SMART - TV
</h1>",Neuf,Astech,269 000 ,Ouakam,https://i.roamcdn.net/hz/ed/listing-thumb-543w/3c5ad1fd266a733a4d701883e3ffa85c/-/horizon-files-prod/ed/picture/qrzzq9en/9d4d1a4d170ced671c65512bcab76150444031f6.jpg
1803,"<h1 class=""listing-item__header"">
    TELEVISION INCASSABLE SMART 55 POUCE 4K
</h1>",Neuf,Autre,230 000 ,Point-e,https://i.roamcdn.net/hz/ed/listing-thumb-543w/bb89019a8060648ee004b28edeed1388/-/horizon-files-prod/ed/picture/q7887rgm/d09c156c8975c0ef1288aa9682b6b97375bbf604.jpg
1804,"<h1 class=""listing-item__header"">
    TELEVISEUR - DESKA - 55 SMART TV - 55CR81- 140 CM
</h1>",Neuf,Autre,269 000 ,Ouakam,https://i.roamcdn.net/hz/ed/listing-thumb-543w/ff893734d20b36c868400e1c1ab2d29e/-/horizon-files-prod/ed/picture/qkrrr2ex/2800b2865fe1f2ff4ac80ca0ef97359d741342cf.jpg
1805,"<h1 class=""listing-item__header"">
    TELEVISEUR - DESKA - 50 SMART TV -  50CR81- 127 CM
</h1>",Neuf,Autre,239 900 ,Ouakam,https://i.roamcdn.net/hz/ed/listing-thumb-543w/bd3e128ba0aca0f7f64249459ecf320c/-/horizon-files-prod/ed/picture/q8vvvnwz/ec697213ff24bf7c78eb1626c25165d605653714.jpg
1806,"<h1 class=""listing-item__header"">
    TELEVISEUR - DESKA - 43″ - 43CR8I-C - SMART TV – 109 CM
</h1>",Neuf,Autre,169 900 ,Ouakam,https://i.roamcdn.net/hz/ed/listing-thumb-543w/dfa39dc2cca984a82fb5827fd34f7585/-/horizon-files-prod/ed/picture/q44447g8/d7b3bb0b5d7b9e76c0ff55c5518294b24041c513.jpg
1807,"<h1 class=""listing-item__header"">
    TELEVISEUR - DESKA - 32 SMART TV -  32CR81 – 82 CM
</h1>",Neuf,Autre,109 000 ,Ouakam,https://i.roamcdn.net/hz/ed/listing-thumb-543w/09f06db67569d92780103eff1a020270/-/horizon-files-prod/ed/picture/qennn28z/b59eab12219d712fab2a683eb90dd86714bf9fcb.jpg
1808,"<h1 class=""listing-item__header"">
    TELEVISEUR - ASTECH – 75’’- ANDROID - SMART- 4K – QLED
</h1>",Neuf,Astech,739 000 ,Ouakam,https://i.roamcdn.net/hz/ed/listing-thumb-543w/11c8209bd3f2bbff72741b27c5c0b899/-/horizon-files-prod/ed/picture/q6xx79jg/4cc41eb36e321ba657223c1d7d8330766d606b81.jpg
1809,"<h1 class=""listing-item__header"">
    TELEVISEUR ASTECH – 65’'– QLED – 4K - SMART -ANDROID TV
</h1>",Neuf,Astech,549 000 ,Ouakam,https://i.roamcdn.net/hz/ed/listing-thumb-543w/819980c23c9b9792998c1d235fbab537/-/horizon-files-prod/ed/picture/qennde84/6fd70528d5cc90f3cdcb3e4647d8e959c2e96c6d.jpg
1810,"<h1 class=""listing-item__header"">
    Android 11.0 tv box
</h1>",Neuf,Toshiba,40 000 ,Grand-Yoff,https://i.roamcdn.net/hz/ed/listing-thumb-543w/f877cc68e47569ef04432a063f51d4d9/-/horizon-files-prod/ed/picture/q55kd86/021e058d3cb44a461ef156d5b970b42a3061a564.jpg
1811,"<h1 class=""listing-item__header"">
    Clé Box 4K Chromecast
</h1>",Neuf,Autre,50 000 ,Grand-Yoff,https://i.roamcdn.net/hz/ed/listing-thumb-543w/f23915edc683f0b1d9c1b2a26d6c90ac/-/horizon-files-prod/ed/picture/q9qv966/652718e7790f660dd93afe90dbac45e89d2f3377.jpg
1812,"<h1 class=""listing-item__header"">
    BOX TV H96 Mini H8
</h1>",Neuf,H96,20 000 ,Grand-Yoff,https://i.roamcdn.net/hz/ed/listing-thumb-543w/9c6011f3d35a465bd9b86bf36bbbc58b/-/horizon-files-prod/ed/picture/q572q02/94288f3a33c93a4c3558a999d0a09d3916a70413.jpg
1813,"<h1 class=""listing-item__header"">
    PROMO Télé Smart 32 Pouces
</h1>",Neuf,Autre,80 000 ,Fann,https://i.roamcdn.net/hz/ed/listing-thumb-543w/aef6634630e97c741cf0039c31d33e64/-/horizon-files-prod/ed/picture/qv4mr25g/5176667bd3fd8d9e2945960bdd8439954dd33e27.jpg
1814,"<h1 class=""listing-item__header"">
    TELEVISEUR HISENSE 43'' - SMART TV -109 CM
</h1>",Neuf,Hisense,199 000 ,Ouakam,https://i.roamcdn.net/hz/ed/listing-thumb-543w/827b22872d465c94919626ef8acaa9c9/-/horizon-files-prod/ed/picture/qrz2k80g/826b2c28e34994adfbf428a1a88aaf7f0804f694.jpg
1815,"<h1 class=""listing-item__header"">
    11.1V 97Wh batterie pour Dell Latitude E6430
</h1>",Neuf,Autre,17 000 ,Dieuppeul,https://i.roamcdn.net/hz/ed/listing-thumb-543w/1d63e3658fda11980480d3e4c853139a/-/horizon-files-prod/ed/picture/qj076j4/839f938af21075deef5a202ca23bee8af402f100.jpg
1816,"<h1 class=""listing-item__header"">
    TELEVISEUR - HISENSE - 32''- 82 CM-SMART TV
</h1>",Neuf,Hisense,139 900 ,Ouakam,https://i.roamcdn.net/hz/ed/listing-thumb-543w/befb7ad5db68de5fed32f1d2a4f5c5c5/-/horizon-files-prod/ed/picture/q244de6/4586ece6e5575353266ce94925d226ac725ba06c.jpg
1817,"<h1 class=""listing-item__header"">
    TELEVISEUR - HISENSE - 65 POUCES - 4K -ULTRA HD - SMART TV
</h1>",Neuf,Hisense,555 990 ,Ouakam,https://i.roamcdn.net/hz/ed/listing-thumb-543w/677d26590debbb8a951acdd7aa45a474/-/horizon-files-prod/ed/picture/q44j5kq5/c41673be3df338716cc0cdda3809a6f5c10b979c.jpg
1818,"<h1 class=""listing-item__header"">
    H96 Max 4K Tv box
</h1>",Neuf,LG,33 000 ,Grand-Yoff,https://i.roamcdn.net/hz/ed/listing-thumb-543w/14a92ed300d25f1ff3c6b14af942da2b/-/horizon-files-prod/ed/picture/qrdkmgx/9ff96d5461893b62c8b55bbdb10c4fcd00c722e5.jpg
1819,"<h1 class=""listing-item__header"">
    Samsung Television Smart Tv 4K 75 POUCES UA75TU7000U
</h1>",Neuf,Samsung,920 000 ,Médina,https://i.roamcdn.net/hz/ed/listing-thumb-543w/842b580791f6bb0d9478b536f5632fc2/-/horizon-files-prod/ed/picture/q7nzn0d/a5685c163a563e81024d16b245fe8f73b9af60bc.png
1820,"<h1 class=""listing-item__header"">
    TELEVISION LG SMART TV 75 POUCES
</h1>",Neuf,LG,1 250 000 ,Médina,https://i.roamcdn.net/hz/ed/listing-thumb-543w/b2591d3e391b32d3f6b4ce8e7d0991c7/-/horizon-files-prod/ed/picture/qdxpx22/74f901c06324f8a2a4fd162a2478559e3b5f40f5.png
1821,"<h1 class=""listing-item__header"">
    TELEVISION LG SMART TV 82 POUCES
</h1>",Neuf,LG,1 650 000 ,Médina,https://i.roamcdn.net/hz/ed/listing-thumb-543w/48faa91ac4b4f2b8ee4f9b2e93e8b316/-/horizon-files-prod/ed/picture/q6090r4/c1f333809fd2903ef8acb0d6f98fcaacffaa14fc.png
1822,"<h1 class=""listing-item__header"">
    Smart TV Box 4K
</h1>",Neuf,Toshiba,25 000 ,Grand-Yoff,https://i.roamcdn.net/hz/ed/listing-thumb-543w/32583f84898e5264f4da915f3c041823/-/horizon-files-prod/ed/picture/qvn0r42/838a8c3b8fbbda1449767993ba6887c916803618.jpg
1823,"<h1 class=""listing-item__header"">
    TX3 mini box tv
</h1>",Neuf,Autre,25 000 ,Grand-Yoff,https://i.roamcdn.net/hz/ed/listing-thumb-543w/bd3c9fb8014542f0f9a7b1972e6a32d1/-/horizon-files-prod/ed/picture/qej4v84/6e7cfc6db6af91c5616c58efcc78aae9b7664c2f.jpg
1824,"<h1 class=""listing-item__header"">
    Videoprojecteur android WiFi Bluetooth 1100lums 170 pouces
</h1>",Neuf,Autre,35 000 ,Patte d‘oie,https://i.roamcdn.net/hz/ed/listing-thumb-543w/0c23f43652464818214c5989533da085/-/horizon-files-prod/ed/picture/qm8jpzg/20b2b4223663f2c7388e4c619a35ddf25b80db04.jpg
1825,"<h1 class=""listing-item__header"">
    Tv HISENSE 32"" smart android UHD
</h1>",Neuf,Hisense,95 000 ,Plateau,https://i.roamcdn.net/hz/ed/listing-thumb-543w/4f235e03cbc5b06de7e6bd0e50093b89/-/horizon-files-prod/ed/picture/q9q0z6v/f0721a51675247dbd6a32ded438b54e0422162e9.jpg
1826,"<h1 class=""listing-item__header"">
    TELEVISEUR - ETEX - 32 LED  – 32 POUCES –USB-HDMI
</h1>",Neuf,Autre,89 900 ,Ouakam,https://i.roamcdn.net/hz/ed/listing-thumb-543w/1e410a3ac8c9a61327866e813070b99b/-/horizon-files-prod/ed/picture/q949knw/85f7a8efcac37bc5f8d607451ce5d3855a2fbceb.jpg
1827,"<h1 class=""listing-item__header"">
    TELEVISEUR -CAC –43’’ (109cm) SMART - ANDROID TV
</h1>",Neuf,Autre,179 000 ,Ouakam,https://i.roamcdn.net/hz/ed/listing-thumb-543w/ba70f4d07355c8c397d49497fb652fe2/-/horizon-files-prod/ed/picture/qzgd8zk/6eb6e7cf35918a76e87d282849334c7448d0d188.jpg
1828,"<h1 class=""listing-item__header"">
    Fixation mural mobile
</h1>",Neuf,Autre,20 000 ,Sicap Liberté,https://i.roamcdn.net/hz/ed/listing-thumb-543w/d9b82f148d19dbe26b80aac863ccc1fe/-/horizon-files-prod/ed/picture/qdjwzwm/40acea93415496a7f5c23f44a33509770858f990.jpg
1829,"<h1 class=""listing-item__header"">
    Tv box 4k android 12
</h1>",Neuf,LG,30 000 ,Grand-Yoff,https://i.roamcdn.net/hz/ed/listing-thumb-543w/7da1d1dd914c1a314ceb386bc7b7f6d1/-eyJvciI6MH0%3D/horizon-files-prod/ed/picture/migrated/qd0kwj0/a3123ec4b26dbef39a9d3bdc4f03ed8ada203a50.jpg
1830,"<h1 class=""listing-item__header"">
    Tv box
</h1>",Neuf,Nasco,35 000 ,Grand-Yoff,https://i.roamcdn.net/hz/ed/listing-thumb-543w/2602a3a2660b9aa45e16f8893fef0b65/-/horizon-files-prod/ed/picture/migrated/qpg4m62/2dace3c9151bb4d188954e777f5802d5ef650214.jpg
1831,"<h1 class=""listing-item__header"">
    Téléviseur Star Track Smart Tv 58 Pouces ST-58K-MT 1200
</h1>",Neuf,Star,375 000 ,Médina,https://i.roamcdn.net/hz/ed/listing-thumb-543w/87b453e134320fb526fdc72012c5a8da/-/horizon-files-prod/ed/picture/qqmx7qw/3b60c7fb8780ecff8266b80e878751bfc8e0920b.jpg
1832,"<h1 class=""listing-item__header"">
    TELEVISION LG OLED SMART TV 65 POUCES
</h1>",Neuf,Star,1 350 000 ,Médina,https://i.roamcdn.net/hz/ed/listing-thumb-543w/547c01db82450df7b4a7b6043e5fddcb/-/horizon-files-prod/ed/picture/q6gv69g/bfc8ffbc7d00b2e779ebe4c1a176c5801ad86af9.png
1833,"<h1 class=""listing-item__header"">
    Star Track Television Smart Tv 4K 65 POUCES
</h1>",Neuf,Star,490 000 ,Médina,https://i.roamcdn.net/hz/ed/listing-thumb-543w/91f2bcd72176835eb69b40f3f6548400/-/horizon-files-prod/ed/picture/qd52wgg/f084dde1895579560334df695fd3e5d6240a1eb5.png
1834,"<h1 class=""listing-item__header"">
    télévision STAR TRACK SMART TV 75 pouces
</h1>",Neuf,Star,690 000 ,Médina,https://i.roamcdn.net/hz/ed/listing-thumb-543w/54a4a97d0bf2475aa2ce06e0e5674b44/-/horizon-files-prod/ed/picture/q0q89mx/7eea878cddf582de9d7c9b1cf281b1832a0a98b9.png
1835,"<h1 class=""listing-item__header"">
    Box tv 4k android
</h1>",Neuf,Autre,25 000 ,Grand-Yoff,https://i.roamcdn.net/hz/ed/listing-thumb-543w/98b80d15aa522d10bbe39dad643378fd/-/horizon-files-prod/ed/picture/migrated/q27zn6p/8dbbbe34e90dc9e5f299d939b3c06c4de9f74bf1.jpg
1836,"<h1 class=""listing-item__header"">
    Tv box android 11
</h1>",Neuf,Autre,35 000 ,Grand-Yoff,https://i.roamcdn.net/hz/ed/listing-thumb-543w/723cfc206ca2fa4af970732a9281ca57/-/horizon-files-prod/ed/picture/qkqzg9z/34027e278fbd0186b5cb07f9b6a36567137ead60.jpg
1837,"<h1 class=""listing-item__header"">
    NVIDIA Shield TV Box + manette
</h1>",Venant,Autre,200 000 ,Grand-Yoff,https://i.roamcdn.net/hz/ed/listing-thumb-543w/2ff9fc95c364567f3616109b5809b842/-/horizon-files-prod/ed/picture/qzk0xm8/dfc51abe7085d62e73115d07f6d339c4dd866f0b.jpg
1838,"<h1 class=""listing-item__header"">
    Tv HISENSE 32"" Smart Android
</h1>",Neuf,Hisense,95 000 ,Plateau,https://i.roamcdn.net/hz/ed/listing-thumb-543w/d210fd73da99734fc5be573c204e5485/-/horizon-files-prod/ed/picture/qkk0vwz/09c1b4ee0e88f348bcde713184990732df601e0d.jpg
1839,"<h1 class=""listing-item__header"">
    Box tv 8k pro
</h1>",Neuf,Toshiba,35 000 ,Grand-Yoff,https://i.roamcdn.net/hz/ed/listing-thumb-543w/6c0ca677416aac651fce429d6968e141/-/horizon-files-prod/ed/picture/migrated/qgp4dkm/a2aa5387ecda246d7b3df8d12b35be14654523da.png
1840,"<h1 class=""listing-item__header"">
    Box tv 8k HDR10
</h1>",Neuf,Autre,45 000 ,Grand-Yoff,https://i.roamcdn.net/hz/ed/listing-thumb-543w/e11849c7689a0af2facfd39fd02dbabf/-/horizon-files-prod/ed/picture/qm4w0mj/806b78004fe8186f74a421871379c4fe0581d188.jpg
1841,"<h1 class=""listing-item__header"">
    Android box T95s1
</h1>",Neuf,Autre,30 000 ,Dieuppeul,https://i.roamcdn.net/hz/ed/listing-thumb-543w/16ad94b376ed29aa8d5c713391f7206b/-/horizon-files-prod/ed/picture/qnkw7qz/095dc13b9896fecf553fe94fc0ffb6e737f3e6be.jpg
1842,"<h1 class=""listing-item__header"">
    CLIMATISEUR MOBILE 1.5CV
</h1>",Neuf,Autre,165 000 ,Gueule-Tapée,https://i.roamcdn.net/hz/ed/listing-thumb-543w/87b35a47dbf743ec45cca309c2c0031e/-/horizon-files-prod/ed/picture/qxz72vj/61e56eb28759e3b7de29921624e0243fb98aec58.jpg
